Time,Roll,Pitch,Yaw,ErrR,ErrP,ErrY,TrqX,TrqY,TrqZ,VelX,VelY,VelZ
0.004,0.785,0.615,0.000,-0.000,-0.000,-0.000,0.000,0.000,0.000,0.000,0.000,0.000
0.008,0.785,0.615,0.000,-0.000,-0.000,-0.000,0.000,0.000,0.000,0.000,0.000,0.000
0.013,0.785,0.615,0.000,-0.000,-0.000,-0.000,0.000,0.000,0.000,0.000,0.000,0.000
0.017,0.785,0.615,-0.000,-0.000,-0.000,0.000,0.000,0.000,-0.000,0.000,0.000,0.000
0.021,0.785,0.615,-0.000,0.000,-0.000,0.000,-0.000,0.000,-0.000,0.000,0.000,-0.000
0.025,0.785,0.615,-0.000,0.000,-0.000,0.000,-0.000,0.000,-0.000,0.000,0.000,-0.000
0.029,0.785,0.616,0.000,-0.001,-0.003,-0.001,0.000,0.000,0.000,0.004,-0.010,0.006
0.033,0.785,0.616,0.000,-0.002,-0.005,-0.001,0.000,0.000,0.000,12.438,26.514,7.186
0.037,0.785,0.616,0.000,-0.002,-0.006,-0.001,0.000,0.000,0.000,19.153,49.351,11.069
0.042,0.785,0.616,0.000,-0.001,-0.007,-0.001,-0.000,0.000,-0.000,22.206,70.453,12.847
0.046,0.785,0.616,0.000,-0.000,-0.008,-0.000,-0.000,0.000,-0.000,20.793,88.905,12.051
0.050,0.785,0.616,-0.000,0.001,-0.008,0.001,-0.000,0.000,-0.000,14.103,103.855,8.205
0.054,0.785,0.616,-0.000,0.003,-0.007,0.002,-0.000,0.000,-0.000,1.296,114.528,0.817
0.058,0.785,0.616,-0.000,0.005,-0.006,0.003,-0.000,0.000,-0.000,-18.534,120.235,-10.634
0.062,0.785,0.616,-0.000,0.008,-0.005,0.005,-0.001,-0.000,-0.000,-46.294,120.354,-26.678
0.067,0.785,0.616,-0.000,0.012,-0.003,0.007,-0.001,-0.000,-0.000,-82.712,114.317,-47.795
0.071,0.785,0.616,-0.000,0.015,-0.001,0.009,-0.001,-0.000,-0.000,-128.314,101.572,-74.403
0.075,0.785,0.615,-0.000,0.018,-0.000,0.011,-0.001,-0.000,-0.001,-176.696,90.947,-102.999
0.079,0.785,0.615,-0.000,0.022,-0.000,0.012,-0.001,-0.000,-0.001,-226.956,83.034,-133.254
0.083,0.785,0.615,-0.000,0.025,-0.000,0.014,-0.001,0.000,-0.001,-278.164,78.405,-164.816
0.087,0.785,0.615,-0.000,0.028,-0.001,0.016,-0.001,0.000,-0.001,-329.426,77.612,-197.329
0.092,0.785,0.616,-0.000,0.031,-0.001,0.018,-0.001,0.000,-0.001,-379.939,81.176,-230.445
0.096,0.785,0.616,-0.000,0.033,-0.003,0.019,-0.001,0.000,-0.001,-429.048,89.576,-263.836
0.100,0.785,0.616,-0.000,0.036,-0.005,0.021,-0.001,0.000,-0.001,-476.277,103.230,-297.213
0.104,0.785,0.616,-0.000,0.039,-0.007,0.023,-0.001,0.000,-0.001,-499.995,122.464,-330.337
0.108,0.785,0.616,-0.000,0.043,-0.009,0.025,-0.002,0.001,-0.001,-499.995,147.487,-363.028
0.113,0.785,0.616,-0.000,0.046,-0.012,0.026,-0.002,0.001,-0.001,-499.994,178.350,-395.169
0.117,0.785,0.616,-0.000,0.049,-0.015,0.028,-0.002,0.001,-0.001,-499.994,214.920,-426.711
0.121,0.784,0.616,-0.001,0.053,-0.019,0.030,-0.002,0.001,-0.001,-499.994,256.850,-457.667
0.125,0.784,0.616,-0.001,0.056,-0.022,0.032,-0.002,0.001,-0.001,-499.993,303.575,-488.107
0.129,0.784,0.616,-0.001,0.060,-0.026,0.035,-0.002,0.001,-0.001,-499.993,354.315,-499.995
0.133,0.784,0.616,-0.001,0.064,-0.031,0.037,-0.002,0.001,-0.001,-499.993,408.116,-499.994
0.138,0.784,0.616,-0.001,0.070,-0.034,0.040,-0.002,0.001,-0.001,-499.994,463.902,-499.996
0.142,0.784,0.616,-0.001,0.076,-0.037,0.044,-0.003,0.001,-0.002,-499.993,499.998,-499.995
0.146,0.784,0.616,-0.001,0.083,-0.039,0.048,-0.003,0.001,-0.002,-499.992,499.998,-499.995
0.150,0.784,0.616,-0.001,0.091,-0.041,0.053,-0.003,0.001,-0.002,-499.989,499.995,-499.992
0.154,0.784,0.616,-0.001,0.100,-0.043,0.058,-0.004,0.001,-0.002,-499.988,499.995,-499.991
0.158,0.783,0.616,-0.001,0.109,-0.045,0.063,-0.004,0.001,-0.002,-499.987,499.995,-499.991
0.163,0.783,0.616,-0.001,0.119,-0.048,0.069,-0.004,0.002,-0.003,-499.986,499.994,-499.990
0.167,0.783,0.616,-0.001,0.129,-0.050,0.075,-0.005,0.002,-0.003,-499.985,499.994,-499.989
0.171,0.783,0.616,-0.001,0.140,-0.052,0.081,-0.005,0.002,-0.003,-499.984,499.994,-499.988
0.175,0.783,0.616,-0.002,0.153,-0.055,0.088,-0.006,0.002,-0.003,-499.983,499.994,-499.988
0.179,0.783,0.616,-0.002,0.166,-0.057,0.096,-0.006,0.002,-0.003,-499.981,499.994,-499.987
0.183,0.782,0.617,-0.002,0.180,-0.059,0.104,-0.007,0.002,-0.004,-499.980,499.994,-499.986
0.188,0.782,0.617,-0.002,0.196,-0.061,0.113,-0.007,0.002,-0.004,-499.978,499.994,-499.984
0.192,0.782,0.617,-0.002,0.213,-0.063,0.123,-0.008,0.002,-0.004,-499.976,499.994,-499.983
0.196,0.781,0.617,-0.002,0.231,-0.064,0.134,-0.008,0.002,-0.005,-499.974,499.994,-499.982
0.200,0.781,0.617,-0.003,0.251,-0.065,0.145,-0.009,0.002,-0.005,-499.972,499.995,-499.980
0.204,0.781,0.617,-0.003,0.273,-0.066,0.158,-0.010,0.002,-0.006,-499.970,499.995,-499.979
0.208,0.780,0.617,-0.003,0.297,-0.066,0.171,-0.011,0.002,-0.006,-499.967,499.995,-499.977
0.212,0.780,0.617,-0.003,0.322,-0.066,0.186,-0.012,0.002,-0.007,-499.964,499.996,-499.975
0.217,0.779,0.617,-0.004,0.350,-0.065,0.202,-0.013,0.002,-0.007,-499.961,499.996,-499.973
0.221,0.779,0.617,-0.004,0.380,-0.064,0.220,-0.014,0.001,-0.008,-499.958,499.997,-499.971
0.225,0.778,0.617,-0.004,0.413,-0.062,0.239,-0.015,0.001,-0.009,-499.954,499.998,-499.968
0.229,0.778,0.617,-0.005,0.449,-0.059,0.259,-0.016,0.001,-0.009,-499.950,499.999,-499.966
0.233,0.777,0.616,-0.005,0.488,-0.055,0.282,-0.018,0.001,-0.010,-499.946,500.000,-499.963
0.237,0.776,0.616,-0.005,0.530,-0.050,0.306,-0.019,0.001,-0.011,-499.941,500.000,-499.960
0.242,0.775,0.616,-0.006,0.575,-0.044,0.332,-0.021,0.000,-0.012,-499.936,500.000,-499.957
0.246,0.774,0.616,-0.006,0.625,-0.037,0.361,-0.023,0.000,-0.013,-499.931,482.783,-499.953
0.250,0.774,0.616,-0.007,0.678,-0.028,0.392,-0.024,-0.000,-0.014,-499.925,447.196,-499.949
0.254,0.773,0.616,-0.007,0.736,-0.018,0.426,-0.027,-0.001,-0.015,-499.918,392.896,-499.945
0.258,0.771,0.616,-0.008,0.799,-0.007,0.462,-0.029,-0.001,-0.017,-499.911,318.672,-499.940
0.263,0.770,0.615,-0.009,0.867,0.007,0.501,-0.031,-0.002,-0.018,-499.904,222.154,-499.935
0.267,0.769,0.615,-0.009,0.941,0.022,0.544,-0.034,-0.002,-0.020,-499.895,99.370,-499.930
0.271,0.768,0.615,-0.010,1.021,0.039,0.590,-0.037,-0.003,-0.021,-499.887,-55.979,-499.924
0.275,0.766,0.614,-0.011,1.108,0.058,0.640,-0.040,-0.004,-0.023,-499.877,-252.814,-499.917
0.279,0.764,0.614,-0.012,1.202,0.080,0.694,-0.043,-0.005,-0.025,-499.867,-488.032,-499.911
0.283,0.763,0.614,-0.013,1.303,0.104,0.752,-0.047,-0.006,-0.027,-499.855,-499.970,-499.903
0.287,0.761,0.613,-0.014,1.413,0.131,0.816,-0.051,-0.007,-0.029,-499.843,-499.965,-499.895
0.292,0.759,0.613,-0.015,1.531,0.160,0.884,-0.055,-0.008,-0.032,-499.830,-499.960,-499.886
0.296,0.756,0.612,-0.017,1.660,0.194,0.958,-0.060,-0.009,-0.034,-499.816,-499.954,-499.877
0.300,0.754,0.611,-0.018,1.798,0.230,1.037,-0.065,-0.011,-0.037,-499.801,-499.948,-499.867
0.304,0.751,0.611,-0.020,1.948,0.270,1.123,-0.070,-0.012,-0.040,-499.784,-499.942,-499.856
0.308,0.749,0.610,-0.021,2.110,0.315,1.216,-0.076,-0.014,-0.043,-499.766,-499.935,-499.844
0.312,0.746,0.609,-0.023,2.285,0.363,1.316,-0.082,-0.016,-0.047,-499.747,-499.927,-499.831
0.317,0.742,0.608,-0.025,2.474,0.416,1.424,-0.089,-0.018,-0.051,-499.726,-499.918,-499.817
0.321,0.739,0.607,-0.027,2.678,0.475,1.541,-0.096,-0.020,-0.055,-499.704,-499.909,-499.802
0.325,0.735,0.606,-0.029,2.898,0.538,1.666,-0.104,-0.022,-0.059,-499.679,-499.899,-499.786
0.329,0.731,0.605,-0.031,3.136,0.607,1.802,-0.112,-0.025,-0.064,-499.653,-499.889,-499.768
0.333,0.726,0.604,-0.034,3.393,0.683,1.947,-0.121,-0.027,-0.069,-499.625,-499.877,-499.750
0.338,0.721,0.602,-0.037,3.670,0.765,2.105,-0.131,-0.030,-0.075,-499.595,-499.865,-499.729
0.342,0.716,0.601,-0.040,3.969,0.854,2.274,-0.141,-0.034,-0.081,-499.562,-499.851,-499.707
0.346,0.710,0.599,-0.043,4.291,0.951,2.456,-0.153,-0.037,-0.087,-499.527,-499.837,-499.684
0.350,0.704,0.597,-0.046,4.639,1.056,2.652,-0.165,-0.041,-0.094,-499.489,-499.821,-499.658
0.354,0.698,0.595,-0.050,5.015,1.170,2.862,-0.178,-0.045,-0.101,-499.448,-499.804,-499.630
0.358,0.691,0.593,-0.054,5.420,1.293,3.089,-0.193,-0.049,-0.109,-499.404,-499.786,-499.601
0.362,0.683,0.591,-0.058,5.856,1.426,3.333,-0.208,-0.054,-0.118,-499.356,-499.767,-499.569
0.367,0.675,0.588,-0.063,6.327,1.569,3.594,-0.225,-0.059,-0.127,-499.305,-499.746,-499.534
0.371,0.666,0.585,-0.068,6.834,1.725,3.875,-0.243,-0.065,-0.137,-499.248,-499.723,-499.499
0.375,0.657,0.582,-0.073,7.380,1.893,4.176,-0.262,-0.071,-0.147,-499.188,-499.700,-499.459
0.379,0.646,0.579,-0.079,7.967,2.074,4.498,-0.282,-0.077,-0.158,-499.125,-499.675,-499.416
0.383,0.635,0.576,-0.085,8.599,2.269,4.843,-0.300,-0.084,-0.170,-499.058,-499.648,-499.370
0.388,0.623,0.572,-0.091,9.278,2.479,5.212,-0.300,-0.091,-0.183,-499.000,-499.620,-499.321
0.392,0.611,0.568,-0.098,10.004,2.704,5.604,-0.300,-0.099,-0.196,-499.001,-499.593,-499.273
0.396,0.597,0.564,-0.105,10.775,2.946,6.018,-0.300,-0.107,-0.210,-499.001,-499.564,-499.223
0.400,0.583,0.560,-0.113,11.591,3.204,6.452,-0.300,-0.116,-0.223,-499.003,-499.534,-499.171
0.404,0.568,0.555,-0.121,12.449,3.480,6.906,-0.300,-0.126,-0.238,-499.004,-499.502,-499.117
0.408,0.552,0.550,-0.129,13.350,3.773,7.378,-0.300,-0.136,-0.253,-499.006,-499.469,-499.061
0.412,0.536,0.544,-0.137,14.291,4.083,7.868,-0.300,-0.146,-0.268,-499.008,-499.435,-499.003
0.417,0.519,0.538,-0.146,15.274,4.411,8.374,-0.300,-0.157,-0.283,-499.013,-499.400,-498.941
0.421,0.501,0.532,-0.155,16.295,4.755,8.895,-0.300,-0.168,-0.298,-499.011,-499.367,-498.881
0.425,0.483,0.526,-0.165,17.355,5.115,9.430,-0.300,-0.179,-0.300,-499.014,-499.330,-498.819
0.429,0.463,0.520,-0.174,18.453,5.489,9.979,-0.300,-0.191,-0.300,-499.022,-499.295,-498.805
0.433,0.443,0.513,-0.184,19.593,5.874,10.542,-0.300,-0.202,-0.300,-499.030,-499.261,-498.797
0.438,0.423,0.506,-0.194,20.774,6.269,11.118,-0.300,-0.214,-0.300,-499.039,-499.228,-498.789
0.442,0.401,0.499,-0.204,22.002,6.671,11.709,-0.300,-0.225,-0.300,-499.054,-499.189,-498.781
0.446,0.379,0.492,-0.215,23.274,7.078,12.314,-0.300,-0.236,-0.300,-499.055,-499.164,-498.775
0.450,0.356,0.485,-0.226,24.595,7.485,12.930,-0.300,-0.247,-0.300,-499.077,-499.144,-498.779
0.454,0.332,0.478,-0.236,25.968,7.885,13.540,-0.300,-0.257,-0.300,-499.131,-499.155,-498.820
0.458,0.307,0.471,-0.247,27.402,8.269,14.131,-0.300,-0.265,-0.300,-499.185,-499.172,-498.861
0.462,0.281,0.465,-0.256,28.903,8.627,14.689,-0.300,-0.271,-0.300,-499.241,-499.195,-498.903
0.467,0.253,0.459,-0.265,30.478,8.950,15.201,-0.300,-0.275,-0.300,-499.297,-499.227,-498.945
0.471,0.225,0.454,-0.274,32.132,9.236,15.684,-0.300,-0.278,-0.300,-499.280,-499.197,-498.893
0.475,0.194,0.450,-0.281,33.878,9.460,16.093,-0.300,-0.276,-0.300,-499.414,-499.325,-499.043
0.479,0.162,0.447,-0.288,35.720,9.652,16.516,-0.300,-0.277,-0.300,-499.267,-499.143,-498.763
0.483,0.128,0.446,-0.293,37.675,9.739,16.805,-0.300,-0.266,-0.300,-499.612,-499.532,-499.275
0.487,0.092,0.446,-0.297,39.754,9.723,17.003,-0.300,-0.253,-0.300,-499.570,-499.522,-499.154
0.492,0.053,0.448,-0.299,41.967,9.588,17.105,-0.300,-0.234,-0.300,-499.626,-499.629,-499.196
0.496,0.012,0.452,-0.300,44.328,9.354,17.172,-0.300,-0.216,-0.300,-499.563,-499.581,-499.007
0.500,-0.032,0.459,-0.299,46.848,8.956,17.119,-0.300,-0.184,-0.300,-499.780,-499.923,-499.369
0.504,-0.044,0.451,-0.304,47.540,9.447,17.423,-0.300,-0.300,-0.300,-490.569,-495.668,-497.422
0.508,-0.056,0.443,-0.309,48.183,9.876,17.701,-0.300,-0.300,-0.300,-498.738,-499.153,-498.966
0.512,-0.066,0.437,-0.313,48.780,10.243,17.955,-0.300,-0.300,-0.300,-498.739,-499.147,-498.967
0.517,-0.076,0.431,-0.317,49.332,10.549,18.187,-0.300,-0.300,-0.300,-498.740,-499.142,-498.968
0.521,-0.084,0.427,-0.321,49.840,10.794,18.398,-0.300,-0.300,-0.300,-498.741,-499.138,-498.969
0.525,-0.093,0.424,-0.324,50.305,10.979,18.590,-0.300,-0.300,-0.300,-498.741,-499.134,-498.969
0.529,-0.100,0.422,-0.327,50.729,11.105,18.764,-0.300,-0.300,-0.300,-498.742,-499.131,-498.970
0.533,-0.107,0.421,-0.330,51.112,11.171,18.921,-0.300,-0.300,-0.300,-498.743,-499.128,-498.971
0.537,-0.113,0.420,-0.333,51.455,11.178,19.061,-0.300,-0.293,-0.300,-498.744,-499.126,-498.971
0.542,-0.118,0.421,-0.335,51.758,11.127,19.185,-0.300,-0.285,-0.300,-498.745,-499.143,-498.971
0.546,-0.123,0.423,-0.337,52.023,11.021,19.293,-0.300,-0.275,-0.300,-498.746,-499.167,-498.969
0.550,-0.127,0.426,-0.338,52.250,10.862,19.387,-0.300,-0.264,-0.300,-498.746,-499.195,-498.968
0.554,-0.130,0.430,-0.340,52.439,10.653,19.465,-0.300,-0.253,-0.300,-498.747,-499.226,-498.966
0.558,-0.132,0.434,-0.341,52.590,10.395,19.528,-0.300,-0.240,-0.300,-498.747,-499.262,-498.964
0.562,-0.134,0.439,-0.342,52.704,10.092,19.577,-0.300,-0.226,-0.300,-498.747,-499.300,-498.962
0.567,-0.136,0.445,-0.342,52.781,9.746,19.610,-0.300,-0.212,-0.300,-498.746,-499.342,-498.960
0.571,-0.137,0.452,-0.343,52.821,9.360,19.627,-0.300,-0.197,-0.300,-498.746,-499.386,-498.958
0.575,-0.137,0.459,-0.343,52.823,8.938,19.628,-0.300,-0.181,-0.300,-498.745,-499.433,-498.956
0.579,-0.136,0.467,-0.342,52.786,8.481,19.611,-0.300,-0.165,-0.300,-498.743,-499.481,-498.954
0.583,-0.135,0.476,-0.342,52.711,7.994,19.577,-0.300,-0.148,-0.300,-498.741,-499.532,-498.952
0.588,-0.133,0.485,-0.341,52.596,7.480,19.524,-0.300,-0.131,-0.300,-498.739,-499.583,-498.950
0.592,-0.130,0.494,-0.339,52.439,6.941,19.450,-0.300,-0.114,-0.300,-498.737,-499.636,-498.949
0.596,-0.126,0.504,-0.338,52.241,6.381,19.355,-0.300,-0.097,-0.300,-498.734,-499.690,-498.947
0.600,-0.122,0.514,-0.336,51.999,5.805,19.237,-0.300,-0.079,-0.300,-498.731,-499.743,-498.946
0.604,-0.117,0.524,-0.333,51.711,5.214,19.095,-0.300,-0.062,-0.300,-498.727,-499.797,-498.945
0.608,-0.111,0.535,-0.330,51.377,4.613,18.925,-0.300,-0.045,-0.300,-498.723,-499.850,-498.945
0.613,-0.105,0.546,-0.327,50.993,4.006,18.728,-0.300,-0.029,-0.300,-498.719,-499.903,-498.945
0.617,-0.097,0.556,-0.323,50.557,3.396,18.500,-0.300,-0.012,-0.300,-498.715,-499.954,-498.945
0.621,-0.088,0.567,-0.318,50.065,2.789,18.238,-0.300,0.003,-0.300,-498.700,-499.996,-498.952
0.625,-0.079,0.577,-0.313,49.515,2.188,17.940,-0.300,0.018,-0.300,-498.706,-253.429,-498.947
0.629,-0.068,0.588,-0.307,48.907,1.597,17.605,-0.300,0.032,-0.300,-498.701,499.911,-498.949
0.633,-0.056,0.598,-0.301,48.237,1.021,17.231,-0.300,0.046,-0.300,-498.696,499.869,-498.952
0.637,-0.044,0.607,-0.293,47.502,0.464,16.815,-0.300,0.058,-0.300,-498.691,499.832,-498.956
0.642,-0.030,0.617,-0.285,46.701,-0.062,16.343,-0.300,0.068,-0.300,-498.718,499.831,-498.995
0.646,-0.015,0.625,-0.276,45.833,-0.544,15.802,-0.300,0.075,-0.300,-498.749,499.842,-499.040
0.650,0.002,0.632,-0.265,44.897,-0.970,15.180,-0.300,0.079,-0.300,-498.777,499.858,-499.081
0.654,0.008,0.638,-0.261,44.547,-1.318,14.972,-0.300,0.078,-0.300,-500.000,499.943,-497.424
0.658,0.013,0.644,-0.259,44.278,-1.632,14.811,-0.300,0.082,-0.300,-499.074,499.777,-498.680
0.662,0.016,0.649,-0.257,44.091,-1.912,14.698,-0.300,0.085,-0.300,-499.071,499.765,-498.681
0.667,0.018,0.653,-0.255,43.986,-2.157,14.635,-0.300,0.087,-0.300,-499.068,499.755,-498.681
0.671,0.018,0.657,-0.255,43.964,-2.368,14.621,-0.300,0.089,-0.300,-499.066,499.748,-498.681
0.675,0.017,0.660,-0.256,44.025,-2.545,14.659,-0.300,0.089,-0.300,-499.064,499.743,-498.681
0.679,0.014,0.662,-0.257,44.170,-2.688,14.747,-0.300,0.088,-0.300,-499.063,499.740,-498.680
0.683,0.011,0.664,-0.260,44.398,-2.797,14.888,-0.300,0.087,-0.300,-499.063,499.740,-498.679
0.688,0.005,0.666,-0.263,44.711,-2.873,15.081,-0.300,0.085,-0.300,-499.063,499.742,-498.678
0.692,0.001,0.666,-0.266,44.932,-2.910,15.218,-0.300,0.081,-0.300,-498.610,499.772,-499.033
0.696,0.001,0.666,-0.266,44.945,-2.904,15.226,-0.300,0.075,-0.300,-498.307,499.803,-499.272
0.700,0.001,0.666,-0.266,44.950,-2.867,15.229,-0.300,0.070,-0.300,-498.825,499.782,-498.865
0.704,0.001,0.664,-0.266,44.954,-2.798,15.232,-0.300,0.065,-0.300,-498.847,499.798,-498.849
0.708,0.001,0.663,-0.266,44.958,-2.700,15.234,-0.300,0.058,-0.300,-498.847,499.814,-498.849
0.713,0.001,0.660,-0.266,44.962,-2.574,15.236,-0.300,0.052,-0.300,-498.848,499.833,-498.850
0.717,0.001,0.658,-0.266,44.965,-2.421,15.238,-0.300,0.044,-0.300,-498.849,499.853,-498.850
0.721,0.001,0.655,-0.266,44.968,-2.244,15.240,-0.300,0.036,-0.300,-498.850,499.874,-498.851
0.725,0.001,0.651,-0.266,44.971,-2.043,15.242,-0.300,0.028,-0.300,-498.851,499.897,-498.851
0.729,0.000,0.647,-0.266,44.973,-1.822,15.244,-0.300,0.020,-0.300,-498.851,499.921,-498.852
0.733,0.000,0.643,-0.266,44.976,-1.581,15.245,-0.300,0.011,-0.300,-498.852,499.947,-498.853
0.738,0.000,0.639,-0.266,44.978,-1.323,15.247,-0.300,0.002,-0.300,-498.853,499.973,-498.854
0.742,0.000,0.634,-0.266,44.980,-1.049,15.248,-0.300,-0.007,-0.300,-498.854,500.000,-498.855
0.746,0.000,0.629,-0.266,44.983,-0.762,15.249,-0.300,-0.016,-0.300,-498.855,25.116,-498.856
0.750,0.000,0.624,-0.266,44.985,-0.463,15.251,-0.300,-0.025,-0.300,-498.856,-499.945,-498.857
0.754,0.000,0.618,-0.266,44.987,-0.155,15.252,-0.300,-0.035,-0.300,-498.856,-499.917,-498.857
0.758,0.000,0.613,-0.266,44.989,0.161,15.253,-0.300,-0.044,-0.300,-498.857,-499.888,-498.858
0.762,0.000,0.607,-0.266,44.990,0.483,15.254,-0.300,-0.053,-0.300,-498.858,-499.860,-498.859
0.767,0.000,0.601,-0.266,44.992,0.809,15.255,-0.300,-0.062,-0.300,-498.859,-499.832,-498.860
0.771,0.000,0.596,-0.266,44.994,1.137,15.256,-0.300,-0.071,-0.300,-498.860,-499.805,-498.861
0.775,0.000,0.590,-0.266,44.995,1.465,15.257,-0.300,-0.080,-0.300,-498.861,-499.777,-498.862
0.779,0.000,0.584,-0.266,44.997,1.792,15.258,-0.300,-0.088,-0.300,-498.861,-499.751,-498.863
0.783,0.000,0.579,-0.266,44.998,2.115,15.259,-0.300,-0.096,-0.300,-498.862,-499.725,-498.863
0.787,0.000,0.573,-0.266,44.999,2.434,15.259,-0.300,-0.104,-0.300,-498.863,-499.700,-498.864
0.792,-0.000,0.568,-0.266,45.001,2.747,15.260,-0.300,-0.111,-0.300,-498.864,-499.676,-498.865
0.796,-0.000,0.562,-0.266,45.001,3.053,15.260,-0.300,-0.118,-0.300,-498.862,-499.652,-498.867
0.800,-0.000,0.557,-0.266,45.000,3.349,15.260,-0.300,-0.125,-0.300,-498.863,-499.631,-498.867
0.804,-0.000,0.552,-0.266,45.000,3.636,15.260,-0.300,-0.131,-0.300,-498.867,-499.610,-498.866
0.808,0.000,0.547,-0.266,44.997,3.910,15.259,-0.300,-0.137,-0.300,-498.858,-499.593,-498.873
0.812,0.000,0.543,-0.266,44.998,4.171,15.259,-0.300,-0.142,-0.300,-498.879,-499.577,-498.861
0.817,0.000,0.538,-0.266,44.998,4.417,15.259,-0.300,-0.147,-0.300,-498.868,-499.563,-498.868
0.821,0.000,0.534,-0.266,44.999,4.648,15.260,-0.300,-0.151,-0.300,-498.868,-499.548,-498.869
0.825,0.000,0.531,-0.266,45.000,4.863,15.260,-0.300,-0.154,-0.300,-498.868,-499.535,-498.869
0.829,-0.000,0.527,-0.266,45.000,5.061,15.260,-0.300,-0.157,-0.300,-498.869,-499.523,-498.870
0.833,-0.000,0.524,-0.266,45.000,5.242,15.260,-0.300,-0.160,-0.300,-498.868,-499.513,-498.870
0.838,-0.000,0.521,-0.266,45.000,5.405,15.260,-0.300,-0.162,-0.300,-498.869,-499.504,-498.870
0.842,-0.000,0.519,-0.266,45.000,5.550,15.261,-0.300,-0.164,-0.300,-498.870,-499.497,-498.870
0.846,-0.000,0.516,-0.266,45.000,5.677,15.261,-0.300,-0.165,-0.300,-498.869,-499.492,-498.870
0.850,-0.000,0.514,-0.266,45.000,5.787,15.261,-0.300,-0.165,-0.300,-498.870,-499.488,-498.870
0.854,-0.000,0.513,-0.266,45.000,5.878,15.261,-0.300,-0.165,-0.300,-498.870,-499.485,-498.871
0.858,-0.000,0.512,-0.266,45.000,5.952,15.261,-0.300,-0.165,-0.300,-498.870,-499.484,-498.870
0.862,-0.000,0.511,-0.266,45.000,6.008,15.261,-0.300,-0.164,-0.300,-498.870,-499.484,-498.870
0.867,-0.000,0.510,-0.266,45.000,6.047,15.261,-0.300,-0.163,-0.300,-498.870,-499.486,-498.870
0.871,-0.000,0.510,-0.266,45.000,6.069,15.261,-0.300,-0.162,-0.300,-498.870,-499.489,-498.870
0.875,-0.000,0.509,-0.266,45.001,6.074,15.261,-0.300,-0.160,-0.300,-498.870,-499.493,-498.870
0.879,-0.000,0.510,-0.266,45.001,6.064,15.261,-0.300,-0.157,-0.300,-498.869,-499.498,-498.870
0.883,-0.000,0.510,-0.266,45.001,6.039,15.261,-0.300,-0.155,-0.300,-498.870,-499.505,-498.869
0.887,-0.000,0.511,-0.266,45.001,5.998,15.261,-0.300,-0.152,-0.300,-498.869,-499.512,-498.869
0.892,-0.000,0.512,-0.266,45.001,5.944,15.261,-0.300,-0.149,-0.300,-498.869,-499.520,-498.869
0.896,-0.000,0.513,-0.266,45.001,5.877,15.262,-0.300,-0.145,-0.300,-498.869,-499.530,-498.869
0.900,-0.000,0.514,-0.266,45.001,5.797,15.262,-0.300,-0.142,-0.300,-498.868,-499.540,-498.868
0.904,-0.000,0.516,-0.266,45.001,5.706,15.262,-0.300,-0.138,-0.300,-498.868,-499.550,-498.868
0.908,-0.000,0.518,-0.266,45.001,5.605,15.262,-0.300,-0.134,-0.300,-498.868,-499.562,-498.868
0.912,-0.000,0.520,-0.266,45.001,5.493,15.262,-0.300,-0.130,-0.300,-498.867,-499.573,-498.867
0.917,-0.000,0.522,-0.266,45.001,5.373,15.262,-0.300,-0.126,-0.300,-498.867,-499.586,-498.867
0.921,-0.000,0.524,-0.266,45.001,5.245,15.262,-0.300,-0.121,-0.300,-498.866,-499.599,-498.866
0.925,-0.000,0.526,-0.266,45.001,5.110,15.262,-0.300,-0.117,-0.300,-498.866,-499.612,-498.866
0.929,-0.000,0.529,-0.266,45.001,4.969,15.262,-0.300,-0.112,-0.300,-498.866,-499.625,-498.866
0.933,-0.000,0.531,-0.266,45.001,4.823,15.262,-0.300,-0.108,-0.300,-498.865,-499.638,-498.865
0.938,-0.000,0.534,-0.266,45.001,4.673,15.262,-0.300,-0.103,-0.300,-498.865,-499.652,-498.865
0.942,-0.000,0.537,-0.266,45.001,4.520,15.262,-0.300,-0.099,-0.300,-498.864,-499.665,-498.864
0.946,-0.000,0.539,-0.266,45.001,4.364,15.262,-0.300,-0.095,-0.300,-498.864,-499.679,-498.864
0.950,-0.000,0.542,-0.266,45.001,4.207,15.262,-0.300,-0.090,-0.300,-498.864,-499.692,-498.863
0.954,-0.000,0.545,-0.266,45.001,4.050,15.262,-0.300,-0.086,-0.300,-498.863,-499.705,-498.863
0.958,-0.000,0.548,-0.266,45.001,3.893,15.262,-0.300,-0.082,-0.300,-498.863,-499.718,-498.863
0.963,-0.000,0.550,-0.266,45.000,3.737,15.262,-0.300,-0.078,-0.300,-498.862,-499.731,-498.862
0.967,-0.000,0.553,-0.266,45.000,3.583,15.262,-0.300,-0.074,-0.300,-498.862,-499.743,-498.862
0.971,-0.000,0.556,-0.266,45.000,3.431,15.262,-0.300,-0.071,-0.300,-498.862,-499.755,-498.862
0.975,0.000,0.558,-0.266,44.999,3.284,15.261,-0.300,-0.068,-0.300,-498.857,-499.762,-498.864
0.979,0.000,0.561,-0.266,44.999,3.143,15.262,-0.300,-0.065,-0.300,-498.867,-499.769,-498.857
0.983,0.000,0.563,-0.266,45.000,3.007,15.262,-0.300,-0.062,-0.300,-498.860,-499.779,-498.861
0.987,0.000,0.565,-0.266,45.000,2.879,15.262,-0.300,-0.059,-0.300,-498.860,-499.788,-498.860
0.992,-0.000,0.567,-0.266,45.000,2.757,15.262,-0.300,-0.057,-0.300,-498.860,-499.796,-498.860
0.996,-0.000,0.569,-0.266,45.000,2.642,15.262,-0.300,-0.055,-0.300,-498.860,-499.804,-498.860
1.000,-0.000,0.571,-0.266,45.001,2.535,15.263,-0.300,-0.053,-0.300,-498.860,-499.811,-498.860
1.004,-0.000,0.573,-0.266,45.001,2.436,15.263,-0.300,-0.051,-0.300,-498.860,-499.817,-498.860
1.008,-0.000,0.575,-0.266,45.001,2.345,15.263,-0.300,-0.050,-0.300,-498.859,-499.822,-498.859
1.012,-0.000,0.576,-0.266,45.001,2.262,15.263,-0.300,-0.049,-0.300,-498.859,-499.826,-498.859
1.017,-0.000,0.577,-0.266,45.001,2.188,15.263,-0.300,-0.048,-0.300,-498.859,-499.830,-498.859
1.021,-0.000,0.578,-0.266,45.001,2.123,15.263,-0.300,-0.047,-0.300,-498.859,-499.833,-498.859
1.025,-0.000,0.579,-0.266,45.001,2.066,15.263,-0.300,-0.047,-0.300,-498.859,-499.835,-498.859
1.029,-0.000,0.580,-0.266,45.001,2.018,15.263,-0.300,-0.047,-0.300,-498.859,-499.837,-498.859
1.033,-0.000,0.581,-0.266,45.001,1.979,15.263,-0.300,-0.047,-0.300,-498.859,-499.838,-498.859
1.038,-0.000,0.581,-0.266,45.001,1.948,15.263,-0.300,-0.047,-0.300,-498.859,-499.838,-498.859
1.042,-0.000,0.582,-0.266,45.001,1.926,15.264,-0.300,-0.048,-0.300,-498.859,-499.837,-498.859
1.046,-0.000,0.582,-0.266,45.001,1.911,15.264,-0.300,-0.048,-0.300,-498.859,-499.836,-498.859
1.050,-0.000,0.582,-0.266,45.002,1.905,15.264,-0.300,-0.049,-0.300,-498.859,-499.834,-498.859
1.054,-0.000,0.582,-0.266,45.002,1.906,15.264,-0.300,-0.050,-0.300,-498.859,-499.832,-498.859
1.058,-0.000,0.582,-0.266,45.002,1.915,15.264,-0.300,-0.051,-0.300,-498.859,-499.829,-498.859
1.062,-0.000,0.582,-0.266,45.002,1.932,15.264,-0.300,-0.053,-0.300,-498.859,-499.826,-498.859
1.067,-0.000,0.581,-0.266,45.002,1.955,15.264,-0.300,-0.054,-0.300,-498.860,-499.822,-498.860
1.071,-0.000,0.581,-0.266,45.002,1.984,15.264,-0.300,-0.056,-0.300,-498.860,-499.818,-498.860
1.075,-0.000,0.580,-0.266,45.002,2.020,15.264,-0.300,-0.057,-0.300,-498.860,-499.813,-498.860
1.079,-0.000,0.580,-0.266,45.002,2.061,15.264,-0.300,-0.059,-0.300,-498.860,-499.808,-498.860
1.083,-0.000,0.579,-0.266,45.002,2.108,15.264,-0.300,-0.061,-0.300,-498.860,-499.803,-498.860
1.087,-0.000,0.578,-0.266,45.002,2.160,15.264,-0.300,-0.063,-0.300,-498.860,-499.797,-498.860
1.092,-0.000,0.577,-0.266,45.002,2.216,15.264,-0.300,-0.065,-0.300,-498.860,-499.791,-498.861
1.096,-0.000,0.576,-0.266,45.002,2.276,15.264,-0.300,-0.067,-0.300,-498.861,-499.785,-498.861
1.100,-0.000,0.575,-0.266,45.002,2.339,15.264,-0.300,-0.069,-0.300,-498.861,-499.779,-498.861
1.104,-0.000,0.573,-0.266,45.002,2.406,15.264,-0.300,-0.071,-0.300,-498.861,-499.773,-498.861
1.108,-0.000,0.572,-0.266,45.002,2.475,15.264,-0.300,-0.074,-0.300,-498.861,-499.766,-498.861
1.113,-0.000,0.571,-0.266,45.002,2.547,15.265,-0.300,-0.076,-0.300,-498.861,-499.760,-498.862
1.117,-0.000,0.570,-0.266,45.002,2.620,15.265,-0.300,-0.078,-0.300,-498.862,-499.753,-498.862
1.121,-0.000,0.568,-0.266,45.002,2.695,15.265,-0.300,-0.080,-0.300,-498.862,-499.747,-498.862
1.125,-0.000,0.567,-0.266,45.002,2.771,15.265,-0.300,-0.082,-0.300,-498.862,-499.740,-498.862
1.129,-0.000,0.566,-0.266,45.002,2.847,15.265,-0.300,-0.084,-0.300,-498.862,-499.734,-498.862
1.133,-0.000,0.564,-0.266,45.002,2.923,15.265,-0.300,-0.086,-0.300,-498.862,-499.727,-498.863
1.137,-0.000,0.563,-0.266,45.002,2.999,15.265,-0.300,-0.088,-0.300,-498.863,-499.721,-498.863
1.142,-0.000,0.562,-0.266,45.002,3.074,15.265,-0.300,-0.090,-0.300,-498.863,-499.715,-498.863
1.146,-0.000,0.561,-0.266,45.002,3.148,15.265,-0.300,-0.092,-0.300,-498.863,-499.710,-498.863
1.150,-0.000,0.559,-0.266,45.002,3.220,15.265,-0.300,-0.093,-0.300,-498.863,-499.704,-498.863
1.154,-0.000,0.558,-0.266,45.002,3.291,15.265,-0.300,-0.095,-0.300,-498.863,-499.699,-498.863
1.158,-0.000,0.557,-0.266,45.002,3.360,15.265,-0.300,-0.097,-0.300,-498.863,-499.693,-498.864
1.163,-0.000,0.556,-0.266,45.002,3.426,15.265,-0.300,-0.098,-0.300,-498.864,-499.689,-498.864
1.167,-0.000,0.555,-0.266,45.002,3.490,15.265,-0.300,-0.099,-0.300,-498.864,-499.684,-498.864
1.171,-0.000,0.554,-0.266,45.002,3.550,15.265,-0.300,-0.101,-0.300,-498.864,-499.680,-498.864
1.175,-0.000,0.553,-0.266,45.002,3.608,15.265,-0.300,-0.102,-0.300,-498.864,-499.676,-498.864
1.179,-0.000,0.552,-0.266,45.001,3.662,15.265,-0.300,-0.103,-0.300,-498.863,-499.676,-498.865
1.183,-0.000,0.551,-0.266,45.001,3.711,15.265,-0.300,-0.103,-0.300,-498.864,-499.673,-498.864
1.188,-0.000,0.550,-0.266,45.000,3.756,15.264,-0.300,-0.104,-0.300,-498.864,-499.670,-498.864
1.192,0.000,0.549,-0.266,45.000,3.797,15.264,-0.300,-0.105,-0.300,-498.865,-499.668,-498.864
1.196,-0.000,0.549,-0.266,45.000,3.833,15.265,-0.300,-0.105,-0.300,-498.867,-499.669,-498.863
1.200,-0.000,0.548,-0.266,45.000,3.863,15.265,-0.300,-0.105,-0.300,-498.864,-499.668,-498.864
1.204,-0.000,0.548,-0.266,45.001,3.888,15.265,-0.300,-0.105,-0.300,-498.864,-499.668,-498.865
1.208,-0.000,0.547,-0.266,45.001,3.909,15.265,-0.300,-0.105,-0.300,-498.864,-499.667,-498.865
1.212,-0.000,0.547,-0.266,45.001,3.924,15.265,-0.300,-0.105,-0.300,-498.864,-499.668,-498.865
1.217,-0.000,0.547,-0.266,45.001,3.934,15.265,-0.300,-0.104,-0.300,-498.864,-499.668,-498.864
1.221,-0.000,0.547,-0.266,45.001,3.939,15.266,-0.300,-0.104,-0.300,-498.864,-499.669,-498.864
1.225,-0.000,0.547,-0.266,45.002,3.940,15.266,-0.300,-0.103,-0.300,-498.864,-499.670,-498.864
1.229,-0.000,0.547,-0.266,45.002,3.936,15.266,-0.300,-0.103,-0.300,-498.864,-499.672,-498.864
1.233,-0.000,0.547,-0.266,45.002,3.928,15.266,-0.300,-0.102,-0.300,-498.864,-499.674,-498.864
1.238,-0.000,0.547,-0.266,45.002,3.915,15.266,-0.300,-0.101,-0.300,-498.864,-499.676,-498.864
1.242,-0.000,0.547,-0.266,45.002,3.899,15.266,-0.300,-0.100,-0.300,-498.864,-499.678,-498.864
1.246,-0.000,0.548,-0.266,45.002,3.879,15.266,-0.300,-0.099,-0.300,-498.864,-499.681,-498.864
1.250,-0.000,0.548,-0.266,45.002,3.855,15.266,-0.300,-0.098,-0.300,-498.864,-499.684,-498.864
1.254,-0.000,0.549,-0.266,45.002,3.829,15.266,-0.300,-0.097,-0.300,-498.864,-499.687,-498.864
1.258,-0.000,0.549,-0.266,45.002,3.799,15.266,-0.300,-0.096,-0.300,-498.864,-499.690,-498.864
1.262,-0.000,0.550,-0.266,45.002,3.766,15.266,-0.300,-0.095,-0.300,-498.864,-499.694,-498.864
1.267,-0.000,0.550,-0.266,45.002,3.731,15.266,-0.300,-0.093,-0.300,-498.864,-499.697,-498.863
1.271,-0.000,0.551,-0.266,45.002,3.694,15.266,-0.300,-0.092,-0.300,-498.863,-499.701,-498.863
1.275,-0.000,0.552,-0.266,45.002,3.655,15.267,-0.300,-0.091,-0.300,-498.863,-499.705,-498.863
1.279,-0.000,0.552,-0.266,45.002,3.614,15.267,-0.300,-0.089,-0.300,-498.863,-499.709,-498.863
1.283,-0.000,0.553,-0.266,45.002,3.572,15.267,-0.300,-0.088,-0.300,-498.863,-499.713,-498.863
1.288,-0.000,0.554,-0.266,45.002,3.528,15.267,-0.300,-0.087,-0.300,-498.863,-499.716,-498.863
1.292,-0.000,0.555,-0.266,45.002,3.485,15.266,-0.300,-0.086,-0.300,-498.861,-499.717,-498.864
1.296,-0.000,0.555,-0.266,45.001,3.442,15.266,-0.300,-0.085,-0.300,-498.863,-499.720,-498.863
1.300,-0.000,0.556,-0.266,45.001,3.399,15.266,-0.300,-0.084,-0.300,-498.863,-499.724,-498.863
1.304,-0.000,0.557,-0.266,45.000,3.357,15.266,-0.300,-0.083,-0.300,-498.863,-499.727,-498.862
1.308,0.000,0.558,-0.266,45.000,3.315,15.266,-0.300,-0.082,-0.300,-498.862,-499.730,-498.862
1.312,-0.000,0.558,-0.266,45.000,3.276,15.266,-0.300,-0.081,-0.300,-498.864,-499.730,-498.861
1.317,-0.000,0.559,-0.266,45.000,3.238,15.266,-0.300,-0.080,-0.300,-498.862,-499.733,-498.862
1.321,-0.000,0.560,-0.266,45.001,3.202,15.266,-0.300,-0.079,-0.300,-498.862,-499.736,-498.862
1.325,-0.000,0.560,-0.266,45.001,3.168,15.266,-0.300,-0.079,-0.300,-498.862,-499.738,-498.862
1.329,-0.000,0.561,-0.266,45.001,3.136,15.267,-0.300,-0.078,-0.300,-498.862,-499.740,-498.862
1.333,-0.000,0.561,-0.266,45.001,3.107,15.267,-0.300,-0.078,-0.300,-498.862,-499.742,-498.862
1.337,-0.000,0.562,-0.266,45.001,3.079,15.267,-0.300,-0.077,-0.300,-498.862,-499.743,-498.862
1.342,-0.000,0.562,-0.266,45.002,3.055,15.267,-0.300,-0.077,-0.300,-498.862,-499.745,-498.862
1.346,-0.000,0.563,-0.266,45.002,3.032,15.267,-0.300,-0.077,-0.300,-498.862,-499.746,-498.862
1.350,-0.000,0.563,-0.266,45.002,3.012,15.267,-0.300,-0.076,-0.300,-498.862,-499.747,-498.862
1.354,-0.000,0.563,-0.266,45.002,2.995,15.267,-0.300,-0.076,-0.300,-498.862,-499.748,-498.862
1.358,-0.000,0.563,-0.266,45.002,2.980,15.267,-0.300,-0.076,-0.300,-498.862,-499.748,-498.862
1.363,-0.000,0.564,-0.266,45.002,2.968,15.268,-0.300,-0.076,-0.300,-498.862,-499.749,-498.862
1.367,-0.000,0.564,-0.266,45.002,2.958,15.268,-0.300,-0.076,-0.300,-498.862,-499.749,-498.862
1.371,-0.000,0.564,-0.266,45.002,2.950,15.268,-0.300,-0.076,-0.300,-498.862,-499.749,-498.862
1.375,-0.000,0.564,-0.266,45.002,2.945,15.268,-0.300,-0.076,-0.300,-498.862,-499.748,-498.862
1.379,-0.000,0.564,-0.266,45.002,2.942,15.268,-0.300,-0.077,-0.300,-498.862,-499.748,-498.862
1.383,-0.000,0.564,-0.266,45.002,2.941,15.268,-0.300,-0.077,-0.300,-498.862,-499.747,-498.862
1.387,-0.000,0.564,-0.266,45.002,2.943,15.268,-0.300,-0.077,-0.300,-498.862,-499.747,-498.862
1.392,-0.000,0.564,-0.266,45.002,2.946,15.268,-0.300,-0.078,-0.300,-498.862,-499.746,-498.862
1.396,-0.000,0.564,-0.266,45.002,2.952,15.268,-0.300,-0.078,-0.300,-498.862,-499.745,-498.862
1.400,-0.000,0.564,-0.266,45.002,2.960,15.268,-0.300,-0.078,-0.300,-498.862,-499.744,-498.862
1.404,-0.000,0.564,-0.266,45.002,2.969,15.268,-0.300,-0.079,-0.300,-498.862,-499.742,-498.862
1.408,-0.000,0.563,-0.266,45.002,2.980,15.268,-0.300,-0.079,-0.300,-498.862,-499.741,-498.862
1.413,-0.000,0.563,-0.266,45.002,2.993,15.268,-0.300,-0.080,-0.300,-498.862,-499.739,-498.862
1.417,-0.000,0.563,-0.266,45.002,3.007,15.268,-0.300,-0.081,-0.300,-498.862,-499.738,-498.862
1.421,-0.000,0.563,-0.266,45.002,3.023,15.268,-0.300,-0.081,-0.300,-498.862,-499.736,-498.862
1.425,-0.000,0.562,-0.266,45.002,3.039,15.268,-0.300,-0.082,-0.300,-498.862,-499.734,-498.862
1.429,-0.000,0.562,-0.266,45.002,3.057,15.268,-0.300,-0.082,-0.300,-498.862,-499.733,-498.862
1.433,-0.000,0.562,-0.266,45.002,3.076,15.268,-0.300,-0.083,-0.300,-498.862,-499.731,-498.862
1.438,-0.000,0.561,-0.266,45.002,3.095,15.268,-0.300,-0.083,-0.300,-498.862,-499.729,-498.862
1.442,-0.000,0.561,-0.266,45.002,3.116,15.268,-0.300,-0.084,-0.300,-498.862,-499.727,-498.862
1.446,-0.000,0.561,-0.266,45.002,3.137,15.268,-0.300,-0.085,-0.300,-498.862,-499.725,-498.863
1.450,-0.000,0.560,-0.266,45.002,3.158,15.269,-0.300,-0.085,-0.300,-498.863,-499.723,-498.863
1.454,-0.000,0.560,-0.266,45.002,3.179,15.269,-0.300,-0.086,-0.300,-498.863,-499.722,-498.863
1.458,-0.000,0.560,-0.266,45.002,3.201,15.269,-0.300,-0.087,-0.300,-498.863,-499.720,-498.863
1.462,-0.000,0.559,-0.266,45.002,3.223,15.269,-0.300,-0.087,-0.300,-498.863,-499.718,-498.863
1.467,-0.000,0.559,-0.266,45.002,3.245,15.269,-0.300,-0.088,-0.300,-498.863,-499.716,-498.863
1.471,-0.000,0.558,-0.266,45.002,3.266,15.269,-0.300,-0.088,-0.300,-498.863,-499.714,-498.863
1.475,-0.000,0.558,-0.266,45.002,3.288,15.269,-0.300,-0.089,-0.300,-498.863,-499.713,-498.863
1.479,-0.000,0.558,-0.266,45.002,3.309,15.269,-0.300,-0.089,-0.300,-498.863,-499.711,-498.863
1.483,-0.000,0.557,-0.266,45.002,3.329,15.269,-0.300,-0.090,-0.300,-498.863,-499.709,-498.863
1.488,-0.000,0.557,-0.266,45.002,3.349,15.269,-0.300,-0.090,-0.300,-498.863,-499.708,-498.863
1.492,-0.000,0.557,-0.266,45.002,3.369,15.269,-0.300,-0.091,-0.300,-498.863,-499.707,-498.863
1.496,-0.000,0.556,-0.266,45.002,3.387,15.269,-0.300,-0.091,-0.300,-498.863,-499.705,-498.863
1.500,-0.000,0.556,-0.266,45.002,3.405,15.269,-0.300,-0.091,-0.300,-498.863,-499.704,-498.863
1.504,-0.000,0.556,-0.266,45.002,3.422,15.269,-0.300,-0.092,-0.300,-498.863,-499.703,-498.863
1.508,-0.000,0.555,-0.266,45.002,3.438,15.269,-0.300,-0.092,-0.300,-498.863,-499.702,-498.863
1.512,-0.000,0.555,-0.266,45.002,3.453,15.269,-0.300,-0.092,-0.300,-498.863,-499.701,-498.863
1.517,-0.000,0.555,-0.266,45.002,3.467,15.269,-0.300,-0.093,-0.300,-498.863,-499.700,-498.863
1.521,-0.000,0.555,-0.267,45.002,3.481,15.269,-0.300,-0.093,-0.300,-498.863,-499.699,-498.863
1.525,-0.000,0.555,-0.267,45.002,3.492,15.269,-0.300,-0.093,-0.300,-498.863,-499.698,-498.863
1.529,-0.000,0.554,-0.267,45.002,3.503,15.269,-0.300,-0.093,-0.300,-498.863,-499.698,-498.863
1.533,-0.000,0.554,-0.267,45.002,3.513,15.269,-0.300,-0.093,-0.300,-498.863,-499.697,-498.863
1.538,-0.000,0.554,-0.267,45.002,3.522,15.270,-0.300,-0.093,-0.300,-498.863,-499.697,-498.863
1.542,-0.000,0.554,-0.267,45.002,3.529,15.270,-0.300,-0.093,-0.300,-498.863,-499.697,-498.863
1.546,-0.000,0.554,-0.267,45.002,3.535,15.270,-0.300,-0.093,-0.300,-498.863,-499.696,-498.863
1.550,-0.000,0.554,-0.267,45.002,3.541,15.270,-0.300,-0.093,-0.300,-498.863,-499.696,-498.863
1.554,-0.000,0.554,-0.267,45.002,3.545,15.270,-0.300,-0.093,-0.300,-498.863,-499.696,-498.863
1.558,-0.000,0.554,-0.267,45.002,3.548,15.270,-0.300,-0.093,-0.300,-498.863,-499.696,-498.863
1.562,-0.000,0.554,-0.267,45.002,3.549,15.270,-0.300,-0.093,-0.300,-498.863,-499.696,-498.863
1.567,-0.000,0.554,-0.267,45.002,3.550,15.270,-0.300,-0.093,-0.300,-498.863,-499.697,-498.863
1.571,-0.000,0.554,-0.267,45.002,3.550,15.270,-0.300,-0.093,-0.300,-498.863,-499.697,-498.863
1.575,-0.000,0.554,-0.267,45.002,3.549,15.270,-0.300,-0.093,-0.300,-498.863,-499.697,-498.863
1.579,-0.000,0.554,-0.267,45.002,3.547,15.270,-0.300,-0.093,-0.300,-498.863,-499.698,-498.863
1.583,-0.000,0.554,-0.267,45.002,3.544,15.270,-0.300,-0.092,-0.300,-498.863,-499.698,-498.863
1.587,-0.000,0.554,-0.267,45.002,3.540,15.270,-0.300,-0.092,-0.300,-498.863,-499.699,-498.863
1.592,-0.000,0.554,-0.267,45.002,3.535,15.270,-0.300,-0.092,-0.300,-498.863,-499.699,-498.863
1.596,-0.000,0.554,-0.267,45.002,3.529,15.270,-0.300,-0.092,-0.300,-498.863,-499.700,-498.863
1.600,-0.000,0.554,-0.267,45.002,3.523,15.270,-0.300,-0.091,-0.300,-498.863,-499.701,-498.863
1.604,-0.000,0.554,-0.267,45.002,3.516,15.270,-0.300,-0.091,-0.300,-498.863,-499.702,-498.863
1.608,-0.000,0.554,-0.267,45.002,3.509,15.270,-0.300,-0.091,-0.300,-498.863,-499.702,-498.863
1.613,-0.000,0.554,-0.267,45.002,3.501,15.270,-0.300,-0.091,-0.300,-498.863,-499.703,-498.863
1.617,-0.000,0.555,-0.267,45.002,3.493,15.270,-0.300,-0.090,-0.300,-498.863,-499.704,-498.863
1.621,-0.000,0.555,-0.267,45.002,3.484,15.271,-0.300,-0.090,-0.300,-498.863,-499.705,-498.863
1.625,-0.000,0.555,-0.267,45.002,3.475,15.271,-0.300,-0.090,-0.300,-498.863,-499.706,-498.863
1.629,-0.000,0.555,-0.267,45.002,3.465,15.271,-0.300,-0.090,-0.300,-498.863,-499.707,-498.863
1.633,-0.000,0.555,-0.267,45.002,3.456,15.271,-0.300,-0.089,-0.300,-498.863,-499.707,-498.863
1.637,-0.000,0.555,-0.267,45.002,3.446,15.271,-0.300,-0.089,-0.300,-498.863,-499.708,-498.863
1.642,-0.000,0.556,-0.267,45.002,3.436,15.271,-0.300,-0.089,-0.300,-498.863,-499.709,-498.863
1.646,-0.000,0.556,-0.267,45.002,3.426,15.271,-0.300,-0.088,-0.300,-498.863,-499.710,-498.863
1.650,-0.000,0.556,-0.267,45.002,3.416,15.271,-0.300,-0.088,-0.300,-498.863,-499.711,-498.863
1.654,-0.000,0.556,-0.267,45.002,3.406,15.271,-0.300,-0.088,-0.300,-498.863,-499.712,-498.863
1.658,-0.000,0.556,-0.267,45.002,3.396,15.271,-0.300,-0.088,-0.300,-498.863,-499.712,-498.863
1.662,-0.000,0.556,-0.267,45.002,3.386,15.271,-0.300,-0.087,-0.300,-498.863,-499.713,-498.863
1.667,-0.000,0.557,-0.267,45.002,3.376,15.271,-0.300,-0.087,-0.300,-498.863,-499.714,-498.863
1.671,-0.000,0.557,-0.267,45.002,3.367,15.271,-0.300,-0.087,-0.300,-498.863,-499.715,-498.863
1.675,-0.000,0.557,-0.267,45.002,3.358,15.271,-0.300,-0.087,-0.300,-498.863,-499.715,-498.863
1.679,-0.000,0.557,-0.267,45.002,3.349,15.271,-0.300,-0.087,-0.300,-498.863,-499.716,-498.863
1.683,-0.000,0.557,-0.267,45.002,3.341,15.271,-0.300,-0.086,-0.300,-498.863,-499.717,-498.863
1.688,-0.000,0.557,-0.267,45.002,3.333,15.271,-0.300,-0.086,-0.300,-498.863,-499.717,-498.863
1.692,-0.000,0.557,-0.267,45.002,3.325,15.271,-0.300,-0.086,-0.300,-498.863,-499.718,-498.863
1.696,-0.000,0.558,-0.267,45.002,3.318,15.271,-0.300,-0.086,-0.300,-498.863,-499.718,-498.863
1.700,-0.000,0.558,-0.267,45.002,3.312,15.271,-0.300,-0.086,-0.300,-498.863,-499.718,-498.863
1.704,-0.000,0.558,-0.267,45.002,3.305,15.271,-0.300,-0.086,-0.300,-498.863,-499.719,-498.863
1.708,-0.000,0.558,-0.267,45.002,3.300,15.272,-0.300,-0.086,-0.300,-498.863,-499.719,-498.863
1.712,-0.000,0.558,-0.267,45.002,3.294,15.272,-0.300,-0.086,-0.300,-498.863,-499.719,-498.863
1.717,-0.000,0.558,-0.267,45.002,3.290,15.272,-0.300,-0.086,-0.300,-498.863,-499.720,-498.863
1.721,-0.000,0.558,-0.267,45.002,3.285,15.272,-0.300,-0.085,-0.300,-498.863,-499.720,-498.863
1.725,-0.000,0.558,-0.267,45.002,3.282,15.272,-0.300,-0.085,-0.300,-498.863,-499.720,-498.863
1.729,-0.000,0.558,-0.267,45.002,3.279,15.272,-0.300,-0.085,-0.300,-498.863,-499.720,-498.863
1.733,-0.000,0.558,-0.267,45.002,3.276,15.272,-0.300,-0.085,-0.300,-498.863,-499.720,-498.863
1.738,-0.000,0.558,-0.267,45.002,3.274,15.272,-0.300,-0.085,-0.300,-498.863,-499.720,-498.863
1.742,-0.000,0.558,-0.267,45.002,3.272,15.272,-0.300,-0.085,-0.300,-498.863,-499.720,-498.863
1.746,-0.000,0.558,-0.267,45.002,3.271,15.272,-0.300,-0.085,-0.300,-498.863,-499.720,-498.863
1.750,-0.000,0.558,-0.267,45.002,3.270,15.272,-0.300,-0.086,-0.300,-498.863,-499.720,-498.863
1.754,-0.000,0.558,-0.267,45.002,3.270,15.272,-0.300,-0.086,-0.300,-498.863,-499.720,-498.863
1.758,-0.000,0.558,-0.267,45.002,3.271,15.272,-0.300,-0.086,-0.300,-498.863,-499.720,-498.863
1.762,-0.000,0.558,-0.267,45.002,3.271,15.272,-0.300,-0.086,-0.300,-498.863,-499.720,-498.863
1.767,-0.000,0.558,-0.267,45.002,3.273,15.272,-0.300,-0.086,-0.300,-498.863,-499.719,-498.863
1.771,-0.000,0.558,-0.267,45.002,3.274,15.272,-0.300,-0.086,-0.300,-498.863,-499.719,-498.863
1.775,-0.000,0.558,-0.267,45.002,3.276,15.272,-0.300,-0.086,-0.300,-498.863,-499.719,-498.863
1.779,-0.000,0.558,-0.267,45.002,3.279,15.272,-0.300,-0.086,-0.300,-498.863,-499.719,-498.863
1.783,-0.000,0.558,-0.267,45.002,3.281,15.272,-0.300,-0.086,-0.300,-498.863,-499.718,-498.863
1.787,-0.000,0.558,-0.267,45.002,3.284,15.272,-0.300,-0.086,-0.300,-498.863,-499.718,-498.863
1.792,-0.000,0.558,-0.267,45.002,3.288,15.272,-0.300,-0.086,-0.300,-498.863,-499.718,-498.863
1.796,-0.000,0.558,-0.267,45.002,3.291,15.273,-0.300,-0.087,-0.300,-498.863,-499.717,-498.863
1.800,-0.000,0.558,-0.267,45.002,3.295,15.273,-0.300,-0.087,-0.300,-498.863,-499.717,-498.863
1.804,-0.000,0.558,-0.267,45.002,3.299,15.273,-0.300,-0.087,-0.300,-498.863,-499.717,-498.863
1.808,-0.000,0.558,-0.267,45.002,3.303,15.273,-0.300,-0.087,-0.300,-498.863,-499.716,-498.863
1.812,-0.000,0.558,-0.267,45.002,3.307,15.273,-0.300,-0.087,-0.300,-498.863,-499.716,-498.863
1.817,-0.000,0.558,-0.267,45.002,3.312,15.273,-0.300,-0.087,-0.300,-498.863,-499.715,-498.863
1.821,-0.000,0.558,-0.267,45.002,3.316,15.273,-0.300,-0.087,-0.300,-498.863,-499.715,-498.863
1.825,-0.000,0.558,-0.267,45.002,3.321,15.273,-0.300,-0.088,-0.300,-498.863,-499.715,-498.863
1.829,-0.000,0.557,-0.267,45.002,3.325,15.273,-0.300,-0.088,-0.300,-498.863,-499.714,-498.863
1.833,-0.000,0.557,-0.267,45.002,3.330,15.273,-0.300,-0.088,-0.300,-498.863,-499.714,-498.863
1.837,-0.000,0.557,-0.267,45.002,3.334,15.273,-0.300,-0.088,-0.300,-498.863,-499.713,-498.863
1.842,-0.000,0.557,-0.267,45.002,3.339,15.273,-0.300,-0.088,-0.300,-498.863,-499.713,-498.863
1.846,-0.000,0.557,-0.267,45.002,3.344,15.273,-0.300,-0.088,-0.300,-498.863,-499.713,-498.863
1.850,-0.000,0.557,-0.267,45.002,3.348,15.273,-0.300,-0.088,-0.300,-498.863,-499.712,-498.863
1.854,-0.000,0.557,-0.267,45.002,3.352,15.273,-0.300,-0.088,-0.300,-498.863,-499.712,-498.863
1.858,-0.000,0.557,-0.267,45.002,3.357,15.273,-0.300,-0.088,-0.300,-498.863,-499.712,-498.863
1.863,-0.000,0.557,-0.267,45.002,3.361,15.273,-0.300,-0.088,-0.300,-498.863,-499.711,-498.863
1.867,-0.000,0.557,-0.267,45.002,3.365,15.273,-0.300,-0.089,-0.300,-498.863,-499.711,-498.863
1.871,-0.000,0.557,-0.267,45.002,3.368,15.273,-0.300,-0.089,-0.300,-498.863,-499.711,-498.863
1.875,-0.000,0.557,-0.267,45.002,3.372,15.273,-0.300,-0.089,-0.300,-498.863,-499.711,-498.863
1.879,-0.000,0.557,-0.267,45.002,3.375,15.273,-0.300,-0.089,-0.300,-498.863,-499.710,-498.863
1.883,-0.000,0.557,-0.267,45.002,3.379,15.274,-0.300,-0.089,-0.300,-498.863,-499.710,-498.863
1.887,-0.000,0.556,-0.267,45.002,3.382,15.274,-0.300,-0.089,-0.300,-498.863,-499.710,-498.863
1.892,-0.000,0.556,-0.267,45.002,3.384,15.274,-0.300,-0.089,-0.300,-498.863,-499.710,-498.863
1.896,-0.000,0.556,-0.267,45.002,3.387,15.274,-0.300,-0.089,-0.300,-498.863,-499.710,-498.863
1.900,-0.000,0.556,-0.267,45.002,3.389,15.274,-0.300,-0.089,-0.300,-498.863,-499.710,-498.863
1.904,-0.000,0.556,-0.267,45.002,3.391,15.274,-0.300,-0.089,-0.300,-498.863,-499.709,-498.863
1.908,-0.000,0.556,-0.267,45.002,3.393,15.274,-0.300,-0.089,-0.300,-498.863,-499.709,-498.863
1.912,-0.000,0.556,-0.267,45.002,3.395,15.274,-0.300,-0.089,-0.300,-498.863,-499.709,-498.863
1.917,-0.000,0.556,-0.267,45.002,3.396,15.274,-0.300,-0.089,-0.300,-498.863,-499.709,-498.863
1.921,-0.000,0.556,-0.267,45.002,3.397,15.274,-0.300,-0.089,-0.300,-498.863,-499.709,-498.863
1.925,-0.000,0.556,-0.267,45.002,3.398,15.274,-0.300,-0.089,-0.300,-498.863,-499.709,-498.863
1.929,-0.000,0.556,-0.267,45.002,3.398,15.274,-0.300,-0.089,-0.300,-498.863,-499.709,-498.863
1.933,-0.000,0.556,-0.267,45.002,3.399,15.274,-0.300,-0.089,-0.300,-498.863,-499.709,-498.863
1.938,-0.000,0.556,-0.267,45.002,3.399,15.274,-0.300,-0.089,-0.300,-498.863,-499.709,-498.863
1.942,-0.000,0.556,-0.267,45.002,3.399,15.274,-0.300,-0.089,-0.300,-498.863,-499.709,-498.863
1.946,-0.000,0.556,-0.267,45.002,3.399,15.274,-0.300,-0.089,-0.300,-498.863,-499.709,-498.863
1.950,-0.000,0.556,-0.267,45.002,3.398,15.274,-0.300,-0.089,-0.300,-498.863,-499.710,-498.863
1.954,-0.000,0.556,-0.267,45.002,3.398,15.274,-0.300,-0.089,-0.300,-498.863,-499.710,-498.863
1.958,-0.000,0.556,-0.267,45.002,3.397,15.274,-0.300,-0.089,-0.300,-498.863,-499.710,-498.863
1.962,-0.000,0.556,-0.267,45.002,3.396,15.274,-0.300,-0.089,-0.300,-498.863,-499.710,-498.863
1.967,-0.000,0.556,-0.267,45.002,3.395,15.275,-0.300,-0.089,-0.300,-498.863,-499.710,-498.863
1.971,-0.000,0.556,-0.267,45.002,3.393,15.275,-0.300,-0.089,-0.300,-498.863,-499.710,-498.863
1.975,-0.000,0.556,-0.267,45.002,3.392,15.275,-0.300,-0.089,-0.300,-498.863,-499.710,-498.863
1.979,-0.000,0.556,-0.267,45.002,3.390,15.275,-0.300,-0.089,-0.300,-498.863,-499.711,-498.863
1.983,-0.000,0.556,-0.267,45.002,3.389,15.275,-0.300,-0.089,-0.300,-498.863,-499.711,-498.863
1.988,-0.000,0.556,-0.267,45.002,3.387,15.275,-0.300,-0.088,-0.300,-498.863,-499.711,-498.863
1.992,-0.000,0.556,-0.267,45.002,3.385,15.275,-0.300,-0.088,-0.300,-498.863,-499.711,-498.863
1.996,-0.000,0.556,-0.267,45.002,3.383,15.275,-0.300,-0.088,-0.300,-498.863,-499.711,-498.863
2.000,-0.000,0.556,-0.267,45.002,3.381,15.275,-0.300,-0.088,-0.300,-498.863,-499.711,-498.863
2.004,-0.000,0.557,-0.267,45.002,3.379,15.275,-0.300,-0.088,-0.300,-498.863,-499.712,-498.863
2.008,-0.000,0.557,-0.267,45.002,3.377,15.275,-0.300,-0.088,-0.300,-498.863,-499.712,-498.863
2.013,-0.000,0.557,-0.267,45.002,3.375,15.275,-0.300,-0.088,-0.300,-498.863,-499.712,-498.863
2.017,-0.000,0.557,-0.267,45.002,3.373,15.275,-0.300,-0.088,-0.300,-498.863,-499.712,-498.863
2.021,-0.000,0.557,-0.267,45.002,3.371,15.275,-0.300,-0.088,-0.300,-498.863,-499.712,-498.863
2.025,-0.000,0.557,-0.267,45.002,3.368,15.275,-0.300,-0.088,-0.300,-498.863,-499.713,-498.863
2.029,-0.000,0.557,-0.267,45.002,3.366,15.275,-0.300,-0.088,-0.300,-498.863,-499.713,-498.863
2.033,-0.000,0.557,-0.267,45.002,3.364,15.275,-0.300,-0.088,-0.300,-498.863,-499.713,-498.863
2.038,-0.000,0.557,-0.267,45.002,3.362,15.275,-0.300,-0.088,-0.300,-498.863,-499.713,-498.863
2.042,-0.000,0.557,-0.267,45.002,3.360,15.275,-0.300,-0.088,-0.300,-498.863,-499.713,-498.863
2.046,-0.000,0.557,-0.267,45.002,3.358,15.275,-0.300,-0.088,-0.300,-498.863,-499.713,-498.863
2.050,-0.000,0.557,-0.267,45.002,3.357,15.275,-0.300,-0.088,-0.300,-498.863,-499.713,-498.863
2.054,-0.000,0.557,-0.267,45.002,3.355,15.276,-0.300,-0.088,-0.300,-498.863,-499.714,-498.863
2.058,-0.000,0.557,-0.267,45.002,3.353,15.276,-0.300,-0.088,-0.300,-498.863,-499.714,-498.863
2.062,-0.000,0.557,-0.267,45.002,3.351,15.276,-0.300,-0.088,-0.300,-498.863,-499.714,-498.863
2.067,-0.000,0.557,-0.267,45.002,3.350,15.276,-0.300,-0.088,-0.300,-498.863,-499.714,-498.863
2.071,-0.000,0.557,-0.267,45.002,3.349,15.276,-0.300,-0.087,-0.300,-498.863,-499.714,-498.863
2.075,-0.000,0.557,-0.267,45.002,3.347,15.276,-0.300,-0.087,-0.300,-498.863,-499.714,-498.863
2.079,-0.000,0.557,-0.267,45.002,3.346,15.276,-0.300,-0.087,-0.300,-498.863,-499.714,-498.863
2.083,-0.000,0.557,-0.267,45.002,3.345,15.276,-0.300,-0.087,-0.300,-498.863,-499.714,-498.863
2.087,-0.000,0.557,-0.267,45.002,3.344,15.276,-0.300,-0.087,-0.300,-498.863,-499.714,-498.863
2.092,-0.000,0.557,-0.267,45.002,3.343,15.276,-0.300,-0.087,-0.300,-498.863,-499.714,-498.863
2.096,-0.000,0.557,-0.267,45.002,3.342,15.276,-0.300,-0.087,-0.300,-498.863,-499.714,-498.863
2.100,-0.000,0.557,-0.267,45.002,3.342,15.276,-0.300,-0.087,-0.300,-498.863,-499.714,-498.863
2.104,-0.000,0.557,-0.267,45.002,3.341,15.276,-0.300,-0.087,-0.300,-498.863,-499.714,-498.863
2.108,-0.000,0.557,-0.267,45.002,3.341,15.276,-0.300,-0.087,-0.300,-498.863,-499.714,-498.863
2.112,-0.000,0.557,-0.267,45.002,3.340,15.276,-0.300,-0.087,-0.300,-498.863,-499.714,-498.863
2.117,-0.000,0.557,-0.267,45.002,3.340,15.276,-0.300,-0.087,-0.300,-498.863,-499.714,-498.863
2.121,-0.000,0.557,-0.267,45.002,3.340,15.276,-0.300,-0.087,-0.300,-498.863,-499.714,-498.863
2.125,-0.000,0.557,-0.267,45.002,3.340,15.276,-0.300,-0.087,-0.300,-498.863,-499.714,-498.863
2.129,-0.000,0.557,-0.267,45.002,3.340,15.276,-0.300,-0.087,-0.300,-498.863,-499.714,-498.863
2.133,-0.000,0.557,-0.267,45.002,3.340,15.276,-0.300,-0.087,-0.300,-498.863,-499.714,-498.863
2.138,-0.000,0.557,-0.267,45.002,3.340,15.276,-0.300,-0.087,-0.300,-498.863,-499.714,-498.863
2.142,-0.000,0.557,-0.267,45.002,3.341,15.277,-0.300,-0.088,-0.300,-498.863,-499.714,-498.863
2.146,-0.000,0.557,-0.267,45.002,3.341,15.277,-0.300,-0.088,-0.300,-498.863,-499.714,-498.863
2.150,-0.000,0.557,-0.267,45.002,3.342,15.277,-0.300,-0.088,-0.300,-498.863,-499.714,-498.863
2.154,-0.000,0.557,-0.267,45.002,3.342,15.277,-0.300,-0.088,-0.300,-498.863,-499.714,-498.863
2.158,-0.000,0.557,-0.267,45.002,3.343,15.277,-0.300,-0.088,-0.300,-498.863,-499.714,-498.863
2.163,-0.000,0.557,-0.267,45.002,3.343,15.277,-0.300,-0.088,-0.300,-498.863,-499.714,-498.863
2.167,-0.000,0.557,-0.267,45.002,3.344,15.277,-0.300,-0.088,-0.300,-498.863,-499.714,-498.863
2.171,-0.000,0.557,-0.267,45.002,3.345,15.277,-0.300,-0.088,-0.300,-498.863,-499.714,-498.863
2.175,-0.000,0.557,-0.267,45.002,3.346,15.277,-0.300,-0.088,-0.300,-498.863,-499.714,-498.863
2.179,-0.000,0.557,-0.267,45.002,3.347,15.277,-0.300,-0.088,-0.300,-498.863,-499.713,-498.863
2.183,-0.000,0.557,-0.267,45.002,3.348,15.277,-0.300,-0.088,-0.300,-498.863,-499.713,-498.863
2.188,-0.000,0.557,-0.267,45.002,3.349,15.277,-0.300,-0.088,-0.300,-498.863,-499.713,-498.863
2.192,-0.000,0.557,-0.267,45.002,3.350,15.277,-0.300,-0.088,-0.300,-498.863,-499.713,-498.863
2.196,-0.000,0.557,-0.267,45.002,3.350,15.277,-0.300,-0.088,-0.300,-498.863,-499.713,-498.863
2.200,-0.000,0.557,-0.267,45.002,3.351,15.277,-0.300,-0.088,-0.300,-498.863,-499.713,-498.863
2.204,-0.000,0.557,-0.267,45.002,3.352,15.277,-0.300,-0.088,-0.300,-498.863,-499.713,-498.863
2.208,-0.000,0.557,-0.267,45.002,3.353,15.277,-0.300,-0.088,-0.300,-498.863,-499.713,-498.863
2.212,-0.000,0.557,-0.267,45.002,3.354,15.277,-0.300,-0.088,-0.300,-498.863,-499.713,-498.863
2.217,-0.000,0.557,-0.267,45.002,3.355,15.277,-0.300,-0.088,-0.300,-498.863,-499.713,-498.863
2.221,-0.000,0.557,-0.267,45.002,3.356,15.277,-0.300,-0.088,-0.300,-498.863,-499.713,-498.863
2.225,-0.000,0.557,-0.267,45.002,3.357,15.277,-0.300,-0.088,-0.300,-498.863,-499.713,-498.863
2.229,-0.000,0.557,-0.267,45.002,3.358,15.278,-0.300,-0.088,-0.300,-498.863,-499.713,-498.863
2.233,-0.000,0.557,-0.267,45.002,3.359,15.278,-0.300,-0.088,-0.300,-498.863,-499.712,-498.863
2.237,-0.000,0.557,-0.267,45.002,3.360,15.278,-0.300,-0.088,-0.300,-498.863,-499.712,-498.863
2.242,-0.000,0.557,-0.267,45.002,3.361,15.278,-0.300,-0.088,-0.300,-498.863,-499.712,-498.863
2.246,-0.000,0.557,-0.267,45.002,3.361,15.278,-0.300,-0.088,-0.300,-498.863,-499.712,-498.863
2.250,-0.000,0.557,-0.267,45.002,3.362,15.278,-0.300,-0.088,-0.300,-498.863,-499.712,-498.863
2.254,-0.000,0.557,-0.267,45.002,3.363,15.278,-0.300,-0.088,-0.300,-498.863,-499.712,-498.863
2.258,-0.000,0.557,-0.267,45.002,3.363,15.278,-0.300,-0.088,-0.300,-498.863,-499.712,-498.863
2.263,-0.000,0.557,-0.267,45.002,3.364,15.278,-0.300,-0.088,-0.300,-498.863,-499.712,-498.863
2.267,-0.000,0.557,-0.267,45.002,3.364,15.278,-0.300,-0.088,-0.300,-498.863,-499.712,-498.863
2.271,-0.000,0.557,-0.267,45.002,3.365,15.278,-0.300,-0.088,-0.300,-498.863,-499.712,-498.863
2.275,-0.000,0.557,-0.267,45.002,3.365,15.278,-0.300,-0.088,-0.300,-498.863,-499.712,-498.863
2.279,-0.000,0.557,-0.267,45.002,3.366,15.278,-0.300,-0.088,-0.300,-498.863,-499.712,-498.863
2.283,-0.000,0.557,-0.267,45.002,3.366,15.278,-0.300,-0.088,-0.300,-498.863,-499.712,-498.863
2.288,-0.000,0.557,-0.267,45.002,3.366,15.278,-0.300,-0.088,-0.300,-498.863,-499.712,-498.863
2.292,-0.000,0.557,-0.267,45.002,3.367,15.278,-0.300,-0.088,-0.300,-498.863,-499.712,-498.863
2.296,-0.000,0.557,-0.267,45.002,3.367,15.278,-0.300,-0.088,-0.300,-498.863,-499.712,-498.863
2.300,-0.000,0.557,-0.267,45.002,3.367,15.278,-0.300,-0.088,-0.300,-498.863,-499.712,-498.863
2.304,-0.000,0.557,-0.267,45.002,3.367,15.278,-0.300,-0.088,-0.300,-498.863,-499.712,-498.863
2.308,-0.000,0.557,-0.267,45.002,3.367,15.278,-0.300,-0.088,-0.300,-498.863,-499.712,-498.863
2.312,-0.000,0.557,-0.267,45.002,3.367,15.279,-0.300,-0.088,-0.300,-498.863,-499.712,-498.863
2.317,-0.000,0.557,-0.267,45.002,3.367,15.279,-0.300,-0.088,-0.300,-498.863,-499.712,-498.863
2.321,-0.000,0.557,-0.267,45.002,3.367,15.279,-0.300,-0.088,-0.300,-498.863,-499.712,-498.863
2.325,-0.000,0.557,-0.267,45.002,3.367,15.279,-0.300,-0.088,-0.300,-498.863,-499.712,-498.863
2.329,-0.000,0.557,-0.267,45.002,3.367,15.279,-0.300,-0.088,-0.300,-498.863,-499.712,-498.863
2.333,-0.000,0.557,-0.267,45.002,3.366,15.279,-0.300,-0.088,-0.300,-498.863,-499.712,-498.863
2.337,-0.000,0.557,-0.267,45.002,3.366,15.279,-0.300,-0.088,-0.300,-498.863,-499.713,-498.863
2.342,-0.000,0.557,-0.267,45.002,3.366,15.279,-0.300,-0.088,-0.300,-498.863,-499.713,-498.863
2.346,-0.000,0.557,-0.267,45.002,3.366,15.279,-0.300,-0.088,-0.300,-498.863,-499.713,-498.863
2.350,-0.000,0.557,-0.267,45.002,3.366,15.279,-0.300,-0.088,-0.300,-498.863,-499.713,-498.863
2.354,-0.000,0.557,-0.267,45.002,3.366,15.279,-0.300,-0.088,-0.300,-498.863,-499.713,-498.863
2.358,-0.000,0.557,-0.267,45.002,3.365,15.279,-0.300,-0.088,-0.300,-498.863,-499.713,-498.863
2.362,-0.000,0.557,-0.267,45.002,3.365,15.279,-0.300,-0.088,-0.300,-498.863,-499.713,-498.863
2.367,-0.000,0.557,-0.267,45.002,3.365,15.279,-0.300,-0.088,-0.300,-498.863,-499.713,-498.863
2.371,-0.000,0.557,-0.267,45.002,3.365,15.279,-0.300,-0.088,-0.300,-498.863,-499.713,-498.863
2.375,-0.000,0.557,-0.267,45.002,3.365,15.279,-0.300,-0.088,-0.300,-498.863,-499.713,-498.863
2.379,-0.000,0.557,-0.267,45.002,3.365,15.279,-0.300,-0.088,-0.300,-498.863,-499.713,-498.863
2.383,-0.000,0.557,-0.267,45.002,3.365,15.279,-0.300,-0.088,-0.300,-498.863,-499.713,-498.863
2.388,-0.000,0.557,-0.267,45.002,3.365,15.279,-0.300,-0.088,-0.300,-498.863,-499.713,-498.863
2.392,-0.000,0.557,-0.267,45.002,3.365,15.279,-0.300,-0.088,-0.300,-498.863,-499.713,-498.863
2.396,-0.000,0.557,-0.267,45.002,3.365,15.279,-0.300,-0.088,-0.300,-498.863,-499.713,-498.863
2.400,-0.000,0.557,-0.267,45.002,3.365,15.280,-0.300,-0.088,-0.300,-498.863,-499.713,-498.863
2.404,-0.000,0.557,-0.267,45.002,3.365,15.280,-0.300,-0.088,-0.300,-498.863,-499.713,-498.863
2.408,-0.000,0.557,-0.267,45.002,3.365,15.280,-0.300,-0.088,-0.300,-498.863,-499.713,-498.863
2.413,-0.000,0.557,-0.267,45.002,3.365,15.280,-0.300,-0.088,-0.300,-498.863,-499.713,-498.863
2.417,-0.000,0.557,-0.267,45.002,3.365,15.280,-0.300,-0.088,-0.300,-498.863,-499.713,-498.863
2.421,-0.000,0.557,-0.267,45.002,3.365,15.280,-0.300,-0.088,-0.300,-498.863,-499.713,-498.863
2.425,-0.000,0.557,-0.267,45.002,3.365,15.280,-0.300,-0.088,-0.300,-498.863,-499.713,-498.863
2.429,-0.000,0.557,-0.267,45.002,3.365,15.280,-0.300,-0.088,-0.300,-498.863,-499.713,-498.863
2.433,-0.000,0.557,-0.267,45.002,3.364,15.280,-0.300,-0.088,-0.300,-498.863,-499.713,-498.863
2.438,-0.000,0.557,-0.267,45.002,3.364,15.280,-0.300,-0.088,-0.300,-498.863,-499.713,-498.863
2.442,-0.000,0.557,-0.267,45.002,3.364,15.280,-0.300,-0.088,-0.300,-498.863,-499.713,-498.863
2.446,-0.000,0.557,-0.267,45.002,3.364,15.280,-0.300,-0.088,-0.300,-498.863,-499.713,-498.863
2.450,-0.000,0.557,-0.267,45.002,3.364,15.280,-0.300,-0.088,-0.300,-498.863,-499.713,-498.863
2.454,-0.000,0.557,-0.267,45.002,3.364,15.280,-0.300,-0.088,-0.300,-498.863,-499.713,-498.863
2.458,-0.000,0.557,-0.267,45.002,3.364,15.280,-0.300,-0.088,-0.300,-498.863,-499.713,-498.863
2.462,-0.000,0.557,-0.267,45.002,3.364,15.280,-0.300,-0.088,-0.300,-498.863,-499.713,-498.863
2.467,-0.000,0.557,-0.267,45.002,3.364,15.280,-0.300,-0.088,-0.300,-498.863,-499.713,-498.863
2.471,-0.000,0.557,-0.267,45.002,3.364,15.280,-0.300,-0.088,-0.300,-498.863,-499.713,-498.863
2.475,-0.000,0.557,-0.267,45.002,3.364,15.280,-0.300,-0.088,-0.300,-498.863,-499.713,-498.863
2.479,-0.000,0.557,-0.267,45.002,3.364,15.280,-0.300,-0.088,-0.300,-498.863,-499.713,-498.863
2.483,-0.000,0.557,-0.267,45.002,3.364,15.280,-0.300,-0.088,-0.300,-498.863,-499.713,-498.863
2.487,-0.000,0.557,-0.267,45.002,3.364,15.281,-0.300,-0.088,-0.300,-498.863,-499.713,-498.863
2.492,-0.000,0.557,-0.267,45.002,3.364,15.281,-0.300,-0.088,-0.300,-498.863,-499.713,-498.863
2.496,-0.000,0.557,-0.267,45.002,3.364,15.281,-0.300,-0.088,-0.300,-498.863,-499.713,-498.863
2.500,-0.000,0.557,-0.267,45.002,3.364,15.281,-0.300,-0.088,-0.300,-498.863,-499.713,-498.863
2.504,-0.000,0.557,-0.267,45.002,3.364,15.281,-0.300,-0.088,-0.300,-498.863,-499.713,-498.863
2.508,-0.000,0.557,-0.267,45.002,3.364,15.281,-0.300,-0.088,-0.300,-498.863,-499.713,-498.863
2.513,-0.000,0.557,-0.267,45.002,3.364,15.281,-0.300,-0.088,-0.300,-498.863,-499.713,-498.863
2.517,-0.000,0.557,-0.267,45.002,3.364,15.281,-0.300,-0.088,-0.300,-498.863,-499.713,-498.863
2.521,-0.000,0.557,-0.267,45.002,3.364,15.281,-0.300,-0.088,-0.300,-498.863,-499.713,-498.863
2.525,-0.000,0.557,-0.267,45.002,3.364,15.281,-0.300,-0.088,-0.300,-498.863,-499.713,-498.863
2.529,-0.000,0.557,-0.267,45.002,3.364,15.281,-0.300,-0.088,-0.300,-498.863,-499.713,-498.863
2.533,-0.000,0.557,-0.267,45.002,3.364,15.281,-0.300,-0.088,-0.300,-498.863,-499.713,-498.863
2.538,-0.000,0.557,-0.267,45.002,3.364,15.281,-0.300,-0.088,-0.300,-498.863,-499.713,-498.863
2.542,-0.000,0.557,-0.267,45.002,3.364,15.281,-0.300,-0.088,-0.300,-498.863,-499.713,-498.863
2.546,-0.000,0.557,-0.267,45.002,3.364,15.281,-0.300,-0.088,-0.300,-498.863,-499.713,-498.863
2.550,-0.000,0.557,-0.267,45.002,3.364,15.281,-0.300,-0.088,-0.300,-498.863,-499.713,-498.863
2.554,-0.000,0.557,-0.267,45.002,3.364,15.281,-0.300,-0.088,-0.300,-498.863,-499.713,-498.863
2.558,-0.000,0.557,-0.267,45.002,3.364,15.281,-0.300,-0.088,-0.300,-498.863,-499.713,-498.863
2.562,-0.000,0.557,-0.267,45.002,3.364,15.281,-0.300,-0.088,-0.300,-498.863,-499.713,-498.863
2.567,-0.000,0.557,-0.267,45.002,3.364,15.281,-0.300,-0.088,-0.300,-498.863,-499.713,-498.863
2.571,-0.000,0.557,-0.267,45.002,3.364,15.281,-0.300,-0.088,-0.300,-498.863,-499.713,-498.863
2.575,-0.000,0.557,-0.267,45.002,3.364,15.282,-0.300,-0.088,-0.300,-498.863,-499.713,-498.863
2.579,-0.000,0.557,-0.267,45.002,3.364,15.282,-0.300,-0.088,-0.300,-498.863,-499.713,-498.863
2.583,-0.000,0.557,-0.267,45.002,3.364,15.282,-0.300,-0.088,-0.300,-498.863,-499.713,-498.863
2.587,-0.000,0.557,-0.267,45.002,3.364,15.282,-0.300,-0.088,-0.300,-498.863,-499.713,-498.863
2.592,-0.000,0.557,-0.267,45.002,3.364,15.282,-0.300,-0.088,-0.300,-498.863,-499.713,-498.863
2.596,-0.000,0.557,-0.267,45.002,3.363,15.282,-0.300,-0.088,-0.300,-498.863,-499.713,-498.863
2.600,-0.000,0.557,-0.267,45.002,3.363,15.282,-0.300,-0.088,-0.300,-498.863,-499.713,-498.863
2.604,-0.000,0.557,-0.267,45.002,3.363,15.282,-0.300,-0.088,-0.300,-498.863,-499.713,-498.863
2.608,-0.000,0.557,-0.267,45.002,3.363,15.282,-0.300,-0.088,-0.300,-498.863,-499.713,-498.863
2.612,-0.000,0.557,-0.267,45.002,3.363,15.282,-0.300,-0.088,-0.300,-498.863,-499.713,-498.863
2.617,-0.000,0.557,-0.267,45.002,3.363,15.282,-0.300,-0.088,-0.300,-498.863,-499.713,-498.863
2.621,-0.000,0.557,-0.267,45.002,3.363,15.282,-0.300,-0.088,-0.300,-498.863,-499.713,-498.863
2.625,-0.000,0.557,-0.267,45.002,3.363,15.282,-0.300,-0.088,-0.300,-498.863,-499.713,-498.863
2.629,-0.000,0.557,-0.267,45.002,3.363,15.282,-0.300,-0.088,-0.300,-498.863,-499.713,-498.863
2.633,-0.000,0.557,-0.267,45.002,3.363,15.282,-0.300,-0.088,-0.300,-498.863,-499.713,-498.863
2.638,-0.000,0.557,-0.267,45.002,3.363,15.282,-0.300,-0.088,-0.300,-498.863,-499.713,-498.863
2.642,-0.000,0.557,-0.267,45.002,3.363,15.282,-0.300,-0.088,-0.300,-498.863,-499.713,-498.863
2.646,-0.000,0.557,-0.267,45.002,3.363,15.282,-0.300,-0.088,-0.300,-498.863,-499.713,-498.863
2.650,-0.000,0.557,-0.267,45.002,3.363,15.282,-0.300,-0.088,-0.300,-498.863,-499.713,-498.863
2.654,-0.000,0.557,-0.267,45.002,3.363,15.282,-0.300,-0.088,-0.300,-498.863,-499.713,-498.863
2.658,-0.000,0.557,-0.267,45.002,3.363,15.283,-0.300,-0.088,-0.300,-498.863,-499.713,-498.863
2.663,-0.000,0.557,-0.267,45.002,3.363,15.283,-0.300,-0.088,-0.300,-498.863,-499.713,-498.863
2.667,-0.000,0.557,-0.267,45.002,3.363,15.283,-0.300,-0.088,-0.300,-498.863,-499.713,-498.863
2.671,-0.000,0.557,-0.267,45.002,3.363,15.283,-0.300,-0.088,-0.300,-498.863,-499.713,-498.863
2.675,-0.000,0.557,-0.267,45.002,3.363,15.283,-0.300,-0.088,-0.300,-498.863,-499.713,-498.863
2.679,-0.000,0.557,-0.267,45.002,3.363,15.283,-0.300,-0.088,-0.300,-498.863,-499.713,-498.863
2.683,-0.000,0.557,-0.267,45.002,3.363,15.283,-0.300,-0.088,-0.300,-498.863,-499.713,-498.863
2.688,-0.000,0.557,-0.267,45.002,3.363,15.283,-0.300,-0.088,-0.300,-498.863,-499.713,-498.863
2.692,-0.000,0.557,-0.267,45.002,3.363,15.283,-0.300,-0.088,-0.300,-498.863,-499.713,-498.863
2.696,-0.000,0.557,-0.267,45.002,3.363,15.283,-0.300,-0.088,-0.300,-498.863,-499.713,-498.863
2.700,-0.000,0.557,-0.267,45.002,3.363,15.283,-0.300,-0.088,-0.300,-498.863,-499.713,-498.863
2.704,-0.000,0.557,-0.267,45.002,3.363,15.283,-0.300,-0.088,-0.300,-498.863,-499.713,-498.863
2.708,-0.000,0.557,-0.267,45.002,3.363,15.283,-0.300,-0.088,-0.300,-498.863,-499.713,-498.863
2.712,-0.000,0.557,-0.267,45.002,3.363,15.283,-0.300,-0.088,-0.300,-498.863,-499.713,-498.863
2.717,-0.000,0.557,-0.267,45.002,3.363,15.283,-0.300,-0.088,-0.300,-498.863,-499.713,-498.863
2.721,-0.000,0.557,-0.267,45.002,3.363,15.283,-0.300,-0.088,-0.300,-498.863,-499.713,-498.863
2.725,-0.000,0.557,-0.267,45.002,3.363,15.283,-0.300,-0.088,-0.300,-498.863,-499.713,-498.863
2.729,-0.000,0.557,-0.267,45.002,3.363,15.283,-0.300,-0.088,-0.300,-498.863,-499.713,-498.863
2.733,-0.000,0.557,-0.267,45.002,3.363,15.283,-0.300,-0.088,-0.300,-498.863,-499.713,-498.863
2.737,-0.000,0.557,-0.267,45.002,3.363,15.283,-0.300,-0.088,-0.300,-498.863,-499.713,-498.863
2.742,-0.000,0.557,-0.267,45.002,3.363,15.283,-0.300,-0.088,-0.300,-498.863,-499.713,-498.863
2.746,-0.000,0.557,-0.267,45.002,3.363,15.284,-0.300,-0.088,-0.300,-498.863,-499.713,-498.863
2.750,-0.000,0.557,-0.267,45.002,3.363,15.284,-0.300,-0.088,-0.300,-498.863,-499.713,-498.863
2.754,-0.000,0.557,-0.267,45.002,3.363,15.284,-0.300,-0.088,-0.300,-498.863,-499.713,-498.863
2.758,-0.000,0.557,-0.267,45.002,3.363,15.284,-0.300,-0.088,-0.300,-498.863,-499.713,-498.863
2.763,-0.000,0.557,-0.267,45.002,3.363,15.284,-0.300,-0.088,-0.300,-498.863,-499.713,-498.863
2.767,-0.000,0.557,-0.267,45.002,3.363,15.284,-0.300,-0.088,-0.300,-498.863,-499.713,-498.863
2.771,-0.000,0.557,-0.267,45.002,3.363,15.284,-0.300,-0.088,-0.300,-498.863,-499.713,-498.863
2.775,-0.000,0.557,-0.267,45.002,3.363,15.284,-0.300,-0.088,-0.300,-498.863,-499.713,-498.863
2.779,-0.000,0.557,-0.267,45.002,3.363,15.284,-0.300,-0.088,-0.300,-498.863,-499.713,-498.863
2.783,-0.000,0.557,-0.267,45.002,3.363,15.284,-0.300,-0.088,-0.300,-498.863,-499.713,-498.863
2.788,-0.000,0.557,-0.267,45.002,3.363,15.284,-0.300,-0.088,-0.300,-498.863,-499.713,-498.863
2.792,-0.000,0.557,-0.267,45.002,3.363,15.284,-0.300,-0.088,-0.300,-498.863,-499.713,-498.863
2.796,-0.000,0.557,-0.267,45.002,3.363,15.284,-0.300,-0.088,-0.300,-498.863,-499.713,-498.863
2.800,-0.000,0.557,-0.267,45.002,3.362,15.284,-0.300,-0.088,-0.300,-498.863,-499.713,-498.863
2.804,-0.000,0.557,-0.267,45.002,3.362,15.284,-0.300,-0.088,-0.300,-498.863,-499.713,-498.863
2.808,-0.000,0.557,-0.267,45.002,3.362,15.284,-0.300,-0.088,-0.300,-498.863,-499.713,-498.863
2.812,-0.000,0.557,-0.267,45.002,3.362,15.284,-0.300,-0.088,-0.300,-498.863,-499.713,-498.863
2.817,-0.000,0.557,-0.267,45.002,3.362,15.284,-0.300,-0.088,-0.300,-498.863,-499.713,-498.863
2.821,-0.000,0.557,-0.267,45.002,3.362,15.284,-0.300,-0.088,-0.300,-498.863,-499.713,-498.863
2.825,-0.000,0.557,-0.267,45.002,3.362,15.284,-0.300,-0.088,-0.300,-498.863,-499.713,-498.863
2.829,-0.000,0.557,-0.267,45.002,3.362,15.284,-0.300,-0.088,-0.300,-498.863,-499.713,-498.863
2.833,-0.000,0.557,-0.267,45.002,3.362,15.285,-0.300,-0.088,-0.300,-498.863,-499.713,-498.863
2.837,-0.000,0.557,-0.267,45.002,3.362,15.285,-0.300,-0.088,-0.300,-498.863,-499.713,-498.863
2.842,-0.000,0.557,-0.267,45.002,3.362,15.285,-0.300,-0.088,-0.300,-498.863,-499.713,-498.863
2.846,-0.000,0.557,-0.267,45.002,3.362,15.285,-0.300,-0.088,-0.300,-498.863,-499.713,-498.863
2.850,-0.000,0.557,-0.267,45.002,3.362,15.285,-0.300,-0.088,-0.300,-498.863,-499.713,-498.863
2.854,-0.000,0.557,-0.267,45.002,3.362,15.285,-0.300,-0.088,-0.300,-498.863,-499.713,-498.863
2.858,-0.000,0.557,-0.267,45.002,3.362,15.285,-0.300,-0.088,-0.300,-498.863,-499.713,-498.863
2.862,-0.000,0.557,-0.267,45.002,3.362,15.285,-0.300,-0.088,-0.300,-498.863,-499.713,-498.863
2.867,-0.000,0.557,-0.267,45.002,3.362,15.285,-0.300,-0.088,-0.300,-498.863,-499.713,-498.863
2.871,-0.000,0.557,-0.267,45.002,3.362,15.285,-0.300,-0.088,-0.300,-498.863,-499.713,-498.863
2.875,-0.000,0.557,-0.267,45.002,3.362,15.285,-0.300,-0.088,-0.300,-498.863,-499.713,-498.863
2.879,-0.000,0.557,-0.267,45.002,3.362,15.285,-0.300,-0.088,-0.300,-498.863,-499.713,-498.863
2.883,-0.000,0.557,-0.267,45.002,3.362,15.285,-0.300,-0.088,-0.300,-498.863,-499.713,-498.863
2.888,-0.000,0.557,-0.267,45.002,3.362,15.285,-0.300,-0.088,-0.300,-498.863,-499.713,-498.863
2.892,-0.000,0.557,-0.267,45.002,3.362,15.285,-0.300,-0.088,-0.300,-498.863,-499.713,-498.863
2.896,-0.000,0.557,-0.267,45.002,3.362,15.285,-0.300,-0.088,-0.300,-498.863,-499.713,-498.863
2.900,-0.000,0.557,-0.267,45.002,3.362,15.285,-0.300,-0.088,-0.300,-498.863,-499.713,-498.863
2.904,-0.000,0.557,-0.267,45.002,3.362,15.285,-0.300,-0.088,-0.300,-498.863,-499.713,-498.863
2.908,-0.000,0.557,-0.267,45.002,3.362,15.285,-0.300,-0.088,-0.300,-498.863,-499.713,-498.863
2.913,-0.000,0.557,-0.267,45.002,3.362,15.285,-0.300,-0.088,-0.300,-498.863,-499.713,-498.863
2.917,-0.000,0.557,-0.267,45.002,3.362,15.285,-0.300,-0.088,-0.300,-498.863,-499.713,-498.863
2.921,-0.000,0.557,-0.267,45.002,3.362,15.286,-0.300,-0.088,-0.300,-498.863,-499.713,-498.863
2.925,-0.000,0.557,-0.267,45.002,3.362,15.286,-0.300,-0.088,-0.300,-498.863,-499.713,-498.863
2.929,-0.000,0.557,-0.267,45.002,3.362,15.286,-0.300,-0.088,-0.300,-498.863,-499.713,-498.863
2.933,-0.000,0.557,-0.267,45.002,3.362,15.286,-0.300,-0.088,-0.300,-498.863,-499.713,-498.863
2.938,-0.000,0.557,-0.267,45.002,3.362,15.286,-0.300,-0.088,-0.300,-498.863,-499.713,-498.863
2.942,-0.000,0.557,-0.267,45.002,3.362,15.286,-0.300,-0.088,-0.300,-498.863,-499.713,-498.863
2.946,-0.000,0.557,-0.267,45.002,3.362,15.286,-0.300,-0.088,-0.300,-498.863,-499.713,-498.863
2.950,-0.000,0.557,-0.267,45.002,3.362,15.286,-0.300,-0.088,-0.300,-498.863,-499.713,-498.863
2.954,-0.000,0.557,-0.267,45.002,3.362,15.286,-0.300,-0.088,-0.300,-498.863,-499.713,-498.863
2.958,-0.000,0.557,-0.267,45.002,3.362,15.286,-0.300,-0.088,-0.300,-498.863,-499.713,-498.863
2.962,-0.000,0.557,-0.267,45.002,3.362,15.286,-0.300,-0.088,-0.300,-498.863,-499.713,-498.863
2.967,-0.000,0.557,-0.267,45.002,3.362,15.286,-0.300,-0.088,-0.300,-498.863,-499.713,-498.863
2.971,-0.000,0.557,-0.267,45.002,3.362,15.286,-0.300,-0.088,-0.300,-498.863,-499.713,-498.863
2.975,-0.000,0.557,-0.267,45.002,3.362,15.286,-0.300,-0.088,-0.300,-498.863,-499.713,-498.863
2.979,-0.000,0.557,-0.267,45.002,3.362,15.286,-0.300,-0.088,-0.300,-498.863,-499.713,-498.863
2.983,-0.000,0.557,-0.267,45.002,3.362,15.286,-0.300,-0.088,-0.300,-498.863,-499.713,-498.863
2.987,-0.000,0.557,-0.267,45.002,3.362,15.286,-0.300,-0.088,-0.300,-498.863,-499.713,-498.863
2.992,-0.000,0.557,-0.267,45.002,3.362,15.286,-0.300,-0.088,-0.300,-498.863,-499.713,-498.863
2.996,-0.000,0.557,-0.267,45.002,3.362,15.286,-0.300,-0.088,-0.300,-498.863,-499.713,-498.863
3.000,-0.000,0.557,-0.267,45.002,3.362,15.286,-0.300,-0.088,-0.300,-498.863,-499.713,-498.863
3.004,-0.000,0.557,-0.267,45.002,3.362,15.287,-0.300,-0.088,-0.300,-498.863,-499.713,-498.863
3.008,-0.000,0.557,-0.267,45.002,3.362,15.287,-0.300,-0.088,-0.300,-498.863,-499.713,-498.863
3.013,-0.000,0.557,-0.267,45.002,3.362,15.287,-0.300,-0.088,-0.300,-498.863,-499.713,-498.863
3.017,-0.000,0.557,-0.267,45.002,3.362,15.287,-0.300,-0.088,-0.300,-498.863,-499.713,-498.863
3.021,-0.000,0.557,-0.267,45.002,3.362,15.287,-0.300,-0.088,-0.300,-498.863,-499.713,-498.863
3.025,-0.000,0.557,-0.267,45.002,3.362,15.287,-0.300,-0.088,-0.300,-498.863,-499.713,-498.863
3.029,-0.000,0.557,-0.267,45.002,3.362,15.287,-0.300,-0.088,-0.300,-498.863,-499.713,-498.863
3.033,-0.000,0.557,-0.267,45.002,3.362,15.287,-0.300,-0.088,-0.300,-498.863,-499.713,-498.863
3.038,-0.000,0.557,-0.267,45.002,3.362,15.287,-0.300,-0.088,-0.300,-498.863,-499.713,-498.863
3.042,-0.000,0.557,-0.267,45.002,3.362,15.287,-0.300,-0.088,-0.300,-498.863,-499.713,-498.863
3.046,-0.000,0.557,-0.267,45.002,3.362,15.287,-0.300,-0.088,-0.300,-498.863,-499.713,-498.863
3.050,-0.000,0.557,-0.267,45.002,3.362,15.287,-0.300,-0.088,-0.300,-498.863,-499.713,-498.863
3.054,-0.000,0.557,-0.267,45.002,3.362,15.287,-0.300,-0.088,-0.300,-498.863,-499.713,-498.863
3.058,-0.000,0.557,-0.267,45.002,3.361,15.287,-0.300,-0.088,-0.300,-498.863,-499.713,-498.863
3.062,-0.000,0.557,-0.267,45.002,3.361,15.287,-0.300,-0.088,-0.300,-498.863,-499.713,-498.863
3.067,-0.000,0.557,-0.267,45.002,3.361,15.287,-0.300,-0.088,-0.300,-498.863,-499.713,-498.863
3.071,-0.000,0.557,-0.267,45.002,3.361,15.287,-0.300,-0.088,-0.300,-498.863,-499.713,-498.863
3.075,-0.000,0.557,-0.267,45.002,3.361,15.287,-0.300,-0.088,-0.300,-498.863,-499.713,-498.863
3.079,-0.000,0.557,-0.267,45.002,3.361,15.287,-0.300,-0.088,-0.300,-498.863,-499.713,-498.863
3.083,-0.000,0.557,-0.267,45.002,3.361,15.287,-0.300,-0.088,-0.300,-498.863,-499.713,-498.863
3.087,-0.000,0.557,-0.267,45.002,3.361,15.287,-0.300,-0.088,-0.300,-498.863,-499.713,-498.863
3.092,-0.000,0.557,-0.267,45.002,3.361,15.288,-0.300,-0.088,-0.300,-498.863,-499.713,-498.863
3.096,-0.000,0.557,-0.267,45.002,3.361,15.288,-0.300,-0.088,-0.300,-498.863,-499.713,-498.863
3.100,-0.000,0.557,-0.267,45.002,3.361,15.288,-0.300,-0.088,-0.300,-498.863,-499.713,-498.863
3.104,-0.000,0.557,-0.267,45.002,3.361,15.288,-0.300,-0.088,-0.300,-498.863,-499.713,-498.863
3.108,-0.000,0.557,-0.267,45.002,3.361,15.288,-0.300,-0.088,-0.300,-498.863,-499.713,-498.863
3.112,-0.000,0.557,-0.267,45.002,3.361,15.288,-0.300,-0.088,-0.300,-498.863,-499.713,-498.863
3.117,-0.000,0.557,-0.267,45.002,3.361,15.288,-0.300,-0.088,-0.300,-498.863,-499.713,-498.863
3.121,-0.000,0.557,-0.267,45.002,3.361,15.288,-0.300,-0.088,-0.300,-498.863,-499.713,-498.863
3.125,-0.000,0.557,-0.267,45.002,3.361,15.288,-0.300,-0.088,-0.300,-498.863,-499.713,-498.863
3.129,-0.000,0.557,-0.267,45.002,3.361,15.288,-0.300,-0.088,-0.300,-498.863,-499.713,-498.863
3.133,-0.000,0.557,-0.267,45.002,3.361,15.288,-0.300,-0.088,-0.300,-498.863,-499.713,-498.863
3.138,-0.000,0.557,-0.267,45.002,3.361,15.288,-0.300,-0.088,-0.300,-498.863,-499.713,-498.863
3.142,-0.000,0.557,-0.267,45.002,3.361,15.288,-0.300,-0.088,-0.300,-498.863,-499.713,-498.863
3.146,-0.000,0.557,-0.267,45.002,3.361,15.288,-0.300,-0.088,-0.300,-498.863,-499.713,-498.863
3.150,-0.000,0.557,-0.267,45.002,3.361,15.288,-0.300,-0.088,-0.300,-498.863,-499.713,-498.863
3.154,-0.000,0.557,-0.267,45.002,3.361,15.288,-0.300,-0.088,-0.300,-498.863,-499.713,-498.863
3.158,-0.000,0.557,-0.267,45.002,3.361,15.288,-0.300,-0.088,-0.300,-498.863,-499.713,-498.863
3.163,-0.000,0.557,-0.267,45.002,3.361,15.288,-0.300,-0.088,-0.300,-498.863,-499.713,-498.863
3.167,-0.000,0.557,-0.267,45.002,3.361,15.288,-0.300,-0.088,-0.300,-498.863,-499.713,-498.863
3.171,-0.000,0.557,-0.267,45.002,3.361,15.288,-0.300,-0.088,-0.300,-498.863,-499.713,-498.863
3.175,-0.000,0.557,-0.267,45.002,3.361,15.288,-0.300,-0.088,-0.300,-498.863,-499.713,-498.863
3.179,-0.000,0.557,-0.267,45.002,3.361,15.289,-0.300,-0.088,-0.300,-498.863,-499.713,-498.863
3.183,-0.000,0.557,-0.267,45.002,3.361,15.289,-0.300,-0.088,-0.300,-498.863,-499.713,-498.863
3.188,-0.000,0.557,-0.267,45.002,3.361,15.289,-0.300,-0.088,-0.300,-498.863,-499.713,-498.863
3.192,-0.000,0.557,-0.267,45.002,3.361,15.289,-0.300,-0.088,-0.300,-498.863,-499.713,-498.863
3.196,-0.000,0.557,-0.267,45.002,3.361,15.289,-0.300,-0.088,-0.300,-498.863,-499.713,-498.863
3.200,-0.000,0.557,-0.267,45.002,3.361,15.289,-0.300,-0.088,-0.300,-498.863,-499.713,-498.863
3.204,-0.000,0.557,-0.267,45.002,3.361,15.289,-0.300,-0.088,-0.300,-498.863,-499.713,-498.863
3.208,-0.000,0.557,-0.267,45.002,3.361,15.289,-0.300,-0.088,-0.300,-498.863,-499.713,-498.863
3.212,-0.000,0.557,-0.267,45.002,3.361,15.289,-0.300,-0.088,-0.300,-498.863,-499.713,-498.863
3.217,-0.000,0.557,-0.267,45.002,3.361,15.289,-0.300,-0.088,-0.300,-498.863,-499.713,-498.863
3.221,-0.000,0.557,-0.267,45.002,3.361,15.289,-0.300,-0.088,-0.300,-498.863,-499.713,-498.863
3.225,-0.000,0.557,-0.267,45.002,3.361,15.289,-0.300,-0.088,-0.300,-498.863,-499.713,-498.863
3.229,-0.000,0.557,-0.267,45.002,3.361,15.289,-0.300,-0.088,-0.300,-498.863,-499.713,-498.863
3.233,-0.000,0.557,-0.267,45.002,3.361,15.289,-0.300,-0.088,-0.300,-498.863,-499.713,-498.863
3.237,-0.000,0.557,-0.267,45.002,3.361,15.289,-0.300,-0.088,-0.300,-498.863,-499.713,-498.863
3.242,-0.000,0.557,-0.267,45.002,3.361,15.289,-0.300,-0.088,-0.300,-498.863,-499.713,-498.863
3.246,-0.000,0.557,-0.267,45.002,3.361,15.289,-0.300,-0.088,-0.300,-498.863,-499.713,-498.863
3.250,-0.000,0.557,-0.267,45.002,3.361,15.289,-0.300,-0.088,-0.300,-498.863,-499.713,-498.863
3.254,-0.000,0.557,-0.267,45.002,3.361,15.289,-0.300,-0.088,-0.300,-498.863,-499.713,-498.863
3.258,-0.000,0.557,-0.267,45.002,3.361,15.289,-0.300,-0.088,-0.300,-498.863,-499.713,-498.863
3.262,-0.000,0.557,-0.267,45.002,3.361,15.289,-0.300,-0.088,-0.300,-498.863,-499.713,-498.863
3.267,-0.000,0.557,-0.267,45.002,3.361,15.290,-0.300,-0.088,-0.300,-498.863,-499.713,-498.863
3.271,-0.000,0.557,-0.267,45.002,3.361,15.290,-0.300,-0.088,-0.300,-498.863,-499.713,-498.863
3.275,-0.000,0.557,-0.267,45.002,3.361,15.290,-0.300,-0.088,-0.300,-498.863,-499.713,-498.863
3.279,-0.000,0.557,-0.267,45.002,3.361,15.290,-0.300,-0.088,-0.300,-498.863,-499.713,-498.863
3.283,-0.000,0.557,-0.267,45.002,3.361,15.290,-0.300,-0.088,-0.300,-498.863,-499.713,-498.863
3.288,-0.000,0.557,-0.267,45.002,3.361,15.290,-0.300,-0.088,-0.300,-498.863,-499.713,-498.863
3.292,-0.000,0.557,-0.267,45.002,3.361,15.290,-0.300,-0.088,-0.300,-498.863,-499.713,-498.863
3.296,-0.000,0.557,-0.267,45.002,3.361,15.290,-0.300,-0.088,-0.300,-498.863,-499.713,-498.863
3.300,-0.000,0.557,-0.267,45.002,3.361,15.290,-0.300,-0.088,-0.300,-498.863,-499.713,-498.863
3.304,-0.000,0.557,-0.267,45.002,3.361,15.290,-0.300,-0.088,-0.300,-498.863,-499.713,-498.863
3.308,-0.000,0.557,-0.267,45.002,3.361,15.290,-0.300,-0.088,-0.300,-498.863,-499.713,-498.863
3.312,-0.000,0.557,-0.267,45.002,3.361,15.290,-0.300,-0.088,-0.300,-498.863,-499.713,-498.863
3.317,-0.000,0.557,-0.267,45.002,3.361,15.290,-0.300,-0.088,-0.300,-498.863,-499.713,-498.863
3.321,-0.000,0.557,-0.267,45.002,3.361,15.290,-0.300,-0.088,-0.300,-498.863,-499.713,-498.863
3.325,-0.000,0.557,-0.267,45.002,3.361,15.290,-0.300,-0.088,-0.300,-498.863,-499.713,-498.863
3.329,-0.000,0.557,-0.267,45.002,3.361,15.290,-0.300,-0.088,-0.300,-498.863,-499.713,-498.863
3.333,-0.000,0.557,-0.267,45.002,3.361,15.290,-0.300,-0.088,-0.300,-498.863,-499.713,-498.863
3.337,-0.000,0.557,-0.267,45.002,3.361,15.290,-0.300,-0.088,-0.300,-498.863,-499.713,-498.863
3.342,-0.000,0.557,-0.267,45.002,3.361,15.290,-0.300,-0.088,-0.300,-498.863,-499.713,-498.863
3.346,-0.000,0.557,-0.267,45.002,3.361,15.290,-0.300,-0.088,-0.300,-498.863,-499.713,-498.863
3.350,-0.000,0.557,-0.267,45.002,3.361,15.290,-0.300,-0.088,-0.300,-498.863,-499.713,-498.863
3.354,-0.000,0.557,-0.267,45.002,3.361,15.291,-0.300,-0.088,-0.300,-498.863,-499.713,-498.863
3.358,-0.000,0.557,-0.267,45.002,3.361,15.291,-0.300,-0.088,-0.300,-498.863,-499.713,-498.863
3.362,-0.000,0.557,-0.267,45.002,3.361,15.291,-0.300,-0.088,-0.300,-498.863,-499.713,-498.863
3.367,-0.000,0.557,-0.267,45.002,3.361,15.291,-0.300,-0.088,-0.300,-498.863,-499.713,-498.863
3.371,-0.000,0.557,-0.267,45.002,3.361,15.291,-0.300,-0.088,-0.300,-498.863,-499.713,-498.863
3.375,-0.000,0.557,-0.267,45.002,3.361,15.291,-0.300,-0.088,-0.300,-498.863,-499.713,-498.863
3.379,-0.000,0.557,-0.267,45.002,3.360,15.291,-0.300,-0.088,-0.300,-498.863,-499.713,-498.863
3.383,-0.000,0.557,-0.267,45.002,3.360,15.291,-0.300,-0.088,-0.300,-498.863,-499.713,-498.863
3.387,-0.000,0.557,-0.267,45.002,3.360,15.291,-0.300,-0.088,-0.300,-498.863,-499.713,-498.863
3.392,-0.000,0.557,-0.267,45.002,3.360,15.291,-0.300,-0.088,-0.300,-498.863,-499.713,-498.863
3.396,-0.000,0.557,-0.267,45.002,3.360,15.291,-0.300,-0.088,-0.300,-498.863,-499.713,-498.863
3.400,-0.000,0.557,-0.267,45.002,3.360,15.291,-0.300,-0.088,-0.300,-498.863,-499.713,-498.863
3.404,-0.000,0.557,-0.267,45.002,3.360,15.291,-0.300,-0.088,-0.300,-498.863,-499.713,-498.863
3.408,-0.000,0.557,-0.267,45.002,3.360,15.291,-0.300,-0.088,-0.300,-498.863,-499.713,-498.863
3.413,-0.000,0.557,-0.267,45.002,3.360,15.291,-0.300,-0.088,-0.300,-498.863,-499.713,-498.863
3.417,-0.000,0.557,-0.267,45.002,3.360,15.291,-0.300,-0.088,-0.300,-498.863,-499.713,-498.863
3.421,-0.000,0.557,-0.267,45.002,3.360,15.291,-0.300,-0.088,-0.300,-498.863,-499.713,-498.863
3.425,-0.000,0.557,-0.267,45.002,3.360,15.291,-0.300,-0.088,-0.300,-498.863,-499.713,-498.863
3.429,-0.000,0.557,-0.267,45.002,3.360,15.291,-0.300,-0.088,-0.300,-498.863,-499.713,-498.863
3.433,-0.000,0.557,-0.267,45.002,3.360,15.291,-0.300,-0.088,-0.300,-498.863,-499.713,-498.863
3.438,-0.000,0.557,-0.267,45.002,3.360,15.292,-0.300,-0.088,-0.300,-498.863,-499.713,-498.863
3.442,-0.000,0.557,-0.267,45.002,3.360,15.292,-0.300,-0.088,-0.300,-498.863,-499.713,-498.863
3.446,-0.000,0.557,-0.267,45.002,3.360,15.292,-0.300,-0.088,-0.300,-498.863,-499.713,-498.863
3.450,-0.000,0.557,-0.267,45.002,3.360,15.292,-0.300,-0.088,-0.300,-498.863,-499.713,-498.863
3.454,-0.000,0.557,-0.267,45.002,3.360,15.292,-0.300,-0.088,-0.300,-498.863,-499.713,-498.863
3.458,-0.000,0.557,-0.267,45.002,3.360,15.292,-0.300,-0.088,-0.300,-498.863,-499.713,-498.863
3.462,-0.000,0.557,-0.267,45.002,3.360,15.292,-0.300,-0.088,-0.300,-498.863,-499.713,-498.863
3.467,-0.000,0.557,-0.267,45.002,3.360,15.292,-0.300,-0.088,-0.300,-498.863,-499.713,-498.863
3.471,-0.000,0.557,-0.267,45.002,3.360,15.292,-0.300,-0.088,-0.300,-498.863,-499.713,-498.863
3.475,-0.000,0.557,-0.267,45.002,3.360,15.292,-0.300,-0.088,-0.300,-498.863,-499.713,-498.863
3.479,-0.000,0.557,-0.267,45.002,3.360,15.292,-0.300,-0.088,-0.300,-498.863,-499.713,-498.863
3.483,-0.000,0.557,-0.267,45.002,3.360,15.292,-0.300,-0.088,-0.300,-498.863,-499.713,-498.863
3.487,-0.000,0.557,-0.267,45.002,3.360,15.292,-0.300,-0.088,-0.300,-498.863,-499.713,-498.863
3.492,-0.000,0.557,-0.267,45.002,3.360,15.292,-0.300,-0.088,-0.300,-498.863,-499.713,-498.863
3.496,-0.000,0.557,-0.267,45.002,3.360,15.292,-0.300,-0.088,-0.300,-498.863,-499.713,-498.863
3.500,-0.000,0.557,-0.267,45.002,3.360,15.292,-0.300,-0.088,-0.300,-498.863,-499.713,-498.863
3.504,-0.000,0.557,-0.267,45.002,3.360,15.292,-0.300,-0.088,-0.300,-498.863,-499.713,-498.863
3.508,-0.000,0.557,-0.267,45.002,3.360,15.292,-0.300,-0.088,-0.300,-498.863,-499.713,-498.863
3.512,-0.000,0.557,-0.267,45.002,3.360,15.292,-0.300,-0.088,-0.300,-498.863,-499.713,-498.863
3.517,-0.000,0.557,-0.267,45.002,3.360,15.292,-0.300,-0.088,-0.300,-498.863,-499.713,-498.863
3.521,-0.000,0.557,-0.267,45.002,3.360,15.292,-0.300,-0.088,-0.300,-498.863,-499.713,-498.863
3.525,-0.000,0.557,-0.267,45.002,3.360,15.293,-0.300,-0.088,-0.300,-498.863,-499.713,-498.863
3.529,-0.000,0.557,-0.267,45.002,3.360,15.293,-0.300,-0.088,-0.300,-498.863,-499.713,-498.863
3.533,-0.000,0.557,-0.267,45.002,3.360,15.293,-0.300,-0.088,-0.300,-498.863,-499.713,-498.863
3.538,-0.000,0.557,-0.267,45.002,3.360,15.293,-0.300,-0.088,-0.300,-498.863,-499.713,-498.863
3.542,-0.000,0.557,-0.267,45.002,3.360,15.293,-0.300,-0.088,-0.300,-498.863,-499.713,-498.863
3.546,-0.000,0.557,-0.267,45.002,3.360,15.293,-0.300,-0.088,-0.300,-498.863,-499.713,-498.863
3.550,-0.000,0.557,-0.267,45.002,3.360,15.293,-0.300,-0.088,-0.300,-498.863,-499.713,-498.863
3.554,-0.000,0.557,-0.267,45.002,3.360,15.293,-0.300,-0.088,-0.300,-498.863,-499.713,-498.863
3.558,-0.000,0.557,-0.267,45.002,3.360,15.293,-0.300,-0.088,-0.300,-498.863,-499.713,-498.863
3.562,-0.000,0.557,-0.267,45.002,3.360,15.293,-0.300,-0.088,-0.300,-498.863,-499.713,-498.863
3.567,-0.000,0.557,-0.267,45.002,3.360,15.293,-0.300,-0.088,-0.300,-498.863,-499.713,-498.863
3.571,-0.000,0.557,-0.267,45.002,3.360,15.293,-0.300,-0.088,-0.300,-498.863,-499.713,-498.863
3.575,-0.000,0.557,-0.267,45.002,3.360,15.293,-0.300,-0.088,-0.300,-498.863,-499.713,-498.863
3.579,-0.000,0.557,-0.267,45.002,3.360,15.293,-0.300,-0.088,-0.300,-498.863,-499.713,-498.863
3.583,-0.000,0.557,-0.267,45.002,3.360,15.293,-0.300,-0.088,-0.300,-498.863,-499.713,-498.863
3.587,-0.000,0.557,-0.267,45.002,3.360,15.293,-0.300,-0.088,-0.300,-498.863,-499.713,-498.863
3.592,-0.000,0.557,-0.267,45.002,3.360,15.293,-0.300,-0.088,-0.300,-498.863,-499.713,-498.863
3.596,-0.000,0.557,-0.267,45.002,3.360,15.293,-0.300,-0.088,-0.300,-498.863,-499.713,-498.863
3.600,-0.000,0.557,-0.267,45.002,3.360,15.293,-0.300,-0.088,-0.300,-498.863,-499.713,-498.863
3.604,-0.000,0.557,-0.267,45.002,3.360,15.293,-0.300,-0.088,-0.300,-498.863,-499.713,-498.863
3.608,-0.000,0.557,-0.267,45.002,3.360,15.293,-0.300,-0.088,-0.300,-498.863,-499.713,-498.863
3.612,-0.000,0.557,-0.267,45.002,3.360,15.294,-0.300,-0.088,-0.300,-498.863,-499.713,-498.863
3.617,-0.000,0.557,-0.267,45.002,3.360,15.294,-0.300,-0.088,-0.300,-498.863,-499.713,-498.863
3.621,-0.000,0.557,-0.267,45.002,3.360,15.294,-0.300,-0.088,-0.300,-498.863,-499.713,-498.863
3.625,-0.000,0.557,-0.267,45.002,3.360,15.294,-0.300,-0.088,-0.300,-498.863,-499.713,-498.863
3.629,-0.000,0.557,-0.267,45.002,3.360,15.294,-0.300,-0.088,-0.300,-498.863,-499.713,-498.863
3.633,-0.000,0.557,-0.267,45.002,3.360,15.294,-0.300,-0.088,-0.300,-498.863,-499.713,-498.863
3.637,-0.000,0.557,-0.267,45.002,3.360,15.294,-0.300,-0.088,-0.300,-498.863,-499.713,-498.863
3.642,-0.000,0.557,-0.267,45.002,3.360,15.294,-0.300,-0.088,-0.300,-498.863,-499.713,-498.863
3.646,-0.000,0.557,-0.267,45.002,3.360,15.294,-0.300,-0.088,-0.300,-498.863,-499.713,-498.863
3.650,-0.000,0.557,-0.267,45.002,3.360,15.294,-0.300,-0.088,-0.300,-498.863,-499.713,-498.863
3.654,-0.000,0.557,-0.267,45.002,3.360,15.294,-0.300,-0.088,-0.300,-498.863,-499.713,-498.863
3.658,-0.000,0.557,-0.267,45.002,3.360,15.294,-0.300,-0.088,-0.300,-498.863,-499.713,-498.863
3.663,-0.000,0.557,-0.267,45.002,3.360,15.294,-0.300,-0.088,-0.300,-498.863,-499.713,-498.863
3.667,-0.000,0.557,-0.267,45.002,3.360,15.294,-0.300,-0.088,-0.300,-498.863,-499.713,-498.863
3.671,-0.000,0.557,-0.267,45.002,3.360,15.294,-0.300,-0.088,-0.300,-498.863,-499.713,-498.863
3.675,-0.000,0.557,-0.267,45.002,3.360,15.294,-0.300,-0.088,-0.300,-498.863,-499.713,-498.863
3.679,-0.000,0.557,-0.267,45.002,3.360,15.294,-0.300,-0.088,-0.300,-498.863,-499.713,-498.863
3.683,-0.000,0.557,-0.267,45.002,3.360,15.294,-0.300,-0.088,-0.300,-498.863,-499.713,-498.863
3.688,-0.000,0.557,-0.267,45.002,3.360,15.294,-0.300,-0.088,-0.300,-498.863,-499.713,-498.863
3.692,-0.000,0.557,-0.267,45.002,3.360,15.294,-0.300,-0.088,-0.300,-498.863,-499.713,-498.863
3.696,-0.000,0.557,-0.267,45.002,3.360,15.294,-0.300,-0.088,-0.300,-498.863,-499.713,-498.863
3.700,-0.000,0.557,-0.267,45.002,3.360,15.295,-0.300,-0.088,-0.300,-498.863,-499.713,-498.863
3.704,-0.000,0.557,-0.267,45.002,3.360,15.295,-0.300,-0.088,-0.300,-498.863,-499.713,-498.863
3.708,-0.000,0.557,-0.267,45.002,3.360,15.295,-0.300,-0.088,-0.300,-498.863,-499.713,-498.863
3.712,-0.000,0.557,-0.267,45.002,3.360,15.295,-0.300,-0.088,-0.300,-498.863,-499.713,-498.863
3.717,-0.000,0.557,-0.267,45.002,3.360,15.295,-0.300,-0.088,-0.300,-498.863,-499.713,-498.863
3.721,-0.000,0.557,-0.267,45.002,3.360,15.295,-0.300,-0.088,-0.300,-498.863,-499.713,-498.863
3.725,-0.000,0.557,-0.267,45.002,3.360,15.295,-0.300,-0.088,-0.300,-498.863,-499.713,-498.863
3.729,-0.000,0.557,-0.267,45.002,3.360,15.295,-0.300,-0.088,-0.300,-498.863,-499.713,-498.863
3.733,-0.000,0.557,-0.267,45.002,3.360,15.295,-0.300,-0.088,-0.300,-498.863,-499.713,-498.863
3.737,-0.000,0.557,-0.267,45.002,3.360,15.295,-0.300,-0.088,-0.300,-498.863,-499.713,-498.863
3.742,-0.000,0.557,-0.267,45.002,3.360,15.295,-0.300,-0.088,-0.300,-498.863,-499.713,-498.863
3.746,-0.000,0.557,-0.267,45.002,3.360,15.295,-0.300,-0.088,-0.300,-498.863,-499.713,-498.863
3.750,-0.000,0.557,-0.267,45.002,3.360,15.295,-0.300,-0.088,-0.300,-498.863,-499.713,-498.863
3.754,-0.000,0.557,-0.267,45.002,3.360,15.295,-0.300,-0.088,-0.300,-498.863,-499.713,-498.863
3.758,-0.000,0.557,-0.267,45.002,3.360,15.295,-0.300,-0.088,-0.300,-498.863,-499.713,-498.863
3.762,-0.000,0.557,-0.267,45.002,3.360,15.295,-0.300,-0.088,-0.300,-498.863,-499.713,-498.863
3.767,-0.000,0.557,-0.267,45.002,3.360,15.295,-0.300,-0.088,-0.300,-498.863,-499.713,-498.863
3.771,-0.000,0.557,-0.267,45.002,3.360,15.295,-0.300,-0.088,-0.300,-498.863,-499.713,-498.863
3.775,-0.000,0.557,-0.267,45.002,3.360,15.295,-0.300,-0.088,-0.300,-498.863,-499.713,-498.863
3.779,-0.000,0.557,-0.267,45.002,3.360,15.295,-0.300,-0.088,-0.300,-498.863,-499.713,-498.863
3.783,-0.000,0.557,-0.267,45.002,3.360,15.296,-0.300,-0.088,-0.300,-498.863,-499.713,-498.863
3.788,-0.000,0.557,-0.267,45.002,3.360,15.296,-0.300,-0.088,-0.300,-498.863,-499.713,-498.863
3.792,-0.000,0.557,-0.267,45.002,3.360,15.296,-0.300,-0.088,-0.300,-498.863,-499.713,-498.863
3.796,-0.000,0.557,-0.267,45.002,3.360,15.296,-0.300,-0.088,-0.300,-498.863,-499.713,-498.863
3.800,-0.000,0.557,-0.267,45.002,3.360,15.296,-0.300,-0.088,-0.300,-498.863,-499.713,-498.863
3.804,-0.000,0.557,-0.267,45.002,3.360,15.296,-0.300,-0.088,-0.300,-498.863,-499.713,-498.863
3.808,-0.000,0.557,-0.267,45.002,3.360,15.296,-0.300,-0.088,-0.300,-498.863,-499.713,-498.863
3.812,-0.000,0.557,-0.267,45.002,3.360,15.296,-0.300,-0.088,-0.300,-498.863,-499.713,-498.863
3.817,-0.000,0.557,-0.267,45.002,3.360,15.296,-0.300,-0.088,-0.300,-498.863,-499.713,-498.863
3.821,-0.000,0.557,-0.267,45.002,3.360,15.296,-0.300,-0.088,-0.300,-498.863,-499.713,-498.863
3.825,-0.000,0.557,-0.267,45.002,3.360,15.296,-0.300,-0.088,-0.300,-498.863,-499.713,-498.863
3.829,-0.000,0.557,-0.267,45.002,3.360,15.296,-0.300,-0.088,-0.300,-498.863,-499.713,-498.863
3.833,-0.000,0.557,-0.267,45.002,3.360,15.296,-0.300,-0.088,-0.300,-498.863,-499.713,-498.863
3.837,-0.000,0.557,-0.267,45.002,3.360,15.296,-0.300,-0.088,-0.300,-498.863,-499.713,-498.863
3.842,-0.000,0.557,-0.267,45.002,3.360,15.296,-0.300,-0.088,-0.300,-498.863,-499.713,-498.863
3.846,-0.000,0.557,-0.267,45.002,3.360,15.296,-0.300,-0.088,-0.300,-498.863,-499.713,-498.863
3.850,-0.000,0.557,-0.267,45.002,3.360,15.296,-0.300,-0.088,-0.300,-498.863,-499.713,-498.863
3.854,-0.000,0.557,-0.267,45.002,3.360,15.296,-0.300,-0.088,-0.300,-498.863,-499.713,-498.863
3.858,-0.000,0.557,-0.267,45.002,3.360,15.296,-0.300,-0.088,-0.300,-498.863,-499.713,-498.863
3.862,-0.000,0.557,-0.267,45.002,3.359,15.296,-0.300,-0.088,-0.300,-498.863,-499.713,-498.863
3.867,-0.000,0.557,-0.267,45.002,3.359,15.296,-0.300,-0.088,-0.300,-498.863,-499.713,-498.863
3.871,-0.000,0.557,-0.267,45.002,3.359,15.297,-0.300,-0.088,-0.300,-498.863,-499.713,-498.863
3.875,-0.000,0.557,-0.267,45.002,3.359,15.297,-0.300,-0.088,-0.300,-498.863,-499.713,-498.863
3.879,-0.000,0.557,-0.267,45.002,3.359,15.297,-0.300,-0.088,-0.300,-498.863,-499.713,-498.863
3.883,-0.000,0.557,-0.267,45.002,3.359,15.297,-0.300,-0.088,-0.300,-498.863,-499.713,-498.863
3.887,-0.000,0.557,-0.267,45.002,3.359,15.297,-0.300,-0.088,-0.300,-498.863,-499.713,-498.863
3.892,-0.000,0.557,-0.267,45.002,3.359,15.297,-0.300,-0.088,-0.300,-498.863,-499.713,-498.863
3.896,-0.000,0.557,-0.267,45.002,3.359,15.297,-0.300,-0.088,-0.300,-498.863,-499.713,-498.863
3.900,-0.000,0.557,-0.267,45.002,3.359,15.297,-0.300,-0.088,-0.300,-498.863,-499.713,-498.863
3.904,-0.000,0.557,-0.267,45.002,3.359,15.297,-0.300,-0.088,-0.300,-498.863,-499.713,-498.863
3.908,-0.000,0.557,-0.267,45.002,3.359,15.297,-0.300,-0.088,-0.300,-498.863,-499.713,-498.863
3.913,-0.000,0.557,-0.267,45.002,3.359,15.297,-0.300,-0.088,-0.300,-498.863,-499.713,-498.863
3.917,-0.000,0.557,-0.267,45.002,3.359,15.297,-0.300,-0.088,-0.300,-498.863,-499.713,-498.863
3.921,-0.000,0.557,-0.267,45.002,3.359,15.297,-0.300,-0.088,-0.300,-498.863,-499.713,-498.863
3.925,-0.000,0.557,-0.267,45.002,3.359,15.297,-0.300,-0.088,-0.300,-498.863,-499.713,-498.863
3.929,-0.000,0.557,-0.267,45.002,3.359,15.297,-0.300,-0.088,-0.300,-498.863,-499.713,-498.863
3.933,-0.000,0.557,-0.267,45.002,3.359,15.297,-0.300,-0.088,-0.300,-498.863,-499.713,-498.863
3.938,-0.000,0.557,-0.267,45.002,3.359,15.297,-0.300,-0.088,-0.300,-498.863,-499.713,-498.863
3.942,-0.000,0.557,-0.267,45.002,3.359,15.297,-0.300,-0.088,-0.300,-498.863,-499.713,-498.863
3.946,-0.000,0.557,-0.267,45.002,3.359,15.297,-0.300,-0.088,-0.300,-498.863,-499.713,-498.863
3.950,-0.000,0.557,-0.267,45.002,3.359,15.297,-0.300,-0.088,-0.300,-498.863,-499.713,-498.863
3.954,-0.000,0.557,-0.267,45.002,3.359,15.297,-0.300,-0.088,-0.300,-498.863,-499.713,-498.863
3.958,-0.000,0.557,-0.267,45.002,3.359,15.298,-0.300,-0.088,-0.300,-498.863,-499.713,-498.863
3.962,-0.000,0.557,-0.267,45.002,3.359,15.298,-0.300,-0.088,-0.300,-498.863,-499.713,-498.863
3.967,-0.000,0.557,-0.267,45.002,3.359,15.298,-0.300,-0.088,-0.300,-498.863,-499.713,-498.863
3.971,-0.000,0.557,-0.267,45.002,3.359,15.298,-0.300,-0.088,-0.300,-498.863,-499.713,-498.863
3.975,-0.000,0.557,-0.267,45.002,3.359,15.298,-0.300,-0.088,-0.300,-498.863,-499.713,-498.863
3.979,-0.000,0.557,-0.267,45.002,3.359,15.298,-0.300,-0.088,-0.300,-498.863,-499.713,-498.863
3.983,-0.000,0.557,-0.267,45.002,3.359,15.298,-0.300,-0.088,-0.300,-498.863,-499.713,-498.863
3.987,-0.000,0.557,-0.267,45.002,3.359,15.298,-0.300,-0.088,-0.300,-498.863,-499.713,-498.863
3.992,-0.000,0.557,-0.267,45.002,3.359,15.298,-0.300,-0.088,-0.300,-498.863,-499.713,-498.863
3.996,-0.000,0.557,-0.267,45.002,3.359,15.298,-0.300,-0.088,-0.300,-498.863,-499.713,-498.863
4.000,-0.000,0.557,-0.267,45.002,3.359,15.298,-0.300,-0.088,-0.300,-498.863,-499.713,-498.863
4.004,-0.000,0.557,-0.267,45.002,3.359,15.298,-0.300,-0.088,-0.300,-498.863,-499.713,-498.863
4.008,-0.000,0.557,-0.267,45.002,3.359,15.298,-0.300,-0.088,-0.300,-498.863,-499.713,-498.863
4.013,-0.000,0.557,-0.267,45.002,3.359,15.298,-0.300,-0.088,-0.300,-498.863,-499.713,-498.863
4.017,-0.000,0.557,-0.267,45.002,3.359,15.298,-0.300,-0.088,-0.300,-498.863,-499.713,-498.863
4.021,-0.000,0.557,-0.267,45.002,3.359,15.298,-0.300,-0.088,-0.300,-498.863,-499.713,-498.863
4.025,-0.000,0.557,-0.267,45.002,3.359,15.298,-0.300,-0.088,-0.300,-498.863,-499.713,-498.863
4.029,-0.000,0.557,-0.267,45.002,3.359,15.298,-0.300,-0.088,-0.300,-498.863,-499.713,-498.863
4.033,-0.000,0.557,-0.267,45.002,3.359,15.298,-0.300,-0.088,-0.300,-498.863,-499.713,-498.863
4.037,-0.000,0.557,-0.267,45.002,3.359,15.298,-0.300,-0.088,-0.300,-498.863,-499.713,-498.863
4.042,-0.000,0.557,-0.267,45.002,3.359,15.298,-0.300,-0.088,-0.300,-498.863,-499.713,-498.863
4.046,-0.000,0.557,-0.267,45.002,3.359,15.299,-0.300,-0.088,-0.300,-498.863,-499.713,-498.863
4.050,-0.000,0.557,-0.267,45.002,3.359,15.299,-0.300,-0.088,-0.300,-498.863,-499.713,-498.863
4.054,-0.000,0.557,-0.267,45.002,3.359,15.299,-0.300,-0.088,-0.300,-498.863,-499.713,-498.863
4.058,-0.000,0.557,-0.267,45.002,3.359,15.299,-0.300,-0.088,-0.300,-498.863,-499.713,-498.863
4.062,-0.000,0.557,-0.267,45.002,3.359,15.299,-0.300,-0.088,-0.300,-498.863,-499.713,-498.863
4.067,-0.000,0.557,-0.267,45.002,3.359,15.299,-0.300,-0.088,-0.300,-498.863,-499.713,-498.863
4.071,-0.000,0.557,-0.267,45.002,3.359,15.299,-0.300,-0.088,-0.300,-498.863,-499.713,-498.863
4.075,-0.000,0.557,-0.267,45.002,3.359,15.299,-0.300,-0.088,-0.300,-498.863,-499.713,-498.863
4.079,-0.000,0.557,-0.267,45.002,3.359,15.299,-0.300,-0.088,-0.300,-498.863,-499.713,-498.863
4.083,-0.000,0.557,-0.267,45.002,3.359,15.299,-0.300,-0.088,-0.300,-498.863,-499.713,-498.863
4.088,-0.000,0.557,-0.267,45.002,3.359,15.299,-0.300,-0.088,-0.300,-498.863,-499.713,-498.863
4.092,-0.000,0.557,-0.267,45.002,3.359,15.299,-0.300,-0.088,-0.300,-498.863,-499.713,-498.863
4.096,-0.000,0.557,-0.267,45.002,3.359,15.299,-0.300,-0.088,-0.300,-498.863,-499.713,-498.863
4.100,-0.000,0.557,-0.267,45.002,3.359,15.299,-0.300,-0.088,-0.300,-498.863,-499.713,-498.863
4.104,-0.000,0.557,-0.267,45.002,3.359,15.299,-0.300,-0.088,-0.300,-498.863,-499.713,-498.863
4.108,-0.000,0.557,-0.267,45.002,3.359,15.299,-0.300,-0.088,-0.300,-498.863,-499.713,-498.863
4.112,-0.000,0.557,-0.267,45.002,3.359,15.299,-0.300,-0.088,-0.300,-498.863,-499.713,-498.863
4.117,-0.000,0.557,-0.267,45.002,3.359,15.299,-0.300,-0.088,-0.300,-498.863,-499.713,-498.863
4.121,-0.000,0.557,-0.267,45.002,3.359,15.299,-0.300,-0.088,-0.300,-498.863,-499.713,-498.863
4.125,-0.000,0.557,-0.267,45.002,3.359,15.299,-0.300,-0.088,-0.300,-498.863,-499.713,-498.863
4.129,-0.000,0.557,-0.267,45.002,3.359,15.300,-0.300,-0.088,-0.300,-498.863,-499.713,-498.863
4.133,-0.000,0.557,-0.267,45.002,3.359,15.300,-0.300,-0.088,-0.300,-498.863,-499.713,-498.863
4.138,-0.000,0.557,-0.267,45.002,3.359,15.300,-0.300,-0.088,-0.300,-498.863,-499.713,-498.863
4.142,-0.000,0.557,-0.267,45.002,3.359,15.300,-0.300,-0.088,-0.300,-498.863,-499.713,-498.863
4.146,-0.000,0.557,-0.267,45.002,3.359,15.300,-0.300,-0.088,-0.300,-498.863,-499.713,-498.863
4.150,-0.000,0.557,-0.267,45.002,3.359,15.300,-0.300,-0.088,-0.300,-498.863,-499.713,-498.863
4.154,-0.000,0.557,-0.267,45.002,3.359,15.300,-0.300,-0.088,-0.300,-498.863,-499.713,-498.863
4.158,-0.000,0.557,-0.267,45.002,3.359,15.300,-0.300,-0.088,-0.300,-498.863,-499.713,-498.863
4.162,-0.000,0.557,-0.267,45.002,3.359,15.300,-0.300,-0.088,-0.300,-498.863,-499.713,-498.863
4.167,-0.000,0.557,-0.267,45.002,3.359,15.300,-0.300,-0.088,-0.300,-498.863,-499.713,-498.863
4.171,-0.000,0.557,-0.267,45.002,3.359,15.300,-0.300,-0.088,-0.300,-498.863,-499.713,-498.863
4.175,-0.000,0.557,-0.267,45.002,3.359,15.300,-0.300,-0.088,-0.300,-498.863,-499.713,-498.863
4.179,-0.000,0.557,-0.267,45.002,3.359,15.300,-0.300,-0.088,-0.300,-498.863,-499.713,-498.863
4.183,-0.000,0.557,-0.267,45.002,3.359,15.300,-0.300,-0.088,-0.300,-498.863,-499.713,-498.863
4.188,-0.000,0.557,-0.267,45.002,3.359,15.300,-0.300,-0.088,-0.300,-498.863,-499.713,-498.863
4.192,-0.000,0.557,-0.267,45.002,3.359,15.300,-0.300,-0.088,-0.300,-498.863,-499.713,-498.863
4.196,-0.000,0.557,-0.267,45.002,3.359,15.300,-0.300,-0.088,-0.300,-498.863,-499.713,-498.863
4.200,-0.000,0.557,-0.267,45.002,3.359,15.300,-0.300,-0.088,-0.300,-498.863,-499.713,-498.863
4.204,-0.000,0.557,-0.267,45.002,3.359,15.300,-0.300,-0.088,-0.300,-498.863,-499.713,-498.863
4.208,-0.000,0.557,-0.267,45.002,3.359,15.300,-0.300,-0.088,-0.300,-498.863,-499.713,-498.863
4.213,-0.000,0.557,-0.267,45.002,3.359,15.300,-0.300,-0.088,-0.300,-498.863,-499.713,-498.863
4.217,-0.000,0.557,-0.267,45.002,3.359,15.301,-0.300,-0.088,-0.300,-498.863,-499.713,-498.863
4.221,-0.000,0.557,-0.267,45.002,3.359,15.301,-0.300,-0.088,-0.300,-498.863,-499.713,-498.863
4.225,-0.000,0.557,-0.267,45.002,3.359,15.301,-0.300,-0.088,-0.300,-498.863,-499.713,-498.863
4.229,-0.000,0.557,-0.267,45.002,3.359,15.301,-0.300,-0.088,-0.300,-498.863,-499.713,-498.863
4.233,-0.000,0.557,-0.267,45.002,3.359,15.301,-0.300,-0.088,-0.300,-498.863,-499.713,-498.863
4.237,-0.000,0.557,-0.267,45.002,3.359,15.301,-0.300,-0.088,-0.300,-498.863,-499.713,-498.863
4.242,-0.000,0.557,-0.267,45.002,3.359,15.301,-0.300,-0.088,-0.300,-498.863,-499.713,-498.863
4.246,-0.000,0.557,-0.267,45.002,3.359,15.301,-0.300,-0.088,-0.300,-498.863,-499.713,-498.863
4.250,-0.000,0.557,-0.267,45.002,3.359,15.301,-0.300,-0.088,-0.300,-498.863,-499.713,-498.863
4.254,-0.000,0.557,-0.267,45.002,3.359,15.301,-0.300,-0.088,-0.300,-498.863,-499.713,-498.863
4.258,-0.000,0.557,-0.267,45.002,3.359,15.301,-0.300,-0.088,-0.300,-498.863,-499.713,-498.863
4.263,-0.000,0.557,-0.267,45.002,3.359,15.301,-0.300,-0.088,-0.300,-498.863,-499.713,-498.863
4.267,-0.000,0.557,-0.267,45.002,3.359,15.301,-0.300,-0.088,-0.300,-498.863,-499.713,-498.863
4.271,-0.000,0.557,-0.267,45.002,3.359,15.301,-0.300,-0.088,-0.300,-498.863,-499.713,-498.863
4.275,-0.000,0.557,-0.267,45.002,3.359,15.301,-0.300,-0.088,-0.300,-498.863,-499.713,-498.863
4.279,-0.000,0.557,-0.267,45.002,3.359,15.301,-0.300,-0.088,-0.300,-498.863,-499.713,-498.863
4.283,-0.000,0.557,-0.267,45.002,3.359,15.301,-0.300,-0.088,-0.300,-498.863,-499.713,-498.863
4.287,-0.000,0.557,-0.267,45.002,3.359,15.301,-0.300,-0.088,-0.300,-498.863,-499.713,-498.863
4.292,-0.000,0.557,-0.267,45.002,3.359,15.301,-0.300,-0.088,-0.300,-498.863,-499.713,-498.863
4.296,-0.000,0.557,-0.267,45.002,3.359,15.301,-0.300,-0.088,-0.300,-498.863,-499.713,-498.863
4.300,-0.000,0.557,-0.267,45.002,3.359,15.301,-0.300,-0.088,-0.300,-498.863,-499.713,-498.863
4.304,-0.000,0.557,-0.267,45.002,3.359,15.302,-0.300,-0.088,-0.300,-498.863,-499.713,-498.863
4.308,-0.000,0.557,-0.267,45.002,3.359,15.302,-0.300,-0.088,-0.300,-498.863,-499.713,-498.863
4.312,-0.000,0.557,-0.267,45.002,3.359,15.302,-0.300,-0.088,-0.300,-498.863,-499.713,-498.863
4.317,-0.000,0.557,-0.267,45.002,3.359,15.302,-0.300,-0.088,-0.300,-498.863,-499.713,-498.863
4.321,-0.000,0.557,-0.267,45.002,3.359,15.302,-0.300,-0.088,-0.300,-498.863,-499.713,-498.863
4.325,-0.000,0.557,-0.267,45.002,3.359,15.302,-0.300,-0.088,-0.300,-498.863,-499.713,-498.863
4.329,-0.000,0.557,-0.267,45.002,3.359,15.302,-0.300,-0.088,-0.300,-498.863,-499.713,-498.863
4.333,-0.000,0.557,-0.267,45.002,3.359,15.302,-0.300,-0.088,-0.300,-498.863,-499.713,-498.863
4.338,-0.000,0.557,-0.267,45.002,3.359,15.302,-0.300,-0.088,-0.300,-498.863,-499.713,-498.863
4.342,-0.000,0.557,-0.267,45.002,3.359,15.302,-0.300,-0.088,-0.300,-498.863,-499.713,-498.863
4.346,-0.000,0.557,-0.267,45.002,3.359,15.302,-0.300,-0.088,-0.300,-498.863,-499.713,-498.863
4.350,-0.000,0.557,-0.267,45.002,3.359,15.302,-0.300,-0.088,-0.300,-498.863,-499.713,-498.863
4.354,-0.000,0.557,-0.267,45.002,3.359,15.302,-0.300,-0.088,-0.300,-498.863,-499.713,-498.863
4.358,-0.000,0.557,-0.267,45.002,3.359,15.302,-0.300,-0.088,-0.300,-498.863,-499.713,-498.863
4.362,-0.000,0.557,-0.267,45.002,3.359,15.302,-0.300,-0.088,-0.300,-498.863,-499.713,-498.863
4.367,-0.000,0.557,-0.267,45.002,3.359,15.302,-0.300,-0.088,-0.300,-498.863,-499.713,-498.863
4.371,-0.000,0.557,-0.267,45.002,3.359,15.302,-0.300,-0.088,-0.300,-498.863,-499.713,-498.863
4.375,-0.000,0.557,-0.267,45.002,3.359,15.302,-0.300,-0.088,-0.300,-498.863,-499.713,-498.863
4.379,-0.000,0.557,-0.267,45.002,3.359,15.302,-0.300,-0.088,-0.300,-498.863,-499.713,-498.863
4.383,-0.000,0.557,-0.267,45.002,3.359,15.302,-0.300,-0.088,-0.300,-498.863,-499.713,-498.863
4.388,-0.000,0.557,-0.267,45.002,3.359,15.302,-0.300,-0.088,-0.300,-498.863,-499.713,-498.863
4.392,-0.000,0.557,-0.267,45.002,3.359,15.303,-0.300,-0.088,-0.300,-498.863,-499.713,-498.863
4.396,-0.000,0.557,-0.267,45.002,3.359,15.303,-0.300,-0.088,-0.300,-498.863,-499.713,-498.863
4.400,-0.000,0.557,-0.267,45.002,3.359,15.303,-0.300,-0.088,-0.300,-498.863,-499.713,-498.863
4.404,-0.000,0.557,-0.267,45.002,3.359,15.303,-0.300,-0.088,-0.300,-498.863,-499.713,-498.863
4.408,-0.000,0.557,-0.267,45.002,3.359,15.303,-0.300,-0.088,-0.300,-498.863,-499.713,-498.863
4.412,-0.000,0.557,-0.267,45.002,3.359,15.303,-0.300,-0.088,-0.300,-498.863,-499.713,-498.863
4.417,-0.000,0.557,-0.267,45.002,3.359,15.303,-0.300,-0.088,-0.300,-498.863,-499.713,-498.863
4.421,-0.000,0.557,-0.267,45.002,3.359,15.303,-0.300,-0.088,-0.300,-498.863,-499.713,-498.863
4.425,-0.000,0.557,-0.267,45.002,3.359,15.303,-0.300,-0.088,-0.300,-498.863,-499.713,-498.863
4.429,-0.000,0.557,-0.267,45.002,3.359,15.303,-0.300,-0.088,-0.300,-498.863,-499.713,-498.863
4.433,-0.000,0.557,-0.267,45.002,3.359,15.303,-0.300,-0.088,-0.300,-498.863,-499.713,-498.863
4.438,-0.000,0.557,-0.267,45.002,3.359,15.303,-0.300,-0.088,-0.300,-498.863,-499.713,-498.863
4.442,-0.000,0.557,-0.267,45.002,3.359,15.303,-0.300,-0.088,-0.300,-498.863,-499.713,-498.863
4.446,-0.000,0.557,-0.267,45.002,3.359,15.303,-0.300,-0.088,-0.300,-498.863,-499.713,-498.863
4.450,-0.000,0.557,-0.267,45.002,3.359,15.303,-0.300,-0.088,-0.300,-498.863,-499.713,-498.863
4.454,-0.000,0.557,-0.267,45.002,3.359,15.303,-0.300,-0.088,-0.300,-498.863,-499.713,-498.863
4.458,-0.000,0.557,-0.267,45.002,3.359,15.303,-0.300,-0.088,-0.300,-498.863,-499.713,-498.863
4.463,-0.000,0.557,-0.267,45.002,3.359,15.303,-0.300,-0.088,-0.300,-498.863,-499.713,-498.863
4.467,-0.000,0.557,-0.267,45.002,3.359,15.303,-0.300,-0.088,-0.300,-498.863,-499.713,-498.863
4.471,-0.000,0.557,-0.267,45.002,3.359,15.303,-0.300,-0.088,-0.300,-498.863,-499.713,-498.863
4.475,-0.000,0.557,-0.267,45.002,3.359,15.304,-0.300,-0.088,-0.300,-498.863,-499.713,-498.863
4.479,-0.000,0.557,-0.267,45.002,3.359,15.304,-0.300,-0.088,-0.300,-498.863,-499.713,-498.863
4.483,-0.000,0.557,-0.267,45.002,3.359,15.304,-0.300,-0.088,-0.300,-498.863,-499.713,-498.863
4.487,-0.000,0.557,-0.267,45.002,3.359,15.304,-0.300,-0.088,-0.300,-498.863,-499.713,-498.863
4.492,-0.000,0.557,-0.267,45.002,3.359,15.304,-0.300,-0.088,-0.300,-498.863,-499.713,-498.863
4.496,-0.000,0.557,-0.267,45.002,3.359,15.304,-0.300,-0.088,-0.300,-498.863,-499.713,-498.863
4.500,-0.000,0.557,-0.267,45.002,3.359,15.304,-0.300,-0.088,-0.300,-498.863,-499.713,-498.863
4.504,-0.000,0.557,-0.267,45.002,3.359,15.304,-0.300,-0.088,-0.300,-498.863,-499.713,-498.863
4.508,-0.000,0.557,-0.267,45.002,3.359,15.304,-0.300,-0.088,-0.300,-498.863,-499.713,-498.863
4.513,-0.000,0.557,-0.267,45.002,3.359,15.304,-0.300,-0.088,-0.300,-498.863,-499.713,-498.863
4.517,-0.000,0.557,-0.267,45.002,3.359,15.304,-0.300,-0.088,-0.300,-498.863,-499.713,-498.863
4.521,-0.000,0.557,-0.267,45.002,3.359,15.304,-0.300,-0.088,-0.300,-498.863,-499.713,-498.863
4.525,-0.000,0.557,-0.267,45.002,3.359,15.304,-0.300,-0.088,-0.300,-498.863,-499.713,-498.863
4.529,-0.000,0.557,-0.267,45.002,3.359,15.304,-0.300,-0.088,-0.300,-498.863,-499.713,-498.863
4.533,-0.000,0.557,-0.267,45.002,3.359,15.304,-0.300,-0.088,-0.300,-498.863,-499.713,-498.863
4.537,-0.000,0.557,-0.267,45.002,3.359,15.304,-0.300,-0.088,-0.300,-498.863,-499.713,-498.863
4.542,-0.000,0.557,-0.267,45.002,3.359,15.304,-0.300,-0.088,-0.300,-498.863,-499.713,-498.863
4.546,-0.000,0.557,-0.267,45.002,3.359,15.304,-0.300,-0.088,-0.300,-498.863,-499.713,-498.863
4.550,-0.000,0.557,-0.267,45.002,3.359,15.304,-0.300,-0.088,-0.300,-498.863,-499.713,-498.863
4.554,-0.000,0.557,-0.267,45.002,3.359,15.304,-0.300,-0.088,-0.300,-498.863,-499.713,-498.863
4.558,-0.000,0.557,-0.267,45.002,3.359,15.304,-0.300,-0.088,-0.300,-498.863,-499.713,-498.863
4.562,-0.000,0.557,-0.267,45.002,3.359,15.305,-0.300,-0.088,-0.300,-498.863,-499.713,-498.863
4.567,-0.000,0.557,-0.267,45.002,3.359,15.305,-0.300,-0.088,-0.300,-498.863,-499.713,-498.863
4.571,-0.000,0.557,-0.267,45.002,3.359,15.305,-0.300,-0.088,-0.300,-498.863,-499.713,-498.863
4.575,-0.000,0.557,-0.267,45.002,3.359,15.305,-0.300,-0.088,-0.300,-498.863,-499.713,-498.863
4.579,-0.000,0.557,-0.267,45.002,3.359,15.305,-0.300,-0.088,-0.300,-498.863,-499.713,-498.863
4.583,-0.000,0.557,-0.267,45.002,3.359,15.305,-0.300,-0.088,-0.300,-498.863,-499.713,-498.863
4.588,-0.000,0.557,-0.267,45.002,3.359,15.305,-0.300,-0.088,-0.300,-498.863,-499.713,-498.863
4.592,-0.000,0.557,-0.267,45.002,3.359,15.305,-0.300,-0.088,-0.300,-498.863,-499.713,-498.863
4.596,-0.000,0.557,-0.267,45.002,3.359,15.305,-0.300,-0.088,-0.300,-498.863,-499.713,-498.863
4.600,-0.000,0.557,-0.267,45.002,3.359,15.305,-0.300,-0.088,-0.300,-498.863,-499.713,-498.863
4.604,-0.000,0.557,-0.267,45.002,3.359,15.305,-0.300,-0.088,-0.300,-498.863,-499.713,-498.863
4.608,-0.000,0.557,-0.267,45.002,3.359,15.305,-0.300,-0.088,-0.300,-498.863,-499.713,-498.863
4.612,-0.000,0.557,-0.267,45.002,3.359,15.305,-0.300,-0.088,-0.300,-498.863,-499.713,-498.863
4.617,-0.000,0.557,-0.267,45.002,3.359,15.305,-0.300,-0.088,-0.300,-498.863,-499.713,-498.863
4.621,-0.000,0.557,-0.267,45.002,3.359,15.305,-0.300,-0.088,-0.300,-498.863,-499.713,-498.863
4.625,-0.000,0.557,-0.267,45.002,3.359,15.305,-0.300,-0.088,-0.300,-498.863,-499.713,-498.863
4.629,-0.000,0.557,-0.267,45.002,3.359,15.305,-0.300,-0.088,-0.300,-498.863,-499.713,-498.863
4.633,-0.000,0.557,-0.267,45.002,3.359,15.305,-0.300,-0.088,-0.300,-498.863,-499.713,-498.863
4.638,-0.000,0.557,-0.267,45.002,3.359,15.305,-0.300,-0.088,-0.300,-498.863,-499.713,-498.863
4.642,-0.000,0.557,-0.267,45.002,3.359,15.305,-0.300,-0.088,-0.300,-498.863,-499.713,-498.863
4.646,-0.000,0.557,-0.267,45.002,3.359,15.305,-0.300,-0.088,-0.300,-498.863,-499.713,-498.863
4.650,-0.000,0.557,-0.267,45.002,3.359,15.306,-0.300,-0.088,-0.300,-498.863,-499.713,-498.863
4.654,-0.000,0.557,-0.267,45.002,3.359,15.306,-0.300,-0.088,-0.300,-498.863,-499.713,-498.863
4.658,-0.000,0.557,-0.267,45.002,3.359,15.306,-0.300,-0.088,-0.300,-498.863,-499.713,-498.863
4.662,-0.000,0.557,-0.267,45.002,3.359,15.306,-0.300,-0.088,-0.300,-498.863,-499.713,-498.863
4.667,-0.000,0.557,-0.267,45.002,3.359,15.306,-0.300,-0.088,-0.300,-498.863,-499.713,-498.863
4.671,-0.000,0.557,-0.267,45.002,3.359,15.306,-0.300,-0.088,-0.300,-498.863,-499.713,-498.863
4.675,-0.000,0.557,-0.267,45.002,3.359,15.306,-0.300,-0.088,-0.300,-498.863,-499.713,-498.863
4.679,-0.000,0.557,-0.267,45.002,3.359,15.306,-0.300,-0.088,-0.300,-498.863,-499.713,-498.863
4.683,-0.000,0.557,-0.267,45.002,3.359,15.306,-0.300,-0.088,-0.300,-498.863,-499.713,-498.863
4.688,-0.000,0.557,-0.267,45.002,3.359,15.306,-0.300,-0.088,-0.300,-498.863,-499.713,-498.863
4.692,-0.000,0.557,-0.267,45.002,3.359,15.306,-0.300,-0.088,-0.300,-498.863,-499.713,-498.863
4.696,-0.000,0.557,-0.267,45.002,3.359,15.306,-0.300,-0.088,-0.300,-498.863,-499.713,-498.863
4.700,-0.000,0.557,-0.267,45.002,3.359,15.306,-0.300,-0.088,-0.300,-498.863,-499.713,-498.863
4.704,-0.000,0.557,-0.267,45.002,3.359,15.306,-0.300,-0.088,-0.300,-498.863,-499.713,-498.863
4.708,-0.000,0.557,-0.267,45.002,3.359,15.306,-0.300,-0.088,-0.300,-498.863,-499.713,-498.863
4.713,-0.000,0.557,-0.267,45.002,3.359,15.306,-0.300,-0.088,-0.300,-498.863,-499.713,-498.863
4.717,-0.000,0.557,-0.267,45.002,3.359,15.306,-0.300,-0.088,-0.300,-498.863,-499.713,-498.863
4.721,-0.000,0.557,-0.267,45.002,3.359,15.306,-0.300,-0.088,-0.300,-498.863,-499.713,-498.863
4.725,-0.000,0.557,-0.267,45.002,3.359,15.306,-0.300,-0.088,-0.300,-498.863,-499.713,-498.863
4.729,-0.000,0.557,-0.267,45.002,3.359,15.306,-0.300,-0.088,-0.300,-498.863,-499.713,-498.863
4.733,-0.000,0.557,-0.267,45.002,3.359,15.306,-0.300,-0.088,-0.300,-498.863,-499.713,-498.863
4.737,-0.000,0.557,-0.267,45.002,3.359,15.307,-0.300,-0.088,-0.300,-498.863,-499.713,-498.863
4.742,-0.000,0.557,-0.267,45.002,3.359,15.307,-0.300,-0.088,-0.300,-498.863,-499.713,-498.863
4.746,-0.000,0.557,-0.267,45.002,3.359,15.307,-0.300,-0.088,-0.300,-498.863,-499.713,-498.863
4.750,-0.000,0.557,-0.267,45.002,3.359,15.307,-0.300,-0.088,-0.300,-498.863,-499.713,-498.863
4.754,-0.000,0.557,-0.267,45.002,3.359,15.307,-0.300,-0.088,-0.300,-498.863,-499.713,-498.863
4.758,-0.000,0.557,-0.267,45.002,3.359,15.307,-0.300,-0.088,-0.300,-498.863,-499.713,-498.863
4.763,-0.000,0.557,-0.267,45.002,3.359,15.307,-0.300,-0.088,-0.300,-498.863,-499.713,-498.863
4.767,-0.000,0.557,-0.267,45.002,3.359,15.307,-0.300,-0.088,-0.300,-498.863,-499.713,-498.863
4.771,-0.000,0.557,-0.267,45.002,3.359,15.307,-0.300,-0.088,-0.300,-498.863,-499.713,-498.863
4.775,-0.000,0.557,-0.267,45.002,3.359,15.307,-0.300,-0.088,-0.300,-498.863,-499.713,-498.863
4.779,-0.000,0.557,-0.267,45.002,3.359,15.307,-0.300,-0.088,-0.300,-498.863,-499.713,-498.863
4.783,-0.000,0.557,-0.267,45.002,3.359,15.307,-0.300,-0.088,-0.300,-498.863,-499.713,-498.863
4.787,-0.000,0.557,-0.267,45.002,3.359,15.307,-0.300,-0.088,-0.300,-498.863,-499.713,-498.863
4.792,-0.000,0.557,-0.267,45.002,3.359,15.307,-0.300,-0.088,-0.300,-498.863,-499.713,-498.863
4.796,-0.000,0.557,-0.267,45.002,3.359,15.307,-0.300,-0.088,-0.300,-498.863,-499.713,-498.863
4.800,-0.000,0.557,-0.267,45.002,3.359,15.307,-0.300,-0.088,-0.300,-498.863,-499.713,-498.863
4.804,-0.000,0.557,-0.267,45.002,3.359,15.307,-0.300,-0.088,-0.300,-498.863,-499.713,-498.863
4.808,-0.000,0.557,-0.267,45.002,3.359,15.307,-0.300,-0.088,-0.300,-498.863,-499.713,-498.863
4.812,-0.000,0.557,-0.267,45.002,3.359,15.307,-0.300,-0.088,-0.300,-498.863,-499.713,-498.863
4.817,-0.000,0.557,-0.267,45.002,3.359,15.307,-0.300,-0.088,-0.300,-498.863,-499.713,-498.863
4.821,-0.000,0.557,-0.267,45.002,3.359,15.308,-0.300,-0.088,-0.300,-498.863,-499.713,-498.863
4.825,-0.000,0.557,-0.267,45.002,3.359,15.308,-0.300,-0.088,-0.300,-498.863,-499.713,-498.863
4.829,-0.000,0.557,-0.267,45.002,3.359,15.308,-0.300,-0.088,-0.300,-498.863,-499.713,-498.863
4.833,-0.000,0.557,-0.267,45.002,3.359,15.308,-0.300,-0.088,-0.300,-498.863,-499.713,-498.863
4.838,-0.000,0.557,-0.267,45.002,3.359,15.308,-0.300,-0.088,-0.300,-498.863,-499.713,-498.863
4.842,-0.000,0.557,-0.267,45.002,3.359,15.308,-0.300,-0.088,-0.300,-498.863,-499.713,-498.863
4.846,-0.000,0.557,-0.267,45.002,3.359,15.308,-0.300,-0.088,-0.300,-498.863,-499.713,-498.863
4.850,-0.000,0.557,-0.267,45.002,3.359,15.308,-0.300,-0.088,-0.300,-498.863,-499.713,-498.863
4.854,-0.000,0.557,-0.267,45.002,3.359,15.308,-0.300,-0.088,-0.300,-498.863,-499.713,-498.863
4.858,-0.000,0.557,-0.267,45.002,3.359,15.308,-0.300,-0.088,-0.300,-498.863,-499.713,-498.863
4.862,-0.000,0.557,-0.267,45.002,3.359,15.308,-0.300,-0.088,-0.300,-498.863,-499.713,-498.863
4.867,-0.000,0.557,-0.267,45.002,3.359,15.308,-0.300,-0.088,-0.300,-498.863,-499.713,-498.863
4.871,-0.000,0.557,-0.267,45.002,3.359,15.308,-0.300,-0.088,-0.300,-498.863,-499.713,-498.863
4.875,-0.000,0.557,-0.267,45.002,3.359,15.308,-0.300,-0.088,-0.300,-498.863,-499.713,-498.863
4.879,-0.000,0.557,-0.267,45.002,3.359,15.308,-0.300,-0.088,-0.300,-498.863,-499.713,-498.863
4.883,-0.000,0.557,-0.267,45.002,3.359,15.308,-0.300,-0.088,-0.300,-498.863,-499.713,-498.863
4.888,-0.000,0.557,-0.267,45.002,3.359,15.308,-0.300,-0.088,-0.300,-498.863,-499.713,-498.863
4.892,-0.000,0.557,-0.267,45.002,3.359,15.308,-0.300,-0.088,-0.300,-498.863,-499.713,-498.863
4.896,-0.000,0.557,-0.267,45.002,3.359,15.308,-0.300,-0.088,-0.300,-498.863,-499.713,-498.863
4.900,-0.000,0.557,-0.267,45.002,3.359,15.308,-0.300,-0.088,-0.300,-498.863,-499.713,-498.863
4.904,-0.000,0.557,-0.267,45.002,3.359,15.308,-0.300,-0.088,-0.300,-498.863,-499.713,-498.863
4.908,-0.000,0.557,-0.267,45.002,3.359,15.309,-0.300,-0.088,-0.300,-498.863,-499.713,-498.863
4.912,-0.000,0.557,-0.267,45.002,3.359,15.309,-0.300,-0.088,-0.300,-498.863,-499.713,-498.863
4.917,-0.000,0.557,-0.267,45.002,3.359,15.309,-0.300,-0.088,-0.300,-498.863,-499.713,-498.863
4.921,-0.000,0.557,-0.267,45.002,3.359,15.309,-0.300,-0.088,-0.300,-498.863,-499.713,-498.863
4.925,-0.000,0.557,-0.267,45.002,3.359,15.309,-0.300,-0.088,-0.300,-498.863,-499.713,-498.863
4.929,-0.000,0.557,-0.267,45.002,3.359,15.309,-0.300,-0.088,-0.300,-498.863,-499.713,-498.863
4.933,-0.000,0.557,-0.267,45.002,3.359,15.309,-0.300,-0.088,-0.300,-498.863,-499.713,-498.863
4.938,-0.000,0.557,-0.267,45.002,3.359,15.309,-0.300,-0.088,-0.300,-498.863,-499.713,-498.863
4.942,-0.000,0.557,-0.267,45.002,3.359,15.309,-0.300,-0.088,-0.300,-498.863,-499.713,-498.863
4.946,-0.000,0.557,-0.267,45.002,3.359,15.309,-0.300,-0.088,-0.300,-498.863,-499.713,-498.863
4.950,-0.000,0.557,-0.267,45.002,3.359,15.309,-0.300,-0.088,-0.300,-498.863,-499.713,-498.863
4.954,-0.000,0.557,-0.267,45.002,3.359,15.309,-0.300,-0.088,-0.300,-498.863,-499.713,-498.863
4.958,-0.000,0.557,-0.267,45.002,3.359,15.309,-0.300,-0.088,-0.300,-498.863,-499.713,-498.863
4.963,-0.000,0.557,-0.267,45.002,3.359,15.309,-0.300,-0.088,-0.300,-498.863,-499.713,-498.863
4.967,-0.000,0.557,-0.267,45.002,3.359,15.309,-0.300,-0.088,-0.300,-498.863,-499.713,-498.863
4.971,-0.000,0.557,-0.267,45.002,3.359,15.309,-0.300,-0.088,-0.300,-498.863,-499.713,-498.863
4.975,-0.000,0.557,-0.267,45.002,3.359,15.309,-0.300,-0.088,-0.300,-498.863,-499.713,-498.863
4.979,-0.000,0.557,-0.267,45.002,3.359,15.309,-0.300,-0.088,-0.300,-498.863,-499.713,-498.863
4.983,-0.000,0.557,-0.267,45.002,3.359,15.309,-0.300,-0.088,-0.300,-498.863,-499.713,-498.863
4.987,-0.000,0.557,-0.267,45.002,3.359,15.309,-0.300,-0.088,-0.300,-498.863,-499.713,-498.863
4.992,-0.000,0.557,-0.267,45.002,3.359,15.309,-0.300,-0.088,-0.300,-498.863,-499.713,-498.863
4.996,-0.000,0.557,-0.267,45.002,3.359,15.310,-0.300,-0.088,-0.300,-498.863,-499.713,-498.863
5.000,-0.000,0.557,-0.267,45.002,3.359,15.310,-0.300,-0.088,-0.300,-498.863,-499.713,-498.863
5.004,-0.000,0.557,-0.267,45.002,3.359,15.310,-0.300,-0.088,-0.300,-498.863,-499.713,-498.863
5.008,-0.000,0.557,-0.267,45.002,3.359,15.310,-0.300,-0.088,-0.300,-498.863,-499.713,-498.863
5.013,-0.000,0.557,-0.267,45.002,3.359,15.310,-0.300,-0.088,-0.300,-498.863,-499.713,-498.863
5.017,-0.000,0.557,-0.267,45.002,3.359,15.310,-0.300,-0.088,-0.300,-498.863,-499.713,-498.863
5.021,-0.000,0.557,-0.267,45.002,3.359,15.310,-0.300,-0.088,-0.300,-498.863,-499.713,-498.863
5.025,-0.000,0.557,-0.267,45.002,3.359,15.310,-0.300,-0.088,-0.300,-498.863,-499.713,-498.863
5.029,-0.000,0.557,-0.267,45.002,3.359,15.310,-0.300,-0.088,-0.300,-498.863,-499.713,-498.863
5.033,-0.000,0.557,-0.267,45.002,3.359,15.310,-0.300,-0.088,-0.300,-498.863,-499.713,-498.863
5.037,-0.000,0.557,-0.267,45.002,3.359,15.310,-0.300,-0.088,-0.300,-498.863,-499.713,-498.863
5.042,-0.000,0.557,-0.267,45.002,3.359,15.310,-0.300,-0.088,-0.300,-498.863,-499.713,-498.863
5.046,-0.000,0.557,-0.267,45.002,3.359,15.310,-0.300,-0.088,-0.300,-498.863,-499.713,-498.863
5.050,-0.000,0.557,-0.267,45.002,3.359,15.310,-0.300,-0.088,-0.300,-498.863,-499.713,-498.863
5.054,-0.000,0.557,-0.267,45.002,3.359,15.310,-0.300,-0.088,-0.300,-498.863,-499.713,-498.863
5.058,-0.000,0.557,-0.267,45.002,3.359,15.310,-0.300,-0.088,-0.300,-498.863,-499.713,-498.863
5.062,-0.000,0.557,-0.267,45.002,3.359,15.310,-0.300,-0.088,-0.300,-498.863,-499.713,-498.863
5.067,-0.000,0.557,-0.267,45.002,3.359,15.310,-0.300,-0.088,-0.300,-498.863,-499.713,-498.863
5.071,-0.000,0.557,-0.267,45.002,3.359,15.310,-0.300,-0.088,-0.300,-498.863,-499.713,-498.863
5.075,-0.000,0.557,-0.267,45.002,3.359,15.310,-0.300,-0.088,-0.300,-498.863,-499.713,-498.863
5.079,-0.000,0.557,-0.267,45.002,3.359,15.310,-0.300,-0.088,-0.300,-498.863,-499.713,-498.863
5.083,-0.000,0.557,-0.267,45.002,3.359,15.311,-0.300,-0.088,-0.300,-498.863,-499.713,-498.863
5.088,-0.000,0.557,-0.267,45.002,3.359,15.311,-0.300,-0.088,-0.300,-498.863,-499.713,-498.863
5.092,-0.000,0.557,-0.267,45.002,3.359,15.311,-0.300,-0.088,-0.300,-498.863,-499.713,-498.863
5.096,-0.000,0.557,-0.267,45.002,3.359,15.311,-0.300,-0.088,-0.300,-498.863,-499.713,-498.863
5.100,-0.000,0.557,-0.267,45.002,3.359,15.311,-0.300,-0.088,-0.300,-498.863,-499.713,-498.863
5.104,-0.000,0.557,-0.267,45.002,3.359,15.311,-0.300,-0.088,-0.300,-498.863,-499.713,-498.863
5.108,-0.000,0.557,-0.267,45.002,3.359,15.311,-0.300,-0.088,-0.300,-498.863,-499.713,-498.863
5.112,-0.000,0.557,-0.267,45.002,3.359,15.311,-0.300,-0.088,-0.300,-498.863,-499.713,-498.863
5.117,-0.000,0.557,-0.267,45.002,3.359,15.311,-0.300,-0.088,-0.300,-498.863,-499.713,-498.863
5.121,-0.000,0.557,-0.267,45.002,3.359,15.311,-0.300,-0.088,-0.300,-498.863,-499.713,-498.863
5.125,-0.000,0.557,-0.267,45.002,3.359,15.311,-0.300,-0.088,-0.300,-498.863,-499.713,-498.863
5.129,-0.000,0.557,-0.267,45.002,3.359,15.311,-0.300,-0.088,-0.300,-498.863,-499.713,-498.863
5.133,-0.000,0.557,-0.267,45.002,3.359,15.311,-0.300,-0.088,-0.300,-498.863,-499.713,-498.863
5.138,-0.000,0.557,-0.267,45.002,3.359,15.311,-0.300,-0.088,-0.300,-498.863,-499.713,-498.863
5.142,-0.000,0.557,-0.267,45.002,3.359,15.311,-0.300,-0.088,-0.300,-498.863,-499.713,-498.863
5.146,-0.000,0.557,-0.267,45.002,3.359,15.311,-0.300,-0.088,-0.300,-498.863,-499.713,-498.863
5.150,-0.000,0.557,-0.267,45.002,3.359,15.311,-0.300,-0.088,-0.300,-498.863,-499.713,-498.863
5.154,-0.000,0.557,-0.267,45.002,3.359,15.311,-0.300,-0.088,-0.300,-498.863,-499.713,-498.863
5.158,-0.000,0.557,-0.267,45.002,3.359,15.311,-0.300,-0.088,-0.300,-498.863,-499.713,-498.863
5.162,-0.000,0.557,-0.267,45.002,3.359,15.311,-0.300,-0.088,-0.300,-498.863,-499.713,-498.863
5.167,-0.000,0.557,-0.267,45.002,3.359,15.311,-0.300,-0.088,-0.300,-498.863,-499.713,-498.863
5.171,-0.000,0.557,-0.267,45.002,3.359,15.312,-0.300,-0.088,-0.300,-498.863,-499.713,-498.863
5.175,-0.000,0.557,-0.267,45.002,3.359,15.312,-0.300,-0.088,-0.300,-498.863,-499.713,-498.863
5.179,-0.000,0.557,-0.267,45.002,3.359,15.312,-0.300,-0.088,-0.300,-498.863,-499.713,-498.863
5.183,-0.000,0.557,-0.267,45.002,3.359,15.312,-0.300,-0.088,-0.300,-498.863,-499.713,-498.863
5.188,-0.000,0.557,-0.267,45.002,3.359,15.312,-0.300,-0.088,-0.300,-498.863,-499.713,-498.863
5.192,-0.000,0.557,-0.267,45.002,3.359,15.312,-0.300,-0.088,-0.300,-498.863,-499.713,-498.863
5.196,-0.000,0.557,-0.267,45.002,3.359,15.312,-0.300,-0.088,-0.300,-498.863,-499.713,-498.863
5.200,-0.000,0.557,-0.267,45.002,3.359,15.312,-0.300,-0.088,-0.300,-498.863,-499.713,-498.863
5.204,-0.000,0.557,-0.267,45.002,3.359,15.312,-0.300,-0.088,-0.300,-498.863,-499.713,-498.863
5.208,-0.000,0.557,-0.267,45.002,3.359,15.312,-0.300,-0.088,-0.300,-498.863,-499.713,-498.863
5.213,-0.000,0.557,-0.267,45.002,3.359,15.312,-0.300,-0.088,-0.300,-498.863,-499.713,-498.863
5.217,-0.000,0.557,-0.267,45.002,3.359,15.312,-0.300,-0.088,-0.300,-498.863,-499.713,-498.863
5.221,-0.000,0.557,-0.267,45.002,3.359,15.312,-0.300,-0.088,-0.300,-498.863,-499.713,-498.863
5.225,-0.000,0.557,-0.267,45.002,3.359,15.312,-0.300,-0.088,-0.300,-498.863,-499.713,-498.863
5.229,-0.000,0.557,-0.267,45.002,3.359,15.312,-0.300,-0.088,-0.300,-498.863,-499.713,-498.863
5.233,-0.000,0.557,-0.267,45.002,3.359,15.312,-0.300,-0.088,-0.300,-498.863,-499.713,-498.863
5.237,-0.000,0.557,-0.267,45.002,3.359,15.312,-0.300,-0.088,-0.300,-498.863,-499.713,-498.863
5.242,-0.000,0.557,-0.267,45.002,3.359,15.312,-0.300,-0.088,-0.300,-498.863,-499.713,-498.863
5.246,-0.000,0.557,-0.267,45.002,3.359,15.312,-0.300,-0.088,-0.300,-498.863,-499.713,-498.863
5.250,-0.000,0.557,-0.267,45.002,3.359,15.312,-0.300,-0.088,-0.300,-498.863,-499.713,-498.863
5.254,-0.000,0.557,-0.267,45.002,3.359,15.313,-0.300,-0.088,-0.300,-498.863,-499.713,-498.863
5.258,-0.000,0.557,-0.267,45.002,3.359,15.313,-0.300,-0.088,-0.300,-498.863,-499.713,-498.863
5.263,-0.000,0.557,-0.267,45.002,3.359,15.313,-0.300,-0.088,-0.300,-498.863,-499.713,-498.863
5.267,-0.000,0.557,-0.267,45.002,3.359,15.313,-0.300,-0.088,-0.300,-498.863,-499.713,-498.863
5.271,-0.000,0.557,-0.267,45.002,3.359,15.313,-0.300,-0.088,-0.300,-498.863,-499.713,-498.863
5.275,-0.000,0.557,-0.267,45.002,3.359,15.313,-0.300,-0.088,-0.300,-498.863,-499.713,-498.863
5.279,-0.000,0.557,-0.267,45.002,3.359,15.313,-0.300,-0.088,-0.300,-498.863,-499.713,-498.863
5.283,-0.000,0.557,-0.267,45.002,3.359,15.313,-0.300,-0.088,-0.300,-498.863,-499.713,-498.863
5.287,-0.000,0.557,-0.267,45.002,3.359,15.313,-0.300,-0.088,-0.300,-498.863,-499.713,-498.863
5.292,-0.000,0.557,-0.267,45.002,3.359,15.313,-0.300,-0.088,-0.300,-498.863,-499.713,-498.863
5.296,-0.000,0.557,-0.267,45.002,3.359,15.313,-0.300,-0.088,-0.300,-498.863,-499.713,-498.863
5.300,-0.000,0.557,-0.267,45.002,3.359,15.313,-0.300,-0.088,-0.300,-498.863,-499.713,-498.863
5.304,-0.000,0.557,-0.267,45.002,3.359,15.313,-0.300,-0.088,-0.300,-498.863,-499.713,-498.863
5.308,-0.000,0.557,-0.267,45.002,3.359,15.313,-0.300,-0.088,-0.300,-498.863,-499.713,-498.863
5.312,-0.000,0.557,-0.267,45.002,3.359,15.313,-0.300,-0.088,-0.300,-498.863,-499.713,-498.863
5.317,-0.000,0.557,-0.267,45.002,3.359,15.313,-0.300,-0.088,-0.300,-498.863,-499.713,-498.863
5.321,-0.000,0.557,-0.267,45.002,3.359,15.313,-0.300,-0.088,-0.300,-498.863,-499.713,-498.863
5.325,-0.000,0.557,-0.267,45.002,3.359,15.313,-0.300,-0.088,-0.300,-498.863,-499.713,-498.863
5.329,-0.000,0.557,-0.267,45.002,3.359,15.313,-0.300,-0.088,-0.300,-498.863,-499.713,-498.863
5.333,-0.000,0.557,-0.267,45.002,3.359,15.313,-0.300,-0.088,-0.300,-498.863,-499.713,-498.863
5.338,-0.000,0.557,-0.267,45.002,3.359,15.313,-0.300,-0.088,-0.300,-498.863,-499.713,-498.863
5.342,-0.000,0.557,-0.267,45.002,3.359,15.314,-0.300,-0.088,-0.300,-498.863,-499.713,-498.863
5.346,-0.000,0.557,-0.267,45.002,3.359,15.314,-0.300,-0.088,-0.300,-498.863,-499.713,-498.863
5.350,-0.000,0.557,-0.267,45.002,3.359,15.314,-0.300,-0.088,-0.300,-498.863,-499.713,-498.863
5.354,-0.000,0.557,-0.267,45.002,3.359,15.314,-0.300,-0.088,-0.300,-498.863,-499.713,-498.863
5.358,-0.000,0.557,-0.267,45.002,3.359,15.314,-0.300,-0.088,-0.300,-498.863,-499.713,-498.863
5.362,-0.000,0.557,-0.267,45.002,3.359,15.314,-0.300,-0.088,-0.300,-498.863,-499.713,-498.863
5.367,-0.000,0.557,-0.267,45.002,3.359,15.314,-0.300,-0.088,-0.300,-498.863,-499.713,-498.863
5.371,-0.000,0.557,-0.267,45.002,3.359,15.314,-0.300,-0.088,-0.300,-498.863,-499.713,-498.863
5.375,-0.000,0.557,-0.267,45.002,3.359,15.314,-0.300,-0.088,-0.300,-498.863,-499.713,-498.863
5.379,-0.000,0.557,-0.267,45.002,3.359,15.314,-0.300,-0.088,-0.300,-498.863,-499.713,-498.863
5.383,-0.000,0.557,-0.267,45.002,3.359,15.314,-0.300,-0.088,-0.300,-498.863,-499.713,-498.863
5.388,-0.000,0.557,-0.267,45.002,3.359,15.314,-0.300,-0.088,-0.300,-498.863,-499.713,-498.863
5.392,-0.000,0.557,-0.267,45.002,3.359,15.314,-0.300,-0.088,-0.300,-498.863,-499.713,-498.863
5.396,-0.000,0.557,-0.267,45.002,3.359,15.314,-0.300,-0.088,-0.300,-498.863,-499.713,-498.863
5.400,-0.000,0.557,-0.267,45.002,3.359,15.314,-0.300,-0.088,-0.300,-498.863,-499.713,-498.863
5.404,-0.000,0.557,-0.267,45.002,3.359,15.314,-0.300,-0.088,-0.300,-498.863,-499.713,-498.863
5.408,-0.000,0.557,-0.267,45.002,3.359,15.314,-0.300,-0.088,-0.300,-498.863,-499.713,-498.863
5.412,-0.000,0.557,-0.267,45.002,3.359,15.314,-0.300,-0.088,-0.300,-498.863,-499.713,-498.863
5.417,-0.000,0.557,-0.267,45.002,3.359,15.314,-0.300,-0.088,-0.300,-498.863,-499.713,-498.863
5.421,-0.000,0.557,-0.267,45.002,3.359,15.314,-0.300,-0.088,-0.300,-498.863,-499.713,-498.863
5.425,-0.000,0.557,-0.267,45.002,3.359,15.314,-0.300,-0.088,-0.300,-498.863,-499.713,-498.863
5.429,-0.000,0.557,-0.267,45.002,3.359,15.315,-0.300,-0.088,-0.300,-498.863,-499.713,-498.863
5.433,-0.000,0.557,-0.267,45.002,3.359,15.315,-0.300,-0.088,-0.300,-498.863,-499.713,-498.863
5.438,-0.000,0.557,-0.267,45.002,3.359,15.315,-0.300,-0.088,-0.300,-498.863,-499.713,-498.863
5.442,-0.000,0.557,-0.267,45.002,3.359,15.315,-0.300,-0.088,-0.300,-498.863,-499.713,-498.863
5.446,-0.000,0.557,-0.267,45.002,3.359,15.315,-0.300,-0.088,-0.300,-498.863,-499.713,-498.863
5.450,-0.000,0.557,-0.267,45.002,3.359,15.315,-0.300,-0.088,-0.300,-498.863,-499.713,-498.863
5.454,-0.000,0.557,-0.267,45.002,3.359,15.315,-0.300,-0.088,-0.300,-498.863,-499.713,-498.863
5.458,-0.000,0.557,-0.267,45.002,3.359,15.315,-0.300,-0.088,-0.300,-498.863,-499.713,-498.863
5.463,-0.000,0.557,-0.267,45.002,3.359,15.315,-0.300,-0.088,-0.300,-498.863,-499.713,-498.863
5.467,-0.000,0.557,-0.267,45.002,3.359,15.315,-0.300,-0.088,-0.300,-498.863,-499.713,-498.863
5.471,-0.000,0.557,-0.267,45.002,3.359,15.315,-0.300,-0.088,-0.300,-498.863,-499.713,-498.863
5.475,-0.000,0.557,-0.267,45.002,3.359,15.315,-0.300,-0.089,-0.300,-498.863,-499.713,-498.863
5.479,-0.000,0.557,-0.267,45.002,3.358,15.315,-0.300,-0.088,-0.300,-498.863,-499.708,-498.863
5.483,-0.000,0.557,-0.267,45.002,3.358,15.315,-0.300,-0.088,-0.300,-498.863,-499.713,-498.863
5.487,-0.000,0.557,-0.267,45.002,3.357,15.315,-0.300,-0.088,-0.300,-498.863,-499.713,-498.863
5.492,-0.000,0.557,-0.267,45.002,3.357,15.315,-0.300,-0.088,-0.300,-498.863,-499.713,-498.863
5.496,-0.000,0.557,-0.267,45.002,3.357,15.315,-0.300,-0.088,-0.300,-498.863,-499.713,-498.863
5.500,-0.000,0.557,-0.267,45.002,3.356,15.315,-0.300,-0.088,-0.300,-498.863,-499.713,-498.863
5.504,-0.000,0.557,-0.267,45.002,3.356,15.315,-0.300,-0.092,-0.300,-498.863,-499.713,-498.863
5.508,-0.000,0.557,-0.267,45.002,3.355,15.315,-0.300,-0.087,-0.300,-498.863,-499.703,-498.863
5.513,-0.000,0.557,-0.267,45.002,3.353,15.315,-0.300,-0.088,-0.300,-498.863,-499.714,-498.863
5.517,-0.000,0.557,-0.267,45.002,3.352,15.316,-0.300,-0.090,-0.300,-498.863,-499.713,-498.863
5.521,-0.000,0.557,-0.267,45.002,3.351,15.316,-0.300,-0.088,-0.300,-498.863,-499.708,-498.863
5.525,-0.000,0.557,-0.267,45.002,3.349,15.316,-0.300,-0.088,-0.300,-498.863,-499.714,-498.863
5.529,-0.000,0.557,-0.267,45.002,3.347,15.316,-0.300,-0.088,-0.300,-498.863,-499.713,-498.863
5.533,-0.000,0.557,-0.267,45.002,3.346,15.316,-0.300,-0.088,-0.300,-498.863,-499.713,-498.863
5.537,-0.000,0.557,-0.267,45.002,3.344,15.316,-0.300,-0.088,-0.300,-498.863,-499.713,-498.863
5.542,-0.000,0.557,-0.267,45.002,3.342,15.316,-0.300,-0.091,-0.300,-498.863,-499.713,-498.863
5.546,-0.000,0.557,-0.267,45.002,3.340,15.316,-0.300,-0.087,-0.300,-498.863,-499.703,-498.863
5.550,-0.000,0.557,-0.267,45.002,3.337,15.316,-0.300,-0.088,-0.300,-498.863,-499.715,-498.863
5.554,-0.000,0.557,-0.267,45.002,3.335,15.316,-0.300,-0.091,-0.300,-498.863,-499.713,-498.863
5.558,-0.000,0.557,-0.267,45.002,3.331,15.316,-0.300,-0.087,-0.300,-498.863,-499.703,-498.863
5.562,-0.000,0.557,-0.267,45.002,3.328,15.316,-0.300,-0.088,-0.300,-498.863,-499.715,-498.863
5.567,-0.000,0.557,-0.267,45.002,3.325,15.316,-0.300,-0.089,-0.300,-498.863,-499.714,-498.863
5.571,-0.000,0.558,-0.267,45.002,3.321,15.316,-0.300,-0.087,-0.300,-498.863,-499.709,-498.863
5.575,-0.000,0.558,-0.267,45.002,3.317,15.316,-0.300,-0.088,-0.300,-498.863,-499.715,-498.863
5.579,-0.000,0.558,-0.267,45.002,3.314,15.316,-0.300,-0.091,-0.300,-498.863,-499.714,-498.863
5.583,-0.000,0.558,-0.267,45.002,3.309,15.316,-0.300,-0.087,-0.300,-498.863,-499.704,-498.863
5.588,-0.000,0.558,-0.267,45.002,3.305,15.316,-0.300,-0.088,-0.300,-498.863,-499.716,-498.863
5.592,-0.000,0.558,-0.267,45.002,3.300,15.316,-0.300,-0.087,-0.300,-498.863,-499.714,-498.863
5.596,-0.000,0.558,-0.267,45.002,3.296,15.316,-0.300,-0.089,-0.300,-498.863,-499.715,-498.863
5.600,-0.000,0.558,-0.267,45.002,3.291,15.317,-0.300,-0.087,-0.300,-498.863,-499.710,-498.863
5.604,-0.000,0.558,-0.267,45.002,3.286,15.317,-0.300,-0.087,-0.300,-498.863,-499.716,-498.863
5.608,-0.000,0.558,-0.267,45.002,3.281,15.317,-0.300,-0.091,-0.300,-498.863,-499.715,-498.863
5.612,-0.000,0.558,-0.267,45.002,3.275,15.317,-0.300,-0.087,-0.300,-498.863,-499.705,-498.863
5.617,-0.000,0.558,-0.267,45.002,3.270,15.317,-0.300,-0.087,-0.300,-498.863,-499.717,-498.863
5.621,-0.000,0.559,-0.267,45.002,3.264,15.317,-0.300,-0.089,-0.300,-498.863,-499.715,-498.863
5.625,-0.000,0.559,-0.267,45.002,3.258,15.317,-0.300,-0.087,-0.300,-498.863,-499.711,-498.863
5.629,-0.000,0.559,-0.267,45.002,3.252,15.317,-0.300,-0.087,-0.300,-498.863,-499.717,-498.863
5.633,-0.000,0.559,-0.267,45.002,3.247,15.317,-0.300,-0.089,-0.300,-498.863,-499.716,-498.863
5.638,-0.000,0.559,-0.267,45.002,3.240,15.317,-0.300,-0.087,-0.300,-498.863,-499.711,-498.863
5.642,-0.000,0.559,-0.267,45.002,3.234,15.317,-0.300,-0.087,-0.300,-498.863,-499.717,-498.863
5.646,-0.000,0.559,-0.267,45.002,3.228,15.317,-0.300,-0.087,-0.300,-498.863,-499.716,-498.863
5.650,-0.000,0.559,-0.267,45.002,3.222,15.317,-0.300,-0.087,-0.300,-498.863,-499.717,-498.863
5.654,-0.000,0.559,-0.267,45.002,3.216,15.317,-0.300,-0.087,-0.300,-498.863,-499.717,-498.863
5.658,-0.000,0.559,-0.267,45.002,3.210,15.317,-0.300,-0.087,-0.300,-498.863,-499.717,-498.863
5.662,-0.000,0.560,-0.267,45.002,3.204,15.317,-0.300,-0.087,-0.300,-498.863,-499.717,-498.863
5.667,-0.000,0.560,-0.267,45.002,3.198,15.317,-0.300,-0.087,-0.300,-498.863,-499.717,-498.863
5.671,-0.000,0.560,-0.267,45.002,3.192,15.317,-0.300,-0.087,-0.300,-498.863,-499.718,-498.863
5.675,-0.000,0.560,-0.267,45.002,3.186,15.317,-0.300,-0.087,-0.300,-498.863,-499.718,-498.863
5.679,-0.000,0.560,-0.267,45.002,3.180,15.317,-0.300,-0.087,-0.300,-498.863,-499.718,-498.863
5.683,-0.000,0.560,-0.267,45.002,3.174,15.317,-0.300,-0.086,-0.300,-498.863,-499.718,-498.863
5.688,-0.000,0.560,-0.267,45.002,3.168,15.318,-0.300,-0.086,-0.300,-498.863,-499.718,-498.863
5.692,-0.000,0.560,-0.267,45.002,3.163,15.318,-0.300,-0.086,-0.300,-498.863,-499.718,-498.863
5.696,-0.000,0.560,-0.267,45.002,3.157,15.318,-0.300,-0.086,-0.300,-498.863,-499.719,-498.863
5.700,-0.000,0.560,-0.267,45.002,3.151,15.318,-0.300,-0.086,-0.300,-498.863,-499.719,-498.863
5.704,-0.000,0.561,-0.267,45.002,3.146,15.318,-0.300,-0.086,-0.300,-498.863,-499.719,-498.863
5.708,-0.000,0.561,-0.267,45.002,3.140,15.318,-0.300,-0.086,-0.300,-498.863,-499.719,-498.863
5.713,-0.000,0.561,-0.267,45.002,3.135,15.318,-0.300,-0.086,-0.300,-498.863,-499.719,-498.863
5.717,-0.000,0.561,-0.267,45.002,3.129,15.318,-0.300,-0.086,-0.300,-498.863,-499.719,-498.863
5.721,-0.000,0.561,-0.267,45.002,3.124,15.318,-0.300,-0.086,-0.300,-498.863,-499.719,-498.863
5.725,-0.000,0.561,-0.267,45.002,3.118,15.318,-0.300,-0.086,-0.300,-498.863,-499.720,-498.863
5.729,-0.000,0.561,-0.267,45.002,3.113,15.318,-0.300,-0.086,-0.300,-498.863,-499.720,-498.863
5.733,-0.000,0.561,-0.267,45.002,3.108,15.318,-0.300,-0.086,-0.300,-498.863,-499.720,-498.863
5.737,-0.000,0.561,-0.267,45.002,3.102,15.318,-0.300,-0.086,-0.300,-498.863,-499.720,-498.863
5.742,-0.000,0.561,-0.267,45.002,3.097,15.318,-0.300,-0.086,-0.300,-498.863,-499.720,-498.863
5.746,-0.000,0.562,-0.267,45.002,3.092,15.318,-0.300,-0.086,-0.300,-498.863,-499.720,-498.863
5.750,-0.000,0.562,-0.267,45.002,3.086,15.318,-0.300,-0.086,-0.300,-498.863,-499.720,-498.863
5.754,-0.000,0.562,-0.267,45.002,3.081,15.318,-0.300,-0.086,-0.300,-498.863,-499.721,-498.863
5.758,-0.000,0.562,-0.267,45.002,3.076,15.318,-0.300,-0.086,-0.300,-498.863,-499.721,-498.863
5.763,-0.000,0.562,-0.267,45.002,3.071,15.318,-0.300,-0.086,-0.300,-498.863,-499.721,-498.863
5.767,-0.000,0.562,-0.267,45.002,3.066,15.318,-0.300,-0.086,-0.300,-498.863,-499.721,-498.863
5.771,-0.000,0.562,-0.267,45.002,3.061,15.319,-0.300,-0.086,-0.300,-498.863,-499.721,-498.863
5.775,-0.000,0.562,-0.267,45.002,3.056,15.319,-0.300,-0.086,-0.300,-498.863,-499.721,-498.863
5.779,-0.000,0.562,-0.267,45.002,3.051,15.319,-0.300,-0.086,-0.300,-498.863,-499.721,-498.863
5.783,-0.000,0.562,-0.267,45.002,3.046,15.319,-0.300,-0.086,-0.300,-498.863,-499.722,-498.863
5.787,-0.000,0.562,-0.267,45.002,3.041,15.319,-0.300,-0.086,-0.300,-498.863,-499.722,-498.863
5.792,-0.000,0.562,-0.267,45.002,3.036,15.319,-0.300,-0.086,-0.300,-498.863,-499.722,-498.863
5.796,-0.000,0.563,-0.267,45.002,3.031,15.319,-0.300,-0.085,-0.300,-498.863,-499.722,-498.863
5.800,-0.000,0.563,-0.267,45.002,3.026,15.319,-0.300,-0.085,-0.300,-498.863,-499.722,-498.863
5.804,-0.000,0.563,-0.267,45.002,3.022,15.319,-0.300,-0.085,-0.300,-498.863,-499.722,-498.863
5.808,-0.000,0.563,-0.267,45.002,3.017,15.319,-0.300,-0.085,-0.300,-498.863,-499.722,-498.863
5.812,-0.000,0.563,-0.267,45.002,3.012,15.319,-0.300,-0.085,-0.300,-498.863,-499.723,-498.863
5.817,-0.000,0.563,-0.267,45.002,3.008,15.319,-0.300,-0.085,-0.300,-498.863,-499.723,-498.863
5.821,-0.000,0.563,-0.267,45.002,3.003,15.319,-0.300,-0.085,-0.300,-498.863,-499.723,-498.863
5.825,-0.000,0.563,-0.267,45.002,2.998,15.319,-0.300,-0.085,-0.300,-498.863,-499.723,-498.863
5.829,-0.000,0.563,-0.267,45.002,2.994,15.319,-0.300,-0.085,-0.300,-498.863,-499.723,-498.863
5.833,-0.000,0.563,-0.267,45.002,2.989,15.319,-0.300,-0.085,-0.300,-498.863,-499.723,-498.863
5.838,-0.000,0.563,-0.267,45.002,2.985,15.319,-0.300,-0.085,-0.300,-498.863,-499.723,-498.863
5.842,-0.000,0.563,-0.267,45.002,2.980,15.319,-0.300,-0.085,-0.300,-498.863,-499.723,-498.863
5.846,-0.000,0.564,-0.267,45.002,2.976,15.319,-0.300,-0.085,-0.300,-498.863,-499.724,-498.863
5.850,-0.000,0.564,-0.267,45.002,2.971,15.319,-0.300,-0.085,-0.300,-498.863,-499.724,-498.863
5.854,-0.000,0.564,-0.267,45.002,2.967,15.319,-0.300,-0.085,-0.300,-498.863,-499.724,-498.863
5.858,-0.000,0.564,-0.267,45.002,2.962,15.320,-0.300,-0.085,-0.300,-498.863,-499.724,-498.863
5.862,-0.000,0.564,-0.267,45.002,2.958,15.320,-0.300,-0.085,-0.300,-498.863,-499.724,-498.863
5.867,-0.000,0.564,-0.267,45.002,2.954,15.320,-0.300,-0.085,-0.300,-498.863,-499.724,-498.863
5.871,-0.000,0.564,-0.267,45.002,2.949,15.320,-0.300,-0.085,-0.300,-498.863,-499.724,-498.863
5.875,-0.000,0.564,-0.267,45.002,2.945,15.320,-0.300,-0.085,-0.300,-498.863,-499.724,-498.863
5.879,-0.000,0.564,-0.267,45.002,2.941,15.320,-0.300,-0.085,-0.300,-498.863,-499.724,-498.863
5.883,-0.000,0.564,-0.267,45.002,2.937,15.320,-0.300,-0.085,-0.300,-498.863,-499.725,-498.863
5.888,-0.000,0.564,-0.267,45.002,2.932,15.320,-0.300,-0.085,-0.300,-498.863,-499.725,-498.863
5.892,-0.000,0.564,-0.267,45.002,2.928,15.320,-0.300,-0.085,-0.300,-498.863,-499.725,-498.863
5.896,-0.000,0.564,-0.267,45.002,2.924,15.320,-0.300,-0.085,-0.300,-498.863,-499.725,-498.863
5.900,-0.000,0.565,-0.267,45.002,2.920,15.320,-0.300,-0.085,-0.300,-498.863,-499.725,-498.863
5.904,-0.000,0.565,-0.267,45.002,2.916,15.320,-0.300,-0.085,-0.300,-498.863,-499.725,-498.863
5.908,-0.000,0.565,-0.267,45.002,2.912,15.320,-0.300,-0.085,-0.300,-498.863,-499.725,-498.863
5.912,-0.000,0.565,-0.267,45.002,2.908,15.320,-0.300,-0.085,-0.300,-498.863,-499.725,-498.863
5.917,-0.000,0.565,-0.267,45.002,2.904,15.320,-0.300,-0.085,-0.300,-498.863,-499.725,-498.863
5.921,-0.000,0.565,-0.267,45.002,2.900,15.320,-0.300,-0.085,-0.300,-498.863,-499.726,-498.863
5.925,-0.000,0.565,-0.267,45.002,2.896,15.320,-0.300,-0.085,-0.300,-498.863,-499.726,-498.863
5.929,-0.000,0.565,-0.267,45.002,2.892,15.320,-0.300,-0.085,-0.300,-498.863,-499.726,-498.863
5.933,-0.000,0.565,-0.267,45.002,2.888,15.320,-0.300,-0.085,-0.300,-498.863,-499.726,-498.863
5.938,-0.000,0.565,-0.267,45.002,2.884,15.320,-0.300,-0.084,-0.300,-498.863,-499.726,-498.863
5.942,-0.000,0.565,-0.267,45.002,2.880,15.320,-0.300,-0.084,-0.300,-498.863,-499.726,-498.863
5.946,-0.000,0.565,-0.267,45.002,2.877,15.321,-0.300,-0.084,-0.300,-498.863,-499.726,-498.863
5.950,-0.000,0.565,-0.267,45.002,2.873,15.321,-0.300,-0.084,-0.300,-498.863,-499.726,-498.863
5.954,-0.000,0.565,-0.267,45.002,2.869,15.321,-0.300,-0.084,-0.300,-498.863,-499.726,-498.863
5.958,-0.000,0.565,-0.267,45.002,2.865,15.321,-0.300,-0.084,-0.300,-498.863,-499.727,-498.863
5.963,-0.000,0.566,-0.267,45.002,2.862,15.321,-0.300,-0.084,-0.300,-498.863,-499.727,-498.863
5.967,-0.000,0.566,-0.267,45.002,2.858,15.321,-0.300,-0.084,-0.300,-498.863,-499.727,-498.863
5.971,-0.000,0.566,-0.267,45.002,2.854,15.321,-0.300,-0.084,-0.300,-498.863,-499.727,-498.863
5.975,-0.000,0.566,-0.267,45.002,2.851,15.321,-0.300,-0.084,-0.300,-498.863,-499.727,-498.863
5.979,-0.000,0.566,-0.267,45.002,2.847,15.321,-0.300,-0.084,-0.300,-498.863,-499.727,-498.863
5.983,-0.000,0.566,-0.267,45.002,2.843,15.321,-0.300,-0.084,-0.300,-498.863,-499.727,-498.863
5.987,-0.000,0.566,-0.267,45.002,2.840,15.321,-0.300,-0.084,-0.300,-498.863,-499.727,-498.863
5.992,-0.000,0.566,-0.267,45.002,2.836,15.321,-0.300,-0.084,-0.300,-498.863,-499.727,-498.863
5.996,-0.000,0.566,-0.267,45.002,2.833,15.321,-0.300,-0.084,-0.300,-498.863,-499.727,-498.863
6.000,-0.000,0.566,-0.267,45.002,2.829,15.321,-0.300,-0.084,-0.300,-498.863,-499.728,-498.863
6.004,-0.000,0.566,-0.267,45.002,2.826,15.321,-0.300,-0.084,-0.300,-498.863,-499.728,-498.863
6.008,-0.000,0.566,-0.267,45.002,2.822,15.321,-0.300,-0.084,-0.300,-498.863,-499.728,-498.863
6.013,-0.000,0.566,-0.267,45.002,2.819,15.321,-0.300,-0.084,-0.300,-498.863,-499.728,-498.863
6.017,-0.000,0.566,-0.267,45.002,2.815,15.321,-0.300,-0.084,-0.300,-498.863,-499.728,-498.863
6.021,-0.000,0.566,-0.267,45.002,2.812,15.321,-0.300,-0.084,-0.300,-498.863,-499.728,-498.862
6.025,-0.000,0.566,-0.267,45.002,2.809,15.321,-0.300,-0.084,-0.300,-498.862,-499.728,-498.862
6.029,-0.000,0.567,-0.267,45.002,2.805,15.322,-0.300,-0.084,-0.300,-498.862,-499.728,-498.862
6.033,-0.000,0.567,-0.267,45.002,2.802,15.322,-0.300,-0.084,-0.300,-498.862,-499.728,-498.862
6.037,-0.000,0.567,-0.267,45.002,2.799,15.322,-0.300,-0.084,-0.300,-498.862,-499.728,-498.862
6.042,-0.000,0.567,-0.267,45.002,2.795,15.322,-0.300,-0.084,-0.300,-498.862,-499.728,-498.862
6.046,-0.000,0.567,-0.267,45.002,2.792,15.322,-0.300,-0.084,-0.300,-498.862,-499.729,-498.862
6.050,-0.000,0.567,-0.267,45.002,2.789,15.322,-0.300,-0.084,-0.300,-498.862,-499.729,-498.862
6.054,-0.000,0.567,-0.267,45.002,2.786,15.322,-0.300,-0.084,-0.300,-498.862,-499.729,-498.862
6.058,-0.000,0.567,-0.267,45.002,2.783,15.322,-0.300,-0.084,-0.300,-498.862,-499.729,-498.862
6.062,-0.000,0.567,-0.267,45.002,2.779,15.322,-0.300,-0.084,-0.300,-498.862,-499.729,-498.862
6.067,-0.000,0.567,-0.267,45.002,2.776,15.322,-0.300,-0.084,-0.300,-498.862,-499.729,-498.862
6.071,-0.000,0.567,-0.267,45.002,2.773,15.322,-0.300,-0.084,-0.300,-498.862,-499.729,-498.862
6.075,-0.000,0.567,-0.267,45.002,2.770,15.322,-0.300,-0.084,-0.300,-498.862,-499.729,-498.862
6.079,-0.000,0.567,-0.267,45.002,2.767,15.322,-0.300,-0.084,-0.300,-498.862,-499.729,-498.862
6.083,-0.000,0.567,-0.267,45.002,2.764,15.322,-0.300,-0.084,-0.300,-498.862,-499.729,-498.862
6.088,-0.000,0.567,-0.267,45.002,2.761,15.322,-0.300,-0.084,-0.300,-498.862,-499.729,-498.862
6.092,-0.000,0.567,-0.267,45.002,2.758,15.322,-0.300,-0.084,-0.300,-498.862,-499.729,-498.862
6.096,-0.000,0.567,-0.267,45.002,2.755,15.322,-0.300,-0.084,-0.300,-498.862,-499.730,-498.862
6.100,-0.000,0.567,-0.267,45.002,2.752,15.322,-0.300,-0.084,-0.300,-498.862,-499.730,-498.862
6.104,-0.000,0.568,-0.267,45.002,2.749,15.322,-0.300,-0.084,-0.300,-498.862,-499.730,-498.862
6.108,-0.000,0.568,-0.267,45.002,2.746,15.322,-0.300,-0.084,-0.300,-498.862,-499.730,-498.862
6.112,-0.000,0.568,-0.267,45.002,2.743,15.322,-0.300,-0.084,-0.300,-498.862,-499.730,-498.862
6.117,-0.000,0.568,-0.267,45.002,2.740,15.323,-0.300,-0.083,-0.300,-498.862,-499.730,-498.862
6.121,-0.000,0.568,-0.267,45.002,2.737,15.323,-0.300,-0.083,-0.300,-498.862,-499.730,-498.862
6.125,-0.000,0.568,-0.267,45.002,2.734,15.323,-0.300,-0.083,-0.300,-498.862,-499.730,-498.862
6.129,-0.000,0.568,-0.267,45.002,2.731,15.323,-0.300,-0.083,-0.300,-498.862,-499.730,-498.862
6.133,-0.000,0.568,-0.267,45.002,2.729,15.323,-0.300,-0.083,-0.300,-498.862,-499.730,-498.862
6.138,-0.000,0.568,-0.267,45.002,2.726,15.323,-0.300,-0.083,-0.300,-498.862,-499.730,-498.862
6.142,-0.000,0.568,-0.267,45.002,2.723,15.323,-0.300,-0.083,-0.300,-498.862,-499.730,-498.862
6.146,-0.000,0.568,-0.267,45.002,2.720,15.323,-0.300,-0.083,-0.300,-498.862,-499.731,-498.862
6.150,-0.000,0.568,-0.267,45.002,2.718,15.323,-0.300,-0.083,-0.300,-498.862,-499.731,-498.862
6.154,-0.000,0.568,-0.267,45.002,2.715,15.323,-0.300,-0.083,-0.300,-498.862,-499.731,-498.862
6.158,-0.000,0.568,-0.267,45.002,2.712,15.323,-0.300,-0.083,-0.300,-498.862,-499.731,-498.862
6.162,-0.000,0.568,-0.267,45.002,2.709,15.323,-0.300,-0.083,-0.300,-498.862,-499.731,-498.862
6.167,-0.000,0.568,-0.267,45.002,2.707,15.323,-0.300,-0.083,-0.300,-498.862,-499.731,-498.862
6.171,-0.000,0.568,-0.267,45.002,2.704,15.323,-0.300,-0.083,-0.300,-498.862,-499.731,-498.862
6.175,-0.000,0.568,-0.267,45.002,2.701,15.323,-0.300,-0.083,-0.300,-498.862,-499.731,-498.862
6.179,-0.000,0.568,-0.267,45.002,2.699,15.323,-0.300,-0.083,-0.300,-498.862,-499.731,-498.862
6.183,-0.000,0.568,-0.267,45.002,2.696,15.323,-0.300,-0.083,-0.300,-498.862,-499.731,-498.862
6.188,-0.000,0.568,-0.267,45.002,2.694,15.323,-0.300,-0.083,-0.300,-498.862,-499.731,-498.862
6.192,-0.000,0.569,-0.267,45.002,2.691,15.323,-0.300,-0.083,-0.300,-498.862,-499.731,-498.862
6.196,-0.000,0.569,-0.267,45.002,2.688,15.323,-0.300,-0.083,-0.300,-498.862,-499.731,-498.862
6.200,-0.000,0.569,-0.267,45.002,2.686,15.323,-0.300,-0.083,-0.300,-498.862,-499.731,-498.862
6.204,-0.000,0.569,-0.267,45.002,2.683,15.324,-0.300,-0.083,-0.300,-498.862,-499.732,-498.862
6.208,-0.000,0.569,-0.267,45.002,2.681,15.324,-0.300,-0.083,-0.300,-498.862,-499.732,-498.862
6.213,-0.000,0.569,-0.267,45.002,2.678,15.324,-0.300,-0.083,-0.300,-498.862,-499.732,-498.862
6.217,-0.000,0.569,-0.267,45.002,2.676,15.324,-0.300,-0.083,-0.300,-498.862,-499.732,-498.862
6.221,-0.000,0.569,-0.267,45.002,2.673,15.324,-0.300,-0.083,-0.300,-498.862,-499.732,-498.862
6.225,-0.000,0.569,-0.267,45.002,2.671,15.324,-0.300,-0.083,-0.300,-498.862,-499.732,-498.862
6.229,-0.000,0.569,-0.267,45.002,2.669,15.324,-0.300,-0.083,-0.300,-498.862,-499.732,-498.862
6.233,-0.000,0.569,-0.267,45.002,2.666,15.324,-0.300,-0.083,-0.300,-498.862,-499.732,-498.862
6.237,-0.000,0.569,-0.267,45.002,2.664,15.324,-0.300,-0.083,-0.300,-498.862,-499.732,-498.862
6.242,-0.000,0.569,-0.267,45.002,2.661,15.324,-0.300,-0.083,-0.300,-498.862,-499.732,-498.862
6.246,-0.000,0.569,-0.267,45.002,2.659,15.324,-0.300,-0.083,-0.300,-498.862,-499.732,-498.862
6.250,-0.000,0.569,-0.267,45.002,2.657,15.324,-0.300,-0.083,-0.300,-498.862,-499.732,-498.862
6.254,-0.000,0.569,-0.267,45.002,2.654,15.324,-0.300,-0.083,-0.300,-498.862,-499.732,-498.862
6.258,-0.000,0.569,-0.267,45.002,2.652,15.324,-0.300,-0.083,-0.300,-498.862,-499.732,-498.862
6.263,-0.000,0.569,-0.267,45.002,2.650,15.324,-0.300,-0.083,-0.300,-498.862,-499.732,-498.862
6.267,-0.000,0.569,-0.267,45.002,2.647,15.324,-0.300,-0.083,-0.300,-498.862,-499.733,-498.862
6.271,-0.000,0.569,-0.267,45.002,2.645,15.324,-0.300,-0.083,-0.300,-498.862,-499.733,-498.862
6.275,-0.000,0.569,-0.267,45.002,2.643,15.324,-0.300,-0.083,-0.300,-498.862,-499.733,-498.862
6.279,-0.000,0.569,-0.267,45.002,2.641,15.324,-0.300,-0.083,-0.300,-498.862,-499.733,-498.862
6.283,-0.000,0.569,-0.267,45.002,2.638,15.324,-0.300,-0.083,-0.300,-498.862,-499.733,-498.862
6.287,-0.000,0.569,-0.267,45.002,2.636,15.324,-0.300,-0.083,-0.300,-498.862,-499.733,-498.862
6.292,-0.000,0.570,-0.267,45.002,2.634,15.325,-0.300,-0.083,-0.300,-498.862,-499.733,-498.862
6.296,-0.000,0.570,-0.267,45.002,2.632,15.325,-0.300,-0.083,-0.300,-498.862,-499.733,-498.862
6.300,-0.000,0.570,-0.267,45.002,2.630,15.325,-0.300,-0.083,-0.300,-498.862,-499.733,-498.862
6.304,-0.000,0.570,-0.267,45.002,2.628,15.325,-0.300,-0.083,-0.300,-498.862,-499.733,-498.862
6.308,-0.000,0.570,-0.267,45.002,2.625,15.325,-0.300,-0.083,-0.300,-498.862,-499.733,-498.862
6.312,-0.000,0.570,-0.267,45.002,2.623,15.325,-0.300,-0.083,-0.300,-498.862,-499.733,-498.862
6.317,-0.000,0.570,-0.267,45.002,2.621,15.325,-0.300,-0.083,-0.300,-498.862,-499.733,-498.862
6.321,-0.000,0.570,-0.267,45.002,2.619,15.325,-0.300,-0.083,-0.300,-498.862,-499.733,-498.862
6.325,-0.000,0.570,-0.267,45.002,2.617,15.325,-0.300,-0.083,-0.300,-498.862,-499.733,-498.862
6.329,-0.000,0.570,-0.267,45.002,2.615,15.325,-0.300,-0.083,-0.300,-498.862,-499.733,-498.862
6.333,-0.000,0.570,-0.267,45.002,2.613,15.325,-0.300,-0.083,-0.300,-498.862,-499.733,-498.862
6.338,-0.000,0.570,-0.267,45.002,2.611,15.325,-0.300,-0.083,-0.300,-498.862,-499.734,-498.862
6.342,-0.000,0.570,-0.267,45.002,2.609,15.325,-0.300,-0.083,-0.300,-498.862,-499.734,-498.862
6.346,-0.000,0.570,-0.267,45.002,2.607,15.325,-0.300,-0.083,-0.300,-498.862,-499.734,-498.862
6.350,-0.000,0.570,-0.267,45.002,2.605,15.325,-0.300,-0.083,-0.300,-498.862,-499.734,-498.862
6.354,-0.000,0.570,-0.267,45.002,2.603,15.325,-0.300,-0.083,-0.300,-498.862,-499.734,-498.862
6.358,-0.000,0.570,-0.267,45.002,2.601,15.325,-0.300,-0.083,-0.300,-498.862,-499.734,-498.862
6.362,-0.000,0.570,-0.267,45.002,2.599,15.325,-0.300,-0.083,-0.300,-498.862,-499.734,-498.862
6.367,-0.000,0.570,-0.267,45.002,2.597,15.325,-0.300,-0.082,-0.300,-498.862,-499.734,-498.862
6.371,-0.000,0.570,-0.267,45.002,2.595,15.325,-0.300,-0.082,-0.300,-498.862,-499.734,-498.862
6.375,-0.000,0.570,-0.267,45.002,2.593,15.326,-0.300,-0.082,-0.300,-498.862,-499.734,-498.862
6.379,-0.000,0.570,-0.267,45.002,2.591,15.326,-0.300,-0.082,-0.300,-498.862,-499.734,-498.862
6.383,-0.000,0.570,-0.267,45.002,2.589,15.326,-0.300,-0.082,-0.300,-498.862,-499.734,-498.862
6.388,-0.000,0.570,-0.267,45.002,2.587,15.326,-0.300,-0.082,-0.300,-498.862,-499.734,-498.862
6.392,-0.000,0.570,-0.267,45.002,2.585,15.326,-0.300,-0.082,-0.300,-498.862,-499.734,-498.862
6.396,-0.000,0.570,-0.267,45.002,2.584,15.326,-0.300,-0.082,-0.300,-498.862,-499.734,-498.862
6.400,-0.000,0.570,-0.267,45.002,2.582,15.326,-0.300,-0.082,-0.300,-498.862,-499.734,-498.862
6.404,-0.000,0.570,-0.267,45.002,2.580,15.326,-0.300,-0.082,-0.300,-498.862,-499.734,-498.862
6.408,-0.000,0.570,-0.267,45.002,2.578,15.326,-0.300,-0.082,-0.300,-498.862,-499.734,-498.862
6.412,-0.000,0.571,-0.267,45.002,2.576,15.326,-0.300,-0.082,-0.300,-498.862,-499.734,-498.862
6.417,-0.000,0.571,-0.267,45.002,2.574,15.326,-0.300,-0.082,-0.300,-498.862,-499.735,-498.862
6.421,-0.000,0.571,-0.267,45.002,2.573,15.326,-0.300,-0.082,-0.300,-498.862,-499.735,-498.862
6.425,-0.000,0.571,-0.267,45.002,2.571,15.326,-0.300,-0.082,-0.300,-498.862,-499.735,-498.862
6.429,-0.000,0.571,-0.267,45.002,2.569,15.326,-0.300,-0.082,-0.300,-498.862,-499.735,-498.862
6.433,-0.000,0.571,-0.267,45.002,2.567,15.326,-0.300,-0.082,-0.300,-498.862,-499.735,-498.862
6.438,-0.000,0.571,-0.267,45.002,2.566,15.326,-0.300,-0.082,-0.300,-498.862,-499.735,-498.862
6.442,-0.000,0.571,-0.267,45.002,2.564,15.326,-0.300,-0.082,-0.300,-498.862,-499.735,-498.862
6.446,-0.000,0.571,-0.267,45.002,2.562,15.326,-0.300,-0.082,-0.300,-498.862,-499.735,-498.862
6.450,-0.000,0.571,-0.267,45.002,2.561,15.326,-0.300,-0.082,-0.300,-498.862,-499.735,-498.862
6.454,-0.000,0.571,-0.267,45.002,2.559,15.326,-0.300,-0.082,-0.300,-498.862,-499.735,-498.862
6.458,-0.000,0.571,-0.267,45.002,2.557,15.326,-0.300,-0.082,-0.300,-498.862,-499.735,-498.862
6.462,-0.000,0.571,-0.267,45.002,2.555,15.327,-0.300,-0.082,-0.300,-498.862,-499.735,-498.862
6.467,-0.000,0.571,-0.267,45.002,2.554,15.327,-0.300,-0.082,-0.300,-498.862,-499.735,-498.862
6.471,-0.000,0.571,-0.267,45.002,2.552,15.327,-0.300,-0.082,-0.300,-498.862,-499.735,-498.862
6.475,-0.000,0.571,-0.268,45.002,2.551,15.327,-0.300,-0.082,-0.300,-498.862,-499.735,-498.862
6.479,-0.000,0.571,-0.268,45.002,2.549,15.327,-0.300,-0.082,-0.300,-498.862,-499.735,-498.862
6.483,-0.000,0.571,-0.268,45.002,2.547,15.327,-0.300,-0.082,-0.300,-498.862,-499.735,-498.862
6.487,-0.000,0.571,-0.268,45.002,2.546,15.327,-0.300,-0.082,-0.300,-498.862,-499.735,-498.862
6.492,-0.000,0.571,-0.268,45.002,2.544,15.327,-0.300,-0.082,-0.300,-498.862,-499.735,-498.862
6.496,-0.000,0.571,-0.268,45.002,2.543,15.327,-0.300,-0.082,-0.300,-498.862,-499.735,-498.862
6.500,-0.000,0.571,-0.268,45.002,2.541,15.327,-0.300,-0.082,-0.300,-498.862,-499.735,-498.862
6.504,-0.000,0.571,-0.268,45.002,2.539,15.327,-0.300,-0.082,-0.300,-498.862,-499.735,-498.862
6.508,-0.000,0.571,-0.268,45.002,2.538,15.327,-0.300,-0.082,-0.300,-498.862,-499.736,-498.862
6.513,-0.000,0.571,-0.268,45.002,2.536,15.327,-0.300,-0.082,-0.300,-498.862,-499.736,-498.862
6.517,-0.000,0.571,-0.268,45.002,2.535,15.327,-0.300,-0.082,-0.300,-498.862,-499.736,-498.862
6.521,-0.000,0.571,-0.268,45.002,2.533,15.327,-0.300,-0.082,-0.300,-498.862,-499.736,-498.862
6.525,-0.000,0.571,-0.268,45.002,2.532,15.327,-0.300,-0.082,-0.300,-498.862,-499.736,-498.862
0.004,0.785,0.615,0.000,-0.000,-0.000,-0.000,0.000,0.000,0.000,0.000,0.000,0.000
0.008,0.785,0.615,-0.000,0.000,0.000,0.000,-0.000,-0.000,-0.000,0.000,0.000,0.000
0.013,0.785,0.615,0.000,-0.000,0.000,-0.000,0.000,-0.000,0.000,0.000,-0.000,-0.000
0.017,0.785,0.615,-0.000,-0.000,-0.000,0.000,0.000,0.000,-0.000,0.000,-0.000,0.000
0.021,0.785,0.615,-0.000,-0.000,0.000,0.000,0.000,-0.000,-0.000,0.000,0.000,-0.000
0.025,0.785,0.615,0.000,-0.000,0.000,-0.000,0.000,-0.000,0.000,0.000,-0.000,-0.000
0.029,0.785,0.615,-0.000,0.002,0.002,0.001,-0.010,-0.010,-0.006,-0.006,0.010,-0.004
0.033,0.785,0.615,-0.000,0.005,0.003,0.003,-0.010,-0.003,-0.006,-499.963,-499.968,-351.855
0.037,0.785,0.615,-0.000,0.008,0.004,0.004,-0.013,-0.002,-0.008,-499.965,-499.988,-499.978
0.042,0.785,0.615,-0.000,0.012,0.004,0.007,-0.020,-0.003,-0.011,-499.953,-499.990,-499.970
0.046,0.785,0.615,-0.000,0.019,0.006,0.011,-0.030,-0.006,-0.017,-499.931,-499.984,-499.956
0.050,0.785,0.615,-0.000,0.030,0.008,0.017,-0.045,-0.011,-0.026,-499.896,-499.972,-499.935
0.054,0.785,0.615,-0.000,0.045,0.012,0.026,-0.067,-0.018,-0.039,-499.843,-499.952,-499.902
0.058,0.784,0.615,-0.001,0.069,0.019,0.040,-0.101,-0.029,-0.059,-499.763,-499.921,-499.852
0.062,0.784,0.615,-0.001,0.105,0.030,0.060,-0.152,-0.045,-0.088,-499.644,-499.874,-499.778
0.067,0.783,0.615,-0.002,0.158,0.046,0.091,-0.228,-0.070,-0.132,-499.466,-499.804,-499.667
0.071,0.781,0.614,-0.002,0.237,0.071,0.137,-0.300,-0.107,-0.197,-499.200,-499.699,-499.501
0.075,0.779,0.614,-0.003,0.348,0.109,0.201,-0.300,-0.161,-0.274,-498.941,-499.549,-499.262
0.079,0.777,0.613,-0.005,0.476,0.162,0.274,-0.300,-0.229,-0.300,-498.917,-499.352,-498.995
0.083,0.775,0.612,-0.006,0.612,0.225,0.352,-0.300,-0.272,-0.300,-498.899,-499.120,-498.893
0.087,0.772,0.610,-0.008,0.751,0.291,0.432,-0.300,-0.288,-0.300,-498.892,-498.978,-498.883
0.092,0.770,0.609,-0.009,0.894,0.358,0.514,-0.300,-0.293,-0.300,-498.890,-498.925,-498.880
0.096,0.767,0.608,-0.010,1.039,0.425,0.597,-0.300,-0.295,-0.300,-498.890,-498.906,-498.878
0.100,0.765,0.607,-0.012,1.187,0.492,0.682,-0.300,-0.295,-0.300,-498.891,-498.899,-498.876
0.104,0.762,0.606,-0.013,1.339,0.557,0.768,-0.300,-0.295,-0.300,-498.892,-498.898,-498.875
0.108,0.759,0.605,-0.015,1.494,0.623,0.856,-0.300,-0.295,-0.300,-498.894,-498.899,-498.875
0.113,0.757,0.603,-0.017,1.653,0.687,0.946,-0.300,-0.294,-0.300,-498.895,-498.901,-498.874
0.117,0.754,0.602,-0.018,1.816,0.751,1.039,-0.300,-0.293,-0.300,-498.896,-498.903,-498.873
0.121,0.751,0.601,-0.020,1.985,0.814,1.135,-0.300,-0.292,-0.300,-498.898,-498.905,-498.872
0.125,0.748,0.600,-0.022,2.160,0.876,1.233,-0.300,-0.291,-0.300,-498.899,-498.908,-498.871
0.129,0.745,0.599,-0.023,2.340,0.938,1.335,-0.300,-0.291,-0.300,-498.901,-498.911,-498.870
0.133,0.741,0.598,-0.025,2.527,0.998,1.441,-0.300,-0.290,-0.300,-498.902,-498.913,-498.869
0.138,0.738,0.597,-0.027,2.722,1.059,1.550,-0.300,-0.289,-0.300,-498.904,-498.916,-498.868
0.142,0.734,0.596,-0.029,2.924,1.118,1.664,-0.300,-0.288,-0.300,-498.905,-498.920,-498.867
0.146,0.731,0.595,-0.031,3.135,1.176,1.782,-0.300,-0.287,-0.300,-498.907,-498.923,-498.866
0.150,0.727,0.594,-0.033,3.355,1.234,1.905,-0.300,-0.285,-0.300,-498.908,-498.927,-498.865
0.154,0.723,0.593,-0.035,3.584,1.291,2.034,-0.300,-0.284,-0.300,-498.910,-498.930,-498.864
0.158,0.719,0.592,-0.038,3.824,1.348,2.167,-0.300,-0.283,-0.300,-498.912,-498.935,-498.863
0.163,0.714,0.591,-0.040,4.074,1.403,2.307,-0.300,-0.282,-0.300,-498.914,-498.939,-498.862
0.167,0.710,0.590,-0.043,4.337,1.458,2.453,-0.300,-0.280,-0.300,-498.916,-498.944,-498.860
0.171,0.705,0.589,-0.045,4.611,1.512,2.606,-0.300,-0.279,-0.300,-498.918,-498.948,-498.859
0.175,0.700,0.588,-0.048,4.898,1.565,2.765,-0.300,-0.277,-0.300,-498.920,-498.954,-498.857
0.179,0.695,0.587,-0.051,5.200,1.617,2.932,-0.300,-0.276,-0.300,-498.922,-498.959,-498.856
0.183,0.689,0.586,-0.054,5.515,1.669,3.107,-0.300,-0.274,-0.300,-498.924,-498.965,-498.854
0.188,0.683,0.585,-0.057,5.847,1.720,3.290,-0.300,-0.272,-0.300,-498.926,-498.971,-498.853
0.192,0.677,0.585,-0.061,6.194,1.769,3.482,-0.300,-0.270,-0.300,-498.929,-498.977,-498.851
0.196,0.671,0.584,-0.064,6.558,1.818,3.683,-0.300,-0.268,-0.300,-498.931,-498.984,-498.849
0.200,0.664,0.583,-0.068,6.940,1.867,3.893,-0.300,-0.269,-0.300,-498.931,-498.990,-498.850
0.204,0.657,0.582,-0.072,7.339,1.915,4.113,-0.300,-0.267,-0.300,-498.933,-498.989,-498.848
0.208,0.650,0.581,-0.076,7.756,1.962,4.342,-0.300,-0.265,-0.300,-498.935,-498.996,-498.845
0.212,0.642,0.580,-0.080,8.193,2.008,4.582,-0.300,-0.263,-0.300,-498.938,-499.004,-498.843
0.217,0.634,0.580,-0.084,8.651,2.053,4.832,-0.300,-0.261,-0.300,-498.941,-499.012,-498.841
0.221,0.626,0.579,-0.089,9.130,2.097,5.095,-0.300,-0.258,-0.300,-498.945,-499.021,-498.838
0.225,0.617,0.578,-0.094,9.632,2.140,5.369,-0.300,-0.256,-0.300,-498.948,-499.029,-498.836
0.229,0.608,0.577,-0.099,10.157,2.183,5.656,-0.300,-0.253,-0.300,-498.951,-499.039,-498.833
0.233,0.599,0.577,-0.104,10.708,2.224,5.957,-0.300,-0.251,-0.300,-498.955,-499.048,-498.830
0.237,0.588,0.576,-0.109,11.286,2.264,6.271,-0.300,-0.248,-0.300,-498.958,-499.058,-498.827
0.242,0.578,0.575,-0.115,11.891,2.304,6.601,-0.300,-0.245,-0.300,-498.962,-499.069,-498.824
0.246,0.567,0.575,-0.121,12.525,2.342,6.945,-0.300,-0.243,-0.300,-498.966,-499.079,-498.821
0.250,0.555,0.574,-0.128,13.189,2.380,7.306,-0.300,-0.240,-0.300,-498.970,-499.090,-498.818
0.254,0.543,0.573,-0.134,13.885,2.416,7.684,-0.300,-0.237,-0.300,-498.974,-499.101,-498.814
0.258,0.530,0.573,-0.141,14.615,2.452,8.080,-0.300,-0.234,-0.300,-498.978,-499.112,-498.810
0.263,0.517,0.572,-0.148,15.380,2.486,8.494,-0.300,-0.232,-0.300,-498.983,-499.124,-498.807
0.267,0.503,0.572,-0.156,16.181,2.520,8.928,-0.300,-0.229,-0.300,-498.988,-499.136,-498.803
0.271,0.488,0.571,-0.164,17.021,2.552,9.382,-0.300,-0.226,-0.300,-498.993,-499.148,-498.798
0.275,0.473,0.570,-0.172,17.900,2.584,9.857,-0.300,-0.223,-0.300,-498.998,-499.161,-498.794
0.279,0.457,0.570,-0.181,18.821,2.615,10.354,-0.300,-0.220,-0.300,-499.003,-499.173,-498.789
0.283,0.440,0.569,-0.190,19.788,2.646,10.875,-0.300,-0.222,-0.300,-499.014,-499.181,-498.783
0.287,0.422,0.569,-0.199,20.798,2.675,11.420,-0.300,-0.216,-0.300,-499.007,-499.187,-498.783
0.292,0.404,0.568,-0.209,21.855,2.703,11.989,-0.300,-0.211,-0.300,-499.019,-499.212,-498.774
0.296,0.385,0.568,-0.220,22.961,2.729,12.583,-0.300,-0.206,-0.300,-499.021,-499.236,-498.771
0.300,0.364,0.567,-0.230,24.117,2.755,13.205,-0.300,-0.203,-0.300,-499.029,-499.255,-498.766
0.304,0.343,0.567,-0.242,25.325,2.780,13.854,-0.300,-0.201,-0.300,-499.036,-499.271,-498.760
0.308,0.321,0.567,-0.254,26.590,2.804,14.533,-0.300,-0.198,-0.300,-499.043,-499.286,-498.754
0.312,0.298,0.566,-0.266,27.912,2.827,15.242,-0.300,-0.195,-0.300,-499.051,-499.303,-498.748
0.317,0.274,0.566,-0.279,29.294,2.849,15.984,-0.300,-0.192,-0.300,-499.058,-499.320,-498.742
0.321,0.249,0.565,-0.292,30.740,2.868,16.752,-0.300,-0.181,-0.300,-499.084,-499.352,-498.756
0.325,0.222,0.565,-0.307,32.257,2.892,17.564,-0.300,-0.203,-0.300,-499.074,-499.359,-498.702
0.329,0.195,0.565,-0.320,33.846,2.893,18.358,-0.300,-0.105,-0.300,-499.221,-499.448,-498.896
0.333,0.166,0.565,-0.334,35.511,2.899,19.162,-0.300,-0.128,-0.300,-499.165,-499.696,-498.815
0.338,0.135,0.565,-0.348,37.258,2.895,19.956,-0.300,-0.082,-0.300,-499.237,-499.691,-498.878
0.342,0.103,0.565,-0.362,39.092,2.884,20.735,-0.300,-0.055,-0.300,-499.265,-499.857,-498.896
0.346,0.069,0.565,-0.375,41.019,2.864,21.490,-0.300,-0.016,-0.300,-499.307,-499.980,-498.930
0.350,0.034,0.566,-0.389,43.046,2.862,22.266,-0.300,-0.090,-0.300,-499.235,-500.000,-498.780
0.354,-0.003,0.566,-0.401,45.182,2.809,22.975,-0.300,0.120,-0.300,-499.474,-500.000,-499.087
0.358,-0.016,0.559,-0.408,45.890,3.243,23.352,-0.300,-0.300,-0.300,-493.616,500.000,-499.995
0.362,-0.027,0.552,-0.413,46.529,3.610,23.689,-0.300,-0.300,-0.300,-498.696,-499.173,-499.004
0.367,-0.037,0.547,-0.419,47.101,3.909,23.988,-0.300,-0.300,-0.300,-498.693,-499.171,-499.008
0.371,-0.046,0.543,-0.423,47.610,4.142,24.253,-0.300,-0.300,-0.300,-498.702,-499.169,-499.004
0.375,-0.053,0.540,-0.427,48.059,4.308,24.484,-0.300,-0.300,-0.300,-498.704,-499.165,-499.004
0.379,-0.060,0.539,-0.431,48.450,4.406,24.685,-0.300,-0.300,-0.300,-498.706,-499.162,-499.004
0.383,-0.066,0.538,-0.434,48.783,4.438,24.855,-0.300,-0.288,-0.300,-498.708,-499.160,-499.005
0.388,-0.071,0.539,-0.436,49.060,4.406,24.997,-0.300,-0.019,-0.300,-498.709,-499.193,-499.003
0.392,-0.075,0.539,-0.438,49.286,4.379,25.113,-0.300,-0.038,-0.300,-498.698,-499.957,-498.950
0.396,-0.078,0.540,-0.440,49.460,4.350,25.203,-0.300,-0.034,-0.300,-498.699,-499.905,-498.953
0.400,-0.080,0.540,-0.441,49.583,4.322,25.266,-0.300,-0.033,-0.300,-498.699,-499.917,-498.953
0.404,-0.081,0.541,-0.442,49.654,4.294,25.303,-0.300,-0.031,-0.300,-498.700,-499.923,-498.952
0.408,-0.082,0.541,-0.442,49.674,4.266,25.313,-0.300,-0.030,-0.300,-498.700,-499.927,-498.952
0.412,-0.081,0.542,-0.442,49.643,4.237,25.297,-0.300,-0.030,-0.300,-498.699,-499.930,-498.952
0.417,-0.080,0.542,-0.441,49.561,4.210,25.254,-0.300,-0.030,-0.300,-498.699,-499.931,-498.952
0.421,-0.077,0.542,-0.440,49.427,4.182,25.185,-0.300,-0.031,-0.300,-498.699,-499.930,-498.952
0.425,-0.074,0.543,-0.438,49.240,4.155,25.089,-0.300,-0.032,-0.300,-498.698,-499.928,-498.953
0.429,-0.070,0.543,-0.436,49.002,4.129,24.966,-0.300,-0.034,-0.300,-498.697,-499.924,-498.954
0.433,-0.065,0.544,-0.433,48.711,4.103,24.815,-0.300,-0.036,-0.236,-498.697,-499.918,-498.955
0.438,-0.059,0.544,-0.430,48.374,4.080,24.641,-0.277,-0.045,-0.129,-498.710,-499.898,-499.193
0.442,-0.052,0.545,-0.427,47.998,4.060,24.446,-0.098,-0.057,-0.036,-498.813,-499.848,-499.597
0.446,-0.045,0.545,-0.423,47.560,4.039,24.219,0.174,-0.056,0.105,-499.436,-499.789,-499.986
0.450,-0.035,0.545,-0.418,47.028,4.018,23.943,0.300,-0.052,0.300,499.613,-499.759,499.424
0.454,-0.024,0.546,-0.413,46.390,3.962,23.669,0.300,0.096,0.300,499.297,-499.896,498.853
0.458,-0.010,0.547,-0.411,45.596,3.947,23.527,0.300,-0.072,-0.226,499.803,499.831,499.342
0.462,0.011,0.548,-0.404,44.384,3.864,23.131,0.300,0.211,0.300,500.000,-500.000,-500.000
0.467,0.015,0.544,-0.401,44.121,4.082,22.994,-0.300,-0.300,-0.230,495.467,500.000,499.791
0.471,0.018,0.542,-0.400,43.966,4.227,22.897,-0.300,-0.300,-0.300,-499.242,-499.182,-499.014
0.475,0.019,0.541,-0.398,43.913,4.291,22.816,-0.300,-0.300,-0.300,-499.274,-499.218,-498.821
0.479,0.018,0.541,-0.397,43.961,4.277,22.752,-0.300,-0.090,-0.300,-499.270,-499.212,-498.814
0.483,0.016,0.541,-0.397,44.100,4.257,22.738,-0.300,-0.065,-0.300,-499.137,-499.727,-498.684
0.487,0.012,0.541,-0.398,44.330,4.239,22.777,-0.300,-0.074,-0.300,-499.125,-499.789,-498.671
0.492,0.006,0.542,-0.400,44.646,4.234,22.895,-0.300,-0.124,-0.300,-499.053,-499.714,-498.580
0.496,0.004,0.541,-0.401,44.764,4.258,22.955,-0.300,-0.250,-0.300,-498.161,-499.448,-499.071
0.500,0.004,0.541,-0.401,44.783,4.242,22.965,-0.300,-0.083,-0.300,-498.573,-499.246,-499.061
0.504,0.003,0.542,-0.401,44.801,4.229,22.974,-0.300,-0.090,-0.300,-498.859,-499.725,-498.865
0.508,0.003,0.542,-0.401,44.817,4.215,22.983,-0.300,-0.089,-0.300,-498.859,-499.704,-498.866
0.512,0.003,0.542,-0.401,44.832,4.201,22.991,-0.300,-0.089,-0.300,-498.859,-499.709,-498.865
0.517,0.003,0.542,-0.401,44.846,4.187,22.998,-0.300,-0.089,-0.300,-498.859,-499.709,-498.865
0.521,0.002,0.543,-0.402,44.859,4.174,23.004,-0.300,-0.088,-0.300,-498.860,-499.710,-498.865
0.525,0.002,0.543,-0.402,44.870,4.160,23.011,-0.300,-0.088,-0.300,-498.860,-499.710,-498.865
0.529,0.002,0.543,-0.402,44.881,4.146,23.016,-0.300,-0.088,-0.300,-498.860,-499.711,-498.865
0.533,0.002,0.543,-0.402,44.891,4.133,23.021,-0.300,-0.088,-0.300,-498.860,-499.711,-498.864
0.537,0.002,0.544,-0.402,44.900,4.120,23.026,-0.300,-0.088,-0.300,-498.860,-499.712,-498.864
0.542,0.002,0.544,-0.402,44.909,4.106,23.031,-0.300,-0.088,-0.300,-498.861,-499.712,-498.864
0.546,0.001,0.544,-0.402,44.916,4.093,23.035,-0.300,-0.088,-0.300,-498.861,-499.713,-498.864
0.550,0.001,0.544,-0.402,44.923,4.080,23.038,-0.300,-0.088,-0.300,-498.861,-499.713,-498.864
0.554,0.001,0.544,-0.402,44.930,4.067,23.042,-0.300,-0.087,-0.300,-498.861,-499.714,-498.864
0.558,0.001,0.545,-0.402,44.936,4.054,23.045,-0.300,-0.087,-0.300,-498.861,-499.714,-498.864
0.562,0.001,0.545,-0.402,44.941,4.041,23.048,-0.300,-0.087,-0.300,-498.861,-499.715,-498.864
0.567,0.001,0.545,-0.402,44.946,4.029,23.050,-0.300,-0.087,-0.300,-498.861,-499.715,-498.864
0.571,0.001,0.545,-0.402,44.951,4.016,23.053,-0.300,-0.087,-0.300,-498.862,-499.716,-498.864
0.575,0.001,0.546,-0.402,44.955,4.003,23.055,-0.300,-0.087,-0.300,-498.862,-499.716,-498.863
0.579,0.001,0.546,-0.402,44.959,3.991,23.057,-0.300,-0.087,-0.300,-498.862,-499.716,-498.863
0.583,0.001,0.546,-0.402,44.963,3.978,23.059,-0.300,-0.087,-0.300,-498.862,-499.717,-498.863
0.588,0.001,0.546,-0.402,44.966,3.966,23.061,-0.300,-0.087,-0.300,-498.862,-499.717,-498.863
0.592,0.001,0.546,-0.403,44.969,3.954,23.062,-0.300,-0.087,-0.300,-498.862,-499.717,-498.863
0.596,0.000,0.547,-0.403,44.972,3.941,23.064,-0.300,-0.086,-0.300,-498.862,-499.718,-498.863
0.600,0.000,0.547,-0.403,44.974,3.929,23.065,-0.300,-0.086,-0.300,-498.862,-499.718,-498.863
0.604,0.000,0.547,-0.403,44.976,3.917,23.066,-0.300,-0.086,-0.300,-498.862,-499.719,-498.863
0.608,0.000,0.547,-0.403,44.979,3.905,23.067,-0.300,-0.086,-0.300,-498.862,-499.719,-498.863
0.613,0.000,0.548,-0.403,44.981,3.893,23.069,-0.300,-0.086,-0.300,-498.862,-499.719,-498.863
0.617,0.000,0.548,-0.403,44.982,3.882,23.070,-0.300,-0.086,-0.300,-498.862,-499.720,-498.863
0.621,0.000,0.548,-0.403,44.984,3.870,23.070,-0.300,-0.086,-0.300,-498.862,-499.720,-498.863
0.625,0.000,0.548,-0.403,44.986,3.858,23.071,-0.300,-0.086,-0.300,-498.862,-499.720,-498.863
0.629,0.000,0.548,-0.403,44.987,3.847,23.072,-0.300,-0.086,-0.300,-498.862,-499.721,-498.863
0.633,0.000,0.549,-0.403,44.988,3.835,23.073,-0.300,-0.086,-0.300,-498.862,-499.721,-498.863
0.637,0.000,0.549,-0.403,44.990,3.824,23.073,-0.300,-0.086,-0.300,-498.862,-499.721,-498.863
0.642,0.000,0.549,-0.403,44.991,3.812,23.074,-0.300,-0.085,-0.300,-498.862,-499.722,-498.863
0.646,0.000,0.549,-0.403,44.992,3.801,23.075,-0.300,-0.085,-0.300,-498.862,-499.722,-498.863
0.650,0.000,0.549,-0.403,44.993,3.790,23.075,-0.300,-0.085,-0.300,-498.862,-499.722,-498.863
0.654,0.000,0.550,-0.403,44.994,3.779,23.076,-0.300,-0.085,-0.300,-498.862,-499.723,-498.863
0.658,0.000,0.550,-0.403,44.994,3.768,23.076,-0.300,-0.085,-0.300,-498.862,-499.723,-498.863
0.662,0.000,0.550,-0.403,44.995,3.757,23.077,-0.300,-0.085,-0.300,-498.862,-499.723,-498.863
0.667,0.000,0.550,-0.403,44.996,3.746,23.077,-0.300,-0.085,-0.300,-498.862,-499.724,-498.863
0.671,0.000,0.550,-0.403,44.996,3.735,23.077,-0.300,-0.085,-0.300,-498.862,-499.724,-498.863
0.675,0.000,0.550,-0.403,44.997,3.724,23.078,-0.300,-0.085,-0.300,-498.862,-499.724,-498.863
0.679,0.000,0.551,-0.403,44.998,3.713,23.078,-0.300,-0.085,-0.300,-498.862,-499.724,-498.863
0.683,0.000,0.551,-0.403,44.998,3.703,23.078,-0.300,-0.085,-0.300,-498.862,-499.725,-498.863
0.688,0.000,0.551,-0.403,44.998,3.692,23.079,-0.300,-0.085,-0.300,-498.862,-499.725,-498.863
0.692,0.000,0.551,-0.403,44.999,3.682,23.079,-0.300,-0.085,-0.300,-498.862,-499.725,-498.863
0.696,0.000,0.551,-0.403,44.999,3.671,23.079,-0.300,-0.084,-0.300,-498.862,-499.726,-498.863
0.700,0.000,0.552,-0.403,45.000,3.661,23.079,-0.300,-0.084,-0.300,-498.862,-499.726,-498.863
0.704,0.000,0.552,-0.403,45.000,3.651,23.079,-0.300,-0.084,-0.300,-498.862,-499.726,-498.863
0.708,-0.000,0.552,-0.403,45.000,3.640,23.080,-0.300,-0.084,-0.300,-498.862,-499.727,-498.863
0.713,-0.000,0.552,-0.403,45.000,3.630,23.080,-0.300,-0.084,-0.300,-498.862,-499.727,-498.863
0.717,-0.000,0.552,-0.403,45.001,3.620,23.080,-0.300,-0.084,-0.300,-498.862,-499.727,-498.863
0.721,-0.000,0.552,-0.403,45.001,3.610,23.080,-0.300,-0.084,-0.300,-498.862,-499.727,-498.863
0.725,-0.000,0.553,-0.403,45.001,3.600,23.080,-0.300,-0.084,-0.300,-498.862,-499.728,-498.863
0.729,-0.000,0.553,-0.403,45.001,3.590,23.080,-0.300,-0.084,-0.300,-498.862,-499.728,-498.863
0.733,-0.000,0.553,-0.403,45.002,3.580,23.081,-0.300,-0.084,-0.300,-498.862,-499.728,-498.863
0.738,-0.000,0.553,-0.403,45.002,3.571,23.081,-0.300,-0.084,-0.300,-498.862,-499.728,-498.863
0.742,-0.000,0.553,-0.403,45.002,3.561,23.081,-0.300,-0.084,-0.300,-498.862,-499.729,-498.862
0.746,-0.000,0.553,-0.403,45.002,3.552,23.081,-0.300,-0.087,-0.300,-498.862,-499.725,-498.863
0.750,-0.000,0.554,-0.403,45.002,3.543,23.081,-0.300,-0.087,-0.300,-498.863,-499.716,-498.863
0.754,-0.000,0.554,-0.403,45.002,3.535,23.081,-0.300,-0.087,-0.300,-498.862,-499.718,-498.863
0.758,-0.000,0.554,-0.403,45.002,3.526,23.081,-0.300,-0.087,-0.300,-498.863,-499.718,-498.863
0.762,-0.000,0.554,-0.403,45.002,3.517,23.081,-0.300,-0.086,-0.300,-498.863,-499.718,-498.863
0.767,-0.000,0.554,-0.403,45.002,3.509,23.081,-0.300,-0.086,-0.300,-498.863,-499.718,-498.863
0.771,-0.000,0.554,-0.403,45.001,3.500,23.081,-0.300,-0.086,-0.300,-498.863,-499.719,-498.863
0.775,-0.000,0.555,-0.403,45.001,3.491,23.081,-0.300,-0.086,-0.300,-498.863,-499.719,-498.863
0.779,-0.000,0.555,-0.403,45.001,3.483,23.081,-0.300,-0.086,-0.300,-498.863,-499.719,-498.863
0.783,-0.000,0.555,-0.403,45.001,3.475,23.081,-0.300,-0.086,-0.300,-498.863,-499.719,-498.863
0.787,-0.000,0.555,-0.403,45.001,3.466,23.081,-0.300,-0.086,-0.300,-498.863,-499.719,-498.863
0.792,-0.000,0.555,-0.403,45.001,3.458,23.081,-0.300,-0.086,-0.300,-498.863,-499.720,-498.863
0.796,-0.000,0.555,-0.403,45.001,3.450,23.081,-0.300,-0.086,-0.300,-498.863,-499.720,-498.863
0.800,-0.000,0.555,-0.403,45.001,3.442,23.081,-0.300,-0.086,-0.300,-498.863,-499.720,-498.863
0.804,-0.000,0.556,-0.403,45.001,3.434,23.081,-0.300,-0.086,-0.300,-498.863,-499.720,-498.863
0.808,-0.000,0.556,-0.403,45.001,3.425,23.081,-0.300,-0.086,-0.300,-498.863,-499.721,-498.863
0.812,-0.000,0.556,-0.403,45.001,3.417,23.081,-0.300,-0.086,-0.300,-498.863,-499.721,-498.863
0.817,-0.000,0.556,-0.403,45.001,3.410,23.081,-0.300,-0.086,-0.300,-498.863,-499.721,-498.863
0.821,-0.000,0.556,-0.403,45.001,3.402,23.081,-0.300,-0.086,-0.300,-498.863,-499.721,-498.863
0.825,-0.000,0.556,-0.403,45.000,3.394,23.081,-0.300,-0.086,-0.300,-498.863,-499.721,-498.863
0.829,-0.000,0.556,-0.403,45.000,3.386,23.081,-0.300,-0.086,-0.300,-498.863,-499.722,-498.863
0.833,-0.000,0.557,-0.403,45.000,3.378,23.081,-0.300,-0.085,-0.300,-498.863,-499.722,-498.863
0.838,-0.000,0.557,-0.403,45.000,3.371,23.081,-0.300,-0.085,-0.300,-498.863,-499.722,-498.863
0.842,-0.000,0.557,-0.403,45.000,3.363,23.081,-0.300,-0.085,-0.300,-498.863,-499.722,-498.863
0.846,-0.000,0.557,-0.403,45.000,3.355,23.081,-0.300,-0.085,-0.300,-498.863,-499.722,-498.863
0.850,-0.000,0.557,-0.403,45.000,3.348,23.081,-0.300,-0.085,-0.300,-498.863,-499.723,-498.863
0.854,0.000,0.557,-0.403,45.000,3.340,23.081,-0.300,-0.085,-0.300,-498.863,-499.723,-498.863
0.858,-0.000,0.557,-0.403,45.000,3.334,23.081,-0.300,-0.088,-0.300,-498.864,-499.720,-498.862
0.862,-0.000,0.557,-0.403,45.000,3.327,23.081,-0.300,-0.087,-0.300,-498.863,-499.712,-498.863
0.867,-0.000,0.558,-0.403,45.001,3.320,23.082,-0.300,-0.087,-0.300,-498.863,-499.714,-498.863
0.871,-0.000,0.558,-0.403,45.001,3.313,23.082,-0.300,-0.087,-0.300,-498.863,-499.714,-498.863
0.875,-0.000,0.558,-0.403,45.001,3.307,23.082,-0.300,-0.087,-0.300,-498.863,-499.714,-498.863
0.879,-0.000,0.558,-0.403,45.001,3.300,23.082,-0.300,-0.087,-0.300,-498.863,-499.715,-498.863
0.883,-0.000,0.558,-0.403,45.002,3.293,23.082,-0.300,-0.087,-0.300,-498.863,-499.715,-498.863
0.887,-0.000,0.558,-0.403,45.002,3.287,23.082,-0.300,-0.087,-0.300,-498.863,-499.715,-498.863
0.892,-0.000,0.558,-0.403,45.002,3.280,23.082,-0.300,-0.087,-0.300,-498.863,-499.715,-498.863
0.896,-0.000,0.558,-0.403,45.002,3.274,23.083,-0.300,-0.087,-0.300,-498.863,-499.715,-498.863
0.900,-0.000,0.558,-0.403,45.002,3.267,23.083,-0.300,-0.087,-0.300,-498.863,-499.716,-498.863
0.904,-0.000,0.559,-0.403,45.002,3.261,23.083,-0.300,-0.087,-0.300,-498.862,-499.716,-498.863
0.908,-0.000,0.559,-0.403,45.002,3.255,23.083,-0.300,-0.087,-0.300,-498.863,-499.716,-498.863
0.912,-0.000,0.559,-0.403,45.002,3.248,23.083,-0.300,-0.087,-0.300,-498.863,-499.716,-498.863
0.917,-0.000,0.559,-0.403,45.002,3.242,23.083,-0.300,-0.087,-0.300,-498.863,-499.716,-498.863
0.921,-0.000,0.559,-0.403,45.002,3.236,23.083,-0.300,-0.087,-0.300,-498.863,-499.716,-498.863
0.925,-0.000,0.559,-0.403,45.002,3.230,23.083,-0.300,-0.087,-0.300,-498.863,-499.717,-498.863
0.929,-0.000,0.559,-0.403,45.002,3.223,23.083,-0.300,-0.087,-0.300,-498.863,-499.717,-498.863
0.933,-0.000,0.559,-0.403,45.002,3.217,23.083,-0.300,-0.087,-0.300,-498.863,-499.717,-498.863
0.938,-0.000,0.559,-0.403,45.002,3.211,23.083,-0.300,-0.087,-0.300,-498.863,-499.717,-498.863
0.942,-0.000,0.560,-0.403,45.002,3.205,23.083,-0.300,-0.087,-0.300,-498.863,-499.717,-498.863
0.946,-0.000,0.560,-0.403,45.002,3.199,23.083,-0.300,-0.087,-0.300,-498.863,-499.717,-498.863
0.950,-0.000,0.560,-0.403,45.002,3.193,23.083,-0.300,-0.087,-0.300,-498.863,-499.718,-498.863
0.954,-0.000,0.560,-0.403,45.002,3.188,23.083,-0.300,-0.087,-0.300,-498.863,-499.718,-498.863
0.958,-0.000,0.560,-0.403,45.002,3.182,23.083,-0.300,-0.087,-0.300,-498.863,-499.718,-498.863
0.963,-0.000,0.560,-0.403,45.002,3.176,23.083,-0.300,-0.086,-0.300,-498.863,-499.718,-498.863
0.967,-0.000,0.560,-0.403,45.002,3.170,23.083,-0.300,-0.086,-0.300,-498.863,-499.718,-498.863
0.971,-0.000,0.560,-0.403,45.002,3.164,23.083,-0.300,-0.086,-0.300,-498.863,-499.718,-498.863
0.975,-0.000,0.560,-0.403,45.002,3.159,23.083,-0.300,-0.086,-0.300,-498.863,-499.718,-498.863
0.979,-0.000,0.560,-0.403,45.002,3.153,23.083,-0.300,-0.086,-0.300,-498.863,-499.719,-498.863
0.983,-0.000,0.561,-0.403,45.002,3.147,23.083,-0.300,-0.086,-0.300,-498.863,-499.719,-498.863
0.987,-0.000,0.561,-0.403,45.002,3.142,23.084,-0.300,-0.086,-0.300,-498.863,-499.719,-498.863
0.992,-0.000,0.561,-0.403,45.002,3.136,23.084,-0.300,-0.086,-0.300,-498.863,-499.719,-498.863
0.996,-0.000,0.561,-0.403,45.002,3.131,23.084,-0.300,-0.086,-0.300,-498.863,-499.719,-498.863
1.000,-0.000,0.561,-0.403,45.002,3.125,23.084,-0.300,-0.086,-0.300,-498.863,-499.719,-498.863
1.004,-0.000,0.561,-0.403,45.002,3.120,23.084,-0.300,-0.086,-0.300,-498.863,-499.720,-498.863
1.008,-0.000,0.561,-0.403,45.002,3.114,23.084,-0.300,-0.086,-0.300,-498.863,-499.720,-498.863
1.012,-0.000,0.561,-0.403,45.002,3.109,23.084,-0.300,-0.086,-0.300,-498.863,-499.720,-498.863
1.017,-0.000,0.561,-0.403,45.002,3.104,23.084,-0.300,-0.086,-0.300,-498.863,-499.720,-498.863
1.021,-0.000,0.561,-0.403,45.002,3.098,23.084,-0.300,-0.086,-0.300,-498.863,-499.720,-498.863
1.025,-0.000,0.561,-0.403,45.002,3.093,23.084,-0.300,-0.086,-0.300,-498.863,-499.720,-498.863
1.029,-0.000,0.562,-0.403,45.002,3.088,23.084,-0.300,-0.086,-0.300,-498.863,-499.720,-498.863
1.033,-0.000,0.562,-0.403,45.002,3.083,23.084,-0.300,-0.086,-0.300,-498.863,-499.721,-498.863
1.038,-0.000,0.562,-0.403,45.002,3.078,23.084,-0.300,-0.086,-0.300,-498.863,-499.721,-498.863
1.042,-0.000,0.562,-0.403,45.002,3.072,23.084,-0.300,-0.086,-0.300,-498.863,-499.721,-498.863
1.046,-0.000,0.562,-0.403,45.002,3.067,23.084,-0.300,-0.086,-0.300,-498.863,-499.721,-498.863
1.050,-0.000,0.562,-0.403,45.002,3.062,23.084,-0.300,-0.086,-0.300,-498.863,-499.721,-498.863
1.054,-0.000,0.562,-0.403,45.002,3.057,23.084,-0.300,-0.086,-0.300,-498.863,-499.721,-498.863
1.058,-0.000,0.562,-0.403,45.002,3.052,23.084,-0.300,-0.086,-0.300,-498.863,-499.721,-498.863
1.062,-0.000,0.562,-0.403,45.002,3.047,23.084,-0.300,-0.086,-0.300,-498.863,-499.722,-498.863
1.067,-0.000,0.562,-0.403,45.002,3.042,23.084,-0.300,-0.086,-0.300,-498.863,-499.722,-498.863
1.071,-0.000,0.562,-0.403,45.002,3.037,23.084,-0.300,-0.086,-0.300,-498.863,-499.722,-498.863
1.075,-0.000,0.563,-0.403,45.002,3.033,23.084,-0.300,-0.086,-0.300,-498.863,-499.722,-498.863
1.079,-0.000,0.563,-0.403,45.002,3.028,23.084,-0.300,-0.085,-0.300,-498.863,-499.722,-498.863
1.083,-0.000,0.563,-0.403,45.002,3.023,23.085,-0.300,-0.085,-0.300,-498.863,-499.722,-498.863
1.087,-0.000,0.563,-0.403,45.002,3.018,23.085,-0.300,-0.085,-0.300,-498.863,-499.722,-498.863
1.092,-0.000,0.563,-0.403,45.002,3.013,23.085,-0.300,-0.085,-0.300,-498.863,-499.722,-498.863
1.096,-0.000,0.563,-0.403,45.002,3.009,23.085,-0.300,-0.085,-0.300,-498.863,-499.723,-498.863
1.100,-0.000,0.563,-0.403,45.002,3.004,23.085,-0.300,-0.085,-0.300,-498.863,-499.723,-498.863
1.104,-0.000,0.563,-0.403,45.002,2.999,23.085,-0.300,-0.085,-0.300,-498.863,-499.723,-498.863
1.108,-0.000,0.563,-0.403,45.002,2.995,23.085,-0.300,-0.085,-0.300,-498.863,-499.723,-498.863
1.113,-0.000,0.563,-0.403,45.002,2.990,23.085,-0.300,-0.085,-0.300,-498.863,-499.723,-498.863
1.117,-0.000,0.563,-0.403,45.002,2.986,23.085,-0.300,-0.085,-0.300,-498.863,-499.723,-498.863
1.121,-0.000,0.563,-0.403,45.002,2.981,23.085,-0.300,-0.085,-0.300,-498.863,-499.723,-498.863
1.125,-0.000,0.564,-0.403,45.002,2.977,23.085,-0.300,-0.085,-0.300,-498.863,-499.723,-498.863
1.129,-0.000,0.564,-0.403,45.002,2.972,23.085,-0.300,-0.085,-0.300,-498.863,-499.724,-498.863
1.133,-0.000,0.564,-0.403,45.002,2.968,23.085,-0.300,-0.085,-0.300,-498.863,-499.724,-498.863
1.137,-0.000,0.564,-0.403,45.002,2.963,23.085,-0.300,-0.085,-0.300,-498.863,-499.724,-498.863
1.142,-0.000,0.564,-0.403,45.002,2.959,23.085,-0.300,-0.085,-0.300,-498.863,-499.724,-498.863
1.146,-0.000,0.564,-0.403,45.002,2.955,23.085,-0.300,-0.085,-0.300,-498.863,-499.724,-498.863
1.150,-0.000,0.564,-0.403,45.002,2.950,23.085,-0.300,-0.085,-0.300,-498.863,-499.724,-498.863
1.154,-0.000,0.564,-0.403,45.002,2.946,23.085,-0.300,-0.085,-0.300,-498.863,-499.724,-498.863
1.158,-0.000,0.564,-0.403,45.002,2.942,23.085,-0.300,-0.085,-0.300,-498.863,-499.724,-498.863
1.163,-0.000,0.564,-0.403,45.002,2.938,23.085,-0.300,-0.085,-0.300,-498.863,-499.725,-498.863
1.167,-0.000,0.564,-0.403,45.002,2.933,23.085,-0.300,-0.085,-0.300,-498.863,-499.725,-498.863
1.171,-0.000,0.564,-0.403,45.002,2.929,23.085,-0.300,-0.085,-0.300,-498.863,-499.725,-498.863
1.175,-0.000,0.564,-0.403,45.002,2.925,23.085,-0.300,-0.085,-0.300,-498.863,-499.725,-498.863
1.179,-0.000,0.564,-0.403,45.002,2.921,23.086,-0.300,-0.085,-0.300,-498.863,-499.725,-498.863
1.183,-0.000,0.565,-0.403,45.002,2.917,23.086,-0.300,-0.085,-0.300,-498.863,-499.725,-498.863
1.188,-0.000,0.565,-0.403,45.002,2.913,23.086,-0.300,-0.085,-0.300,-498.863,-499.725,-498.863
1.192,-0.000,0.565,-0.403,45.002,2.909,23.086,-0.300,-0.085,-0.300,-498.863,-499.725,-498.863
1.196,-0.000,0.565,-0.403,45.002,2.905,23.086,-0.300,-0.085,-0.300,-498.863,-499.725,-498.863
1.200,-0.000,0.565,-0.403,45.002,2.901,23.086,-0.300,-0.085,-0.300,-498.863,-499.726,-498.863
1.204,-0.000,0.565,-0.403,45.002,2.897,23.086,-0.300,-0.085,-0.300,-498.863,-499.726,-498.863
1.208,-0.000,0.565,-0.403,45.002,2.893,23.086,-0.300,-0.085,-0.300,-498.863,-499.726,-498.863
1.212,-0.000,0.565,-0.403,45.002,2.889,23.086,-0.300,-0.085,-0.300,-498.863,-499.726,-498.863
1.217,-0.000,0.565,-0.403,45.002,2.885,23.086,-0.300,-0.084,-0.300,-498.863,-499.726,-498.863
1.221,-0.000,0.565,-0.403,45.002,2.881,23.086,-0.300,-0.084,-0.300,-498.863,-499.726,-498.863
1.225,-0.000,0.565,-0.403,45.002,2.878,23.086,-0.300,-0.084,-0.300,-498.863,-499.726,-498.863
1.229,-0.000,0.565,-0.403,45.002,2.874,23.086,-0.300,-0.084,-0.300,-498.863,-499.726,-498.863
1.233,-0.000,0.565,-0.403,45.002,2.870,23.086,-0.300,-0.084,-0.300,-498.863,-499.726,-498.863
1.238,-0.000,0.565,-0.403,45.002,2.866,23.086,-0.300,-0.084,-0.300,-498.863,-499.727,-498.863
1.242,-0.000,0.566,-0.403,45.002,2.863,23.086,-0.300,-0.084,-0.300,-498.863,-499.727,-498.863
1.246,-0.000,0.566,-0.403,45.002,2.859,23.086,-0.300,-0.084,-0.300,-498.863,-499.727,-498.863
1.250,-0.000,0.566,-0.403,45.002,2.855,23.086,-0.300,-0.084,-0.300,-498.863,-499.727,-498.863
1.254,-0.000,0.566,-0.403,45.002,2.852,23.086,-0.300,-0.084,-0.300,-498.863,-499.727,-498.863
1.258,-0.000,0.566,-0.403,45.002,2.848,23.086,-0.300,-0.084,-0.300,-498.863,-499.727,-498.863
1.262,-0.000,0.566,-0.403,45.002,2.844,23.086,-0.300,-0.084,-0.300,-498.863,-499.727,-498.863
1.267,-0.000,0.566,-0.403,45.002,2.841,23.086,-0.300,-0.084,-0.300,-498.863,-499.727,-498.863
1.271,-0.000,0.566,-0.403,45.002,2.837,23.086,-0.300,-0.084,-0.300,-498.863,-499.727,-498.863
1.275,-0.000,0.566,-0.403,45.002,2.834,23.087,-0.300,-0.084,-0.300,-498.863,-499.727,-498.863
1.279,-0.000,0.566,-0.403,45.002,2.830,23.087,-0.300,-0.084,-0.300,-498.863,-499.728,-498.863
1.283,-0.000,0.566,-0.403,45.002,2.827,23.087,-0.300,-0.084,-0.300,-498.863,-499.728,-498.863
1.288,-0.000,0.566,-0.403,45.002,2.823,23.087,-0.300,-0.084,-0.300,-498.863,-499.728,-498.863
1.292,-0.000,0.566,-0.403,45.002,2.820,23.087,-0.300,-0.084,-0.300,-498.863,-499.728,-498.863
1.296,-0.000,0.566,-0.403,45.002,2.816,23.087,-0.300,-0.084,-0.300,-498.863,-499.728,-498.863
1.300,-0.000,0.566,-0.403,45.002,2.813,23.087,-0.300,-0.084,-0.300,-498.863,-499.728,-498.862
1.304,-0.000,0.566,-0.403,45.002,2.810,23.087,-0.300,-0.084,-0.300,-498.862,-499.728,-498.862
1.308,-0.000,0.567,-0.403,45.002,2.806,23.087,-0.300,-0.084,-0.300,-498.862,-499.728,-498.862
1.312,-0.000,0.567,-0.403,45.002,2.803,23.087,-0.300,-0.084,-0.300,-498.862,-499.728,-498.862
1.317,-0.000,0.567,-0.403,45.002,2.800,23.087,-0.300,-0.084,-0.300,-498.862,-499.728,-498.862
1.321,-0.000,0.567,-0.403,45.002,2.796,23.087,-0.300,-0.084,-0.300,-498.862,-499.728,-498.862
1.325,-0.000,0.567,-0.403,45.002,2.793,23.087,-0.300,-0.084,-0.300,-498.862,-499.729,-498.862
1.329,-0.000,0.567,-0.403,45.002,2.790,23.087,-0.300,-0.084,-0.300,-498.862,-499.729,-498.862
1.333,-0.000,0.567,-0.403,45.002,2.787,23.087,-0.300,-0.084,-0.300,-498.862,-499.729,-498.862
1.337,-0.000,0.567,-0.403,45.002,2.783,23.087,-0.300,-0.084,-0.300,-498.862,-499.729,-498.862
1.342,-0.000,0.567,-0.403,45.002,2.780,23.087,-0.300,-0.084,-0.300,-498.862,-499.729,-498.862
1.346,-0.000,0.567,-0.403,45.002,2.777,23.087,-0.300,-0.084,-0.300,-498.862,-499.729,-498.862
1.350,-0.000,0.567,-0.403,45.002,2.774,23.087,-0.300,-0.084,-0.300,-498.862,-499.729,-498.862
1.354,-0.000,0.567,-0.403,45.002,2.771,23.087,-0.300,-0.084,-0.300,-498.862,-499.729,-498.862
1.358,-0.000,0.567,-0.403,45.002,2.768,23.087,-0.300,-0.084,-0.300,-498.862,-499.729,-498.862
1.363,-0.000,0.567,-0.403,45.002,2.765,23.087,-0.300,-0.084,-0.300,-498.862,-499.729,-498.862
1.367,-0.000,0.567,-0.403,45.002,2.762,23.087,-0.300,-0.084,-0.300,-498.862,-499.729,-498.862
1.371,-0.000,0.567,-0.403,45.002,2.759,23.087,-0.300,-0.084,-0.300,-498.862,-499.729,-498.862
1.375,-0.000,0.567,-0.403,45.002,2.756,23.088,-0.300,-0.084,-0.300,-498.862,-499.730,-498.862
1.379,-0.000,0.567,-0.403,45.002,2.753,23.088,-0.300,-0.084,-0.300,-498.862,-499.730,-498.862
1.383,-0.000,0.567,-0.403,45.002,2.750,23.088,-0.300,-0.084,-0.300,-498.862,-499.730,-498.862
1.387,-0.000,0.568,-0.403,45.002,2.747,23.088,-0.300,-0.084,-0.300,-498.862,-499.730,-498.862
1.392,-0.000,0.568,-0.403,45.002,2.744,23.088,-0.300,-0.084,-0.300,-498.862,-499.730,-498.862
1.396,-0.000,0.568,-0.403,45.002,2.741,23.088,-0.300,-0.083,-0.300,-498.862,-499.730,-498.862
1.400,-0.000,0.568,-0.403,45.002,2.738,23.088,-0.300,-0.083,-0.300,-498.862,-499.730,-498.862
1.404,-0.000,0.568,-0.403,45.002,2.735,23.088,-0.300,-0.083,-0.300,-498.862,-499.730,-498.862
1.408,-0.000,0.568,-0.403,45.002,2.732,23.088,-0.300,-0.083,-0.300,-498.862,-499.730,-498.862
1.413,-0.000,0.568,-0.403,45.002,2.729,23.088,-0.300,-0.083,-0.300,-498.862,-499.730,-498.862
1.417,-0.000,0.568,-0.403,45.002,2.727,23.088,-0.300,-0.083,-0.300,-498.862,-499.730,-498.862
1.421,-0.000,0.568,-0.403,45.002,2.724,23.088,-0.300,-0.083,-0.300,-498.862,-499.730,-498.862
1.425,-0.000,0.568,-0.403,45.002,2.721,23.088,-0.300,-0.083,-0.300,-498.862,-499.730,-498.862
1.429,-0.000,0.568,-0.403,45.002,2.718,23.088,-0.300,-0.083,-0.300,-498.862,-499.731,-498.862
1.433,-0.000,0.568,-0.403,45.002,2.716,23.088,-0.300,-0.083,-0.300,-498.862,-499.731,-498.862
1.438,-0.000,0.568,-0.403,45.002,2.713,23.088,-0.300,-0.083,-0.300,-498.862,-499.731,-498.862
1.442,-0.000,0.568,-0.403,45.002,2.710,23.088,-0.300,-0.083,-0.300,-498.862,-499.731,-498.862
1.446,-0.000,0.568,-0.403,45.002,2.707,23.088,-0.300,-0.083,-0.300,-498.862,-499.731,-498.862
1.450,-0.000,0.568,-0.403,45.002,2.705,23.088,-0.300,-0.083,-0.300,-498.862,-499.731,-498.862
1.454,-0.000,0.568,-0.403,45.002,2.702,23.088,-0.300,-0.083,-0.300,-498.862,-499.731,-498.862
1.458,-0.000,0.568,-0.403,45.002,2.699,23.088,-0.300,-0.083,-0.300,-498.862,-499.731,-498.862
1.462,-0.000,0.568,-0.403,45.002,2.697,23.088,-0.300,-0.083,-0.300,-498.862,-499.731,-498.862
1.467,-0.000,0.568,-0.403,45.002,2.694,23.088,-0.300,-0.083,-0.300,-498.862,-499.731,-498.862
1.471,-0.000,0.569,-0.403,45.002,2.692,23.089,-0.300,-0.083,-0.300,-498.862,-499.731,-498.862
1.475,-0.000,0.569,-0.403,45.002,2.689,23.089,-0.300,-0.083,-0.300,-498.862,-499.731,-498.862
1.479,-0.000,0.569,-0.403,45.002,2.687,23.089,-0.300,-0.083,-0.300,-498.862,-499.731,-498.862
1.483,-0.000,0.569,-0.403,45.002,2.684,23.089,-0.300,-0.083,-0.300,-498.862,-499.732,-498.862
1.488,-0.000,0.569,-0.403,45.002,2.681,23.089,-0.300,-0.083,-0.300,-498.862,-499.732,-498.862
1.492,-0.000,0.569,-0.403,45.002,2.679,23.089,-0.300,-0.083,-0.300,-498.862,-499.732,-498.862
1.496,-0.000,0.569,-0.403,45.002,2.677,23.089,-0.300,-0.083,-0.300,-498.862,-499.732,-498.862
1.500,-0.000,0.569,-0.403,45.002,2.674,23.089,-0.300,-0.083,-0.300,-498.862,-499.732,-498.862
1.504,-0.000,0.569,-0.403,45.002,2.672,23.089,-0.300,-0.083,-0.300,-498.862,-499.732,-498.862
1.508,-0.000,0.569,-0.403,45.002,2.669,23.089,-0.300,-0.083,-0.300,-498.862,-499.732,-498.862
1.512,-0.000,0.569,-0.403,45.002,2.667,23.089,-0.300,-0.083,-0.300,-498.862,-499.732,-498.862
1.517,-0.000,0.569,-0.403,45.002,2.664,23.089,-0.300,-0.083,-0.300,-498.862,-499.732,-498.862
1.521,-0.000,0.569,-0.403,45.002,2.662,23.089,-0.300,-0.083,-0.300,-498.862,-499.732,-498.862
1.525,-0.000,0.569,-0.403,45.002,2.660,23.089,-0.300,-0.083,-0.300,-498.862,-499.732,-498.862
1.529,-0.000,0.569,-0.403,45.002,2.657,23.089,-0.300,-0.083,-0.300,-498.862,-499.732,-498.862
1.533,-0.000,0.569,-0.403,45.002,2.655,23.089,-0.300,-0.083,-0.300,-498.862,-499.732,-498.862
1.538,-0.000,0.569,-0.403,45.002,2.653,23.089,-0.300,-0.083,-0.300,-498.862,-499.732,-498.862
1.542,-0.000,0.569,-0.403,45.002,2.650,23.089,-0.300,-0.083,-0.300,-498.862,-499.732,-498.862
1.546,-0.000,0.569,-0.403,45.002,2.648,23.089,-0.300,-0.083,-0.300,-498.862,-499.733,-498.862
1.550,-0.000,0.569,-0.403,45.002,2.646,23.089,-0.300,-0.083,-0.300,-498.862,-499.733,-498.862
1.554,-0.000,0.569,-0.403,45.002,2.643,23.089,-0.300,-0.083,-0.300,-498.862,-499.733,-498.862
1.558,-0.000,0.569,-0.403,45.002,2.641,23.089,-0.300,-0.083,-0.300,-498.862,-499.733,-498.862
1.562,-0.000,0.569,-0.403,45.002,2.639,23.089,-0.300,-0.083,-0.300,-498.862,-499.733,-498.862
1.567,-0.000,0.569,-0.403,45.002,2.637,23.090,-0.300,-0.083,-0.300,-498.862,-499.733,-498.862
1.571,-0.000,0.569,-0.403,45.002,2.635,23.090,-0.300,-0.083,-0.300,-498.862,-499.733,-498.862
1.575,-0.000,0.570,-0.403,45.002,2.632,23.090,-0.300,-0.083,-0.300,-498.862,-499.733,-498.862
1.579,-0.000,0.570,-0.403,45.002,2.630,23.090,-0.300,-0.083,-0.300,-498.862,-499.733,-498.862
1.583,-0.000,0.570,-0.403,45.002,2.628,23.090,-0.300,-0.083,-0.300,-498.862,-499.733,-498.862
1.587,-0.000,0.570,-0.403,45.002,2.626,23.090,-0.300,-0.083,-0.300,-498.862,-499.733,-498.862
1.592,-0.000,0.570,-0.403,45.002,2.624,23.090,-0.300,-0.083,-0.300,-498.862,-499.733,-498.862
1.596,-0.000,0.570,-0.403,45.002,2.622,23.090,-0.300,-0.083,-0.300,-498.862,-499.733,-498.862
1.600,-0.000,0.570,-0.403,45.002,2.620,23.090,-0.300,-0.083,-0.300,-498.862,-499.733,-498.862
1.604,-0.000,0.570,-0.403,45.002,2.617,23.090,-0.300,-0.083,-0.300,-498.862,-499.733,-498.862
1.608,-0.000,0.570,-0.403,45.002,2.615,23.090,-0.300,-0.083,-0.300,-498.862,-499.733,-498.862
1.613,-0.000,0.570,-0.403,45.002,2.613,23.090,-0.300,-0.083,-0.300,-498.862,-499.733,-498.862
1.617,-0.000,0.570,-0.403,45.002,2.611,23.090,-0.300,-0.083,-0.300,-498.862,-499.734,-498.862
1.621,-0.000,0.570,-0.403,45.002,2.609,23.090,-0.300,-0.083,-0.300,-498.862,-499.734,-498.862
1.625,-0.000,0.570,-0.403,45.002,2.607,23.090,-0.300,-0.083,-0.300,-498.862,-499.734,-498.862
1.629,-0.000,0.570,-0.403,45.002,2.605,23.090,-0.300,-0.083,-0.300,-498.862,-499.734,-498.862
1.633,-0.000,0.570,-0.403,45.002,2.603,23.090,-0.300,-0.083,-0.300,-498.862,-499.734,-498.862
1.637,-0.000,0.570,-0.403,45.002,2.601,23.090,-0.300,-0.083,-0.300,-498.862,-499.734,-498.862
1.642,-0.000,0.570,-0.403,45.002,2.599,23.090,-0.300,-0.083,-0.300,-498.862,-499.734,-498.862
1.646,-0.000,0.570,-0.403,45.002,2.597,23.090,-0.300,-0.082,-0.300,-498.862,-499.734,-498.862
1.650,-0.000,0.570,-0.403,45.002,2.595,23.090,-0.300,-0.082,-0.300,-498.862,-499.734,-498.862
1.654,-0.000,0.570,-0.403,45.002,2.594,23.090,-0.300,-0.082,-0.300,-498.862,-499.734,-498.862
1.658,-0.000,0.570,-0.403,45.002,2.592,23.090,-0.300,-0.082,-0.300,-498.862,-499.734,-498.862
1.662,-0.000,0.570,-0.403,45.002,2.590,23.090,-0.300,-0.082,-0.300,-498.862,-499.734,-498.862
1.667,-0.000,0.570,-0.403,45.002,2.588,23.091,-0.300,-0.082,-0.300,-498.862,-499.734,-498.862
1.671,-0.000,0.570,-0.403,45.002,2.586,23.091,-0.300,-0.082,-0.300,-498.862,-499.734,-498.862
1.675,-0.000,0.570,-0.403,45.002,2.584,23.091,-0.300,-0.082,-0.300,-498.862,-499.734,-498.862
1.679,-0.000,0.570,-0.403,45.002,2.582,23.091,-0.300,-0.082,-0.300,-498.862,-499.734,-498.862
1.683,-0.000,0.570,-0.403,45.002,2.580,23.091,-0.300,-0.082,-0.300,-498.862,-499.734,-498.862
1.688,-0.000,0.570,-0.403,45.002,2.579,23.091,-0.300,-0.082,-0.300,-498.862,-499.734,-498.862
1.692,-0.000,0.571,-0.403,45.002,2.577,23.091,-0.300,-0.082,-0.300,-498.862,-499.734,-498.862
1.696,-0.000,0.571,-0.403,45.002,2.575,23.091,-0.300,-0.082,-0.300,-498.862,-499.735,-498.862
1.700,-0.000,0.571,-0.403,45.002,2.573,23.091,-0.300,-0.082,-0.300,-498.862,-499.735,-498.862
1.704,-0.000,0.571,-0.403,45.002,2.571,23.091,-0.300,-0.082,-0.300,-498.862,-499.735,-498.862
1.708,-0.000,0.571,-0.403,45.002,2.570,23.091,-0.300,-0.082,-0.300,-498.862,-499.735,-498.862
1.712,-0.000,0.571,-0.403,45.002,2.568,23.091,-0.300,-0.082,-0.300,-498.862,-499.735,-498.862
1.717,-0.000,0.571,-0.403,45.002,2.566,23.091,-0.300,-0.082,-0.300,-498.862,-499.735,-498.862
1.721,-0.000,0.571,-0.403,45.002,2.564,23.091,-0.300,-0.082,-0.300,-498.862,-499.735,-498.862
1.725,-0.000,0.571,-0.403,45.002,2.563,23.091,-0.300,-0.082,-0.300,-498.862,-499.735,-498.862
1.729,-0.000,0.571,-0.403,45.002,2.561,23.091,-0.300,-0.082,-0.300,-498.862,-499.735,-498.862
1.733,-0.000,0.571,-0.403,45.002,2.559,23.091,-0.300,-0.082,-0.300,-498.862,-499.735,-498.862
1.738,-0.000,0.571,-0.403,45.002,2.558,23.091,-0.300,-0.082,-0.300,-498.862,-499.735,-498.862
1.742,-0.000,0.571,-0.403,45.002,2.556,23.091,-0.300,-0.082,-0.300,-498.862,-499.735,-498.862
1.746,-0.000,0.571,-0.403,45.002,2.554,23.091,-0.300,-0.082,-0.300,-498.862,-499.735,-498.862
1.750,-0.000,0.571,-0.403,45.002,2.553,23.091,-0.300,-0.082,-0.300,-498.862,-499.735,-498.862
1.754,-0.000,0.571,-0.403,45.002,2.551,23.091,-0.300,-0.082,-0.300,-498.862,-499.735,-498.862
1.758,-0.000,0.571,-0.403,45.002,2.549,23.091,-0.300,-0.082,-0.300,-498.862,-499.735,-498.862
1.762,-0.000,0.571,-0.403,45.002,2.548,23.092,-0.300,-0.082,-0.300,-498.862,-499.735,-498.862
1.767,-0.000,0.571,-0.403,45.002,2.546,23.092,-0.300,-0.082,-0.300,-498.862,-499.735,-498.862
1.771,-0.000,0.571,-0.403,45.002,2.544,23.092,-0.300,-0.082,-0.300,-498.862,-499.735,-498.862
1.775,-0.000,0.571,-0.403,45.002,2.543,23.092,-0.300,-0.082,-0.300,-498.862,-499.735,-498.862
1.779,-0.000,0.571,-0.403,45.002,2.541,23.092,-0.300,-0.082,-0.300,-498.862,-499.735,-498.862
1.783,-0.000,0.571,-0.403,45.002,2.540,23.092,-0.300,-0.082,-0.300,-498.862,-499.735,-498.862
1.787,-0.000,0.571,-0.403,45.002,2.538,23.092,-0.300,-0.082,-0.300,-498.862,-499.736,-498.862
1.792,-0.000,0.571,-0.403,45.002,2.537,23.092,-0.300,-0.082,-0.300,-498.862,-499.736,-498.862
1.796,-0.000,0.571,-0.403,45.002,2.535,23.092,-0.300,-0.082,-0.300,-498.862,-499.736,-498.862
1.800,-0.000,0.571,-0.403,45.002,2.534,23.092,-0.300,-0.082,-0.300,-498.862,-499.736,-498.862
1.804,-0.000,0.571,-0.403,45.002,2.532,23.092,-0.300,-0.082,-0.300,-498.862,-499.736,-498.862
1.808,-0.000,0.571,-0.403,45.002,2.531,23.092,-0.300,-0.082,-0.300,-498.862,-499.736,-498.862
1.812,-0.000,0.571,-0.403,45.002,2.529,23.092,-0.300,-0.082,-0.300,-498.862,-499.736,-498.862
1.817,-0.000,0.571,-0.403,45.002,2.528,23.092,-0.300,-0.082,-0.300,-498.862,-499.736,-498.862
1.821,-0.000,0.571,-0.403,45.002,2.526,23.092,-0.300,-0.082,-0.300,-498.862,-499.736,-498.862
1.825,-0.000,0.571,-0.403,45.002,2.525,23.092,-0.300,-0.082,-0.300,-498.862,-499.736,-498.862
1.829,-0.000,0.571,-0.403,45.002,2.523,23.092,-0.300,-0.082,-0.300,-498.862,-499.736,-498.862
1.833,-0.000,0.571,-0.403,45.002,2.522,23.092,-0.300,-0.082,-0.300,-498.862,-499.736,-498.862
1.837,-0.000,0.571,-0.403,45.002,2.520,23.092,-0.300,-0.082,-0.300,-498.862,-499.736,-498.862
1.842,-0.000,0.572,-0.403,45.002,2.519,23.092,-0.300,-0.082,-0.300,-498.862,-499.736,-498.862
1.846,-0.000,0.572,-0.403,45.002,2.517,23.092,-0.300,-0.082,-0.300,-498.862,-499.736,-498.862
1.850,-0.000,0.572,-0.403,45.002,2.516,23.092,-0.300,-0.082,-0.300,-498.862,-499.736,-498.862
1.854,-0.000,0.572,-0.403,45.002,2.515,23.092,-0.300,-0.082,-0.300,-498.862,-499.736,-498.862
1.858,-0.000,0.572,-0.403,45.002,2.513,23.093,-0.300,-0.082,-0.300,-498.862,-499.736,-498.862
1.863,-0.000,0.572,-0.403,45.002,2.512,23.093,-0.300,-0.082,-0.300,-498.862,-499.736,-498.862
1.867,-0.000,0.572,-0.403,45.002,2.511,23.093,-0.300,-0.082,-0.300,-498.862,-499.736,-498.862
1.871,-0.000,0.572,-0.403,45.002,2.509,23.093,-0.300,-0.082,-0.300,-498.862,-499.736,-498.862
1.875,-0.000,0.572,-0.403,45.002,2.508,23.093,-0.300,-0.082,-0.300,-498.862,-499.736,-498.862
1.879,-0.000,0.572,-0.403,45.002,2.506,23.093,-0.300,-0.082,-0.300,-498.862,-499.736,-498.862
1.883,-0.000,0.572,-0.403,45.002,2.505,23.093,-0.300,-0.082,-0.300,-498.862,-499.736,-498.862
1.887,-0.000,0.572,-0.403,45.002,2.504,23.093,-0.300,-0.082,-0.300,-498.862,-499.736,-498.862
1.892,-0.000,0.572,-0.403,45.002,2.502,23.093,-0.300,-0.082,-0.300,-498.862,-499.736,-498.862
1.896,-0.000,0.572,-0.403,45.002,2.501,23.093,-0.300,-0.082,-0.300,-498.862,-499.737,-498.862
1.900,-0.000,0.572,-0.403,45.002,2.500,23.093,-0.300,-0.082,-0.300,-498.862,-499.737,-498.862
1.904,-0.000,0.572,-0.403,45.002,2.499,23.093,-0.300,-0.082,-0.300,-498.862,-499.737,-498.862
1.908,-0.000,0.572,-0.403,45.002,2.497,23.093,-0.300,-0.082,-0.300,-498.862,-499.737,-498.862
1.912,-0.000,0.572,-0.403,45.002,2.496,23.093,-0.300,-0.082,-0.300,-498.862,-499.737,-498.862
1.917,-0.000,0.572,-0.403,45.002,2.495,23.093,-0.300,-0.082,-0.300,-498.862,-499.737,-498.862
1.921,-0.000,0.572,-0.403,45.002,2.493,23.093,-0.300,-0.082,-0.300,-498.862,-499.737,-498.862
1.925,-0.000,0.572,-0.403,45.002,2.492,23.093,-0.300,-0.082,-0.300,-498.862,-499.737,-498.862
1.929,-0.000,0.572,-0.403,45.002,2.491,23.093,-0.300,-0.082,-0.300,-498.862,-499.737,-498.862
1.933,-0.000,0.572,-0.403,45.002,2.490,23.093,-0.300,-0.082,-0.300,-498.862,-499.737,-498.862
1.938,-0.000,0.572,-0.403,45.002,2.489,23.093,-0.300,-0.082,-0.300,-498.862,-499.737,-498.862
1.942,-0.000,0.572,-0.403,45.002,2.487,23.093,-0.300,-0.082,-0.300,-498.862,-499.737,-498.862
1.946,-0.000,0.572,-0.403,45.002,2.486,23.093,-0.300,-0.082,-0.300,-498.862,-499.737,-498.862
1.950,-0.000,0.572,-0.403,45.002,2.485,23.093,-0.300,-0.082,-0.300,-498.862,-499.737,-498.862
1.954,-0.000,0.572,-0.403,45.002,2.484,23.094,-0.300,-0.082,-0.300,-498.862,-499.737,-498.862
1.958,-0.000,0.572,-0.403,45.002,2.483,23.094,-0.300,-0.082,-0.300,-498.862,-499.737,-498.862
1.962,-0.000,0.572,-0.403,45.002,2.481,23.094,-0.300,-0.082,-0.300,-498.862,-499.737,-498.862
1.967,-0.000,0.572,-0.403,45.002,2.480,23.094,-0.300,-0.082,-0.300,-498.862,-499.737,-498.862
1.971,-0.000,0.572,-0.403,45.002,2.479,23.094,-0.300,-0.082,-0.300,-498.862,-499.737,-498.862
1.975,-0.000,0.572,-0.403,45.002,2.478,23.094,-0.300,-0.082,-0.300,-498.862,-499.737,-498.862
1.979,-0.000,0.572,-0.403,45.002,2.477,23.094,-0.300,-0.082,-0.300,-498.862,-499.737,-498.862
1.983,-0.000,0.572,-0.403,45.002,2.476,23.094,-0.300,-0.082,-0.300,-498.862,-499.737,-498.862
1.988,-0.000,0.572,-0.403,45.002,2.474,23.094,-0.300,-0.082,-0.300,-498.862,-499.737,-498.862
1.992,-0.000,0.572,-0.403,45.002,2.473,23.094,-0.300,-0.082,-0.300,-498.862,-499.737,-498.862
1.996,-0.000,0.572,-0.403,45.002,2.472,23.094,-0.300,-0.082,-0.300,-498.862,-499.737,-498.862
2.000,-0.000,0.572,-0.403,45.002,2.471,23.094,-0.300,-0.082,-0.300,-498.862,-499.737,-498.862
2.004,-0.000,0.572,-0.403,45.002,2.470,23.094,-0.300,-0.082,-0.300,-498.862,-499.737,-498.862
2.008,-0.000,0.572,-0.403,45.002,2.469,23.094,-0.300,-0.082,-0.300,-498.862,-499.737,-498.862
2.013,-0.000,0.572,-0.403,45.002,2.468,23.094,-0.300,-0.082,-0.300,-498.862,-499.737,-498.862
2.017,-0.000,0.572,-0.403,45.002,2.467,23.094,-0.300,-0.082,-0.300,-498.862,-499.737,-498.862
2.021,-0.000,0.572,-0.403,45.002,2.466,23.094,-0.300,-0.082,-0.300,-498.862,-499.738,-498.862
2.025,-0.000,0.572,-0.403,45.002,2.465,23.094,-0.300,-0.082,-0.300,-498.862,-499.738,-498.862
2.029,-0.000,0.572,-0.403,45.002,2.464,23.094,-0.300,-0.082,-0.300,-498.862,-499.738,-498.862
2.033,-0.000,0.573,-0.403,45.002,2.463,23.094,-0.300,-0.082,-0.300,-498.862,-499.738,-498.862
2.038,-0.000,0.573,-0.403,45.002,2.461,23.094,-0.300,-0.082,-0.300,-498.862,-499.738,-498.862
2.042,-0.000,0.573,-0.403,45.002,2.460,23.094,-0.300,-0.082,-0.300,-498.862,-499.738,-498.862
2.046,-0.000,0.573,-0.403,45.002,2.459,23.094,-0.300,-0.082,-0.300,-498.862,-499.738,-498.862
2.050,-0.000,0.573,-0.403,45.002,2.458,23.094,-0.300,-0.082,-0.300,-498.862,-499.738,-498.862
2.054,-0.000,0.573,-0.403,45.002,2.457,23.095,-0.300,-0.082,-0.300,-498.862,-499.738,-498.862
2.058,-0.000,0.573,-0.403,45.002,2.456,23.095,-0.300,-0.082,-0.300,-498.862,-499.738,-498.862
2.062,-0.000,0.573,-0.403,45.002,2.455,23.095,-0.300,-0.082,-0.300,-498.862,-499.738,-498.862
2.067,-0.000,0.573,-0.403,45.002,2.454,23.095,-0.300,-0.081,-0.300,-498.862,-499.738,-498.862
2.071,-0.000,0.573,-0.403,45.002,2.453,23.095,-0.300,-0.081,-0.300,-498.862,-499.738,-498.862
2.075,-0.000,0.573,-0.403,45.002,2.452,23.095,-0.300,-0.081,-0.300,-498.862,-499.738,-498.862
2.079,-0.000,0.573,-0.403,45.002,2.451,23.095,-0.300,-0.081,-0.300,-498.862,-499.738,-498.862
2.083,-0.000,0.573,-0.403,45.002,2.450,23.095,-0.300,-0.081,-0.300,-498.862,-499.738,-498.862
2.087,-0.000,0.573,-0.403,45.002,2.449,23.095,-0.300,-0.081,-0.300,-498.862,-499.738,-498.862
2.092,-0.000,0.573,-0.403,45.002,2.449,23.095,-0.300,-0.081,-0.300,-498.862,-499.738,-498.862
2.096,-0.000,0.573,-0.403,45.002,2.448,23.095,-0.300,-0.081,-0.300,-498.862,-499.738,-498.862
2.100,-0.000,0.573,-0.403,45.002,2.447,23.095,-0.300,-0.081,-0.300,-498.862,-499.738,-498.862
2.104,-0.000,0.573,-0.403,45.002,2.446,23.095,-0.300,-0.081,-0.300,-498.862,-499.738,-498.862
2.108,-0.000,0.573,-0.403,45.002,2.445,23.095,-0.300,-0.081,-0.300,-498.862,-499.738,-498.862
2.112,-0.000,0.573,-0.403,45.002,2.444,23.095,-0.300,-0.081,-0.300,-498.862,-499.738,-498.862
2.117,-0.000,0.573,-0.403,45.002,2.443,23.095,-0.300,-0.081,-0.300,-498.862,-499.738,-498.862
2.121,-0.000,0.573,-0.403,45.002,2.442,23.095,-0.300,-0.081,-0.300,-498.862,-499.738,-498.862
2.125,-0.000,0.573,-0.403,45.002,2.441,23.095,-0.300,-0.081,-0.300,-498.862,-499.738,-498.862
2.129,-0.000,0.573,-0.403,45.002,2.440,23.095,-0.300,-0.081,-0.300,-498.862,-499.738,-498.862
2.133,-0.000,0.573,-0.403,45.002,2.439,23.095,-0.300,-0.081,-0.300,-498.862,-499.738,-498.862
2.138,-0.000,0.573,-0.403,45.002,2.438,23.095,-0.300,-0.081,-0.300,-498.862,-499.738,-498.862
2.142,-0.000,0.573,-0.403,45.002,2.438,23.095,-0.300,-0.081,-0.300,-498.862,-499.738,-498.862
2.146,-0.000,0.573,-0.403,45.002,2.437,23.095,-0.300,-0.081,-0.300,-498.862,-499.738,-498.862
2.150,-0.000,0.573,-0.403,45.002,2.436,23.096,-0.300,-0.081,-0.300,-498.862,-499.738,-498.862
2.154,-0.000,0.573,-0.403,45.002,2.435,23.096,-0.300,-0.081,-0.300,-498.862,-499.738,-498.862
2.158,-0.000,0.573,-0.403,45.002,2.434,23.096,-0.300,-0.081,-0.300,-498.862,-499.738,-498.862
2.163,-0.000,0.573,-0.403,45.002,2.433,23.096,-0.300,-0.081,-0.300,-498.862,-499.738,-498.862
2.167,-0.000,0.573,-0.403,45.002,2.432,23.096,-0.300,-0.081,-0.300,-498.862,-499.738,-498.862
2.171,-0.000,0.573,-0.403,45.002,2.431,23.096,-0.300,-0.081,-0.300,-498.862,-499.738,-498.862
2.175,-0.000,0.573,-0.403,45.002,2.431,23.096,-0.300,-0.081,-0.300,-498.862,-499.738,-498.862
2.179,-0.000,0.573,-0.403,45.002,2.430,23.096,-0.300,-0.081,-0.300,-498.862,-499.738,-498.862
2.183,-0.000,0.573,-0.403,45.002,2.429,23.096,-0.300,-0.081,-0.300,-498.862,-499.739,-498.862
2.188,-0.000,0.573,-0.403,45.002,2.428,23.096,-0.300,-0.081,-0.300,-498.862,-499.739,-498.862
2.192,-0.000,0.573,-0.403,45.002,2.427,23.096,-0.300,-0.081,-0.300,-498.862,-499.739,-498.862
2.196,-0.000,0.573,-0.403,45.002,2.427,23.096,-0.300,-0.081,-0.300,-498.862,-499.739,-498.862
2.200,-0.000,0.573,-0.403,45.002,2.426,23.096,-0.300,-0.081,-0.300,-498.862,-499.739,-498.862
2.204,-0.000,0.573,-0.403,45.002,2.425,23.096,-0.300,-0.081,-0.300,-498.862,-499.739,-498.862
2.208,-0.000,0.573,-0.403,45.002,2.424,23.096,-0.300,-0.081,-0.300,-498.862,-499.739,-498.862
2.212,-0.000,0.573,-0.403,45.002,2.423,23.096,-0.300,-0.081,-0.300,-498.862,-499.739,-498.862
2.217,-0.000,0.573,-0.403,45.002,2.423,23.096,-0.300,-0.081,-0.300,-498.862,-499.739,-498.862
2.221,-0.000,0.573,-0.403,45.002,2.422,23.096,-0.300,-0.081,-0.300,-498.862,-499.739,-498.862
2.225,-0.000,0.573,-0.403,45.002,2.421,23.096,-0.300,-0.081,-0.300,-498.862,-499.739,-498.862
2.229,-0.000,0.573,-0.403,45.002,2.420,23.096,-0.300,-0.081,-0.300,-498.862,-499.739,-498.862
2.233,-0.000,0.573,-0.403,45.002,2.419,23.096,-0.300,-0.081,-0.300,-498.862,-499.739,-498.862
2.237,-0.000,0.573,-0.403,45.002,2.419,23.096,-0.300,-0.081,-0.300,-498.862,-499.739,-498.862
2.242,-0.000,0.573,-0.403,45.002,2.418,23.096,-0.300,-0.081,-0.300,-498.862,-499.739,-498.862
2.246,-0.000,0.573,-0.403,45.002,2.417,23.097,-0.300,-0.081,-0.300,-498.862,-499.739,-498.862
2.250,-0.000,0.573,-0.403,45.002,2.416,23.097,-0.300,-0.081,-0.300,-498.862,-499.739,-498.862
2.254,-0.000,0.573,-0.403,45.002,2.416,23.097,-0.300,-0.081,-0.300,-498.862,-499.739,-498.862
2.258,-0.000,0.573,-0.403,45.002,2.415,23.097,-0.300,-0.081,-0.300,-498.862,-499.739,-498.862
2.263,-0.000,0.573,-0.403,45.002,2.414,23.097,-0.300,-0.081,-0.300,-498.862,-499.739,-498.862
2.267,-0.000,0.573,-0.403,45.002,2.414,23.097,-0.300,-0.081,-0.300,-498.862,-499.739,-498.862
2.271,-0.000,0.573,-0.403,45.002,2.413,23.097,-0.300,-0.081,-0.300,-498.862,-499.739,-498.862
2.275,-0.000,0.573,-0.403,45.002,2.412,23.097,-0.300,-0.081,-0.300,-498.862,-499.739,-498.862
2.279,-0.000,0.573,-0.403,45.002,2.411,23.097,-0.300,-0.081,-0.300,-498.862,-499.739,-498.862
2.283,-0.000,0.573,-0.403,45.002,2.411,23.097,-0.300,-0.081,-0.300,-498.862,-499.739,-498.862
2.288,-0.000,0.573,-0.403,45.002,2.410,23.097,-0.300,-0.081,-0.300,-498.862,-499.739,-498.862
2.292,-0.000,0.573,-0.403,45.002,2.409,23.097,-0.300,-0.081,-0.300,-498.862,-499.739,-498.862
2.296,-0.000,0.573,-0.403,45.002,2.409,23.097,-0.300,-0.081,-0.300,-498.862,-499.739,-498.862
2.300,-0.000,0.573,-0.403,45.002,2.408,23.097,-0.300,-0.081,-0.300,-498.862,-499.739,-498.862
2.304,-0.000,0.573,-0.403,45.002,2.407,23.097,-0.300,-0.081,-0.300,-498.862,-499.739,-498.862
2.308,-0.000,0.573,-0.403,45.002,2.407,23.097,-0.300,-0.081,-0.300,-498.862,-499.739,-498.862
2.312,-0.000,0.573,-0.403,45.002,2.406,23.097,-0.300,-0.081,-0.300,-498.862,-499.739,-498.862
2.317,-0.000,0.574,-0.403,45.002,2.405,23.097,-0.300,-0.081,-0.300,-498.862,-499.739,-498.862
2.321,-0.000,0.574,-0.403,45.002,2.405,23.097,-0.300,-0.081,-0.300,-498.862,-499.739,-498.862
2.325,-0.000,0.574,-0.403,45.002,2.404,23.097,-0.300,-0.081,-0.300,-498.862,-499.739,-498.862
2.329,-0.000,0.574,-0.403,45.002,2.403,23.097,-0.300,-0.081,-0.300,-498.862,-499.739,-498.862
2.333,-0.000,0.574,-0.403,45.002,2.403,23.097,-0.300,-0.081,-0.300,-498.862,-499.739,-498.862
2.337,-0.000,0.574,-0.403,45.002,2.402,23.097,-0.300,-0.081,-0.300,-498.862,-499.739,-498.862
2.342,-0.000,0.574,-0.403,45.002,2.401,23.098,-0.300,-0.081,-0.300,-498.862,-499.739,-498.862
2.346,-0.000,0.574,-0.403,45.002,2.401,23.098,-0.300,-0.081,-0.300,-498.862,-499.739,-498.862
2.350,-0.000,0.574,-0.403,45.002,2.400,23.098,-0.300,-0.081,-0.300,-498.862,-499.739,-498.862
2.354,-0.000,0.574,-0.403,45.002,2.399,23.098,-0.300,-0.081,-0.300,-498.862,-499.739,-498.862
2.358,-0.000,0.574,-0.403,45.002,2.399,23.098,-0.300,-0.081,-0.300,-498.862,-499.739,-498.862
2.362,-0.000,0.574,-0.403,45.002,2.398,23.098,-0.300,-0.081,-0.300,-498.862,-499.739,-498.862
2.367,-0.000,0.574,-0.403,45.002,2.398,23.098,-0.300,-0.081,-0.300,-498.862,-499.739,-498.862
2.371,-0.000,0.574,-0.403,45.002,2.397,23.098,-0.300,-0.081,-0.300,-498.862,-499.739,-498.862
2.375,-0.000,0.574,-0.403,45.002,2.396,23.098,-0.300,-0.081,-0.300,-498.862,-499.739,-498.862
2.379,-0.000,0.574,-0.403,45.002,2.396,23.098,-0.300,-0.081,-0.300,-498.862,-499.739,-498.862
2.383,-0.000,0.574,-0.403,45.002,2.395,23.098,-0.300,-0.081,-0.300,-498.862,-499.739,-498.862
2.388,-0.000,0.574,-0.403,45.002,2.395,23.098,-0.300,-0.081,-0.300,-498.862,-499.739,-498.862
2.392,-0.000,0.574,-0.403,45.002,2.394,23.098,-0.300,-0.081,-0.300,-498.862,-499.739,-498.862
2.396,-0.000,0.574,-0.403,45.002,2.393,23.098,-0.300,-0.081,-0.300,-498.862,-499.739,-498.862
2.400,-0.000,0.574,-0.403,45.002,2.393,23.098,-0.300,-0.081,-0.300,-498.862,-499.740,-498.862
2.404,-0.000,0.574,-0.403,45.002,2.392,23.098,-0.300,-0.081,-0.300,-498.862,-499.740,-498.862
2.408,-0.000,0.574,-0.403,45.002,2.392,23.098,-0.300,-0.081,-0.300,-498.862,-499.740,-498.862
2.413,-0.000,0.574,-0.403,45.002,2.391,23.098,-0.300,-0.081,-0.300,-498.862,-499.740,-498.862
2.417,-0.000,0.574,-0.403,45.002,2.390,23.098,-0.300,-0.081,-0.300,-498.862,-499.740,-498.862
2.421,-0.000,0.574,-0.403,45.002,2.390,23.098,-0.300,-0.081,-0.300,-498.862,-499.740,-498.862
2.425,-0.000,0.574,-0.403,45.002,2.389,23.098,-0.300,-0.081,-0.300,-498.862,-499.740,-498.862
2.429,-0.000,0.574,-0.403,45.002,2.389,23.098,-0.300,-0.081,-0.300,-498.862,-499.740,-498.862
2.433,-0.000,0.574,-0.403,45.002,2.388,23.098,-0.300,-0.081,-0.300,-498.862,-499.740,-498.862
2.438,-0.000,0.574,-0.403,45.002,2.388,23.098,-0.300,-0.081,-0.300,-498.862,-499.740,-498.862
2.442,-0.000,0.574,-0.403,45.002,2.387,23.099,-0.300,-0.081,-0.300,-498.862,-499.740,-498.862
2.446,-0.000,0.574,-0.403,45.002,2.387,23.099,-0.300,-0.081,-0.300,-498.862,-499.740,-498.862
2.450,-0.000,0.574,-0.403,45.002,2.386,23.099,-0.300,-0.081,-0.300,-498.862,-499.740,-498.862
2.454,-0.000,0.574,-0.403,45.002,2.386,23.099,-0.300,-0.081,-0.300,-498.862,-499.740,-498.862
2.458,-0.000,0.574,-0.403,45.002,2.385,23.099,-0.300,-0.081,-0.300,-498.862,-499.740,-498.862
2.462,-0.000,0.574,-0.403,45.002,2.384,23.099,-0.300,-0.081,-0.300,-498.862,-499.740,-498.862
2.467,-0.000,0.574,-0.403,45.002,2.384,23.099,-0.300,-0.081,-0.300,-498.862,-499.740,-498.862
2.471,-0.000,0.574,-0.403,45.002,2.383,23.099,-0.300,-0.081,-0.300,-498.862,-499.740,-498.862
2.475,-0.000,0.574,-0.403,45.002,2.383,23.099,-0.300,-0.081,-0.300,-498.862,-499.740,-498.862
2.479,-0.000,0.574,-0.403,45.002,2.382,23.099,-0.300,-0.081,-0.300,-498.862,-499.740,-498.862
2.483,-0.000,0.574,-0.403,45.002,2.382,23.099,-0.300,-0.081,-0.300,-498.862,-499.740,-498.862
2.487,-0.000,0.574,-0.403,45.002,2.381,23.099,-0.300,-0.081,-0.300,-498.862,-499.740,-498.862
2.492,-0.000,0.574,-0.403,45.002,2.381,23.099,-0.300,-0.081,-0.300,-498.862,-499.740,-498.862
2.496,-0.000,0.574,-0.403,45.002,2.380,23.099,-0.300,-0.081,-0.300,-498.862,-499.740,-498.862
2.500,-0.000,0.574,-0.403,45.002,2.380,23.099,-0.300,-0.081,-0.300,-498.862,-499.740,-498.862
2.504,-0.000,0.574,-0.403,45.002,2.379,23.099,-0.300,-0.081,-0.300,-498.862,-499.740,-498.862
2.508,-0.000,0.574,-0.403,45.002,2.379,23.099,-0.300,-0.081,-0.300,-498.862,-499.740,-498.862
2.513,-0.000,0.574,-0.403,45.002,2.378,23.099,-0.300,-0.081,-0.300,-498.862,-499.740,-498.862
2.517,-0.000,0.574,-0.403,45.002,2.378,23.099,-0.300,-0.081,-0.300,-498.862,-499.740,-498.862
2.521,-0.000,0.574,-0.403,45.002,2.377,23.099,-0.300,-0.081,-0.300,-498.862,-499.740,-498.862
2.525,-0.000,0.574,-0.403,45.002,2.377,23.099,-0.300,-0.081,-0.300,-498.862,-499.740,-498.862
2.529,-0.000,0.574,-0.403,45.002,2.376,23.099,-0.300,-0.081,-0.300,-498.862,-499.740,-498.862
2.533,-0.000,0.574,-0.403,45.002,2.376,23.099,-0.300,-0.081,-0.300,-498.862,-499.740,-498.862
2.538,-0.000,0.574,-0.403,45.002,2.375,23.100,-0.300,-0.081,-0.300,-498.862,-499.740,-498.862
2.542,-0.000,0.574,-0.403,45.002,2.375,23.100,-0.300,-0.081,-0.300,-498.862,-499.740,-498.862
2.546,-0.000,0.574,-0.403,45.002,2.375,23.100,-0.300,-0.081,-0.300,-498.862,-499.740,-498.862
2.550,-0.000,0.574,-0.403,45.002,2.374,23.100,-0.300,-0.081,-0.300,-498.862,-499.740,-498.862
2.554,-0.000,0.574,-0.403,45.002,2.374,23.100,-0.300,-0.081,-0.300,-498.862,-499.740,-498.862
2.558,-0.000,0.574,-0.403,45.002,2.373,23.100,-0.300,-0.081,-0.300,-498.862,-499.740,-498.862
2.562,-0.000,0.574,-0.403,45.002,2.373,23.100,-0.300,-0.081,-0.300,-498.862,-499.740,-498.862
2.567,-0.000,0.574,-0.403,45.002,2.372,23.100,-0.300,-0.081,-0.300,-498.862,-499.740,-498.862
2.571,-0.000,0.574,-0.403,45.002,2.372,23.100,-0.300,-0.081,-0.300,-498.862,-499.740,-498.862
2.575,-0.000,0.574,-0.403,45.002,2.371,23.100,-0.300,-0.081,-0.300,-498.862,-499.740,-498.862
2.579,-0.000,0.574,-0.403,45.002,2.371,23.100,-0.300,-0.081,-0.300,-498.862,-499.740,-498.862
2.583,-0.000,0.574,-0.403,45.002,2.371,23.100,-0.300,-0.081,-0.300,-498.862,-499.740,-498.862
2.587,-0.000,0.574,-0.403,45.002,2.370,23.100,-0.300,-0.081,-0.300,-498.862,-499.740,-498.862
2.592,-0.000,0.574,-0.403,45.002,2.370,23.100,-0.300,-0.081,-0.300,-498.862,-499.740,-498.862
2.596,-0.000,0.574,-0.403,45.002,2.369,23.100,-0.300,-0.081,-0.300,-498.862,-499.740,-498.862
2.600,-0.000,0.574,-0.403,45.002,2.369,23.100,-0.300,-0.081,-0.300,-498.862,-499.740,-498.862
2.604,-0.000,0.574,-0.403,45.002,2.368,23.100,-0.300,-0.081,-0.300,-498.862,-499.740,-498.862
2.608,-0.000,0.574,-0.403,45.002,2.368,23.100,-0.300,-0.081,-0.300,-498.862,-499.740,-498.862
2.612,-0.000,0.574,-0.403,45.002,2.368,23.100,-0.300,-0.081,-0.300,-498.862,-499.740,-498.862
2.617,-0.000,0.574,-0.403,45.002,2.367,23.100,-0.300,-0.081,-0.300,-498.862,-499.740,-498.862
2.621,-0.000,0.574,-0.403,45.002,2.367,23.100,-0.300,-0.081,-0.300,-498.862,-499.740,-498.862
2.625,-0.000,0.574,-0.403,45.002,2.366,23.100,-0.300,-0.081,-0.300,-498.862,-499.740,-498.862
2.629,-0.000,0.574,-0.403,45.002,2.366,23.100,-0.300,-0.081,-0.300,-498.862,-499.740,-498.862
2.633,-0.000,0.574,-0.403,45.002,2.366,23.101,-0.300,-0.081,-0.300,-498.862,-499.740,-498.862
2.638,-0.000,0.574,-0.403,45.002,2.365,23.101,-0.300,-0.081,-0.300,-498.862,-499.740,-498.862
2.642,-0.000,0.574,-0.403,45.002,2.365,23.101,-0.300,-0.081,-0.300,-498.862,-499.740,-498.862
2.646,-0.000,0.574,-0.403,45.002,2.364,23.101,-0.300,-0.081,-0.300,-498.862,-499.740,-498.862
2.650,-0.000,0.574,-0.403,45.002,2.364,23.101,-0.300,-0.081,-0.300,-498.862,-499.740,-498.862
2.654,-0.000,0.574,-0.403,45.002,2.364,23.101,-0.300,-0.081,-0.300,-498.862,-499.740,-498.862
2.658,-0.000,0.574,-0.403,45.002,2.363,23.101,-0.300,-0.081,-0.300,-498.862,-499.740,-498.862
2.663,-0.000,0.574,-0.403,45.002,2.363,23.101,-0.300,-0.081,-0.300,-498.862,-499.740,-498.862
2.667,-0.000,0.574,-0.403,45.002,2.362,23.101,-0.300,-0.081,-0.300,-498.862,-499.740,-498.862
2.671,-0.000,0.574,-0.403,45.002,2.362,23.101,-0.300,-0.081,-0.300,-498.862,-499.740,-498.862
2.675,-0.000,0.574,-0.403,45.002,2.362,23.101,-0.300,-0.081,-0.300,-498.862,-499.740,-498.862
2.679,-0.000,0.574,-0.403,45.002,2.361,23.101,-0.300,-0.081,-0.300,-498.862,-499.740,-498.862
2.683,-0.000,0.574,-0.403,45.002,2.361,23.101,-0.300,-0.081,-0.300,-498.862,-499.740,-498.862
2.688,-0.000,0.574,-0.403,45.002,2.361,23.101,-0.300,-0.081,-0.300,-498.862,-499.740,-498.862
2.692,-0.000,0.574,-0.403,45.002,2.360,23.101,-0.300,-0.081,-0.300,-498.862,-499.740,-498.862
2.696,-0.000,0.574,-0.403,45.002,2.360,23.101,-0.300,-0.081,-0.300,-498.862,-499.740,-498.862
2.700,-0.000,0.574,-0.403,45.002,2.359,23.101,-0.300,-0.081,-0.300,-498.862,-499.740,-498.862
2.704,-0.000,0.574,-0.403,45.002,2.359,23.101,-0.300,-0.081,-0.300,-498.862,-499.740,-498.862
2.708,-0.000,0.574,-0.403,45.002,2.359,23.101,-0.300,-0.081,-0.300,-498.862,-499.740,-498.862
2.712,-0.000,0.574,-0.403,45.002,2.358,23.101,-0.300,-0.081,-0.300,-498.862,-499.740,-498.862
2.717,-0.000,0.574,-0.403,45.002,2.358,23.101,-0.300,-0.081,-0.300,-498.862,-499.740,-498.862
2.721,-0.000,0.574,-0.403,45.002,2.358,23.101,-0.300,-0.081,-0.300,-498.862,-499.740,-498.862
2.725,-0.000,0.574,-0.403,45.002,2.357,23.101,-0.300,-0.081,-0.300,-498.862,-499.740,-498.862
2.729,-0.000,0.574,-0.403,45.002,2.357,23.102,-0.300,-0.081,-0.300,-498.862,-499.740,-498.862
2.733,-0.000,0.574,-0.403,45.002,2.357,23.102,-0.300,-0.081,-0.300,-498.862,-499.741,-498.862
2.737,-0.000,0.574,-0.403,45.002,2.356,23.102,-0.300,-0.081,-0.300,-498.862,-499.741,-498.862
2.742,-0.000,0.574,-0.403,45.002,2.356,23.102,-0.300,-0.081,-0.300,-498.862,-499.741,-498.862
2.746,-0.000,0.574,-0.403,45.002,2.356,23.102,-0.300,-0.081,-0.300,-498.862,-499.741,-498.862
2.750,-0.000,0.574,-0.403,45.002,2.355,23.102,-0.300,-0.081,-0.300,-498.862,-499.741,-498.862
2.754,-0.000,0.574,-0.403,45.002,2.355,23.102,-0.300,-0.081,-0.300,-498.862,-499.741,-498.862
2.758,-0.000,0.574,-0.403,45.002,2.355,23.102,-0.300,-0.081,-0.300,-498.862,-499.741,-498.862
2.763,-0.000,0.574,-0.403,45.002,2.354,23.102,-0.300,-0.081,-0.300,-498.862,-499.741,-498.862
2.767,-0.000,0.574,-0.403,45.002,2.354,23.102,-0.300,-0.081,-0.300,-498.862,-499.741,-498.862
2.771,-0.000,0.574,-0.403,45.002,2.354,23.102,-0.300,-0.081,-0.300,-498.862,-499.741,-498.862
2.775,-0.000,0.574,-0.403,45.002,2.353,23.102,-0.300,-0.081,-0.300,-498.862,-499.741,-498.862
2.779,-0.000,0.574,-0.403,45.002,2.353,23.102,-0.300,-0.081,-0.300,-498.862,-499.741,-498.862
2.783,-0.000,0.574,-0.403,45.002,2.353,23.102,-0.300,-0.081,-0.300,-498.862,-499.741,-498.862
2.788,-0.000,0.574,-0.403,45.002,2.352,23.102,-0.300,-0.081,-0.300,-498.862,-499.741,-498.862
2.792,-0.000,0.574,-0.403,45.002,2.352,23.102,-0.300,-0.081,-0.300,-498.862,-499.741,-498.862
2.796,-0.000,0.574,-0.403,45.002,2.352,23.102,-0.300,-0.081,-0.300,-498.862,-499.741,-498.862
2.800,-0.000,0.574,-0.403,45.002,2.351,23.102,-0.300,-0.081,-0.300,-498.862,-499.741,-498.862
2.804,-0.000,0.574,-0.403,45.002,2.351,23.102,-0.300,-0.081,-0.300,-498.862,-499.741,-498.862
2.808,-0.000,0.574,-0.403,45.002,2.351,23.102,-0.300,-0.081,-0.300,-498.862,-499.741,-498.862
2.812,-0.000,0.574,-0.403,45.002,2.350,23.102,-0.300,-0.081,-0.300,-498.862,-499.741,-498.862
2.817,-0.000,0.574,-0.403,45.002,2.350,23.102,-0.300,-0.081,-0.300,-498.862,-499.741,-498.862
2.821,-0.000,0.574,-0.403,45.002,2.350,23.102,-0.300,-0.081,-0.300,-498.862,-499.741,-498.862
2.825,-0.000,0.574,-0.403,45.002,2.350,23.102,-0.300,-0.081,-0.300,-498.862,-499.741,-498.862
2.829,-0.000,0.574,-0.403,45.002,2.349,23.103,-0.300,-0.081,-0.300,-498.862,-499.741,-498.862
2.833,-0.000,0.574,-0.403,45.002,2.349,23.103,-0.300,-0.081,-0.300,-498.862,-499.741,-498.862
2.837,-0.000,0.574,-0.403,45.002,2.349,23.103,-0.300,-0.081,-0.300,-498.862,-499.741,-498.862
2.842,-0.000,0.574,-0.403,45.002,2.348,23.103,-0.300,-0.081,-0.300,-498.862,-499.741,-498.862
2.846,-0.000,0.574,-0.403,45.002,2.348,23.103,-0.300,-0.081,-0.300,-498.862,-499.741,-498.862
2.850,-0.000,0.575,-0.403,45.002,2.348,23.103,-0.300,-0.081,-0.300,-498.862,-499.741,-498.862
2.854,-0.000,0.575,-0.403,45.002,2.348,23.103,-0.300,-0.081,-0.300,-498.862,-499.741,-498.862
2.858,-0.000,0.575,-0.403,45.002,2.347,23.103,-0.300,-0.081,-0.300,-498.862,-499.741,-498.862
2.862,-0.000,0.575,-0.403,45.002,2.347,23.103,-0.300,-0.081,-0.300,-498.862,-499.741,-498.862
2.867,-0.000,0.575,-0.403,45.002,2.347,23.103,-0.300,-0.081,-0.300,-498.862,-499.741,-498.862
2.871,-0.000,0.575,-0.403,45.002,2.346,23.103,-0.300,-0.081,-0.300,-498.862,-499.741,-498.862
2.875,-0.000,0.575,-0.403,45.002,2.346,23.103,-0.300,-0.081,-0.300,-498.862,-499.741,-498.862
2.879,-0.000,0.575,-0.403,45.002,2.346,23.103,-0.300,-0.081,-0.300,-498.862,-499.741,-498.862
2.883,-0.000,0.575,-0.403,45.002,2.346,23.103,-0.300,-0.081,-0.300,-498.862,-499.741,-498.862
2.888,-0.000,0.575,-0.403,45.002,2.345,23.103,-0.300,-0.081,-0.300,-498.862,-499.741,-498.862
2.892,-0.000,0.575,-0.403,45.002,2.345,23.103,-0.300,-0.081,-0.300,-498.862,-499.741,-498.862
2.896,-0.000,0.575,-0.403,45.002,2.345,23.103,-0.300,-0.081,-0.300,-498.862,-499.741,-498.862
2.900,-0.000,0.575,-0.403,45.002,2.345,23.103,-0.300,-0.081,-0.300,-498.862,-499.741,-498.862
2.904,-0.000,0.575,-0.403,45.002,2.344,23.103,-0.300,-0.081,-0.300,-498.862,-499.741,-498.862
2.908,-0.000,0.575,-0.403,45.002,2.344,23.103,-0.300,-0.081,-0.300,-498.862,-499.741,-498.862
2.913,-0.000,0.575,-0.403,45.002,2.344,23.103,-0.300,-0.081,-0.300,-498.862,-499.741,-498.862
2.917,-0.000,0.575,-0.403,45.002,2.344,23.103,-0.300,-0.081,-0.300,-498.862,-499.741,-498.862
2.921,-0.000,0.575,-0.403,45.002,2.343,23.103,-0.300,-0.081,-0.300,-498.862,-499.741,-498.862
2.925,-0.000,0.575,-0.403,45.002,2.343,23.104,-0.300,-0.081,-0.300,-498.862,-499.741,-498.862
2.929,-0.000,0.575,-0.403,45.002,2.343,23.104,-0.300,-0.081,-0.300,-498.862,-499.741,-498.862
2.933,-0.000,0.575,-0.403,45.002,2.343,23.104,-0.300,-0.081,-0.300,-498.862,-499.741,-498.862
2.938,-0.000,0.575,-0.403,45.002,2.342,23.104,-0.300,-0.081,-0.300,-498.862,-499.741,-498.862
2.942,-0.000,0.575,-0.403,45.002,2.342,23.104,-0.300,-0.081,-0.300,-498.862,-499.741,-498.862
2.946,-0.000,0.575,-0.403,45.002,2.342,23.104,-0.300,-0.081,-0.300,-498.862,-499.741,-498.862
2.950,-0.000,0.575,-0.403,45.002,2.342,23.104,-0.300,-0.081,-0.300,-498.862,-499.741,-498.862
2.954,-0.000,0.575,-0.403,45.002,2.341,23.104,-0.300,-0.081,-0.300,-498.862,-499.741,-498.862
2.958,-0.000,0.575,-0.403,45.002,2.341,23.104,-0.300,-0.081,-0.300,-498.862,-499.741,-498.862
2.962,-0.000,0.575,-0.403,45.002,2.341,23.104,-0.300,-0.081,-0.300,-498.862,-499.741,-498.862
2.967,-0.000,0.575,-0.403,45.002,2.341,23.104,-0.300,-0.081,-0.300,-498.862,-499.741,-498.862
2.971,-0.000,0.575,-0.403,45.002,2.340,23.104,-0.300,-0.081,-0.300,-498.862,-499.741,-498.862
2.975,-0.000,0.575,-0.403,45.002,2.340,23.104,-0.300,-0.081,-0.300,-498.862,-499.741,-498.862
2.979,-0.000,0.575,-0.403,45.002,2.340,23.104,-0.300,-0.081,-0.300,-498.862,-499.741,-498.862
2.983,-0.000,0.575,-0.403,45.002,2.340,23.104,-0.300,-0.081,-0.300,-498.862,-499.741,-498.862
2.987,-0.000,0.575,-0.403,45.002,2.339,23.104,-0.300,-0.081,-0.300,-498.862,-499.741,-498.862
2.992,-0.000,0.575,-0.403,45.002,2.339,23.104,-0.300,-0.081,-0.300,-498.862,-499.741,-498.862
2.996,-0.000,0.575,-0.403,45.002,2.339,23.104,-0.300,-0.081,-0.300,-498.862,-499.741,-498.862
3.000,-0.000,0.575,-0.403,45.002,2.339,23.104,-0.300,-0.081,-0.300,-498.862,-499.741,-498.862
3.004,-0.000,0.575,-0.403,45.002,2.339,23.104,-0.300,-0.081,-0.300,-498.862,-499.741,-498.862
3.008,-0.000,0.575,-0.403,45.002,2.338,23.104,-0.300,-0.081,-0.300,-498.862,-499.741,-498.862
3.013,-0.000,0.575,-0.403,45.002,2.338,23.104,-0.300,-0.081,-0.300,-498.862,-499.741,-498.862
3.017,-0.000,0.575,-0.403,45.002,2.338,23.104,-0.300,-0.081,-0.300,-498.862,-499.741,-498.862
3.021,-0.000,0.575,-0.403,45.002,2.338,23.105,-0.300,-0.081,-0.300,-498.862,-499.741,-498.862
3.025,-0.000,0.575,-0.403,45.002,2.337,23.105,-0.300,-0.081,-0.300,-498.862,-499.741,-498.862
3.029,-0.000,0.575,-0.403,45.002,2.337,23.105,-0.300,-0.081,-0.300,-498.862,-499.741,-498.862
3.033,-0.000,0.575,-0.403,45.002,2.337,23.105,-0.300,-0.081,-0.300,-498.862,-499.741,-498.862
3.038,-0.000,0.575,-0.403,45.002,2.337,23.105,-0.300,-0.081,-0.300,-498.862,-499.741,-498.862
3.042,-0.000,0.575,-0.403,45.002,2.337,23.105,-0.300,-0.081,-0.300,-498.862,-499.741,-498.862
3.046,-0.000,0.575,-0.403,45.002,2.336,23.105,-0.300,-0.081,-0.300,-498.862,-499.741,-498.862
3.050,-0.000,0.575,-0.403,45.002,2.336,23.105,-0.300,-0.081,-0.300,-498.862,-499.741,-498.862
3.054,-0.000,0.575,-0.403,45.002,2.336,23.105,-0.300,-0.081,-0.300,-498.862,-499.741,-498.862
3.058,-0.000,0.575,-0.403,45.002,2.336,23.105,-0.300,-0.081,-0.300,-498.862,-499.741,-498.862
3.062,-0.000,0.575,-0.403,45.002,2.336,23.105,-0.300,-0.081,-0.300,-498.862,-499.741,-498.862
3.067,-0.000,0.575,-0.403,45.002,2.335,23.105,-0.300,-0.081,-0.300,-498.862,-499.741,-498.862
3.071,-0.000,0.575,-0.403,45.002,2.335,23.105,-0.300,-0.081,-0.300,-498.862,-499.741,-498.862
3.075,-0.000,0.575,-0.403,45.002,2.335,23.105,-0.300,-0.081,-0.300,-498.862,-499.741,-498.862
3.079,-0.000,0.575,-0.403,45.002,2.335,23.105,-0.300,-0.081,-0.300,-498.862,-499.741,-498.862
3.083,-0.000,0.575,-0.403,45.002,2.335,23.105,-0.300,-0.081,-0.300,-498.862,-499.741,-498.862
3.087,-0.000,0.575,-0.403,45.002,2.334,23.105,-0.300,-0.081,-0.300,-498.862,-499.741,-498.862
3.092,-0.000,0.575,-0.403,45.002,2.334,23.105,-0.300,-0.081,-0.300,-498.862,-499.741,-498.862
3.096,-0.000,0.575,-0.403,45.002,2.334,23.105,-0.300,-0.081,-0.300,-498.862,-499.741,-498.862
3.100,-0.000,0.575,-0.403,45.002,2.334,23.105,-0.300,-0.081,-0.300,-498.862,-499.741,-498.862
3.104,-0.000,0.575,-0.403,45.002,2.334,23.105,-0.300,-0.081,-0.300,-498.862,-499.741,-498.862
3.108,-0.000,0.575,-0.403,45.002,2.333,23.105,-0.300,-0.081,-0.300,-498.862,-499.741,-498.862
3.112,-0.000,0.575,-0.403,45.002,2.333,23.105,-0.300,-0.081,-0.300,-498.862,-499.741,-498.862
3.117,-0.000,0.575,-0.403,45.002,2.333,23.106,-0.300,-0.081,-0.300,-498.862,-499.741,-498.862
3.121,-0.000,0.575,-0.403,45.002,2.333,23.106,-0.300,-0.081,-0.300,-498.862,-499.741,-498.862
3.125,-0.000,0.575,-0.403,45.002,2.333,23.106,-0.300,-0.081,-0.300,-498.862,-499.741,-498.862
3.129,-0.000,0.575,-0.403,45.002,2.332,23.106,-0.300,-0.081,-0.300,-498.862,-499.741,-498.862
3.133,-0.000,0.575,-0.403,45.002,2.332,23.106,-0.300,-0.081,-0.300,-498.862,-499.741,-498.862
3.138,-0.000,0.575,-0.403,45.002,2.332,23.106,-0.300,-0.081,-0.300,-498.862,-499.741,-498.862
3.142,-0.000,0.575,-0.403,45.002,2.332,23.106,-0.300,-0.081,-0.300,-498.862,-499.741,-498.862
3.146,-0.000,0.575,-0.403,45.002,2.332,23.106,-0.300,-0.081,-0.300,-498.862,-499.741,-498.862
3.150,-0.000,0.575,-0.403,45.002,2.332,23.106,-0.300,-0.081,-0.300,-498.862,-499.741,-498.862
3.154,-0.000,0.575,-0.403,45.002,2.331,23.106,-0.300,-0.081,-0.300,-498.862,-499.741,-498.862
3.158,-0.000,0.575,-0.403,45.002,2.331,23.106,-0.300,-0.081,-0.300,-498.862,-499.741,-498.862
3.163,-0.000,0.575,-0.403,45.002,2.331,23.106,-0.300,-0.081,-0.300,-498.862,-499.741,-498.862
3.167,-0.000,0.575,-0.403,45.002,2.331,23.106,-0.300,-0.081,-0.300,-498.862,-499.741,-498.862
3.171,-0.000,0.575,-0.403,45.002,2.331,23.106,-0.300,-0.081,-0.300,-498.862,-499.741,-498.862
3.175,-0.000,0.575,-0.403,45.002,2.331,23.106,-0.300,-0.081,-0.300,-498.862,-499.741,-498.862
3.179,-0.000,0.575,-0.403,45.002,2.330,23.106,-0.300,-0.081,-0.300,-498.862,-499.741,-498.862
3.183,-0.000,0.575,-0.403,45.002,2.330,23.106,-0.300,-0.081,-0.300,-498.862,-499.741,-498.862
3.188,-0.000,0.575,-0.403,45.002,2.330,23.106,-0.300,-0.081,-0.300,-498.862,-499.741,-498.862
3.192,-0.000,0.575,-0.403,45.002,2.330,23.106,-0.300,-0.081,-0.300,-498.862,-499.741,-498.862
3.196,-0.000,0.575,-0.403,45.002,2.330,23.106,-0.300,-0.081,-0.300,-498.862,-499.741,-498.862
3.200,-0.000,0.575,-0.403,45.002,2.330,23.106,-0.300,-0.081,-0.300,-498.862,-499.741,-498.862
3.204,-0.000,0.575,-0.403,45.002,2.329,23.106,-0.300,-0.081,-0.300,-498.862,-499.741,-498.862
3.208,-0.000,0.575,-0.403,45.002,2.329,23.106,-0.300,-0.081,-0.300,-498.862,-499.741,-498.862
3.212,-0.000,0.575,-0.403,45.002,2.329,23.106,-0.300,-0.081,-0.300,-498.862,-499.741,-498.862
3.217,-0.000,0.575,-0.403,45.002,2.329,23.107,-0.300,-0.081,-0.300,-498.862,-499.741,-498.862
3.221,-0.000,0.575,-0.403,45.002,2.329,23.107,-0.300,-0.081,-0.300,-498.862,-499.741,-498.862
3.225,-0.000,0.575,-0.403,45.002,2.329,23.107,-0.300,-0.081,-0.300,-498.862,-499.741,-498.862
3.229,-0.000,0.575,-0.403,45.002,2.328,23.107,-0.300,-0.081,-0.300,-498.862,-499.741,-498.862
3.233,-0.000,0.575,-0.403,45.002,2.328,23.107,-0.300,-0.081,-0.300,-498.862,-499.741,-498.862
3.237,-0.000,0.575,-0.403,45.002,2.328,23.107,-0.300,-0.081,-0.300,-498.862,-499.741,-498.862
3.242,-0.000,0.575,-0.403,45.002,2.328,23.107,-0.300,-0.081,-0.300,-498.862,-499.741,-498.862
3.246,-0.000,0.575,-0.403,45.002,2.328,23.107,-0.300,-0.081,-0.300,-498.862,-499.741,-498.862
3.250,-0.000,0.575,-0.403,45.002,2.328,23.107,-0.300,-0.081,-0.300,-498.862,-499.741,-498.862
3.254,-0.000,0.575,-0.403,45.002,2.328,23.107,-0.300,-0.081,-0.300,-498.862,-499.741,-498.862
3.258,-0.000,0.575,-0.403,45.002,2.327,23.107,-0.300,-0.081,-0.300,-498.862,-499.741,-498.862
3.262,-0.000,0.575,-0.403,45.002,2.327,23.107,-0.300,-0.081,-0.300,-498.862,-499.741,-498.862
3.267,-0.000,0.575,-0.403,45.002,2.327,23.107,-0.300,-0.081,-0.300,-498.862,-499.741,-498.862
3.271,-0.000,0.575,-0.403,45.002,2.327,23.107,-0.300,-0.081,-0.300,-498.862,-499.741,-498.862
3.275,-0.000,0.575,-0.403,45.002,2.327,23.107,-0.300,-0.081,-0.300,-498.862,-499.741,-498.862
3.279,-0.000,0.575,-0.403,45.002,2.327,23.107,-0.300,-0.081,-0.300,-498.862,-499.741,-498.862
3.283,-0.000,0.575,-0.403,45.002,2.327,23.107,-0.300,-0.081,-0.300,-498.862,-499.741,-498.862
3.288,-0.000,0.575,-0.403,45.002,2.326,23.107,-0.300,-0.081,-0.300,-498.862,-499.741,-498.862
3.292,-0.000,0.575,-0.403,45.002,2.326,23.107,-0.300,-0.081,-0.300,-498.862,-499.741,-498.862
3.296,-0.000,0.575,-0.403,45.002,2.326,23.107,-0.300,-0.081,-0.300,-498.862,-499.741,-498.862
3.300,-0.000,0.575,-0.403,45.002,2.326,23.107,-0.300,-0.081,-0.300,-498.862,-499.741,-498.862
3.304,-0.000,0.575,-0.403,45.002,2.326,23.107,-0.300,-0.081,-0.300,-498.862,-499.741,-498.862
3.308,-0.000,0.575,-0.403,45.002,2.326,23.107,-0.300,-0.081,-0.300,-498.862,-499.741,-498.862
3.312,-0.000,0.575,-0.403,45.002,2.326,23.108,-0.300,-0.081,-0.300,-498.862,-499.741,-498.862
3.317,-0.000,0.575,-0.403,45.002,2.325,23.108,-0.300,-0.081,-0.300,-498.862,-499.741,-498.862
3.321,-0.000,0.575,-0.403,45.002,2.325,23.108,-0.300,-0.081,-0.300,-498.862,-499.741,-498.862
3.325,-0.000,0.575,-0.403,45.002,2.325,23.108,-0.300,-0.081,-0.300,-498.862,-499.741,-498.862
3.329,-0.000,0.575,-0.403,45.002,2.325,23.108,-0.300,-0.081,-0.300,-498.862,-499.741,-498.862
3.333,-0.000,0.575,-0.403,45.002,2.325,23.108,-0.300,-0.081,-0.300,-498.862,-499.741,-498.862
3.337,-0.000,0.575,-0.403,45.002,2.325,23.108,-0.300,-0.081,-0.300,-498.862,-499.741,-498.862
3.342,-0.000,0.575,-0.403,45.002,2.325,23.108,-0.300,-0.081,-0.300,-498.862,-499.741,-498.862
3.346,-0.000,0.575,-0.403,45.002,2.325,23.108,-0.300,-0.081,-0.300,-498.862,-499.741,-498.862
3.350,-0.000,0.575,-0.403,45.002,2.324,23.108,-0.300,-0.081,-0.300,-498.862,-499.741,-498.862
3.354,-0.000,0.575,-0.403,45.002,2.324,23.108,-0.300,-0.081,-0.300,-498.862,-499.741,-498.862
3.358,-0.000,0.575,-0.403,45.002,2.324,23.108,-0.300,-0.081,-0.300,-498.862,-499.741,-498.862
3.362,-0.000,0.575,-0.403,45.002,2.324,23.108,-0.300,-0.081,-0.300,-498.862,-499.741,-498.862
3.367,-0.000,0.575,-0.403,45.002,2.324,23.108,-0.300,-0.081,-0.300,-498.862,-499.741,-498.862
3.371,-0.000,0.575,-0.403,45.002,2.324,23.108,-0.300,-0.081,-0.300,-498.862,-499.741,-498.862
3.375,-0.000,0.575,-0.403,45.002,2.324,23.108,-0.300,-0.081,-0.300,-498.862,-499.741,-498.862
3.379,-0.000,0.575,-0.403,45.002,2.324,23.108,-0.300,-0.081,-0.300,-498.862,-499.741,-498.862
3.383,-0.000,0.575,-0.403,45.002,2.323,23.108,-0.300,-0.081,-0.300,-498.862,-499.741,-498.862
3.387,-0.000,0.575,-0.403,45.002,2.323,23.108,-0.300,-0.081,-0.300,-498.862,-499.741,-498.862
3.392,-0.000,0.575,-0.403,45.002,2.323,23.108,-0.300,-0.081,-0.300,-498.862,-499.741,-498.862
3.396,-0.000,0.575,-0.403,45.002,2.323,23.108,-0.300,-0.081,-0.300,-498.862,-499.741,-498.862
3.400,-0.000,0.575,-0.403,45.002,2.323,23.108,-0.300,-0.081,-0.300,-498.862,-499.741,-498.862
3.404,-0.000,0.575,-0.403,45.002,2.323,23.108,-0.300,-0.081,-0.300,-498.862,-499.741,-498.862
3.408,-0.000,0.575,-0.403,45.002,2.323,23.109,-0.300,-0.081,-0.300,-498.862,-499.741,-498.862
3.413,-0.000,0.575,-0.403,45.002,2.323,23.109,-0.300,-0.081,-0.300,-498.862,-499.741,-498.862
3.417,-0.000,0.575,-0.403,45.002,2.322,23.109,-0.300,-0.081,-0.300,-498.862,-499.741,-498.862
3.421,-0.000,0.575,-0.403,45.002,2.322,23.109,-0.300,-0.081,-0.300,-498.862,-499.741,-498.862
3.425,-0.000,0.575,-0.403,45.002,2.322,23.109,-0.300,-0.081,-0.300,-498.862,-499.741,-498.862
3.429,-0.000,0.575,-0.403,45.002,2.322,23.109,-0.300,-0.081,-0.300,-498.862,-499.741,-498.862
3.433,-0.000,0.575,-0.403,45.002,2.322,23.109,-0.300,-0.081,-0.300,-498.862,-499.741,-498.862
3.438,-0.000,0.575,-0.403,45.002,2.322,23.109,-0.300,-0.081,-0.300,-498.862,-499.741,-498.862
3.442,-0.000,0.575,-0.403,45.002,2.322,23.109,-0.300,-0.081,-0.300,-498.862,-499.741,-498.862
3.446,-0.000,0.575,-0.403,45.002,2.322,23.109,-0.300,-0.081,-0.300,-498.862,-499.741,-498.862
3.450,-0.000,0.575,-0.403,45.002,2.322,23.109,-0.300,-0.081,-0.300,-498.862,-499.741,-498.862
3.454,-0.000,0.575,-0.403,45.002,2.321,23.109,-0.300,-0.081,-0.300,-498.862,-499.741,-498.862
3.458,-0.000,0.575,-0.403,45.002,2.321,23.109,-0.300,-0.081,-0.300,-498.862,-499.741,-498.862
3.462,-0.000,0.575,-0.403,45.002,2.321,23.109,-0.300,-0.081,-0.300,-498.862,-499.741,-498.862
3.467,-0.000,0.575,-0.403,45.002,2.321,23.109,-0.300,-0.081,-0.300,-498.862,-499.741,-498.862
3.471,-0.000,0.575,-0.403,45.002,2.321,23.109,-0.300,-0.081,-0.300,-498.862,-499.741,-498.862
3.475,-0.000,0.575,-0.403,45.002,2.321,23.109,-0.300,-0.081,-0.300,-498.862,-499.741,-498.862
3.479,-0.000,0.575,-0.403,45.002,2.321,23.109,-0.300,-0.081,-0.300,-498.862,-499.741,-498.862
3.483,-0.000,0.575,-0.403,45.002,2.321,23.109,-0.300,-0.081,-0.300,-498.862,-499.741,-498.862
3.487,-0.000,0.575,-0.403,45.002,2.321,23.109,-0.300,-0.081,-0.300,-498.862,-499.741,-498.862
3.492,-0.000,0.575,-0.403,45.002,2.320,23.109,-0.300,-0.081,-0.300,-498.862,-499.742,-498.862
3.496,-0.000,0.575,-0.403,45.002,2.320,23.109,-0.300,-0.081,-0.300,-498.862,-499.742,-498.862
3.500,-0.000,0.575,-0.403,45.002,2.320,23.109,-0.300,-0.081,-0.300,-498.862,-499.742,-498.862
3.504,-0.000,0.575,-0.403,45.002,2.320,23.109,-0.300,-0.081,-0.300,-498.862,-499.742,-498.862
3.508,-0.000,0.575,-0.403,45.002,2.320,23.110,-0.300,-0.081,-0.300,-498.862,-499.742,-498.862
3.512,-0.000,0.575,-0.403,45.002,2.320,23.110,-0.300,-0.081,-0.300,-498.862,-499.742,-498.862
3.517,-0.000,0.575,-0.403,45.002,2.320,23.110,-0.300,-0.081,-0.300,-498.862,-499.742,-498.862
3.521,-0.000,0.575,-0.403,45.002,2.320,23.110,-0.300,-0.081,-0.300,-498.862,-499.742,-498.862
3.525,-0.000,0.575,-0.403,45.002,2.320,23.110,-0.300,-0.081,-0.300,-498.862,-499.742,-498.862
3.529,-0.000,0.575,-0.403,45.002,2.320,23.110,-0.300,-0.081,-0.300,-498.862,-499.742,-498.862
3.533,-0.000,0.575,-0.403,45.002,2.319,23.110,-0.300,-0.081,-0.300,-498.862,-499.742,-498.862
3.538,-0.000,0.575,-0.403,45.002,2.319,23.110,-0.300,-0.081,-0.300,-498.862,-499.742,-498.862
3.542,-0.000,0.575,-0.403,45.002,2.319,23.110,-0.300,-0.081,-0.300,-498.862,-499.742,-498.862
3.546,-0.000,0.575,-0.403,45.002,2.319,23.110,-0.300,-0.081,-0.300,-498.862,-499.742,-498.862
3.550,-0.000,0.575,-0.403,45.002,2.319,23.110,-0.300,-0.081,-0.300,-498.862,-499.742,-498.862
3.554,-0.000,0.575,-0.403,45.002,2.319,23.110,-0.300,-0.081,-0.300,-498.862,-499.742,-498.862
3.558,-0.000,0.575,-0.403,45.002,2.319,23.110,-0.300,-0.081,-0.300,-498.862,-499.742,-498.862
3.562,-0.000,0.575,-0.403,45.002,2.319,23.110,-0.300,-0.081,-0.300,-498.862,-499.742,-498.862
3.567,-0.000,0.575,-0.403,45.002,2.319,23.110,-0.300,-0.081,-0.300,-498.862,-499.742,-498.862
3.571,-0.000,0.575,-0.403,45.002,2.319,23.110,-0.300,-0.081,-0.300,-498.862,-499.742,-498.862
3.575,-0.000,0.575,-0.403,45.002,2.319,23.110,-0.300,-0.081,-0.300,-498.862,-499.742,-498.862
3.579,-0.000,0.575,-0.403,45.002,2.318,23.110,-0.300,-0.081,-0.300,-498.862,-499.742,-498.862
3.583,-0.000,0.575,-0.403,45.002,2.318,23.110,-0.300,-0.081,-0.300,-498.862,-499.742,-498.862
3.587,-0.000,0.575,-0.403,45.002,2.318,23.110,-0.300,-0.081,-0.300,-498.862,-499.742,-498.862
3.592,-0.000,0.575,-0.403,45.002,2.318,23.110,-0.300,-0.081,-0.300,-498.862,-499.742,-498.862
3.596,-0.000,0.575,-0.403,45.002,2.318,23.110,-0.300,-0.081,-0.300,-498.862,-499.742,-498.862
3.600,-0.000,0.575,-0.403,45.002,2.318,23.110,-0.300,-0.081,-0.300,-498.862,-499.742,-498.862
3.604,-0.000,0.575,-0.403,45.002,2.318,23.111,-0.300,-0.081,-0.300,-498.862,-499.742,-498.862
3.608,-0.000,0.575,-0.403,45.002,2.318,23.111,-0.300,-0.081,-0.300,-498.862,-499.742,-498.862
3.612,-0.000,0.575,-0.403,45.002,2.318,23.111,-0.300,-0.081,-0.300,-498.862,-499.742,-498.862
3.617,-0.000,0.575,-0.403,45.002,2.318,23.111,-0.300,-0.081,-0.300,-498.862,-499.742,-498.862
3.621,-0.000,0.575,-0.403,45.002,2.318,23.111,-0.300,-0.081,-0.300,-498.862,-499.742,-498.862
3.625,-0.000,0.575,-0.403,45.002,2.318,23.111,-0.300,-0.081,-0.300,-498.862,-499.742,-498.862
3.629,-0.000,0.575,-0.403,45.002,2.317,23.111,-0.300,-0.081,-0.300,-498.862,-499.742,-498.862
3.633,-0.000,0.575,-0.403,45.002,2.317,23.111,-0.300,-0.081,-0.300,-498.862,-499.742,-498.862
3.637,-0.000,0.575,-0.403,45.002,2.317,23.111,-0.300,-0.081,-0.300,-498.862,-499.742,-498.862
3.642,-0.000,0.575,-0.403,45.002,2.317,23.111,-0.300,-0.081,-0.300,-498.862,-499.742,-498.862
3.646,-0.000,0.575,-0.403,45.002,2.317,23.111,-0.300,-0.081,-0.300,-498.862,-499.742,-498.862
3.650,-0.000,0.575,-0.403,45.002,2.317,23.111,-0.300,-0.081,-0.300,-498.862,-499.742,-498.862
3.654,-0.000,0.575,-0.403,45.002,2.317,23.111,-0.300,-0.081,-0.300,-498.862,-499.742,-498.862
3.658,-0.000,0.575,-0.403,45.002,2.317,23.111,-0.300,-0.081,-0.300,-498.862,-499.742,-498.862
3.663,-0.000,0.575,-0.403,45.002,2.317,23.111,-0.300,-0.081,-0.300,-498.862,-499.742,-498.862
3.667,-0.000,0.575,-0.403,45.002,2.317,23.111,-0.300,-0.081,-0.300,-498.862,-499.742,-498.862
3.671,-0.000,0.575,-0.403,45.002,2.317,23.111,-0.300,-0.081,-0.300,-498.862,-499.742,-498.862
3.675,-0.000,0.575,-0.403,45.002,2.317,23.111,-0.300,-0.081,-0.300,-498.862,-499.742,-498.862
3.679,-0.000,0.575,-0.403,45.002,2.317,23.111,-0.300,-0.081,-0.300,-498.862,-499.742,-498.862
3.683,-0.000,0.575,-0.403,45.002,2.316,23.111,-0.300,-0.081,-0.300,-498.862,-499.742,-498.862
3.688,-0.000,0.575,-0.403,45.002,2.316,23.111,-0.300,-0.081,-0.300,-498.862,-499.742,-498.862
3.692,-0.000,0.575,-0.403,45.002,2.316,23.111,-0.300,-0.081,-0.300,-498.862,-499.742,-498.862
3.696,-0.000,0.575,-0.403,45.002,2.316,23.111,-0.300,-0.081,-0.300,-498.862,-499.742,-498.862
3.700,-0.000,0.575,-0.403,45.002,2.316,23.112,-0.300,-0.081,-0.300,-498.862,-499.742,-498.862
3.704,-0.000,0.575,-0.403,45.002,2.316,23.112,-0.300,-0.081,-0.300,-498.862,-499.742,-498.862
3.708,-0.000,0.575,-0.403,45.002,2.316,23.112,-0.300,-0.081,-0.300,-498.862,-499.742,-498.862
3.712,-0.000,0.575,-0.403,45.002,2.316,23.112,-0.300,-0.081,-0.300,-498.862,-499.742,-498.862
3.717,-0.000,0.575,-0.403,45.002,2.316,23.112,-0.300,-0.081,-0.300,-498.862,-499.742,-498.862
3.721,-0.000,0.575,-0.403,45.002,2.316,23.112,-0.300,-0.081,-0.300,-498.862,-499.742,-498.862
3.725,-0.000,0.575,-0.403,45.002,2.316,23.112,-0.300,-0.081,-0.300,-498.862,-499.742,-498.862
3.729,-0.000,0.575,-0.403,45.002,2.316,23.112,-0.300,-0.081,-0.300,-498.862,-499.742,-498.862
3.733,-0.000,0.575,-0.403,45.002,2.316,23.112,-0.300,-0.081,-0.300,-498.862,-499.742,-498.862
3.737,-0.000,0.575,-0.403,45.002,2.316,23.112,-0.300,-0.081,-0.300,-498.862,-499.742,-498.862
3.742,-0.000,0.575,-0.403,45.002,2.315,23.112,-0.300,-0.081,-0.300,-498.862,-499.742,-498.862
3.746,-0.000,0.575,-0.403,45.002,2.315,23.112,-0.300,-0.081,-0.300,-498.862,-499.742,-498.862
3.750,-0.000,0.575,-0.403,45.002,2.315,23.112,-0.300,-0.081,-0.300,-498.862,-499.742,-498.862
3.754,-0.000,0.575,-0.403,45.002,2.315,23.112,-0.300,-0.081,-0.300,-498.862,-499.742,-498.862
3.758,-0.000,0.575,-0.403,45.002,2.315,23.112,-0.300,-0.081,-0.300,-498.862,-499.742,-498.862
3.762,-0.000,0.575,-0.403,45.002,2.315,23.112,-0.300,-0.081,-0.300,-498.862,-499.742,-498.862
3.767,-0.000,0.575,-0.403,45.002,2.315,23.112,-0.300,-0.081,-0.300,-498.862,-499.742,-498.862
3.771,-0.000,0.575,-0.403,45.002,2.315,23.112,-0.300,-0.081,-0.300,-498.862,-499.742,-498.862
3.775,-0.000,0.575,-0.403,45.002,2.315,23.112,-0.300,-0.081,-0.300,-498.862,-499.742,-498.862
3.779,-0.000,0.575,-0.403,45.002,2.315,23.112,-0.300,-0.081,-0.300,-498.862,-499.742,-498.862
3.783,-0.000,0.575,-0.403,45.002,2.315,23.112,-0.300,-0.081,-0.300,-498.862,-499.742,-498.862
3.788,-0.000,0.575,-0.403,45.002,2.315,23.112,-0.300,-0.081,-0.300,-498.862,-499.742,-498.862
3.792,-0.000,0.575,-0.403,45.002,2.315,23.112,-0.300,-0.081,-0.300,-498.862,-499.742,-498.862
3.796,-0.000,0.575,-0.403,45.002,2.315,23.113,-0.300,-0.081,-0.300,-498.862,-499.742,-498.862
3.800,-0.000,0.575,-0.403,45.002,2.315,23.113,-0.300,-0.081,-0.300,-498.862,-499.742,-498.862
3.804,-0.000,0.575,-0.403,45.002,2.314,23.113,-0.300,-0.081,-0.300,-498.862,-499.742,-498.862
3.808,-0.000,0.575,-0.403,45.002,2.314,23.113,-0.300,-0.081,-0.300,-498.862,-499.742,-498.862
3.812,-0.000,0.575,-0.403,45.002,2.314,23.113,-0.300,-0.081,-0.300,-498.862,-499.742,-498.862
3.817,-0.000,0.575,-0.403,45.002,2.314,23.113,-0.300,-0.081,-0.300,-498.862,-499.742,-498.862
3.821,-0.000,0.575,-0.403,45.002,2.314,23.113,-0.300,-0.081,-0.300,-498.862,-499.742,-498.862
3.825,-0.000,0.575,-0.403,45.002,2.314,23.113,-0.300,-0.081,-0.300,-498.862,-499.742,-498.862
3.829,-0.000,0.575,-0.403,45.002,2.314,23.113,-0.300,-0.081,-0.300,-498.862,-499.742,-498.862
3.833,-0.000,0.575,-0.403,45.002,2.314,23.113,-0.300,-0.081,-0.300,-498.862,-499.742,-498.862
3.837,-0.000,0.575,-0.403,45.002,2.314,23.113,-0.300,-0.081,-0.300,-498.862,-499.742,-498.862
3.842,-0.000,0.575,-0.403,45.002,2.314,23.113,-0.300,-0.081,-0.300,-498.862,-499.742,-498.862
3.846,-0.000,0.575,-0.403,45.002,2.314,23.113,-0.300,-0.081,-0.300,-498.862,-499.742,-498.862
3.850,-0.000,0.575,-0.403,45.002,2.314,23.113,-0.300,-0.081,-0.300,-498.862,-499.742,-498.862
3.854,-0.000,0.575,-0.403,45.002,2.314,23.113,-0.300,-0.081,-0.300,-498.862,-499.742,-498.862
3.858,-0.000,0.575,-0.403,45.002,2.314,23.113,-0.300,-0.081,-0.300,-498.862,-499.742,-498.862
3.862,-0.000,0.575,-0.403,45.002,2.314,23.113,-0.300,-0.081,-0.300,-498.862,-499.742,-498.862
3.867,-0.000,0.575,-0.403,45.002,2.314,23.113,-0.300,-0.081,-0.300,-498.862,-499.742,-498.862
3.871,-0.000,0.575,-0.403,45.002,2.314,23.113,-0.300,-0.081,-0.300,-498.862,-499.742,-498.862
3.875,-0.000,0.575,-0.403,45.002,2.313,23.113,-0.300,-0.081,-0.300,-498.862,-499.742,-498.862
3.879,-0.000,0.575,-0.403,45.002,2.313,23.113,-0.300,-0.081,-0.300,-498.862,-499.742,-498.862
3.883,-0.000,0.575,-0.403,45.002,2.313,23.113,-0.300,-0.081,-0.300,-498.862,-499.742,-498.862
3.887,-0.000,0.575,-0.403,45.002,2.313,23.113,-0.300,-0.081,-0.300,-498.862,-499.742,-498.862
3.892,-0.000,0.575,-0.403,45.002,2.313,23.113,-0.300,-0.081,-0.300,-498.862,-499.742,-498.862
3.896,-0.000,0.575,-0.403,45.002,2.313,23.114,-0.300,-0.081,-0.300,-498.862,-499.742,-498.862
3.900,-0.000,0.575,-0.403,45.002,2.313,23.114,-0.300,-0.081,-0.300,-498.862,-499.742,-498.862
3.904,-0.000,0.575,-0.403,45.002,2.313,23.114,-0.300,-0.081,-0.300,-498.862,-499.742,-498.862
3.908,-0.000,0.575,-0.403,45.002,2.313,23.114,-0.300,-0.081,-0.300,-498.862,-499.742,-498.862
3.913,-0.000,0.575,-0.403,45.002,2.313,23.114,-0.300,-0.081,-0.300,-498.862,-499.742,-498.862
3.917,-0.000,0.575,-0.403,45.002,2.313,23.114,-0.300,-0.081,-0.300,-498.862,-499.742,-498.862
3.921,-0.000,0.575,-0.403,45.002,2.313,23.114,-0.300,-0.081,-0.300,-498.862,-499.742,-498.862
3.925,-0.000,0.575,-0.403,45.002,2.313,23.114,-0.300,-0.081,-0.300,-498.862,-499.742,-498.862
3.929,-0.000,0.575,-0.403,45.002,2.313,23.114,-0.300,-0.081,-0.300,-498.862,-499.742,-498.862
3.933,-0.000,0.575,-0.403,45.002,2.313,23.114,-0.300,-0.081,-0.300,-498.862,-499.742,-498.862
3.938,-0.000,0.575,-0.403,45.002,2.313,23.114,-0.300,-0.081,-0.300,-498.862,-499.742,-498.862
3.942,-0.000,0.575,-0.403,45.002,2.313,23.114,-0.300,-0.081,-0.300,-498.862,-499.742,-498.862
3.946,-0.000,0.575,-0.403,45.002,2.313,23.114,-0.300,-0.081,-0.300,-498.862,-499.742,-498.862
3.950,-0.000,0.575,-0.403,45.002,2.313,23.114,-0.300,-0.081,-0.300,-498.862,-499.742,-498.862
3.954,-0.000,0.575,-0.403,45.002,2.312,23.114,-0.300,-0.081,-0.300,-498.862,-499.742,-498.862
3.958,-0.000,0.575,-0.403,45.002,2.312,23.114,-0.300,-0.081,-0.300,-498.862,-499.742,-498.862
3.962,-0.000,0.575,-0.403,45.002,2.312,23.114,-0.300,-0.081,-0.300,-498.862,-499.742,-498.862
3.967,-0.000,0.575,-0.403,45.002,2.312,23.114,-0.300,-0.081,-0.300,-498.862,-499.742,-498.862
3.971,-0.000,0.575,-0.403,45.002,2.312,23.114,-0.300,-0.081,-0.300,-498.862,-499.742,-498.862
3.975,-0.000,0.575,-0.403,45.002,2.312,23.114,-0.300,-0.081,-0.300,-498.862,-499.742,-498.862
3.979,-0.000,0.575,-0.403,45.002,2.312,23.114,-0.300,-0.081,-0.300,-498.862,-499.742,-498.862
3.983,-0.000,0.575,-0.403,45.002,2.312,23.114,-0.300,-0.081,-0.300,-498.862,-499.742,-498.862
3.987,-0.000,0.575,-0.403,45.002,2.312,23.114,-0.300,-0.081,-0.300,-498.862,-499.742,-498.862
3.992,-0.000,0.575,-0.403,45.002,2.312,23.115,-0.300,-0.081,-0.300,-498.862,-499.742,-498.862
3.996,-0.000,0.575,-0.403,45.002,2.312,23.115,-0.300,-0.081,-0.300,-498.862,-499.742,-498.862
4.000,-0.000,0.575,-0.403,45.002,2.312,23.115,-0.300,-0.081,-0.300,-498.862,-499.742,-498.862
4.004,-0.000,0.575,-0.403,45.002,2.312,23.115,-0.300,-0.081,-0.300,-498.862,-499.742,-498.862
4.008,-0.000,0.575,-0.403,45.002,2.312,23.115,-0.300,-0.081,-0.300,-498.862,-499.742,-498.862
4.013,-0.000,0.575,-0.403,45.002,2.312,23.115,-0.300,-0.081,-0.300,-498.862,-499.742,-498.862
4.017,-0.000,0.575,-0.403,45.002,2.312,23.115,-0.300,-0.081,-0.300,-498.862,-499.742,-498.862
4.021,-0.000,0.575,-0.403,45.002,2.312,23.115,-0.300,-0.081,-0.300,-498.862,-499.742,-498.862
4.025,-0.000,0.575,-0.403,45.002,2.312,23.115,-0.300,-0.081,-0.300,-498.862,-499.742,-498.862
4.029,-0.000,0.575,-0.403,45.002,2.312,23.115,-0.300,-0.081,-0.300,-498.862,-499.742,-498.862
4.033,-0.000,0.575,-0.403,45.002,2.312,23.115,-0.300,-0.081,-0.300,-498.862,-499.742,-498.862
4.037,-0.000,0.575,-0.403,45.002,2.312,23.115,-0.300,-0.081,-0.300,-498.862,-499.742,-498.862
4.042,-0.000,0.575,-0.403,45.002,2.312,23.115,-0.300,-0.081,-0.300,-498.862,-499.742,-498.862
4.046,-0.000,0.575,-0.403,45.002,2.311,23.115,-0.300,-0.081,-0.300,-498.862,-499.742,-498.862
4.050,-0.000,0.575,-0.403,45.002,2.311,23.115,-0.300,-0.081,-0.300,-498.862,-499.742,-498.862
4.054,-0.000,0.575,-0.403,45.002,2.311,23.115,-0.300,-0.081,-0.300,-498.862,-499.742,-498.862
4.058,-0.000,0.575,-0.403,45.002,2.311,23.115,-0.300,-0.081,-0.300,-498.862,-499.742,-498.862
4.062,-0.000,0.575,-0.403,45.002,2.311,23.115,-0.300,-0.081,-0.300,-498.862,-499.742,-498.862
4.067,-0.000,0.575,-0.403,45.002,2.311,23.115,-0.300,-0.081,-0.300,-498.862,-499.742,-498.862
4.071,-0.000,0.575,-0.403,45.002,2.311,23.115,-0.300,-0.081,-0.300,-498.862,-499.742,-498.862
4.075,-0.000,0.575,-0.403,45.002,2.311,23.115,-0.300,-0.081,-0.300,-498.862,-499.742,-498.862
4.079,-0.000,0.575,-0.403,45.002,2.311,23.115,-0.300,-0.081,-0.300,-498.862,-499.742,-498.862
4.083,-0.000,0.575,-0.403,45.002,2.311,23.115,-0.300,-0.081,-0.300,-498.862,-499.742,-498.862
4.088,-0.000,0.575,-0.403,45.002,2.311,23.116,-0.300,-0.081,-0.300,-498.862,-499.742,-498.862
4.092,-0.000,0.575,-0.403,45.002,2.311,23.116,-0.300,-0.081,-0.300,-498.862,-499.742,-498.862
4.096,-0.000,0.575,-0.403,45.002,2.311,23.116,-0.300,-0.081,-0.300,-498.862,-499.742,-498.862
4.100,-0.000,0.575,-0.403,45.002,2.311,23.116,-0.300,-0.081,-0.300,-498.862,-499.742,-498.862
4.104,-0.000,0.575,-0.403,45.002,2.311,23.116,-0.300,-0.081,-0.300,-498.862,-499.742,-498.862
4.108,-0.000,0.575,-0.403,45.002,2.311,23.116,-0.300,-0.081,-0.300,-498.862,-499.742,-498.862
4.112,-0.000,0.575,-0.403,45.002,2.311,23.116,-0.300,-0.081,-0.300,-498.862,-499.742,-498.862
4.117,-0.000,0.575,-0.403,45.002,2.311,23.116,-0.300,-0.081,-0.300,-498.862,-499.742,-498.862
4.121,-0.000,0.575,-0.403,45.002,2.311,23.116,-0.300,-0.081,-0.300,-498.862,-499.742,-498.862
4.125,-0.000,0.575,-0.403,45.002,2.311,23.116,-0.300,-0.081,-0.300,-498.862,-499.742,-498.862
4.129,-0.000,0.575,-0.403,45.002,2.311,23.116,-0.300,-0.081,-0.300,-498.862,-499.742,-498.862
4.133,-0.000,0.575,-0.403,45.002,2.311,23.116,-0.300,-0.081,-0.300,-498.862,-499.742,-498.862
4.138,-0.000,0.575,-0.403,45.002,2.311,23.116,-0.300,-0.081,-0.300,-498.862,-499.742,-498.862
4.142,-0.000,0.575,-0.403,45.002,2.311,23.116,-0.300,-0.081,-0.300,-498.862,-499.742,-498.862
4.146,-0.000,0.575,-0.403,45.002,2.311,23.116,-0.300,-0.081,-0.300,-498.862,-499.742,-498.862
4.150,-0.000,0.575,-0.403,45.002,2.311,23.116,-0.300,-0.081,-0.300,-498.862,-499.742,-498.862
4.154,-0.000,0.575,-0.403,45.002,2.310,23.116,-0.300,-0.081,-0.300,-498.862,-499.742,-498.862
4.158,-0.000,0.575,-0.403,45.002,2.310,23.116,-0.300,-0.081,-0.300,-498.862,-499.742,-498.862
4.162,-0.000,0.575,-0.403,45.002,2.310,23.116,-0.300,-0.081,-0.300,-498.862,-499.742,-498.862
4.167,-0.000,0.575,-0.403,45.002,2.310,23.116,-0.300,-0.081,-0.300,-498.862,-499.742,-498.862
4.171,-0.000,0.575,-0.403,45.002,2.310,23.116,-0.300,-0.081,-0.300,-498.862,-499.742,-498.862
4.175,-0.000,0.575,-0.403,45.002,2.310,23.116,-0.300,-0.081,-0.300,-498.862,-499.742,-498.862
4.179,-0.000,0.575,-0.403,45.002,2.310,23.116,-0.300,-0.081,-0.300,-498.862,-499.742,-498.862
4.183,-0.000,0.575,-0.403,45.002,2.310,23.117,-0.300,-0.081,-0.300,-498.862,-499.742,-498.862
4.188,-0.000,0.575,-0.403,45.002,2.310,23.117,-0.300,-0.081,-0.300,-498.862,-499.742,-498.862
4.192,-0.000,0.575,-0.403,45.002,2.310,23.117,-0.300,-0.081,-0.300,-498.862,-499.742,-498.862
4.196,-0.000,0.575,-0.403,45.002,2.310,23.117,-0.300,-0.081,-0.300,-498.862,-499.742,-498.862
4.200,-0.000,0.575,-0.403,45.002,2.310,23.117,-0.300,-0.080,-0.300,-498.862,-499.742,-498.862
4.204,-0.000,0.575,-0.403,45.002,2.310,23.117,-0.300,-0.080,-0.300,-498.862,-499.742,-498.862
4.208,-0.000,0.575,-0.403,45.002,2.310,23.117,-0.300,-0.080,-0.300,-498.862,-499.742,-498.862
4.213,-0.000,0.575,-0.403,45.002,2.310,23.117,-0.300,-0.080,-0.300,-498.862,-499.742,-498.862
4.217,-0.000,0.575,-0.403,45.002,2.310,23.117,-0.300,-0.080,-0.300,-498.862,-499.742,-498.862
4.221,-0.000,0.575,-0.403,45.002,2.310,23.117,-0.300,-0.080,-0.300,-498.862,-499.742,-498.862
4.225,-0.000,0.575,-0.403,45.002,2.310,23.117,-0.300,-0.080,-0.300,-498.862,-499.742,-498.862
4.229,-0.000,0.575,-0.403,45.002,2.310,23.117,-0.300,-0.080,-0.300,-498.862,-499.742,-498.862
4.233,-0.000,0.575,-0.403,45.002,2.310,23.117,-0.300,-0.080,-0.300,-498.862,-499.742,-498.862
4.237,-0.000,0.575,-0.403,45.002,2.310,23.117,-0.300,-0.080,-0.300,-498.862,-499.742,-498.862
4.242,-0.000,0.575,-0.403,45.002,2.310,23.117,-0.300,-0.080,-0.300,-498.862,-499.742,-498.862
4.246,-0.000,0.575,-0.403,45.002,2.310,23.117,-0.300,-0.080,-0.300,-498.862,-499.742,-498.862
4.250,-0.000,0.575,-0.403,45.002,2.310,23.117,-0.300,-0.080,-0.300,-498.862,-499.742,-498.862
4.254,-0.000,0.575,-0.403,45.002,2.310,23.117,-0.300,-0.080,-0.300,-498.862,-499.742,-498.862
4.258,-0.000,0.575,-0.403,45.002,2.310,23.117,-0.300,-0.080,-0.300,-498.862,-499.742,-498.862
4.263,-0.000,0.575,-0.403,45.002,2.310,23.117,-0.300,-0.080,-0.300,-498.862,-499.742,-498.862
4.267,-0.000,0.575,-0.403,45.002,2.310,23.117,-0.300,-0.080,-0.300,-498.862,-499.742,-498.862
4.271,-0.000,0.575,-0.403,45.002,2.310,23.117,-0.300,-0.080,-0.300,-498.862,-499.742,-498.862
4.275,-0.000,0.575,-0.403,45.002,2.310,23.117,-0.300,-0.080,-0.300,-498.862,-499.742,-498.862
4.279,-0.000,0.575,-0.403,45.002,2.310,23.117,-0.300,-0.080,-0.300,-498.862,-499.742,-498.862
4.283,-0.000,0.575,-0.403,45.002,2.309,23.118,-0.300,-0.080,-0.300,-498.862,-499.742,-498.862
4.287,-0.000,0.575,-0.403,45.002,2.309,23.118,-0.300,-0.080,-0.300,-498.862,-499.742,-498.862
4.292,-0.000,0.575,-0.403,45.002,2.309,23.118,-0.300,-0.080,-0.300,-498.862,-499.742,-498.862
4.296,-0.000,0.575,-0.403,45.002,2.309,23.118,-0.300,-0.080,-0.300,-498.862,-499.742,-498.862
4.300,-0.000,0.575,-0.403,45.002,2.309,23.118,-0.300,-0.080,-0.300,-498.862,-499.742,-498.862
4.304,-0.000,0.575,-0.403,45.002,2.309,23.118,-0.300,-0.080,-0.300,-498.862,-499.742,-498.862
4.308,-0.000,0.575,-0.403,45.002,2.309,23.118,-0.300,-0.080,-0.300,-498.862,-499.742,-498.862
4.312,-0.000,0.575,-0.403,45.002,2.309,23.118,-0.300,-0.080,-0.300,-498.862,-499.742,-498.862
4.317,-0.000,0.575,-0.403,45.002,2.309,23.118,-0.300,-0.080,-0.300,-498.862,-499.742,-498.862
4.321,-0.000,0.575,-0.403,45.002,2.309,23.118,-0.300,-0.080,-0.300,-498.862,-499.742,-498.862
4.325,-0.000,0.575,-0.403,45.002,2.309,23.118,-0.300,-0.080,-0.300,-498.862,-499.742,-498.862
4.329,-0.000,0.575,-0.403,45.002,2.309,23.118,-0.300,-0.080,-0.300,-498.862,-499.742,-498.862
4.333,-0.000,0.575,-0.403,45.002,2.309,23.118,-0.300,-0.080,-0.300,-498.862,-499.742,-498.862
4.338,-0.000,0.575,-0.403,45.002,2.309,23.118,-0.300,-0.080,-0.300,-498.862,-499.742,-498.862
4.342,-0.000,0.575,-0.403,45.002,2.309,23.118,-0.300,-0.080,-0.300,-498.862,-499.742,-498.862
4.346,-0.000,0.575,-0.403,45.002,2.309,23.118,-0.300,-0.080,-0.300,-498.862,-499.742,-498.862
4.350,-0.000,0.575,-0.403,45.002,2.309,23.118,-0.300,-0.080,-0.300,-498.862,-499.742,-498.862
4.354,-0.000,0.575,-0.403,45.002,2.309,23.118,-0.300,-0.080,-0.300,-498.862,-499.742,-498.862
4.358,-0.000,0.575,-0.403,45.002,2.309,23.118,-0.300,-0.080,-0.300,-498.862,-499.742,-498.862
4.362,-0.000,0.575,-0.403,45.002,2.309,23.118,-0.300,-0.080,-0.300,-498.862,-499.742,-498.862
4.367,-0.000,0.575,-0.403,45.002,2.309,23.118,-0.300,-0.080,-0.300,-498.862,-499.742,-498.862
4.371,-0.000,0.575,-0.403,45.002,2.309,23.118,-0.300,-0.080,-0.300,-498.862,-499.742,-498.862
4.375,-0.000,0.575,-0.403,45.002,2.309,23.118,-0.300,-0.080,-0.300,-498.862,-499.742,-498.862
4.379,-0.000,0.575,-0.403,45.002,2.309,23.119,-0.300,-0.080,-0.300,-498.862,-499.742,-498.862
4.383,-0.000,0.575,-0.403,45.002,2.309,23.119,-0.300,-0.080,-0.300,-498.862,-499.742,-498.862
4.388,-0.000,0.575,-0.403,45.002,2.309,23.119,-0.300,-0.080,-0.300,-498.862,-499.742,-498.862
4.392,-0.000,0.575,-0.403,45.002,2.309,23.119,-0.300,-0.080,-0.300,-498.862,-499.742,-498.862
4.396,-0.000,0.575,-0.403,45.002,2.309,23.119,-0.300,-0.080,-0.300,-498.862,-499.742,-498.862
4.400,-0.000,0.575,-0.403,45.002,2.309,23.119,-0.300,-0.080,-0.300,-498.862,-499.742,-498.862
4.404,-0.000,0.575,-0.403,45.002,2.309,23.119,-0.300,-0.080,-0.300,-498.862,-499.742,-498.862
4.408,-0.000,0.575,-0.403,45.002,2.309,23.119,-0.300,-0.080,-0.300,-498.862,-499.742,-498.862
4.412,-0.000,0.575,-0.404,45.002,2.309,23.119,-0.300,-0.080,-0.300,-498.862,-499.742,-498.862
4.417,-0.000,0.575,-0.404,45.002,2.309,23.119,-0.300,-0.080,-0.300,-498.862,-499.742,-498.862
4.421,-0.000,0.575,-0.404,45.002,2.309,23.119,-0.300,-0.080,-0.300,-498.862,-499.742,-498.862
4.425,-0.000,0.575,-0.404,45.002,2.309,23.119,-0.300,-0.080,-0.300,-498.862,-499.742,-498.862
4.429,-0.000,0.575,-0.404,45.002,2.309,23.119,-0.300,-0.080,-0.300,-498.862,-499.742,-498.862
4.433,-0.000,0.575,-0.404,45.002,2.309,23.119,-0.300,-0.080,-0.300,-498.862,-499.742,-498.862
4.438,-0.000,0.575,-0.404,45.002,2.309,23.119,-0.300,-0.080,-0.300,-498.862,-499.742,-498.862
4.442,-0.000,0.575,-0.404,45.002,2.309,23.119,-0.300,-0.080,-0.300,-498.862,-499.742,-498.862
4.446,-0.000,0.575,-0.404,45.002,2.309,23.119,-0.300,-0.080,-0.300,-498.862,-499.742,-498.862
4.450,-0.000,0.575,-0.404,45.002,2.308,23.119,-0.300,-0.080,-0.300,-498.862,-499.742,-498.862
4.454,-0.000,0.575,-0.404,45.002,2.308,23.119,-0.300,-0.080,-0.300,-498.862,-499.742,-498.862
4.458,-0.000,0.575,-0.404,45.002,2.308,23.119,-0.300,-0.080,-0.300,-498.862,-499.742,-498.862
4.463,-0.000,0.575,-0.404,45.002,2.308,23.119,-0.300,-0.080,-0.300,-498.862,-499.742,-498.862
4.467,-0.000,0.575,-0.404,45.002,2.308,23.119,-0.300,-0.080,-0.300,-498.862,-499.742,-498.862
4.471,-0.000,0.575,-0.404,45.002,2.308,23.119,-0.300,-0.080,-0.300,-498.862,-499.742,-498.862
4.475,-0.000,0.575,-0.404,45.002,2.308,23.120,-0.300,-0.080,-0.300,-498.862,-499.742,-498.862
4.479,-0.000,0.575,-0.404,45.002,2.308,23.120,-0.300,-0.080,-0.300,-498.862,-499.742,-498.862
4.483,-0.000,0.575,-0.404,45.002,2.308,23.120,-0.300,-0.080,-0.300,-498.862,-499.742,-498.862
4.487,-0.000,0.575,-0.404,45.002,2.308,23.120,-0.300,-0.080,-0.300,-498.862,-499.742,-498.862
4.492,-0.000,0.575,-0.404,45.002,2.308,23.120,-0.300,-0.080,-0.300,-498.862,-499.742,-498.862
4.496,-0.000,0.575,-0.404,45.002,2.308,23.120,-0.300,-0.080,-0.300,-498.862,-499.742,-498.862
4.500,-0.000,0.575,-0.404,45.002,2.308,23.120,-0.300,-0.080,-0.300,-498.862,-499.742,-498.862
4.504,-0.000,0.575,-0.404,45.002,2.308,23.120,-0.300,-0.080,-0.300,-498.862,-499.742,-498.862
4.508,-0.000,0.575,-0.404,45.002,2.308,23.120,-0.300,-0.080,-0.300,-498.862,-499.742,-498.862
4.513,-0.000,0.575,-0.404,45.002,2.308,23.120,-0.300,-0.080,-0.300,-498.862,-499.742,-498.862
4.517,-0.000,0.575,-0.404,45.002,2.308,23.120,-0.300,-0.080,-0.300,-498.862,-499.742,-498.862
4.521,-0.000,0.575,-0.404,45.002,2.308,23.120,-0.300,-0.080,-0.300,-498.862,-499.742,-498.862
4.525,-0.000,0.575,-0.404,45.002,2.308,23.120,-0.300,-0.080,-0.300,-498.862,-499.742,-498.862
4.529,-0.000,0.575,-0.404,45.002,2.308,23.120,-0.300,-0.080,-0.300,-498.862,-499.742,-498.862
4.533,-0.000,0.575,-0.404,45.002,2.308,23.120,-0.300,-0.080,-0.300,-498.862,-499.742,-498.862
4.537,-0.000,0.575,-0.404,45.002,2.308,23.120,-0.300,-0.080,-0.300,-498.862,-499.742,-498.862
4.542,-0.000,0.575,-0.404,45.002,2.308,23.120,-0.300,-0.080,-0.300,-498.862,-499.742,-498.862
4.546,-0.000,0.575,-0.404,45.002,2.308,23.120,-0.300,-0.080,-0.300,-498.862,-499.742,-498.862
4.550,-0.000,0.575,-0.404,45.002,2.308,23.120,-0.300,-0.080,-0.300,-498.862,-499.742,-498.862
4.554,-0.000,0.575,-0.404,45.002,2.308,23.120,-0.300,-0.080,-0.300,-498.862,-499.742,-498.862
4.558,-0.000,0.575,-0.404,45.002,2.308,23.120,-0.300,-0.080,-0.300,-498.862,-499.742,-498.862
4.562,-0.000,0.575,-0.404,45.002,2.308,23.120,-0.300,-0.080,-0.300,-498.862,-499.742,-498.862
4.567,-0.000,0.575,-0.404,45.002,2.308,23.120,-0.300,-0.080,-0.300,-498.862,-499.742,-498.862
4.571,-0.000,0.575,-0.404,45.002,2.308,23.121,-0.300,-0.080,-0.300,-498.862,-499.742,-498.862
4.575,-0.000,0.575,-0.404,45.002,2.308,23.121,-0.300,-0.080,-0.300,-498.862,-499.742,-498.862
4.579,-0.000,0.575,-0.404,45.002,2.308,23.121,-0.300,-0.080,-0.300,-498.862,-499.742,-498.862
4.583,-0.000,0.575,-0.404,45.002,2.308,23.121,-0.300,-0.080,-0.300,-498.862,-499.742,-498.862
4.588,-0.000,0.575,-0.404,45.002,2.308,23.121,-0.300,-0.080,-0.300,-498.862,-499.742,-498.862
4.592,-0.000,0.575,-0.404,45.002,2.308,23.121,-0.300,-0.080,-0.300,-498.862,-499.742,-498.862
4.596,-0.000,0.575,-0.404,45.002,2.308,23.121,-0.300,-0.080,-0.300,-498.862,-499.742,-498.862
4.600,-0.000,0.575,-0.404,45.002,2.308,23.121,-0.300,-0.080,-0.300,-498.862,-499.742,-498.862
4.604,-0.000,0.575,-0.404,45.002,2.308,23.121,-0.300,-0.080,-0.300,-498.862,-499.742,-498.862
4.608,-0.000,0.575,-0.404,45.002,2.308,23.121,-0.300,-0.080,-0.300,-498.862,-499.742,-498.862
4.612,-0.000,0.575,-0.404,45.002,2.308,23.121,-0.300,-0.080,-0.300,-498.862,-499.742,-498.862
4.617,-0.000,0.575,-0.404,45.002,2.308,23.121,-0.300,-0.080,-0.300,-498.862,-499.742,-498.862
4.621,-0.000,0.575,-0.404,45.002,2.308,23.121,-0.300,-0.080,-0.300,-498.862,-499.742,-498.862
4.625,-0.000,0.575,-0.404,45.002,2.308,23.121,-0.300,-0.080,-0.300,-498.862,-499.742,-498.862
4.629,-0.000,0.575,-0.404,45.002,2.307,23.121,-0.300,-0.080,-0.300,-498.862,-499.742,-498.862
4.633,-0.000,0.575,-0.404,45.002,2.307,23.121,-0.300,-0.080,-0.300,-498.862,-499.742,-498.862
4.638,-0.000,0.575,-0.404,45.002,2.307,23.121,-0.300,-0.080,-0.300,-498.862,-499.742,-498.862
4.642,-0.000,0.575,-0.404,45.002,2.307,23.121,-0.300,-0.080,-0.300,-498.862,-499.742,-498.862
4.646,-0.000,0.575,-0.404,45.002,2.307,23.121,-0.300,-0.080,-0.300,-498.862,-499.742,-498.862
4.650,-0.000,0.575,-0.404,45.002,2.307,23.121,-0.300,-0.080,-0.300,-498.862,-499.742,-498.862
4.654,-0.000,0.575,-0.404,45.002,2.307,23.121,-0.300,-0.080,-0.300,-498.862,-499.742,-498.862
4.658,-0.000,0.575,-0.404,45.002,2.307,23.121,-0.300,-0.080,-0.300,-498.862,-499.742,-498.862
4.662,-0.000,0.575,-0.404,45.002,2.307,23.121,-0.300,-0.080,-0.300,-498.862,-499.742,-498.862
4.667,-0.000,0.575,-0.404,45.002,2.307,23.121,-0.300,-0.080,-0.300,-498.862,-499.742,-498.862
4.671,-0.000,0.575,-0.404,45.002,2.307,23.122,-0.300,-0.080,-0.300,-498.862,-499.742,-498.862
4.675,-0.000,0.575,-0.404,45.002,2.307,23.122,-0.300,-0.080,-0.300,-498.862,-499.742,-498.862
4.679,-0.000,0.575,-0.404,45.002,2.307,23.122,-0.300,-0.080,-0.300,-498.862,-499.742,-498.862
4.683,-0.000,0.575,-0.404,45.002,2.307,23.122,-0.300,-0.080,-0.300,-498.862,-499.742,-498.862
4.688,-0.000,0.575,-0.404,45.002,2.307,23.122,-0.300,-0.080,-0.300,-498.862,-499.742,-498.862
4.692,-0.000,0.575,-0.404,45.002,2.307,23.122,-0.300,-0.080,-0.300,-498.862,-499.742,-498.862
4.696,-0.000,0.575,-0.404,45.002,2.307,23.122,-0.300,-0.080,-0.300,-498.862,-499.742,-498.862
4.700,-0.000,0.575,-0.404,45.002,2.307,23.122,-0.300,-0.080,-0.300,-498.862,-499.742,-498.862
4.704,-0.000,0.575,-0.404,45.002,2.307,23.122,-0.300,-0.080,-0.300,-498.862,-499.742,-498.862
4.708,-0.000,0.575,-0.404,45.002,2.307,23.122,-0.300,-0.080,-0.300,-498.862,-499.742,-498.862
4.713,-0.000,0.575,-0.404,45.002,2.307,23.122,-0.300,-0.080,-0.300,-498.862,-499.742,-498.862
4.717,-0.000,0.575,-0.404,45.002,2.307,23.122,-0.300,-0.080,-0.300,-498.862,-499.742,-498.862
4.721,-0.000,0.575,-0.404,45.002,2.307,23.122,-0.300,-0.080,-0.300,-498.862,-499.742,-498.862
4.725,-0.000,0.575,-0.404,45.002,2.307,23.122,-0.300,-0.080,-0.300,-498.862,-499.742,-498.862
4.729,-0.000,0.575,-0.404,45.002,2.307,23.122,-0.300,-0.080,-0.300,-498.862,-499.742,-498.862
4.733,-0.000,0.575,-0.404,45.002,2.307,23.122,-0.300,-0.080,-0.300,-498.862,-499.742,-498.862
4.737,-0.000,0.575,-0.404,45.002,2.307,23.122,-0.300,-0.080,-0.300,-498.862,-499.742,-498.862
4.742,-0.000,0.575,-0.404,45.002,2.307,23.122,-0.300,-0.080,-0.300,-498.862,-499.742,-498.862
4.746,-0.000,0.575,-0.404,45.002,2.307,23.122,-0.300,-0.080,-0.300,-498.862,-499.742,-498.862
4.750,-0.000,0.575,-0.404,45.002,2.307,23.122,-0.300,-0.080,-0.300,-498.862,-499.742,-498.862
4.754,-0.000,0.575,-0.404,45.002,2.307,23.122,-0.300,-0.080,-0.300,-498.862,-499.742,-498.862
4.758,-0.000,0.575,-0.404,45.002,2.307,23.122,-0.300,-0.080,-0.300,-498.862,-499.742,-498.862
4.763,-0.000,0.575,-0.404,45.002,2.307,23.122,-0.300,-0.080,-0.300,-498.862,-499.742,-498.862
4.767,-0.000,0.575,-0.404,45.002,2.307,23.123,-0.300,-0.080,-0.300,-498.862,-499.742,-498.862
4.771,-0.000,0.575,-0.404,45.002,2.307,23.123,-0.300,-0.080,-0.300,-498.862,-499.742,-498.862
4.775,-0.000,0.575,-0.404,45.002,2.307,23.123,-0.300,-0.080,-0.300,-498.862,-499.742,-498.862
4.779,-0.000,0.575,-0.404,45.002,2.307,23.123,-0.300,-0.080,-0.300,-498.862,-499.742,-498.862
4.783,-0.000,0.575,-0.404,45.002,2.307,23.123,-0.300,-0.080,-0.300,-498.862,-499.742,-498.862
4.787,-0.000,0.575,-0.404,45.002,2.307,23.123,-0.300,-0.080,-0.300,-498.862,-499.742,-498.862
4.792,-0.000,0.575,-0.404,45.002,2.307,23.123,-0.300,-0.080,-0.300,-498.862,-499.742,-498.862
4.796,-0.000,0.575,-0.404,45.002,2.307,23.123,-0.300,-0.080,-0.300,-498.862,-499.742,-498.862
4.800,-0.000,0.575,-0.404,45.002,2.307,23.123,-0.300,-0.080,-0.300,-498.862,-499.742,-498.862
4.804,-0.000,0.575,-0.404,45.002,2.307,23.123,-0.300,-0.080,-0.300,-498.862,-499.742,-498.862
4.808,-0.000,0.575,-0.404,45.002,2.307,23.123,-0.300,-0.080,-0.300,-498.862,-499.742,-498.862
4.812,-0.000,0.575,-0.404,45.002,2.307,23.123,-0.300,-0.080,-0.300,-498.862,-499.742,-498.862
4.817,-0.000,0.575,-0.404,45.002,2.307,23.123,-0.300,-0.080,-0.300,-498.862,-499.742,-498.862
4.821,-0.000,0.575,-0.404,45.002,2.307,23.123,-0.300,-0.080,-0.300,-498.862,-499.742,-498.862
4.825,-0.000,0.575,-0.404,45.002,2.307,23.123,-0.300,-0.080,-0.300,-498.862,-499.742,-498.862
4.829,-0.000,0.575,-0.404,45.002,2.307,23.123,-0.300,-0.080,-0.300,-498.862,-499.742,-498.862
4.833,-0.000,0.575,-0.404,45.002,2.307,23.123,-0.300,-0.080,-0.300,-498.862,-499.742,-498.862
4.838,-0.000,0.575,-0.404,45.002,2.307,23.123,-0.300,-0.080,-0.300,-498.862,-499.742,-498.862
4.842,-0.000,0.575,-0.404,45.002,2.307,23.123,-0.300,-0.080,-0.300,-498.862,-499.742,-498.862
4.846,-0.000,0.575,-0.404,45.002,2.307,23.123,-0.300,-0.080,-0.300,-498.862,-499.742,-498.862
4.850,-0.000,0.575,-0.404,45.002,2.307,23.123,-0.300,-0.080,-0.300,-498.862,-499.742,-498.862
4.854,-0.000,0.575,-0.404,45.002,2.307,23.123,-0.300,-0.080,-0.300,-498.862,-499.742,-498.862
4.858,-0.000,0.575,-0.404,45.002,2.306,23.123,-0.300,-0.080,-0.300,-498.862,-499.742,-498.862
4.862,-0.000,0.575,-0.404,45.002,2.306,23.124,-0.300,-0.080,-0.300,-498.862,-499.742,-498.862
4.867,-0.000,0.575,-0.404,45.002,2.306,23.124,-0.300,-0.080,-0.300,-498.862,-499.742,-498.862
4.871,-0.000,0.575,-0.404,45.002,2.306,23.124,-0.300,-0.080,-0.300,-498.862,-499.742,-498.862
4.875,-0.000,0.575,-0.404,45.002,2.306,23.124,-0.300,-0.080,-0.300,-498.862,-499.742,-498.862
4.879,-0.000,0.575,-0.404,45.002,2.306,23.124,-0.300,-0.080,-0.300,-498.862,-499.742,-498.862
4.883,-0.000,0.575,-0.404,45.002,2.306,23.124,-0.300,-0.080,-0.300,-498.862,-499.742,-498.862
4.888,-0.000,0.575,-0.404,45.002,2.306,23.124,-0.300,-0.080,-0.300,-498.862,-499.742,-498.862
4.892,-0.000,0.575,-0.404,45.002,2.306,23.124,-0.300,-0.080,-0.300,-498.862,-499.742,-498.862
4.896,-0.000,0.575,-0.404,45.002,2.306,23.124,-0.300,-0.080,-0.300,-498.862,-499.742,-498.862
4.900,-0.000,0.575,-0.404,45.002,2.306,23.124,-0.300,-0.080,-0.300,-498.862,-499.742,-498.862
4.904,-0.000,0.575,-0.404,45.002,2.306,23.124,-0.300,-0.080,-0.300,-498.862,-499.742,-498.862
4.908,-0.000,0.575,-0.404,45.002,2.306,23.124,-0.300,-0.080,-0.300,-498.862,-499.742,-498.862
4.912,-0.000,0.575,-0.404,45.002,2.306,23.124,-0.300,-0.080,-0.300,-498.862,-499.742,-498.862
4.917,-0.000,0.575,-0.404,45.002,2.306,23.124,-0.300,-0.080,-0.300,-498.862,-499.742,-498.862
4.921,-0.000,0.575,-0.404,45.002,2.306,23.124,-0.300,-0.080,-0.300,-498.862,-499.742,-498.862
4.925,-0.000,0.575,-0.404,45.002,2.306,23.124,-0.300,-0.080,-0.300,-498.862,-499.742,-498.862
4.929,-0.000,0.575,-0.404,45.002,2.306,23.124,-0.300,-0.080,-0.300,-498.862,-499.742,-498.862
4.933,-0.000,0.575,-0.404,45.002,2.306,23.124,-0.300,-0.080,-0.300,-498.862,-499.742,-498.862
4.938,-0.000,0.575,-0.404,45.002,2.306,23.124,-0.300,-0.080,-0.300,-498.862,-499.742,-498.862
4.942,-0.000,0.575,-0.404,45.002,2.306,23.124,-0.300,-0.080,-0.300,-498.862,-499.742,-498.862
4.946,-0.000,0.575,-0.404,45.002,2.306,23.124,-0.300,-0.080,-0.300,-498.862,-499.742,-498.862
4.950,-0.000,0.575,-0.404,45.002,2.306,23.124,-0.300,-0.080,-0.300,-498.862,-499.742,-498.862
4.954,-0.000,0.575,-0.404,45.002,2.306,23.124,-0.300,-0.080,-0.300,-498.862,-499.742,-498.862
4.958,-0.000,0.575,-0.404,45.002,2.306,23.125,-0.300,-0.080,-0.300,-498.862,-499.742,-498.862
4.963,-0.000,0.575,-0.404,45.002,2.306,23.125,-0.300,-0.080,-0.300,-498.862,-499.742,-498.862
4.967,-0.000,0.575,-0.404,45.002,2.306,23.125,-0.300,-0.080,-0.300,-498.862,-499.742,-498.862
4.971,-0.000,0.575,-0.404,45.002,2.306,23.125,-0.300,-0.080,-0.300,-498.862,-499.742,-498.862
4.975,-0.000,0.575,-0.404,45.002,2.306,23.125,-0.300,-0.080,-0.300,-498.862,-499.742,-498.862
4.979,-0.000,0.575,-0.404,45.002,2.306,23.125,-0.300,-0.080,-0.300,-498.862,-499.742,-498.862
4.983,-0.000,0.575,-0.404,45.002,2.306,23.125,-0.300,-0.080,-0.300,-498.862,-499.742,-498.862
4.987,-0.000,0.575,-0.404,45.002,2.306,23.125,-0.300,-0.080,-0.300,-498.862,-499.742,-498.862
4.992,-0.000,0.575,-0.404,45.002,2.306,23.125,-0.300,-0.080,-0.300,-498.862,-499.742,-498.862
4.996,-0.000,0.575,-0.404,45.002,2.306,23.125,-0.300,-0.080,-0.300,-498.862,-499.742,-498.862
5.000,-0.000,0.575,-0.404,45.002,2.306,23.125,-0.300,-0.080,-0.300,-498.862,-499.742,-498.862
5.004,-0.000,0.575,-0.404,45.002,2.306,23.125,-0.300,-0.080,-0.300,-498.862,-499.742,-498.862
5.008,-0.000,0.575,-0.404,45.002,2.306,23.125,-0.300,-0.080,-0.300,-498.862,-499.742,-498.862
5.013,-0.000,0.575,-0.404,45.002,2.306,23.125,-0.300,-0.080,-0.300,-498.862,-499.742,-498.862
5.017,-0.000,0.575,-0.404,45.002,2.306,23.125,-0.300,-0.080,-0.300,-498.862,-499.742,-498.862
5.021,-0.000,0.575,-0.404,45.002,2.306,23.125,-0.300,-0.080,-0.300,-498.862,-499.742,-498.862
5.025,-0.000,0.575,-0.404,45.002,2.306,23.125,-0.300,-0.080,-0.300,-498.862,-499.742,-498.862
5.029,-0.000,0.575,-0.404,45.002,2.306,23.125,-0.300,-0.080,-0.300,-498.862,-499.742,-498.862
5.033,-0.000,0.575,-0.404,45.002,2.306,23.125,-0.300,-0.080,-0.300,-498.862,-499.742,-498.862
5.037,-0.000,0.575,-0.404,45.002,2.306,23.125,-0.300,-0.080,-0.300,-498.862,-499.742,-498.862
5.042,-0.000,0.575,-0.404,45.002,2.306,23.125,-0.300,-0.080,-0.300,-498.862,-499.742,-498.862
5.046,-0.000,0.575,-0.404,45.002,2.306,23.125,-0.300,-0.080,-0.300,-498.862,-499.742,-498.862
5.050,-0.000,0.575,-0.404,45.002,2.306,23.125,-0.300,-0.080,-0.300,-498.862,-499.742,-498.862
5.054,-0.000,0.575,-0.404,45.002,2.306,23.125,-0.300,-0.080,-0.300,-498.862,-499.742,-498.862
5.058,-0.000,0.575,-0.404,45.002,2.306,23.126,-0.300,-0.080,-0.300,-498.862,-499.742,-498.862
5.062,-0.000,0.575,-0.404,45.002,2.306,23.126,-0.300,-0.080,-0.300,-498.862,-499.742,-498.862
5.067,-0.000,0.575,-0.404,45.002,2.306,23.126,-0.300,-0.080,-0.300,-498.862,-499.742,-498.862
5.071,-0.000,0.575,-0.404,45.002,2.306,23.126,-0.300,-0.080,-0.300,-498.862,-499.742,-498.862
5.075,-0.000,0.575,-0.404,45.002,2.306,23.126,-0.300,-0.080,-0.300,-498.862,-499.742,-498.862
5.079,-0.000,0.575,-0.404,45.002,2.306,23.126,-0.300,-0.080,-0.300,-498.862,-499.742,-498.862
5.083,-0.000,0.575,-0.404,45.002,2.306,23.126,-0.300,-0.080,-0.300,-498.862,-499.742,-498.862
5.088,-0.000,0.575,-0.404,45.002,2.306,23.126,-0.300,-0.080,-0.300,-498.862,-499.742,-498.862
5.092,-0.000,0.575,-0.404,45.002,2.306,23.126,-0.300,-0.080,-0.300,-498.862,-499.742,-498.862
5.096,-0.000,0.575,-0.404,45.002,2.306,23.126,-0.300,-0.080,-0.300,-498.862,-499.742,-498.862
5.100,-0.000,0.575,-0.404,45.002,2.306,23.126,-0.300,-0.080,-0.300,-498.862,-499.742,-498.862
5.104,-0.000,0.575,-0.404,45.002,2.306,23.126,-0.300,-0.080,-0.300,-498.862,-499.742,-498.862
5.108,-0.000,0.575,-0.404,45.002,2.306,23.126,-0.300,-0.080,-0.300,-498.862,-499.742,-498.862
5.112,-0.000,0.575,-0.404,45.002,2.306,23.126,-0.300,-0.080,-0.300,-498.862,-499.742,-498.862
5.117,-0.000,0.575,-0.404,45.002,2.306,23.126,-0.300,-0.080,-0.300,-498.862,-499.742,-498.862
5.121,-0.000,0.575,-0.404,45.002,2.306,23.126,-0.300,-0.080,-0.300,-498.862,-499.742,-498.862
5.125,-0.000,0.575,-0.404,45.002,2.306,23.126,-0.300,-0.080,-0.300,-498.862,-499.742,-498.862
5.129,-0.000,0.575,-0.404,45.002,2.306,23.126,-0.300,-0.080,-0.300,-498.862,-499.742,-498.862
5.133,-0.000,0.575,-0.404,45.002,2.306,23.126,-0.300,-0.080,-0.300,-498.862,-499.742,-498.862
5.138,-0.000,0.575,-0.404,45.002,2.306,23.126,-0.300,-0.080,-0.300,-498.862,-499.742,-498.862
5.142,-0.000,0.575,-0.404,45.002,2.306,23.126,-0.300,-0.080,-0.300,-498.862,-499.742,-498.862
5.146,-0.000,0.575,-0.404,45.002,2.306,23.126,-0.300,-0.080,-0.300,-498.862,-499.742,-498.862
5.150,-0.000,0.575,-0.404,45.002,2.306,23.126,-0.300,-0.080,-0.300,-498.862,-499.742,-498.862
5.154,-0.000,0.575,-0.404,45.002,2.306,23.127,-0.300,-0.080,-0.300,-498.862,-499.742,-498.862
5.158,-0.000,0.575,-0.404,45.002,2.306,23.127,-0.300,-0.080,-0.300,-498.862,-499.742,-498.862
5.162,-0.000,0.575,-0.404,45.002,2.306,23.127,-0.300,-0.080,-0.300,-498.862,-499.742,-498.862
5.167,-0.000,0.575,-0.404,45.002,2.306,23.127,-0.300,-0.080,-0.300,-498.862,-499.742,-498.862
5.171,-0.000,0.575,-0.404,45.002,2.306,23.127,-0.300,-0.080,-0.300,-498.862,-499.742,-498.862
5.175,-0.000,0.575,-0.404,45.002,2.306,23.127,-0.300,-0.080,-0.300,-498.862,-499.742,-498.862
5.179,-0.000,0.575,-0.404,45.002,2.306,23.127,-0.300,-0.080,-0.300,-498.862,-499.742,-498.862
5.183,-0.000,0.575,-0.404,45.002,2.306,23.127,-0.300,-0.080,-0.300,-498.862,-499.742,-498.862
5.188,-0.000,0.575,-0.404,45.002,2.306,23.127,-0.300,-0.080,-0.300,-498.862,-499.742,-498.862
5.192,-0.000,0.575,-0.404,45.002,2.306,23.127,-0.300,-0.080,-0.300,-498.862,-499.742,-498.862
5.196,-0.000,0.575,-0.404,45.002,2.306,23.127,-0.300,-0.080,-0.300,-498.862,-499.742,-498.862
5.200,-0.000,0.575,-0.404,45.002,2.306,23.127,-0.300,-0.080,-0.300,-498.862,-499.742,-498.862
5.204,-0.000,0.575,-0.404,45.002,2.306,23.127,-0.300,-0.080,-0.300,-498.862,-499.742,-498.862
5.208,-0.000,0.575,-0.404,45.002,2.306,23.127,-0.300,-0.080,-0.300,-498.862,-499.742,-498.862
5.213,-0.000,0.575,-0.404,45.002,2.306,23.127,-0.300,-0.080,-0.300,-498.862,-499.742,-498.862
5.217,-0.000,0.575,-0.404,45.002,2.306,23.127,-0.300,-0.080,-0.300,-498.862,-499.742,-498.862
5.221,-0.000,0.575,-0.404,45.002,2.306,23.127,-0.300,-0.080,-0.300,-498.862,-499.742,-498.862
5.225,-0.000,0.575,-0.404,45.002,2.306,23.127,-0.300,-0.080,-0.300,-498.862,-499.742,-498.862
5.229,-0.000,0.575,-0.404,45.002,2.306,23.127,-0.300,-0.080,-0.300,-498.862,-499.742,-498.862
5.233,-0.000,0.575,-0.404,45.002,2.306,23.127,-0.300,-0.080,-0.300,-498.862,-499.742,-498.862
5.237,-0.000,0.575,-0.404,45.002,2.306,23.127,-0.300,-0.080,-0.300,-498.862,-499.742,-498.862
5.242,-0.000,0.575,-0.404,45.002,2.306,23.127,-0.300,-0.080,-0.300,-498.862,-499.742,-498.862
5.246,-0.000,0.575,-0.404,45.002,2.306,23.127,-0.300,-0.080,-0.300,-498.862,-499.742,-498.862
5.250,-0.000,0.575,-0.404,45.002,2.306,23.128,-0.300,-0.080,-0.300,-498.862,-499.742,-498.862
5.254,-0.000,0.575,-0.404,45.002,2.306,23.128,-0.300,-0.080,-0.300,-498.862,-499.742,-498.862
5.258,-0.000,0.575,-0.404,45.002,2.306,23.128,-0.300,-0.080,-0.300,-498.862,-499.742,-498.862
5.263,-0.000,0.575,-0.404,45.002,2.306,23.128,-0.300,-0.080,-0.300,-498.862,-499.742,-498.862
5.267,-0.000,0.575,-0.404,45.002,2.306,23.128,-0.300,-0.080,-0.300,-498.862,-499.742,-498.862
5.271,-0.000,0.575,-0.404,45.002,2.306,23.128,-0.300,-0.080,-0.300,-498.862,-499.742,-498.862
5.275,-0.000,0.575,-0.404,45.002,2.306,23.128,-0.300,-0.080,-0.300,-498.862,-499.742,-498.862
5.279,-0.000,0.575,-0.404,45.002,2.306,23.128,-0.300,-0.080,-0.300,-498.862,-499.742,-498.862
5.283,-0.000,0.575,-0.404,45.002,2.306,23.128,-0.300,-0.080,-0.300,-498.862,-499.742,-498.862
5.287,-0.000,0.575,-0.404,45.002,2.306,23.128,-0.300,-0.080,-0.300,-498.862,-499.742,-498.862
5.292,-0.000,0.575,-0.404,45.002,2.306,23.128,-0.300,-0.080,-0.300,-498.862,-499.742,-498.862
0.004,0.785,0.615,0.000,-0.000,-0.000,-0.000,0.000,0.000,0.000,0.000,0.000,0.000
0.008,0.785,0.615,-0.000,-0.000,0.000,0.000,0.000,-0.000,-0.000,0.000,0.000,0.000
0.013,0.785,0.615,0.000,-0.000,0.000,-0.000,0.000,0.000,0.000,0.000,-0.000,-0.000
0.017,0.785,0.615,-0.000,-0.000,-0.000,0.000,0.000,0.000,-0.000,0.000,-0.000,0.000
0.021,0.785,0.615,-0.000,-0.000,0.000,0.000,0.000,-0.000,-0.000,0.000,0.000,-0.000
0.025,0.785,0.615,0.000,-0.000,0.000,-0.000,0.000,-0.000,0.000,0.000,-0.000,-0.000
0.029,0.785,0.615,-0.000,0.000,-0.000,0.000,-0.001,0.001,-0.001,-0.001,-0.000,0.001
0.033,0.785,0.616,-0.000,0.001,-0.001,0.000,-0.001,0.003,-0.000,-78.124,36.824,-45.101
0.037,0.785,0.616,-0.000,0.002,-0.001,0.001,-0.003,0.000,-0.002,-122.542,198.396,-70.995
0.042,0.785,0.615,-0.000,0.004,-0.001,0.002,-0.005,-0.001,-0.003,-294.954,216.827,-171.145
0.046,0.785,0.615,-0.000,0.006,-0.001,0.004,-0.006,-0.001,-0.003,-499.981,118.087,-350.299
0.050,0.785,0.615,-0.000,0.009,-0.000,0.005,-0.008,-0.000,-0.004,-499.978,74.190,-499.986
0.054,0.785,0.615,-0.000,0.013,-0.000,0.008,-0.010,-0.000,-0.006,-499.973,50.847,-499.983
0.058,0.785,0.615,-0.000,0.018,0.000,0.010,-0.013,-0.001,-0.007,-499.965,19.950,-499.978
0.062,0.785,0.615,-0.000,0.024,0.001,0.014,-0.017,-0.002,-0.010,-499.955,-45.238,-499.971
0.067,0.785,0.615,-0.000,0.033,0.002,0.019,-0.022,-0.004,-0.013,-499.941,-172.966,-499.962
0.071,0.785,0.615,-0.000,0.044,0.005,0.026,-0.030,-0.006,-0.017,-499.922,-391.227,-499.950
0.075,0.784,0.615,-0.001,0.059,0.008,0.034,-0.039,-0.009,-0.022,-499.897,-499.974,-499.935
0.079,0.784,0.615,-0.001,0.079,0.013,0.046,-0.051,-0.013,-0.030,-499.864,-499.961,-499.914
0.083,0.784,0.615,-0.001,0.105,0.020,0.060,-0.067,-0.018,-0.039,-499.821,-499.944,-499.888
0.087,0.783,0.615,-0.001,0.139,0.029,0.080,-0.088,-0.024,-0.051,-499.764,-499.922,-499.852
0.092,0.782,0.615,-0.002,0.183,0.042,0.106,-0.116,-0.033,-0.067,-499.691,-499.893,-499.807
0.096,0.781,0.614,-0.002,0.241,0.059,0.139,-0.152,-0.045,-0.087,-499.595,-499.855,-499.747
0.100,0.780,0.614,-0.003,0.317,0.082,0.183,-0.198,-0.060,-0.114,-499.470,-499.806,-499.668
0.104,0.778,0.614,-0.004,0.416,0.113,0.240,-0.259,-0.079,-0.149,-499.306,-499.741,-499.566
0.108,0.776,0.613,-0.005,0.546,0.153,0.314,-0.300,-0.105,-0.195,-499.092,-499.657,-499.433
0.113,0.773,0.612,-0.007,0.707,0.206,0.407,-0.300,-0.138,-0.243,-498.944,-499.555,-499.266
0.117,0.770,0.611,-0.009,0.892,0.274,0.513,-0.300,-0.177,-0.280,-498.929,-499.434,-499.099
0.121,0.766,0.609,-0.011,1.093,0.356,0.628,-0.300,-0.215,-0.300,-498.916,-499.297,-498.967
0.125,0.763,0.608,-0.013,1.304,0.450,0.749,-0.300,-0.247,-0.300,-498.906,-499.166,-498.892
0.129,0.759,0.606,-0.015,1.524,0.550,0.875,-0.300,-0.267,-0.300,-498.902,-499.061,-498.884
0.133,0.755,0.604,-0.018,1.750,0.654,1.003,-0.300,-0.279,-0.300,-498.900,-498.995,-498.879
0.138,0.751,0.602,-0.020,1.982,0.759,1.135,-0.300,-0.286,-0.300,-498.899,-498.953,-498.875
0.142,0.747,0.600,-0.022,2.219,0.865,1.269,-0.300,-0.291,-0.300,-498.900,-498.928,-498.872
0.146,0.742,0.599,-0.025,2.463,0.970,1.406,-0.300,-0.293,-0.300,-498.901,-498.913,-498.870
0.150,0.738,0.597,-0.027,2.713,1.074,1.547,-0.300,-0.294,-0.300,-498.902,-498.905,-498.868
0.154,0.734,0.595,-0.030,2.970,1.176,1.691,-0.300,-0.294,-0.300,-498.904,-498.901,-498.866
0.158,0.729,0.593,-0.032,3.234,1.277,1.839,-0.300,-0.294,-0.300,-498.906,-498.900,-498.865
0.163,0.724,0.591,-0.035,3.507,1.377,1.991,-0.300,-0.293,-0.300,-498.908,-498.901,-498.863
0.167,0.719,0.590,-0.037,3.789,1.474,2.148,-0.300,-0.292,-0.300,-498.911,-498.903,-498.862
0.171,0.714,0.588,-0.040,4.081,1.570,2.311,-0.300,-0.291,-0.300,-498.913,-498.906,-498.860
0.175,0.709,0.586,-0.043,4.383,1.664,2.478,-0.300,-0.290,-0.300,-498.915,-498.910,-498.859
0.179,0.703,0.585,-0.046,4.697,1.756,2.652,-0.300,-0.289,-0.300,-498.918,-498.914,-498.857
0.183,0.698,0.583,-0.049,5.024,1.846,2.832,-0.300,-0.287,-0.300,-498.920,-498.919,-498.855
0.188,0.692,0.582,-0.053,5.364,1.935,3.019,-0.300,-0.286,-0.300,-498.923,-498.924,-498.854
0.192,0.686,0.580,-0.056,5.718,2.021,3.213,-0.300,-0.284,-0.300,-498.926,-498.930,-498.852
0.196,0.679,0.579,-0.060,6.088,2.105,3.416,-0.300,-0.282,-0.300,-498.928,-498.936,-498.850
0.200,0.672,0.577,-0.063,6.474,2.188,3.627,-0.300,-0.280,-0.300,-498.931,-498.942,-498.848
0.204,0.665,0.576,-0.067,6.877,2.269,3.846,-0.300,-0.278,-0.300,-498.934,-498.949,-498.846
0.208,0.658,0.574,-0.071,7.297,2.348,4.075,-0.300,-0.278,-0.300,-498.935,-498.954,-498.847
0.212,0.650,0.573,-0.075,7.736,2.426,4.313,-0.300,-0.276,-0.300,-498.937,-498.957,-498.844
0.217,0.642,0.572,-0.080,8.193,2.502,4.561,-0.300,-0.274,-0.300,-498.940,-498.963,-498.842
0.221,0.634,0.571,-0.084,8.671,2.575,4.819,-0.300,-0.272,-0.300,-498.943,-498.970,-498.839
0.225,0.625,0.569,-0.089,9.170,2.647,5.089,-0.300,-0.270,-0.300,-498.947,-498.978,-498.837
0.229,0.616,0.568,-0.094,9.692,2.718,5.370,-0.300,-0.268,-0.300,-498.950,-498.986,-498.834
0.233,0.607,0.567,-0.099,10.238,2.786,5.663,-0.300,-0.265,-0.300,-498.954,-498.995,-498.831
0.237,0.597,0.566,-0.104,10.809,2.852,5.969,-0.300,-0.263,-0.300,-498.958,-499.005,-498.829
0.242,0.586,0.565,-0.110,11.406,2.916,6.289,-0.300,-0.260,-0.300,-498.962,-499.015,-498.826
0.246,0.575,0.564,-0.116,12.031,2.978,6.623,-0.300,-0.257,-0.300,-498.966,-499.025,-498.822
0.250,0.564,0.562,-0.122,12.686,3.038,6.973,-0.300,-0.255,-0.300,-498.970,-499.036,-498.819
0.254,0.552,0.561,-0.128,13.371,3.097,7.338,-0.300,-0.252,-0.300,-498.975,-499.047,-498.816
0.258,0.539,0.560,-0.135,14.089,3.153,7.720,-0.300,-0.249,-0.300,-498.979,-499.058,-498.812
0.263,0.526,0.560,-0.142,14.841,3.207,8.119,-0.300,-0.246,-0.300,-498.984,-499.070,-498.808
0.267,0.513,0.559,-0.149,15.629,3.259,8.537,-0.300,-0.243,-0.300,-498.989,-499.083,-498.804
0.271,0.498,0.558,-0.157,16.453,3.310,8.974,-0.300,-0.240,-0.300,-498.994,-499.095,-498.800
0.275,0.483,0.557,-0.165,17.318,3.358,9.431,-0.300,-0.235,-0.300,-499.001,-499.111,-498.794
0.279,0.467,0.556,-0.173,18.222,3.403,9.909,-0.300,-0.230,-0.300,-499.003,-499.132,-498.791
0.283,0.451,0.555,-0.182,19.170,3.446,10.409,-0.300,-0.227,-0.300,-499.009,-499.151,-498.786
0.287,0.434,0.555,-0.191,20.162,3.487,10.931,-0.300,-0.223,-0.300,-499.015,-499.167,-498.781
0.292,0.415,0.554,-0.200,21.203,3.527,11.479,-0.300,-0.223,-0.300,-499.029,-499.176,-498.775
0.296,0.396,0.553,-0.210,22.290,3.565,12.051,-0.300,-0.218,-0.300,-499.020,-499.191,-498.775
0.300,0.377,0.553,-0.221,23.427,3.602,12.648,-0.300,-0.215,-0.300,-499.032,-499.209,-498.768
0.304,0.356,0.552,-0.232,24.616,3.636,13.272,-0.300,-0.212,-0.300,-499.039,-499.225,-498.763
0.308,0.334,0.551,-0.243,25.860,3.669,13.924,-0.300,-0.209,-0.300,-499.046,-499.241,-498.757
0.312,0.311,0.551,-0.255,27.162,3.700,14.606,-0.300,-0.206,-0.300,-499.053,-499.259,-498.751
0.317,0.288,0.550,-0.267,28.522,3.729,15.318,-0.300,-0.203,-0.300,-499.061,-499.277,-498.745
0.321,0.263,0.550,-0.280,29.946,3.755,16.055,-0.300,-0.195,-0.300,-499.086,-499.311,-498.758
0.325,0.237,0.550,-0.293,31.438,3.774,16.808,-0.300,-0.178,-0.300,-499.129,-499.375,-498.792
0.329,0.209,0.549,-0.308,33.002,3.805,17.625,-0.300,-0.211,-0.300,-499.040,-499.327,-498.638
0.333,0.181,0.549,-0.321,34.644,3.802,18.397,-0.300,-0.125,-0.300,-499.299,-499.484,-498.978
0.338,0.151,0.549,-0.334,36.367,3.792,19.163,-0.300,-0.107,-0.300,-499.229,-499.683,-498.871
0.342,0.119,0.550,-0.347,38.178,3.769,19.910,-0.300,-0.077,-0.300,-499.276,-499.782,-498.908
0.346,0.086,0.550,-0.360,40.082,3.733,20.630,-0.300,-0.041,-0.300,-499.316,-499.912,-498.940
0.350,0.051,0.551,-0.372,42.087,3.682,21.317,-0.300,-0.001,-0.300,-499.355,-500.000,-498.970
0.354,0.014,0.552,-0.385,44.194,3.652,22.033,-0.300,-0.054,-0.300,-499.227,-500.000,-498.750
0.358,-0.025,0.553,-0.396,46.417,3.563,22.661,-0.300,0.094,-0.300,-499.538,-500.000,-499.174
0.362,-0.036,0.545,-0.402,47.086,4.020,23.011,-0.300,-0.300,-0.300,-492.965,500.000,-499.772
0.367,-0.047,0.539,-0.407,47.693,4.409,23.324,-0.300,-0.300,-0.300,-498.712,-499.175,-498.998
0.371,-0.057,0.533,-0.412,48.244,4.729,23.605,-0.300,-0.300,-0.300,-498.722,-499.172,-498.994
0.375,-0.065,0.529,-0.416,48.740,4.982,23.856,-0.300,-0.300,-0.300,-498.723,-499.168,-498.994
0.379,-0.073,0.525,-0.420,49.182,5.168,24.079,-0.300,-0.300,-0.300,-498.724,-499.164,-498.995
0.383,-0.080,0.523,-0.424,49.573,5.287,24.274,-0.300,-0.300,-0.300,-498.725,-499.161,-498.996
0.388,-0.086,0.522,-0.427,49.913,5.339,24.444,-0.300,-0.300,-0.300,-498.726,-499.159,-498.996
0.392,-0.091,0.523,-0.429,50.202,5.325,24.588,-0.300,-0.150,-0.300,-498.727,-499.157,-498.997
0.396,-0.095,0.523,-0.431,50.445,5.281,24.709,-0.300,-0.076,-0.300,-498.719,-499.587,-498.966
0.400,-0.098,0.524,-0.433,50.641,5.226,24.807,-0.300,-0.047,-0.300,-498.716,-499.799,-498.950
0.404,-0.101,0.525,-0.434,50.791,5.167,24.883,-0.300,-0.034,-0.300,-498.714,-499.884,-498.944
0.408,-0.103,0.526,-0.435,50.894,5.106,24.935,-0.300,-0.028,-0.300,-498.713,-499.921,-498.942
0.412,-0.104,0.527,-0.436,50.952,5.045,24.963,-0.300,-0.025,-0.300,-498.712,-499.939,-498.941
0.417,-0.104,0.528,-0.436,50.963,4.984,24.969,-0.300,-0.023,-0.300,-498.711,-499.949,-498.941
0.421,-0.103,0.530,-0.435,50.927,4.924,24.951,-0.300,-0.023,-0.300,-498.710,-499.954,-498.942
0.425,-0.102,0.531,-0.435,50.844,4.864,24.909,-0.300,-0.022,-0.300,-498.710,-499.957,-498.942
0.429,-0.100,0.532,-0.434,50.713,4.805,24.843,-0.300,-0.022,-0.300,-498.709,-499.958,-498.942
0.433,-0.097,0.533,-0.432,50.534,4.747,24.752,-0.300,-0.023,-0.300,-498.708,-499.957,-498.943
0.438,-0.093,0.534,-0.430,50.308,4.691,24.637,-0.300,-0.024,-0.300,-498.707,-499.955,-498.944
0.442,-0.088,0.535,-0.428,50.032,4.635,24.496,-0.300,-0.026,-0.300,-498.706,-499.951,-498.945
0.446,-0.082,0.536,-0.425,49.706,4.582,24.330,-0.300,-0.028,-0.300,-498.704,-499.945,-498.947
0.450,-0.076,0.536,-0.421,49.331,4.530,24.138,-0.300,-0.030,-0.300,-498.703,-499.938,-498.948
0.454,-0.068,0.537,-0.417,48.904,4.480,23.920,-0.300,-0.033,-0.297,-498.701,-499.929,-498.950
0.458,-0.060,0.538,-0.413,48.427,4.432,23.676,-0.300,-0.037,-0.223,-498.700,-499.918,-498.964
0.462,-0.051,0.539,-0.409,47.905,4.389,23.408,-0.300,-0.046,-0.157,-498.715,-499.891,-499.241
0.467,-0.041,0.540,-0.404,47.346,4.350,23.121,-0.271,-0.055,-0.098,-498.729,-499.852,-499.489
0.471,-0.031,0.540,-0.398,46.748,4.315,22.814,-0.157,-0.063,-0.038,-498.838,-499.812,-499.718
0.475,-0.019,0.541,-0.392,46.099,4.280,22.480,-0.005,-0.065,0.041,-499.235,-499.776,-499.968
0.479,-0.007,0.541,-0.386,45.377,4.246,22.108,0.198,-0.064,0.146,-499.764,-499.754,499.701
0.483,0.008,0.542,-0.378,44.558,4.211,21.686,0.300,-0.059,0.286,499.533,-499.742,499.262
0.487,0.013,0.540,-0.376,44.242,4.314,21.523,-0.300,-0.300,-0.300,497.303,-499.139,499.831
0.492,0.017,0.540,-0.373,44.030,4.334,21.372,-0.300,-0.201,-0.300,-499.290,-499.231,-498.838
0.496,0.019,0.540,-0.371,43.914,4.308,21.250,-0.300,-0.086,-0.300,-499.218,-499.462,-498.767
0.500,0.019,0.541,-0.370,43.890,4.277,21.176,-0.300,-0.073,-0.300,-499.139,-499.737,-498.689
0.504,0.018,0.541,-0.369,43.956,4.246,21.154,-0.300,-0.072,-0.300,-499.127,-499.767,-498.675
0.508,0.016,0.542,-0.370,44.111,4.216,21.185,-0.300,-0.072,-0.300,-499.126,-499.768,-498.674
0.512,0.011,0.542,-0.371,44.358,4.186,21.267,-0.300,-0.071,-0.300,-499.129,-499.772,-498.676
0.517,0.005,0.543,-0.374,44.694,4.158,21.407,-0.300,-0.077,-0.300,-499.114,-499.767,-498.655
0.521,0.004,0.543,-0.374,44.790,4.177,21.457,-0.300,-0.192,-0.300,-498.050,-499.565,-499.188
0.525,0.003,0.543,-0.375,44.807,4.164,21.465,-0.300,-0.113,-0.300,-498.630,-499.439,-499.018
0.529,0.003,0.543,-0.375,44.822,4.144,21.474,-0.300,-0.096,-0.300,-498.862,-499.641,-498.867
0.533,0.003,0.544,-0.375,44.837,4.122,21.481,-0.300,-0.090,-0.300,-498.860,-499.689,-498.866
0.537,0.003,0.544,-0.375,44.851,4.100,21.488,-0.300,-0.088,-0.300,-498.859,-499.705,-498.865
0.542,0.002,0.544,-0.375,44.863,4.078,21.495,-0.300,-0.087,-0.300,-498.860,-499.711,-498.865
0.546,0.002,0.545,-0.375,44.874,4.056,21.501,-0.300,-0.087,-0.300,-498.860,-499.714,-498.865
0.550,0.002,0.545,-0.375,44.885,4.034,21.506,-0.300,-0.087,-0.300,-498.860,-499.715,-498.864
0.554,0.002,0.545,-0.375,44.894,4.012,21.511,-0.300,-0.087,-0.300,-498.860,-499.716,-498.864
0.558,0.002,0.546,-0.376,44.903,3.991,21.516,-0.300,-0.086,-0.300,-498.860,-499.717,-498.864
0.562,0.002,0.546,-0.376,44.911,3.970,21.520,-0.300,-0.086,-0.300,-498.861,-499.718,-498.864
0.567,0.001,0.547,-0.376,44.919,3.949,21.524,-0.300,-0.086,-0.300,-498.861,-499.718,-498.864
0.571,0.001,0.547,-0.376,44.926,3.928,21.528,-0.300,-0.086,-0.300,-498.861,-499.719,-498.864
0.575,0.001,0.547,-0.376,44.932,3.908,21.531,-0.300,-0.086,-0.300,-498.861,-499.720,-498.864
0.579,0.001,0.548,-0.376,44.938,3.887,21.534,-0.300,-0.086,-0.300,-498.861,-499.720,-498.864
0.583,0.001,0.548,-0.376,44.943,3.867,21.537,-0.300,-0.085,-0.300,-498.861,-499.721,-498.864
0.588,0.001,0.548,-0.376,44.948,3.847,21.539,-0.300,-0.085,-0.300,-498.861,-499.721,-498.864
0.592,0.001,0.549,-0.376,44.953,3.828,21.542,-0.300,-0.085,-0.300,-498.861,-499.722,-498.863
0.596,0.001,0.549,-0.376,44.957,3.808,21.544,-0.300,-0.085,-0.300,-498.862,-499.723,-498.863
0.600,0.001,0.549,-0.376,44.960,3.789,21.546,-0.300,-0.085,-0.300,-498.862,-499.723,-498.863
0.604,0.001,0.550,-0.376,44.964,3.770,21.548,-0.300,-0.085,-0.300,-498.862,-499.724,-498.863
0.608,0.001,0.550,-0.376,44.967,3.751,21.549,-0.300,-0.085,-0.300,-498.862,-499.724,-498.863
0.613,0.001,0.550,-0.376,44.970,3.733,21.551,-0.300,-0.084,-0.300,-498.862,-499.725,-498.863
0.617,0.000,0.551,-0.376,44.973,3.715,21.552,-0.300,-0.084,-0.300,-498.862,-499.725,-498.863
0.621,0.000,0.551,-0.376,44.975,3.696,21.554,-0.300,-0.084,-0.300,-498.862,-499.726,-498.863
0.625,0.000,0.551,-0.376,44.977,3.679,21.555,-0.300,-0.084,-0.300,-498.862,-499.726,-498.863
0.629,0.000,0.552,-0.376,44.979,3.661,21.556,-0.300,-0.084,-0.300,-498.862,-499.727,-498.863
0.633,0.000,0.552,-0.376,44.981,3.643,21.557,-0.300,-0.084,-0.300,-498.862,-499.727,-498.863
0.637,0.000,0.552,-0.376,44.983,3.626,21.558,-0.300,-0.084,-0.300,-498.862,-499.728,-498.863
0.642,0.000,0.552,-0.376,44.985,3.609,21.559,-0.300,-0.084,-0.300,-498.862,-499.728,-498.863
0.646,0.000,0.553,-0.376,44.986,3.592,21.560,-0.300,-0.084,-0.300,-498.862,-499.729,-498.863
0.650,0.000,0.553,-0.376,44.988,3.575,21.561,-0.300,-0.083,-0.300,-498.862,-499.729,-498.863
0.654,0.000,0.553,-0.376,44.989,3.558,21.561,-0.300,-0.083,-0.300,-498.862,-499.730,-498.863
0.658,0.000,0.554,-0.376,44.990,3.543,21.562,-0.300,-0.085,-0.300,-498.863,-499.727,-498.862
0.662,0.000,0.554,-0.376,44.992,3.527,21.563,-0.300,-0.085,-0.300,-498.862,-499.723,-498.863
0.667,0.000,0.554,-0.376,44.993,3.512,21.563,-0.300,-0.085,-0.300,-498.862,-499.722,-498.863
0.671,0.000,0.554,-0.376,44.994,3.497,21.564,-0.300,-0.085,-0.300,-498.862,-499.722,-498.863
0.675,0.000,0.555,-0.376,44.995,3.483,21.565,-0.300,-0.085,-0.300,-498.862,-499.723,-498.863
0.679,0.000,0.555,-0.376,44.996,3.468,21.565,-0.300,-0.085,-0.300,-498.862,-499.723,-498.863
0.683,0.000,0.555,-0.376,44.996,3.454,21.566,-0.300,-0.085,-0.300,-498.862,-499.723,-498.863
0.688,0.000,0.555,-0.376,44.997,3.439,21.566,-0.300,-0.085,-0.300,-498.862,-499.724,-498.863
0.692,0.000,0.556,-0.376,44.998,3.425,21.567,-0.300,-0.085,-0.300,-498.862,-499.724,-498.863
0.696,0.000,0.556,-0.376,44.999,3.411,21.567,-0.300,-0.085,-0.300,-498.862,-499.724,-498.863
0.700,0.000,0.556,-0.376,44.999,3.398,21.567,-0.300,-0.085,-0.300,-498.862,-499.725,-498.863
0.704,0.000,0.556,-0.376,45.000,3.384,21.568,-0.300,-0.084,-0.300,-498.862,-499.725,-498.863
0.708,-0.000,0.557,-0.376,45.001,3.370,21.568,-0.300,-0.084,-0.300,-498.862,-499.726,-498.863
0.713,-0.000,0.557,-0.376,45.001,3.358,21.568,-0.300,-0.086,-0.300,-498.862,-499.722,-498.863
0.717,-0.000,0.557,-0.376,45.001,3.346,21.568,-0.300,-0.087,-0.300,-498.863,-499.717,-498.863
0.721,-0.000,0.557,-0.376,45.001,3.334,21.568,-0.300,-0.087,-0.300,-498.863,-499.715,-498.863
0.725,-0.000,0.557,-0.376,45.001,3.322,21.569,-0.300,-0.087,-0.300,-498.863,-499.715,-498.863
0.729,-0.000,0.558,-0.376,45.002,3.311,21.569,-0.300,-0.087,-0.300,-498.863,-499.715,-498.863
0.733,-0.000,0.558,-0.376,45.002,3.299,21.569,-0.300,-0.087,-0.300,-498.863,-499.715,-498.863
0.738,-0.000,0.558,-0.376,45.002,3.288,21.569,-0.300,-0.087,-0.300,-498.863,-499.716,-498.863
0.742,-0.000,0.558,-0.376,45.002,3.277,21.569,-0.300,-0.087,-0.300,-498.863,-499.716,-498.863
0.746,-0.000,0.558,-0.376,45.002,3.266,21.569,-0.300,-0.087,-0.300,-498.863,-499.716,-498.863
0.750,-0.000,0.559,-0.376,45.002,3.255,21.569,-0.300,-0.087,-0.300,-498.863,-499.717,-498.863
0.754,-0.000,0.559,-0.376,45.002,3.244,21.569,-0.300,-0.087,-0.300,-498.863,-499.717,-498.863
0.758,-0.000,0.559,-0.376,45.002,3.234,21.570,-0.300,-0.087,-0.300,-498.863,-499.717,-498.863
0.762,-0.000,0.559,-0.376,45.003,3.223,21.570,-0.300,-0.087,-0.300,-498.863,-499.717,-498.863
0.767,-0.000,0.559,-0.376,45.003,3.213,21.570,-0.300,-0.086,-0.300,-498.863,-499.718,-498.863
0.771,-0.000,0.560,-0.376,45.003,3.202,21.570,-0.300,-0.086,-0.300,-498.863,-499.718,-498.863
0.775,-0.000,0.560,-0.376,45.003,3.192,21.570,-0.300,-0.086,-0.300,-498.862,-499.718,-498.863
0.779,-0.000,0.560,-0.376,45.003,3.182,21.570,-0.300,-0.086,-0.300,-498.863,-499.719,-498.863
0.783,-0.000,0.560,-0.376,45.003,3.172,21.570,-0.300,-0.086,-0.300,-498.863,-499.719,-498.863
0.787,-0.000,0.560,-0.376,45.002,3.162,21.570,-0.300,-0.086,-0.300,-498.863,-499.719,-498.863
0.792,-0.000,0.560,-0.376,45.002,3.153,21.570,-0.300,-0.086,-0.300,-498.863,-499.719,-498.863
0.796,-0.000,0.561,-0.376,45.002,3.143,21.570,-0.300,-0.086,-0.300,-498.863,-499.720,-498.863
0.800,-0.000,0.561,-0.376,45.002,3.134,21.570,-0.300,-0.086,-0.300,-498.863,-499.720,-498.863
0.804,-0.000,0.561,-0.376,45.002,3.124,21.570,-0.300,-0.086,-0.300,-498.863,-499.720,-498.863
0.808,-0.000,0.561,-0.376,45.002,3.115,21.570,-0.300,-0.086,-0.300,-498.863,-499.720,-498.863
0.812,-0.000,0.561,-0.376,45.002,3.106,21.570,-0.300,-0.086,-0.300,-498.863,-499.721,-498.863
0.817,-0.000,0.561,-0.376,45.002,3.097,21.570,-0.300,-0.086,-0.300,-498.863,-499.721,-498.863
0.821,-0.000,0.562,-0.376,45.002,3.088,21.570,-0.300,-0.086,-0.300,-498.863,-499.721,-498.863
0.825,-0.000,0.562,-0.376,45.002,3.079,21.570,-0.300,-0.086,-0.300,-498.863,-499.721,-498.863
0.829,-0.000,0.562,-0.376,45.002,3.070,21.570,-0.300,-0.086,-0.300,-498.863,-499.722,-498.863
0.833,-0.000,0.562,-0.376,45.002,3.061,21.570,-0.300,-0.085,-0.300,-498.863,-499.722,-498.863
0.838,-0.000,0.562,-0.376,45.002,3.053,21.570,-0.300,-0.085,-0.300,-498.863,-499.722,-498.863
0.842,-0.000,0.562,-0.376,45.002,3.044,21.570,-0.300,-0.085,-0.300,-498.863,-499.722,-498.863
0.846,-0.000,0.562,-0.376,45.002,3.036,21.570,-0.300,-0.085,-0.300,-498.863,-499.722,-498.863
0.850,-0.000,0.563,-0.376,45.002,3.028,21.570,-0.300,-0.085,-0.300,-498.863,-499.723,-498.863
0.854,-0.000,0.563,-0.376,45.002,3.020,21.570,-0.300,-0.085,-0.300,-498.863,-499.723,-498.863
0.858,-0.000,0.563,-0.376,45.002,3.012,21.570,-0.300,-0.085,-0.300,-498.863,-499.723,-498.863
0.862,-0.000,0.563,-0.376,45.002,3.004,21.571,-0.300,-0.085,-0.300,-498.863,-499.723,-498.863
0.867,-0.000,0.563,-0.376,45.002,2.996,21.571,-0.300,-0.085,-0.300,-498.863,-499.723,-498.863
0.871,-0.000,0.563,-0.376,45.002,2.988,21.571,-0.300,-0.085,-0.300,-498.863,-499.724,-498.863
0.875,-0.000,0.563,-0.376,45.002,2.980,21.571,-0.300,-0.085,-0.300,-498.863,-499.724,-498.863
0.879,-0.000,0.564,-0.376,45.002,2.972,21.571,-0.300,-0.085,-0.300,-498.863,-499.724,-498.863
0.883,-0.000,0.564,-0.376,45.002,2.965,21.571,-0.300,-0.085,-0.300,-498.863,-499.724,-498.863
0.887,-0.000,0.564,-0.376,45.002,2.957,21.571,-0.300,-0.085,-0.300,-498.863,-499.725,-498.863
0.892,-0.000,0.564,-0.376,45.002,2.950,21.571,-0.300,-0.085,-0.300,-498.863,-499.725,-498.863
0.896,-0.000,0.564,-0.376,45.002,2.943,21.571,-0.300,-0.085,-0.300,-498.863,-499.725,-498.863
0.900,-0.000,0.564,-0.376,45.002,2.935,21.571,-0.300,-0.085,-0.300,-498.863,-499.725,-498.863
0.904,-0.000,0.564,-0.376,45.002,2.928,21.571,-0.300,-0.085,-0.300,-498.863,-499.725,-498.863
0.908,-0.000,0.564,-0.376,45.002,2.921,21.571,-0.300,-0.085,-0.300,-498.863,-499.725,-498.863
0.912,-0.000,0.565,-0.376,45.002,2.914,21.571,-0.300,-0.084,-0.300,-498.863,-499.726,-498.863
0.917,-0.000,0.565,-0.376,45.002,2.907,21.571,-0.300,-0.084,-0.300,-498.863,-499.726,-498.863
0.921,-0.000,0.565,-0.376,45.002,2.901,21.571,-0.300,-0.084,-0.300,-498.863,-499.726,-498.863
0.925,-0.000,0.565,-0.376,45.002,2.894,21.571,-0.300,-0.084,-0.300,-498.863,-499.726,-498.863
0.929,-0.000,0.565,-0.376,45.002,2.887,21.571,-0.300,-0.084,-0.300,-498.863,-499.726,-498.863
0.933,-0.000,0.565,-0.376,45.002,2.881,21.571,-0.300,-0.084,-0.300,-498.863,-499.727,-498.863
0.938,-0.000,0.565,-0.376,45.002,2.874,21.571,-0.300,-0.084,-0.300,-498.863,-499.727,-498.863
0.942,-0.000,0.565,-0.376,45.002,2.868,21.571,-0.300,-0.084,-0.300,-498.863,-499.727,-498.863
0.946,-0.000,0.566,-0.376,45.002,2.861,21.571,-0.300,-0.084,-0.300,-498.863,-499.727,-498.863
0.950,-0.000,0.566,-0.376,45.002,2.855,21.571,-0.300,-0.084,-0.300,-498.863,-499.727,-498.863
0.954,-0.000,0.566,-0.376,45.002,2.849,21.571,-0.300,-0.084,-0.300,-498.863,-499.727,-498.863
0.958,-0.000,0.566,-0.376,45.002,2.843,21.572,-0.300,-0.084,-0.300,-498.863,-499.728,-498.863
0.963,-0.000,0.566,-0.376,45.002,2.836,21.572,-0.300,-0.084,-0.300,-498.863,-499.728,-498.862
0.967,-0.000,0.566,-0.376,45.002,2.830,21.572,-0.300,-0.084,-0.300,-498.863,-499.728,-498.862
0.971,-0.000,0.566,-0.376,45.002,2.824,21.572,-0.300,-0.084,-0.300,-498.862,-499.728,-498.862
0.975,-0.000,0.566,-0.376,45.002,2.819,21.572,-0.300,-0.084,-0.300,-498.862,-499.728,-498.862
0.979,-0.000,0.566,-0.376,45.002,2.813,21.572,-0.300,-0.084,-0.300,-498.862,-499.728,-498.862
0.983,-0.000,0.566,-0.376,45.002,2.807,21.572,-0.300,-0.084,-0.300,-498.862,-499.729,-498.862
0.987,-0.000,0.567,-0.376,45.002,2.801,21.572,-0.300,-0.084,-0.300,-498.862,-499.729,-498.862
0.992,-0.000,0.567,-0.377,45.002,2.796,21.572,-0.300,-0.084,-0.300,-498.862,-499.729,-498.862
0.996,-0.000,0.567,-0.377,45.002,2.790,21.572,-0.300,-0.084,-0.300,-498.862,-499.729,-498.862
1.000,-0.000,0.567,-0.377,45.002,2.785,21.572,-0.300,-0.084,-0.300,-498.862,-499.729,-498.862
1.004,-0.000,0.567,-0.377,45.002,2.779,21.572,-0.300,-0.084,-0.300,-498.862,-499.729,-498.862
1.008,-0.000,0.567,-0.377,45.002,2.774,21.572,-0.300,-0.084,-0.300,-498.862,-499.729,-498.862
1.012,-0.000,0.567,-0.377,45.002,2.769,21.572,-0.300,-0.084,-0.300,-498.862,-499.730,-498.862
1.017,-0.000,0.567,-0.377,45.002,2.763,21.572,-0.300,-0.083,-0.300,-498.862,-499.730,-498.862
1.021,-0.000,0.567,-0.377,45.002,2.758,21.572,-0.300,-0.083,-0.300,-498.862,-499.730,-498.862
1.025,-0.000,0.567,-0.377,45.002,2.753,21.572,-0.300,-0.083,-0.300,-498.862,-499.730,-498.862
1.029,-0.000,0.568,-0.377,45.002,2.748,21.572,-0.300,-0.083,-0.300,-498.862,-499.730,-498.862
1.033,-0.000,0.568,-0.377,45.002,2.743,21.572,-0.300,-0.083,-0.300,-498.862,-499.730,-498.862
1.038,-0.000,0.568,-0.377,45.002,2.738,21.572,-0.300,-0.083,-0.300,-498.862,-499.730,-498.862
1.042,-0.000,0.568,-0.377,45.002,2.733,21.572,-0.300,-0.083,-0.300,-498.862,-499.730,-498.862
1.046,-0.000,0.568,-0.377,45.002,2.728,21.572,-0.300,-0.083,-0.300,-498.862,-499.731,-498.862
1.050,-0.000,0.568,-0.377,45.002,2.723,21.572,-0.300,-0.083,-0.300,-498.862,-499.731,-498.862
1.054,-0.000,0.568,-0.377,45.002,2.719,21.573,-0.300,-0.083,-0.300,-498.862,-499.731,-498.862
1.058,-0.000,0.568,-0.377,45.002,2.714,21.573,-0.300,-0.083,-0.300,-498.862,-499.731,-498.862
1.062,-0.000,0.568,-0.377,45.002,2.709,21.573,-0.300,-0.083,-0.300,-498.862,-499.731,-498.862
0.004,0.785,0.615,0.000,-0.000,-0.000,-0.000,0.000,0.000,0.000,0.000,0.000,0.000
0.008,0.785,0.615,-0.000,-0.000,0.000,0.000,0.000,-0.000,-0.000,0.000,0.000,0.000
0.013,0.785,0.615,0.000,-0.000,0.000,-0.000,0.000,0.000,0.000,0.000,-0.000,-0.000
0.017,0.785,0.615,-0.000,-0.000,-0.000,0.000,0.000,0.000,-0.000,0.000,-0.000,0.000
0.021,0.785,0.615,-0.000,-0.000,0.000,0.000,0.000,-0.000,-0.000,0.000,0.000,-0.000
0.025,0.785,0.615,0.000,-0.000,0.000,-0.000,0.000,-0.000,0.000,0.000,-0.000,-0.000
0.029,0.785,0.615,-0.000,0.000,-0.000,0.000,-0.001,0.001,-0.001,-0.001,-0.000,0.001
0.033,0.785,0.616,-0.000,0.001,-0.001,0.000,-0.001,0.003,-0.000,-77.969,36.751,-45.012
0.037,0.785,0.616,-0.000,0.002,-0.001,0.001,-0.003,0.000,-0.002,-122.073,197.991,-70.723
0.042,0.785,0.615,-0.000,0.004,-0.001,0.002,-0.005,-0.001,-0.003,-293.638,216.262,-170.379
0.046,0.785,0.615,-0.000,0.006,-0.001,0.004,-0.006,-0.001,-0.003,-499.982,117.817,-348.502
0.050,0.785,0.615,-0.000,0.009,-0.000,0.005,-0.008,-0.000,-0.004,-499.978,74.579,-499.986
0.054,0.785,0.615,-0.000,0.013,-0.000,0.007,-0.010,-0.000,-0.006,-499.973,52.377,-499.983
0.058,0.785,0.615,-0.000,0.018,0.000,0.010,-0.013,-0.001,-0.007,-499.966,23.360,-499.978
0.062,0.785,0.615,-0.000,0.024,0.001,0.014,-0.017,-0.002,-0.010,-499.955,-38.793,-499.972
0.067,0.785,0.615,-0.000,0.033,0.002,0.019,-0.022,-0.003,-0.013,-499.942,-161.825,-499.963
0.071,0.785,0.615,-0.000,0.044,0.005,0.025,-0.029,-0.006,-0.017,-499.923,-373.398,-499.951
0.075,0.784,0.615,-0.001,0.059,0.008,0.034,-0.038,-0.008,-0.022,-499.899,-499.974,-499.936
0.079,0.784,0.615,-0.001,0.078,0.013,0.045,-0.050,-0.012,-0.029,-499.867,-499.962,-499.916
0.083,0.784,0.615,-0.001,0.103,0.019,0.060,-0.066,-0.017,-0.038,-499.825,-499.946,-499.890
0.087,0.783,0.615,-0.001,0.137,0.029,0.079,-0.086,-0.024,-0.050,-499.770,-499.924,-499.856
0.092,0.782,0.615,-0.002,0.180,0.041,0.104,-0.112,-0.032,-0.065,-499.699,-499.896,-499.812
0.096,0.781,0.614,-0.002,0.237,0.058,0.136,-0.147,-0.043,-0.085,-499.607,-499.860,-499.754
0.100,0.780,0.614,-0.003,0.311,0.080,0.179,-0.192,-0.058,-0.111,-499.486,-499.812,-499.678
0.104,0.778,0.614,-0.004,0.407,0.110,0.235,-0.251,-0.077,-0.144,-499.328,-499.750,-499.580
0.108,0.776,0.613,-0.005,0.533,0.149,0.307,-0.300,-0.101,-0.188,-499.123,-499.669,-499.452
0.113,0.773,0.612,-0.007,0.692,0.201,0.399,-0.300,-0.133,-0.237,-498.946,-499.569,-499.290
0.117,0.770,0.611,-0.009,0.876,0.267,0.504,-0.300,-0.171,-0.275,-498.931,-499.453,-499.119
0.121,0.767,0.609,-0.011,1.076,0.347,0.619,-0.300,-0.209,-0.300,-498.918,-499.318,-498.984
0.125,0.763,0.608,-0.013,1.288,0.440,0.740,-0.300,-0.243,-0.300,-498.907,-499.185,-498.893
0.129,0.759,0.606,-0.015,1.508,0.540,0.866,-0.300,-0.263,-0.300,-498.902,-499.075,-498.885
0.133,0.755,0.604,-0.017,1.735,0.644,0.995,-0.300,-0.276,-0.300,-498.900,-499.005,-498.880
0.138,0.751,0.602,-0.020,1.968,0.751,1.127,-0.300,-0.284,-0.300,-498.900,-498.961,-498.876
0.142,0.747,0.601,-0.022,2.206,0.857,1.262,-0.300,-0.289,-0.300,-498.900,-498.935,-498.873
0.146,0.743,0.599,-0.024,2.451,0.964,1.400,-0.300,-0.292,-0.300,-498.901,-498.919,-498.870
0.150,0.738,0.597,-0.027,2.702,1.069,1.541,-0.300,-0.293,-0.300,-498.903,-498.910,-498.868
0.154,0.734,0.595,-0.029,2.961,1.174,1.686,-0.300,-0.293,-0.300,-498.904,-498.906,-498.867
0.158,0.729,0.593,-0.032,3.227,1.277,1.835,-0.300,-0.293,-0.300,-498.906,-498.904,-498.865
0.163,0.724,0.591,-0.035,3.501,1.379,1.988,-0.300,-0.292,-0.300,-498.909,-498.905,-498.863
0.167,0.719,0.590,-0.037,3.785,1.479,2.146,-0.300,-0.291,-0.300,-498.911,-498.907,-498.862
0.171,0.714,0.588,-0.040,4.078,1.577,2.309,-0.300,-0.290,-0.300,-498.913,-498.910,-498.860
0.175,0.709,0.586,-0.043,4.383,1.674,2.478,-0.300,-0.289,-0.300,-498.916,-498.913,-498.859
0.179,0.703,0.585,-0.046,4.699,1.769,2.653,-0.300,-0.288,-0.300,-498.918,-498.917,-498.857
0.183,0.698,0.583,-0.049,5.027,1.862,2.834,-0.300,-0.286,-0.300,-498.921,-498.922,-498.856
0.188,0.692,0.581,-0.053,5.369,1.954,3.022,-0.300,-0.285,-0.300,-498.923,-498.927,-498.854
0.192,0.685,0.580,-0.056,5.726,2.044,3.217,-0.300,-0.283,-0.300,-498.926,-498.932,-498.852
0.196,0.679,0.578,-0.060,6.098,2.132,3.421,-0.300,-0.282,-0.300,-498.929,-498.938,-498.850
0.200,0.672,0.577,-0.063,6.486,2.218,3.633,-0.300,-0.280,-0.300,-498.932,-498.944,-498.848
0.204,0.665,0.575,-0.067,6.891,2.303,3.853,-0.300,-0.278,-0.300,-498.935,-498.950,-498.846
0.208,0.658,0.574,-0.071,7.314,2.387,4.083,-0.300,-0.278,-0.300,-498.935,-498.956,-498.847
0.212,0.650,0.572,-0.075,7.755,2.468,4.323,-0.300,-0.276,-0.300,-498.937,-498.959,-498.844
0.217,0.642,0.571,-0.080,8.216,2.549,4.572,-0.300,-0.274,-0.300,-498.940,-498.964,-498.842
0.221,0.634,0.570,-0.084,8.696,2.627,4.831,-0.300,-0.272,-0.300,-498.944,-498.971,-498.839
0.225,0.625,0.568,-0.089,9.198,2.704,5.102,-0.300,-0.270,-0.300,-498.947,-498.978,-498.837
0.229,0.616,0.567,-0.094,9.723,2.778,5.384,-0.300,-0.268,-0.300,-498.951,-498.987,-498.834
0.233,0.606,0.566,-0.099,10.272,2.851,5.678,-0.300,-0.265,-0.300,-498.955,-498.995,-498.831
0.237,0.596,0.564,-0.104,10.846,2.922,5.986,-0.300,-0.263,-0.300,-498.959,-499.005,-498.828
0.242,0.586,0.563,-0.110,11.447,2.991,6.307,-0.300,-0.260,-0.300,-498.963,-499.014,-498.825
0.246,0.575,0.562,-0.116,12.076,3.059,6.642,-0.300,-0.258,-0.300,-498.967,-499.024,-498.822
0.250,0.563,0.561,-0.122,12.734,3.124,6.993,-0.300,-0.255,-0.300,-498.971,-499.035,-498.819
0.254,0.551,0.560,-0.128,13.424,3.187,7.359,-0.300,-0.252,-0.300,-498.976,-499.046,-498.815
0.258,0.539,0.559,-0.135,14.145,3.249,7.742,-0.300,-0.249,-0.300,-498.980,-499.057,-498.812
0.263,0.525,0.558,-0.142,14.901,3.309,8.143,-0.300,-0.246,-0.300,-498.985,-499.069,-498.808
0.267,0.511,0.557,-0.149,15.693,3.366,8.561,-0.300,-0.243,-0.300,-498.990,-499.081,-498.804
0.271,0.497,0.556,-0.157,16.523,3.422,8.999,-0.300,-0.241,-0.300,-498.995,-499.093,-498.800
0.275,0.482,0.555,-0.165,17.392,3.476,9.458,-0.300,-0.236,-0.300,-499.003,-499.108,-498.793
0.279,0.466,0.554,-0.173,18.301,3.526,9.937,-0.300,-0.231,-0.300,-499.003,-499.130,-498.791
0.283,0.449,0.553,-0.182,19.254,3.575,10.437,-0.300,-0.227,-0.300,-499.011,-499.149,-498.786
0.287,0.432,0.552,-0.191,20.251,3.622,10.961,-0.300,-0.224,-0.300,-499.017,-499.165,-498.781
0.292,0.414,0.551,-0.201,21.298,3.668,11.510,-0.300,-0.224,-0.300,-499.031,-499.174,-498.774
0.296,0.395,0.551,-0.211,22.391,3.712,12.082,-0.300,-0.219,-0.300,-499.021,-499.188,-498.775
0.300,0.375,0.550,-0.221,23.534,3.754,12.680,-0.300,-0.216,-0.300,-499.033,-499.206,-498.768
0.304,0.354,0.549,-0.232,24.730,3.794,13.304,-0.300,-0.213,-0.300,-499.040,-499.222,-498.762
0.308,0.332,0.549,-0.244,25.980,3.832,13.957,-0.300,-0.210,-0.300,-499.048,-499.239,-498.756
0.312,0.309,0.548,-0.255,27.288,3.869,14.639,-0.300,-0.207,-0.300,-499.056,-499.256,-498.750
0.317,0.285,0.547,-0.268,28.656,3.904,15.351,-0.300,-0.203,-0.300,-499.063,-499.275,-498.744
0.321,0.260,0.547,-0.281,30.088,3.935,16.087,-0.300,-0.193,-0.300,-499.095,-499.314,-498.765
0.325,0.234,0.546,-0.294,31.588,3.958,16.835,-0.300,-0.175,-0.300,-499.136,-499.383,-498.798
0.329,0.207,0.546,-0.308,33.161,3.996,17.652,-0.300,-0.214,-0.300,-499.032,-499.323,-498.622
0.333,0.178,0.546,-0.321,34.812,3.996,18.418,-0.300,-0.121,-0.300,-499.316,-499.488,-498.996
0.338,0.148,0.546,-0.335,36.546,3.990,19.176,-0.300,-0.103,-0.300,-499.237,-499.700,-498.877
0.342,0.116,0.546,-0.348,38.369,3.971,19.913,-0.300,-0.072,-0.300,-499.284,-499.799,-498.915
0.346,0.082,0.547,-0.360,40.286,3.937,20.622,-0.300,-0.036,-0.300,-499.325,-499.932,-498.947
0.350,0.047,0.548,-0.372,42.305,3.888,21.294,-0.300,0.005,-0.300,-499.364,-500.000,-498.977
0.354,0.010,0.548,-0.384,44.427,3.865,22.003,-0.300,-0.058,-0.300,-499.217,-167.240,-498.727
0.358,-0.029,0.550,-0.395,46.667,3.775,22.611,-0.300,0.110,-0.300,-499.572,-500.000,-499.219
0.362,-0.041,0.542,-0.401,47.324,4.232,22.952,-0.300,-0.300,-0.300,-492.813,500.000,-499.721
0.367,-0.051,0.535,-0.406,47.924,4.621,23.260,-0.300,-0.300,-0.300,-498.725,-499.177,-498.990
0.371,-0.061,0.529,-0.411,48.469,4.942,23.536,-0.300,-0.300,-0.300,-498.726,-499.172,-498.991
0.375,-0.069,0.525,-0.415,48.960,5.196,23.783,-0.300,-0.300,-0.300,-498.727,-499.167,-498.992
0.379,-0.077,0.522,-0.419,49.400,5.382,24.003,-0.300,-0.300,-0.300,-498.728,-499.163,-498.993
0.383,-0.084,0.519,-0.422,49.790,5.502,24.197,-0.300,-0.300,-0.300,-498.728,-499.160,-498.994
0.388,-0.090,0.519,-0.425,50.130,5.554,24.365,-0.300,-0.296,-0.300,-498.729,-499.158,-498.994
0.392,-0.095,0.519,-0.428,50.421,5.541,24.510,-0.300,-0.134,-0.300,-498.730,-499.167,-498.994
0.396,-0.099,0.519,-0.430,50.666,5.503,24.631,-0.300,-0.070,-0.300,-498.722,-499.633,-498.960
0.400,-0.102,0.520,-0.432,50.866,5.455,24.731,-0.300,-0.045,-0.300,-498.718,-499.816,-498.947
0.404,-0.105,0.521,-0.433,51.021,5.403,24.808,-0.300,-0.034,-0.300,-498.716,-499.890,-498.942
0.408,-0.107,0.522,-0.434,51.131,5.350,24.863,-0.300,-0.028,-0.300,-498.716,-499.923,-498.940
0.412,-0.108,0.523,-0.434,51.196,5.296,24.895,-0.300,-0.026,-0.300,-498.715,-499.939,-498.939
0.417,-0.108,0.524,-0.435,51.215,5.242,24.905,-0.300,-0.024,-0.300,-498.714,-499.948,-498.939
0.421,-0.108,0.525,-0.434,51.189,5.188,24.891,-0.300,-0.023,-0.300,-498.713,-499.953,-498.939
0.425,-0.107,0.526,-0.434,51.116,5.135,24.855,-0.300,-0.023,-0.300,-498.712,-499.956,-498.940
0.429,-0.105,0.527,-0.433,50.997,5.083,24.795,-0.300,-0.023,-0.300,-498.712,-499.957,-498.940
0.433,-0.102,0.528,-0.431,50.831,5.031,24.712,-0.300,-0.023,-0.300,-498.711,-499.956,-498.941
0.438,-0.098,0.529,-0.429,50.618,4.981,24.604,-0.300,-0.024,-0.300,-498.709,-499.954,-498.942
0.442,-0.094,0.529,-0.427,50.358,4.931,24.473,-0.300,-0.026,-0.300,-498.708,-499.950,-498.943
0.446,-0.088,0.530,-0.424,50.048,4.883,24.317,-0.300,-0.028,-0.300,-498.707,-499.945,-498.944
0.450,-0.082,0.531,-0.421,49.690,4.837,24.135,-0.300,-0.030,-0.275,-498.705,-499.938,-498.945
0.454,-0.075,0.532,-0.418,49.285,4.793,23.930,-0.300,-0.035,-0.210,-498.709,-499.925,-499.039
0.458,-0.067,0.533,-0.414,48.839,4.753,23.704,-0.300,-0.043,-0.151,-498.723,-499.896,-499.284
0.462,-0.059,0.533,-0.409,48.358,4.717,23.459,-0.259,-0.053,-0.099,-498.735,-499.858,-499.505
0.467,-0.050,0.534,-0.405,47.839,4.684,23.195,-0.150,-0.059,-0.042,-498.882,-499.819,-499.712
0.471,-0.040,0.534,-0.400,47.267,4.653,22.904,-0.004,-0.062,0.032,-499.261,-499.785,-499.949
0.475,-0.028,0.535,-0.394,46.625,4.622,22.577,0.190,-0.062,0.132,-499.767,-499.760,499.737
0.479,-0.015,0.535,-0.387,45.887,4.590,22.201,0.300,-0.059,0.264,499.560,-499.741,499.321
0.483,-0.000,0.537,-0.381,45.022,4.502,21.848,0.300,0.082,0.216,499.433,-499.971,499.076
0.487,0.018,0.537,-0.379,43.988,4.476,21.689,0.300,-0.070,-0.255,499.972,499.971,499.889
0.492,0.024,0.534,-0.375,43.633,4.643,21.508,-0.300,-0.300,-0.197,495.909,-498.924,-499.072
0.496,0.028,0.533,-0.373,43.392,4.734,21.367,-0.300,-0.300,-0.294,-499.261,-499.191,-499.135
0.500,0.031,0.533,-0.371,43.249,4.747,21.234,-0.300,-0.174,-0.300,-499.276,-499.209,-498.875
0.504,0.031,0.533,-0.369,43.200,4.723,21.128,-0.300,-0.081,-0.300,-499.207,-499.529,-498.769
0.508,0.031,0.534,-0.368,43.240,4.694,21.065,-0.300,-0.070,-0.300,-499.144,-499.752,-498.706
0.512,0.028,0.534,-0.367,43.369,4.665,21.049,-0.300,-0.069,-0.300,-499.134,-499.778,-498.694
0.517,0.025,0.535,-0.368,43.587,4.637,21.079,-0.300,-0.069,-0.300,-499.134,-499.781,-498.692
0.521,0.019,0.535,-0.369,43.895,4.608,21.156,-0.300,-0.067,-0.300,-499.139,-499.787,-498.694
0.525,0.012,0.536,-0.371,44.293,4.578,21.278,-0.300,-0.064,-0.300,-499.146,-499.798,-498.700
0.529,0.008,0.535,-0.373,44.523,4.607,21.395,-0.300,-0.209,-0.300,-498.163,-499.565,-498.881
0.533,0.007,0.535,-0.374,44.574,4.620,21.420,-0.300,-0.171,-0.300,-498.320,-499.307,-499.202
0.537,0.007,0.535,-0.374,44.608,4.610,21.438,-0.300,-0.114,-0.300,-498.820,-499.485,-498.900
0.542,0.006,0.535,-0.374,44.640,4.595,21.454,-0.300,-0.099,-0.300,-498.857,-499.636,-498.870
0.546,0.006,0.536,-0.375,44.669,4.577,21.469,-0.300,-0.094,-0.300,-498.856,-499.677,-498.868
0.550,0.005,0.536,-0.375,44.696,4.559,21.483,-0.300,-0.092,-0.300,-498.856,-499.691,-498.868
0.554,0.005,0.536,-0.375,44.720,4.541,21.495,-0.300,-0.091,-0.300,-498.857,-499.696,-498.867
0.558,0.004,0.537,-0.375,44.743,4.523,21.507,-0.300,-0.091,-0.300,-498.857,-499.699,-498.867
0.562,0.004,0.537,-0.376,44.764,4.506,21.518,-0.300,-0.091,-0.300,-498.858,-499.700,-498.867
0.567,0.004,0.537,-0.376,44.783,4.488,21.528,-0.300,-0.091,-0.300,-498.858,-499.701,-498.866
0.571,0.003,0.537,-0.376,44.801,4.470,21.537,-0.300,-0.090,-0.300,-498.858,-499.702,-498.866
0.575,0.003,0.538,-0.376,44.818,4.453,21.545,-0.300,-0.090,-0.300,-498.859,-499.702,-498.866
0.579,0.003,0.538,-0.376,44.833,4.435,21.553,-0.300,-0.090,-0.300,-498.859,-499.703,-498.865
0.583,0.003,0.538,-0.376,44.846,4.418,21.560,-0.300,-0.090,-0.300,-498.859,-499.704,-498.865
0.588,0.002,0.539,-0.376,44.859,4.401,21.567,-0.300,-0.090,-0.300,-498.860,-499.704,-498.865
0.592,0.002,0.539,-0.377,44.871,4.384,21.573,-0.300,-0.090,-0.300,-498.860,-499.705,-498.865
0.596,0.002,0.539,-0.377,44.881,4.368,21.578,-0.300,-0.089,-0.300,-498.860,-499.706,-498.865
0.600,0.002,0.540,-0.377,44.891,4.351,21.583,-0.300,-0.089,-0.300,-498.860,-499.706,-498.865
0.604,0.002,0.540,-0.377,44.900,4.335,21.588,-0.300,-0.089,-0.300,-498.861,-499.707,-498.864
0.608,0.002,0.540,-0.377,44.909,4.318,21.592,-0.300,-0.089,-0.300,-498.861,-499.707,-498.864
0.613,0.001,0.540,-0.377,44.917,4.302,21.596,-0.300,-0.089,-0.300,-498.861,-499.708,-498.864
0.617,0.001,0.541,-0.377,44.924,4.286,21.600,-0.300,-0.089,-0.300,-498.861,-499.708,-498.864
0.621,0.001,0.541,-0.377,44.930,4.270,21.603,-0.300,-0.089,-0.300,-498.861,-499.709,-498.864
0.625,0.001,0.541,-0.377,44.936,4.254,21.607,-0.300,-0.088,-0.300,-498.861,-499.709,-498.864
0.629,0.001,0.541,-0.377,44.941,4.239,21.609,-0.300,-0.088,-0.300,-498.861,-499.710,-498.864
0.633,0.001,0.542,-0.377,44.946,4.223,21.612,-0.300,-0.088,-0.300,-498.862,-499.710,-498.864
0.637,0.001,0.542,-0.377,44.951,4.208,21.614,-0.300,-0.088,-0.300,-498.862,-499.711,-498.864
0.642,0.001,0.542,-0.377,44.955,4.193,21.617,-0.300,-0.088,-0.300,-498.862,-499.711,-498.864
0.646,0.001,0.543,-0.377,44.959,4.178,21.619,-0.300,-0.088,-0.300,-498.862,-499.712,-498.863
0.650,0.001,0.543,-0.377,44.963,4.163,21.620,-0.300,-0.088,-0.300,-498.862,-499.712,-498.863
0.654,0.001,0.543,-0.377,44.966,4.148,21.622,-0.300,-0.088,-0.300,-498.862,-499.713,-498.863
0.658,0.001,0.543,-0.377,44.969,4.133,21.624,-0.300,-0.088,-0.300,-498.862,-499.713,-498.863
0.662,0.000,0.544,-0.377,44.972,4.119,21.625,-0.300,-0.087,-0.300,-498.862,-499.714,-498.863
0.667,0.000,0.544,-0.377,44.974,4.104,21.627,-0.300,-0.087,-0.300,-498.862,-499.714,-498.863
0.671,0.000,0.544,-0.377,44.976,4.090,21.628,-0.300,-0.087,-0.300,-498.862,-499.714,-498.863
0.675,0.000,0.544,-0.377,44.979,4.076,21.629,-0.300,-0.087,-0.300,-498.862,-499.715,-498.863
0.679,0.000,0.545,-0.378,44.981,4.062,21.630,-0.300,-0.087,-0.300,-498.862,-499.715,-498.863
0.683,0.000,0.545,-0.378,44.982,4.048,21.631,-0.300,-0.087,-0.300,-498.862,-499.716,-498.863
0.688,0.000,0.545,-0.378,44.984,4.034,21.632,-0.300,-0.087,-0.300,-498.862,-499.716,-498.863
0.692,0.000,0.545,-0.378,44.986,4.021,21.633,-0.300,-0.087,-0.300,-498.862,-499.716,-498.863
0.696,0.000,0.546,-0.378,44.987,4.007,21.634,-0.300,-0.087,-0.300,-498.862,-499.717,-498.863
0.700,0.000,0.546,-0.378,44.988,3.994,21.634,-0.300,-0.087,-0.300,-498.862,-499.717,-498.863
0.704,0.000,0.546,-0.378,44.990,3.981,21.635,-0.300,-0.086,-0.300,-498.862,-499.718,-498.863
0.708,0.000,0.546,-0.378,44.991,3.967,21.636,-0.300,-0.086,-0.300,-498.862,-499.718,-498.863
0.713,0.000,0.546,-0.378,44.992,3.954,21.636,-0.300,-0.086,-0.300,-498.862,-499.718,-498.863
0.717,0.000,0.547,-0.378,44.993,3.941,21.637,-0.300,-0.086,-0.300,-498.862,-499.719,-498.863
0.721,0.000,0.547,-0.378,44.994,3.929,21.637,-0.300,-0.086,-0.300,-498.862,-499.719,-498.863
0.725,0.000,0.547,-0.378,44.994,3.916,21.638,-0.300,-0.086,-0.300,-498.862,-499.719,-498.863
0.729,0.000,0.547,-0.378,44.995,3.904,21.638,-0.300,-0.086,-0.300,-498.863,-499.720,-498.863
0.733,0.000,0.548,-0.378,44.996,3.891,21.639,-0.300,-0.086,-0.300,-498.863,-499.720,-498.863
0.738,0.000,0.548,-0.378,44.996,3.879,21.639,-0.300,-0.086,-0.300,-498.863,-499.720,-498.863
0.742,0.000,0.548,-0.378,44.997,3.867,21.639,-0.300,-0.086,-0.300,-498.863,-499.721,-498.863
0.746,0.000,0.548,-0.378,44.997,3.855,21.640,-0.300,-0.086,-0.300,-498.863,-499.721,-498.863
0.750,0.000,0.548,-0.378,44.998,3.843,21.640,-0.300,-0.086,-0.300,-498.863,-499.721,-498.863
0.754,0.000,0.549,-0.378,44.998,3.831,21.640,-0.300,-0.085,-0.300,-498.863,-499.722,-498.863
0.758,0.000,0.549,-0.378,44.999,3.819,21.640,-0.300,-0.085,-0.300,-498.863,-499.722,-498.863
0.762,0.000,0.549,-0.378,44.999,3.807,21.641,-0.300,-0.085,-0.300,-498.863,-499.722,-498.863
0.767,0.000,0.549,-0.378,45.000,3.796,21.641,-0.300,-0.085,-0.300,-498.863,-499.723,-498.863
0.771,0.000,0.549,-0.378,45.000,3.784,21.641,-0.300,-0.085,-0.300,-498.863,-499.723,-498.863
0.775,-0.000,0.550,-0.378,45.000,3.773,21.641,-0.300,-0.085,-0.300,-498.863,-499.723,-498.863
0.779,-0.000,0.550,-0.378,45.000,3.762,21.641,-0.300,-0.085,-0.300,-498.863,-499.724,-498.863
0.783,-0.000,0.550,-0.378,45.001,3.751,21.642,-0.300,-0.085,-0.300,-498.863,-499.724,-498.863
0.787,-0.000,0.550,-0.378,45.001,3.740,21.642,-0.300,-0.085,-0.300,-498.863,-499.724,-498.863
0.792,-0.000,0.550,-0.378,45.001,3.729,21.642,-0.300,-0.085,-0.300,-498.863,-499.724,-498.863
0.796,-0.000,0.551,-0.378,45.001,3.718,21.642,-0.300,-0.085,-0.300,-498.863,-499.725,-498.863
0.800,-0.000,0.551,-0.378,45.001,3.707,21.642,-0.300,-0.085,-0.300,-498.863,-499.725,-498.863
0.804,-0.000,0.551,-0.378,45.002,3.697,21.642,-0.300,-0.085,-0.300,-498.863,-499.725,-498.863
0.808,-0.000,0.551,-0.378,45.002,3.686,21.642,-0.300,-0.084,-0.300,-498.863,-499.726,-498.863
0.812,-0.000,0.551,-0.378,45.002,3.676,21.643,-0.300,-0.084,-0.300,-498.863,-499.726,-498.863
0.817,-0.000,0.552,-0.378,45.002,3.666,21.643,-0.300,-0.084,-0.300,-498.863,-499.726,-498.863
0.821,-0.000,0.552,-0.378,45.002,3.655,21.643,-0.300,-0.084,-0.300,-498.862,-499.726,-498.863
0.825,-0.000,0.552,-0.378,45.002,3.645,21.643,-0.300,-0.084,-0.300,-498.862,-499.727,-498.863
0.829,-0.000,0.552,-0.378,45.002,3.635,21.643,-0.300,-0.084,-0.300,-498.863,-499.727,-498.863
0.833,-0.000,0.552,-0.378,45.002,3.625,21.643,-0.300,-0.084,-0.300,-498.863,-499.727,-498.863
0.838,-0.000,0.552,-0.378,45.002,3.615,21.643,-0.300,-0.084,-0.300,-498.863,-499.727,-498.863
0.842,-0.000,0.553,-0.378,45.002,3.606,21.643,-0.300,-0.084,-0.300,-498.863,-499.728,-498.862
0.846,-0.000,0.553,-0.378,45.002,3.596,21.643,-0.300,-0.084,-0.300,-498.863,-499.728,-498.862
0.850,-0.000,0.553,-0.378,45.002,3.587,21.643,-0.300,-0.084,-0.300,-498.862,-499.728,-498.862
0.854,-0.000,0.553,-0.378,45.002,3.577,21.643,-0.300,-0.084,-0.300,-498.862,-499.728,-498.862
0.858,-0.000,0.553,-0.378,45.002,3.568,21.643,-0.300,-0.084,-0.300,-498.862,-499.729,-498.862
0.862,-0.000,0.553,-0.378,45.002,3.558,21.643,-0.300,-0.084,-0.300,-498.862,-499.729,-498.862
0.867,-0.000,0.554,-0.378,45.002,3.550,21.643,-0.300,-0.086,-0.300,-498.862,-499.726,-498.863
0.871,-0.000,0.554,-0.378,45.002,3.542,21.643,-0.300,-0.086,-0.300,-498.863,-499.720,-498.863
0.875,-0.000,0.554,-0.378,45.002,3.534,21.643,-0.300,-0.086,-0.300,-498.863,-499.719,-498.863
0.879,-0.000,0.554,-0.378,45.002,3.526,21.643,-0.300,-0.086,-0.300,-498.863,-499.718,-498.863
0.883,-0.000,0.554,-0.378,45.002,3.519,21.643,-0.300,-0.086,-0.300,-498.863,-499.718,-498.863
0.887,-0.000,0.554,-0.378,45.002,3.511,21.643,-0.300,-0.086,-0.300,-498.863,-499.718,-498.863
0.892,-0.000,0.554,-0.378,45.002,3.504,21.643,-0.300,-0.086,-0.300,-498.863,-499.719,-498.863
0.896,-0.000,0.554,-0.378,45.001,3.496,21.643,-0.300,-0.086,-0.300,-498.863,-499.719,-498.863
0.900,-0.000,0.555,-0.378,45.001,3.489,21.643,-0.300,-0.086,-0.300,-498.863,-499.719,-498.863
0.904,-0.000,0.555,-0.378,45.001,3.481,21.643,-0.300,-0.086,-0.300,-498.863,-499.719,-498.863
0.908,-0.000,0.555,-0.378,45.001,3.474,21.643,-0.300,-0.086,-0.300,-498.863,-499.719,-498.863
0.912,-0.000,0.555,-0.378,45.001,3.467,21.643,-0.300,-0.086,-0.300,-498.863,-499.720,-498.863
0.917,-0.000,0.555,-0.378,45.001,3.460,21.643,-0.300,-0.086,-0.300,-498.863,-499.720,-498.863
0.921,-0.000,0.555,-0.378,45.001,3.453,21.643,-0.300,-0.086,-0.300,-498.863,-499.720,-498.863
0.925,-0.000,0.555,-0.378,45.001,3.446,21.643,-0.300,-0.086,-0.300,-498.863,-499.720,-498.863
0.929,-0.000,0.555,-0.378,45.001,3.439,21.643,-0.300,-0.086,-0.300,-498.863,-499.720,-498.863
0.933,-0.000,0.556,-0.378,45.001,3.432,21.643,-0.300,-0.086,-0.300,-498.863,-499.721,-498.863
0.938,-0.000,0.556,-0.378,45.001,3.425,21.643,-0.300,-0.086,-0.300,-498.863,-499.721,-498.863
0.942,-0.000,0.556,-0.378,45.001,3.418,21.643,-0.300,-0.086,-0.300,-498.863,-499.721,-498.863
0.946,-0.000,0.556,-0.378,45.001,3.412,21.643,-0.300,-0.086,-0.300,-498.863,-499.721,-498.863
0.950,-0.000,0.556,-0.378,45.001,3.405,21.643,-0.300,-0.086,-0.300,-498.863,-499.721,-498.863
0.954,-0.000,0.556,-0.378,45.000,3.399,21.643,-0.300,-0.086,-0.300,-498.863,-499.721,-498.863
0.958,-0.000,0.556,-0.378,45.000,3.392,21.643,-0.300,-0.086,-0.300,-498.863,-499.722,-498.863
0.963,-0.000,0.556,-0.378,45.000,3.386,21.643,-0.300,-0.086,-0.300,-498.863,-499.722,-498.863
0.967,-0.000,0.557,-0.378,45.000,3.379,21.643,-0.300,-0.085,-0.300,-498.863,-499.722,-498.863
0.971,-0.000,0.557,-0.378,45.000,3.373,21.643,-0.300,-0.085,-0.300,-498.863,-499.722,-498.863
0.975,-0.000,0.557,-0.378,45.000,3.367,21.643,-0.300,-0.085,-0.300,-498.863,-499.722,-498.863
0.979,-0.000,0.557,-0.378,45.000,3.360,21.643,-0.300,-0.085,-0.300,-498.863,-499.722,-498.863
0.983,-0.000,0.557,-0.378,45.000,3.354,21.643,-0.300,-0.085,-0.300,-498.863,-499.723,-498.863
0.987,0.000,0.557,-0.378,45.000,3.348,21.643,-0.300,-0.085,-0.300,-498.863,-499.723,-498.863
0.992,-0.000,0.557,-0.378,45.000,3.343,21.644,-0.300,-0.087,-0.300,-498.864,-499.720,-498.862
0.996,-0.000,0.557,-0.378,45.001,3.338,21.644,-0.300,-0.087,-0.300,-498.863,-499.716,-498.863
1.000,-0.000,0.557,-0.378,45.001,3.333,21.644,-0.300,-0.087,-0.300,-498.863,-499.714,-498.863
1.004,-0.000,0.557,-0.378,45.001,3.328,21.644,-0.300,-0.088,-0.300,-498.863,-499.714,-498.863
1.008,-0.000,0.557,-0.378,45.001,3.323,21.644,-0.300,-0.087,-0.300,-498.863,-499.714,-498.863
1.012,-0.000,0.558,-0.378,45.001,3.318,21.644,-0.300,-0.087,-0.300,-498.863,-499.714,-498.863
1.017,-0.000,0.558,-0.378,45.002,3.313,21.644,-0.300,-0.087,-0.300,-498.863,-499.714,-498.863
1.021,-0.000,0.558,-0.378,45.002,3.309,21.645,-0.300,-0.087,-0.300,-498.863,-499.714,-498.863
1.025,-0.000,0.558,-0.378,45.002,3.304,21.645,-0.300,-0.087,-0.300,-498.863,-499.715,-498.863
1.029,-0.000,0.558,-0.378,45.002,3.299,21.645,-0.300,-0.087,-0.300,-498.863,-499.715,-498.863
1.033,-0.000,0.558,-0.378,45.002,3.295,21.645,-0.300,-0.087,-0.300,-498.863,-499.715,-498.863
1.038,-0.000,0.558,-0.378,45.002,3.290,21.645,-0.300,-0.087,-0.300,-498.863,-499.715,-498.863
1.042,-0.000,0.558,-0.378,45.002,3.286,21.645,-0.300,-0.087,-0.300,-498.863,-499.715,-498.863
1.046,-0.000,0.558,-0.378,45.002,3.281,21.645,-0.300,-0.087,-0.300,-498.863,-499.715,-498.863
1.050,-0.000,0.558,-0.378,45.002,3.277,21.645,-0.300,-0.087,-0.300,-498.863,-499.715,-498.863
1.054,-0.000,0.558,-0.378,45.002,3.272,21.645,-0.300,-0.087,-0.300,-498.863,-499.715,-498.863
1.058,-0.000,0.558,-0.378,45.002,3.268,21.645,-0.300,-0.087,-0.300,-498.863,-499.716,-498.863
1.062,-0.000,0.559,-0.378,45.002,3.264,21.645,-0.300,-0.087,-0.300,-498.863,-499.716,-498.863
1.067,-0.000,0.559,-0.378,45.002,3.260,21.645,-0.300,-0.087,-0.300,-498.863,-499.716,-498.863
1.071,-0.000,0.559,-0.378,45.002,3.255,21.645,-0.300,-0.087,-0.300,-498.863,-499.716,-498.863
1.075,-0.000,0.559,-0.378,45.002,3.251,21.645,-0.300,-0.087,-0.300,-498.863,-499.716,-498.863
1.079,-0.000,0.559,-0.378,45.002,3.247,21.645,-0.300,-0.087,-0.300,-498.863,-499.716,-498.863
1.083,-0.000,0.559,-0.378,45.002,3.243,21.645,-0.300,-0.087,-0.300,-498.863,-499.716,-498.863
1.087,-0.000,0.559,-0.378,45.002,3.239,21.646,-0.300,-0.087,-0.300,-498.863,-499.716,-498.863
1.092,-0.000,0.559,-0.378,45.002,3.235,21.646,-0.300,-0.087,-0.300,-498.863,-499.716,-498.863
1.096,-0.000,0.559,-0.378,45.002,3.231,21.646,-0.300,-0.087,-0.300,-498.863,-499.717,-498.863
1.100,-0.000,0.559,-0.378,45.002,3.227,21.646,-0.300,-0.087,-0.300,-498.863,-499.717,-498.863
1.104,-0.000,0.559,-0.378,45.002,3.223,21.646,-0.300,-0.087,-0.300,-498.863,-499.717,-498.863
1.108,-0.000,0.559,-0.378,45.002,3.219,21.646,-0.300,-0.087,-0.300,-498.863,-499.717,-498.863
1.113,-0.000,0.559,-0.378,45.002,3.215,21.646,-0.300,-0.087,-0.300,-498.863,-499.717,-498.863
1.117,-0.000,0.559,-0.378,45.002,3.211,21.646,-0.300,-0.087,-0.300,-498.863,-499.717,-498.863
1.121,-0.000,0.559,-0.378,45.002,3.208,21.646,-0.300,-0.087,-0.300,-498.863,-499.717,-498.863
1.125,-0.000,0.560,-0.378,45.002,3.204,21.646,-0.300,-0.087,-0.300,-498.863,-499.717,-498.863
1.129,-0.000,0.560,-0.378,45.002,3.200,21.646,-0.300,-0.087,-0.300,-498.863,-499.717,-498.863
1.133,-0.000,0.560,-0.378,45.002,3.196,21.646,-0.300,-0.087,-0.300,-498.863,-499.717,-498.863
1.137,-0.000,0.560,-0.378,45.002,3.193,21.646,-0.300,-0.087,-0.300,-498.863,-499.718,-498.863
1.142,-0.000,0.560,-0.378,45.002,3.189,21.646,-0.300,-0.087,-0.300,-498.863,-499.718,-498.863
1.146,-0.000,0.560,-0.378,45.002,3.186,21.646,-0.300,-0.087,-0.300,-498.863,-499.718,-498.863
1.150,-0.000,0.560,-0.378,45.002,3.182,21.646,-0.300,-0.087,-0.300,-498.863,-499.718,-498.863
1.154,-0.000,0.560,-0.378,45.002,3.179,21.646,-0.300,-0.087,-0.300,-498.863,-499.718,-498.863
1.158,-0.000,0.560,-0.378,45.002,3.175,21.646,-0.300,-0.087,-0.300,-498.863,-499.718,-498.863
1.163,-0.000,0.560,-0.378,45.002,3.172,21.646,-0.300,-0.086,-0.300,-498.863,-499.718,-498.863
1.167,-0.000,0.560,-0.378,45.002,3.168,21.646,-0.300,-0.086,-0.300,-498.863,-499.718,-498.863
1.171,-0.000,0.560,-0.378,45.002,3.165,21.646,-0.300,-0.086,-0.300,-498.863,-499.718,-498.863
1.175,-0.000,0.560,-0.378,45.002,3.162,21.646,-0.300,-0.086,-0.300,-498.863,-499.718,-498.863
1.179,-0.000,0.560,-0.378,45.002,3.158,21.647,-0.300,-0.086,-0.300,-498.863,-499.719,-498.863
1.183,-0.000,0.560,-0.378,45.002,3.155,21.647,-0.300,-0.086,-0.300,-498.863,-499.719,-498.863
1.188,-0.000,0.560,-0.378,45.002,3.152,21.647,-0.300,-0.086,-0.300,-498.863,-499.719,-498.863
1.192,-0.000,0.561,-0.378,45.002,3.148,21.647,-0.300,-0.086,-0.300,-498.863,-499.719,-498.863
1.196,-0.000,0.561,-0.378,45.002,3.145,21.647,-0.300,-0.086,-0.300,-498.863,-499.719,-498.863
1.200,-0.000,0.561,-0.378,45.002,3.142,21.647,-0.300,-0.086,-0.300,-498.863,-499.719,-498.863
1.204,-0.000,0.561,-0.378,45.002,3.139,21.647,-0.300,-0.086,-0.300,-498.863,-499.719,-498.863
1.208,-0.000,0.561,-0.378,45.002,3.136,21.647,-0.300,-0.086,-0.300,-498.863,-499.719,-498.863
1.212,-0.000,0.561,-0.378,45.002,3.133,21.647,-0.300,-0.086,-0.300,-498.863,-499.719,-498.863
1.217,-0.000,0.561,-0.378,45.002,3.130,21.647,-0.300,-0.086,-0.300,-498.863,-499.719,-498.863
1.221,-0.000,0.561,-0.378,45.002,3.127,21.647,-0.300,-0.086,-0.300,-498.863,-499.719,-498.863
1.225,-0.000,0.561,-0.378,45.002,3.124,21.647,-0.300,-0.086,-0.300,-498.863,-499.719,-498.863
1.229,-0.000,0.561,-0.378,45.002,3.121,21.647,-0.300,-0.086,-0.300,-498.863,-499.720,-498.863
1.233,-0.000,0.561,-0.378,45.002,3.118,21.647,-0.300,-0.086,-0.300,-498.863,-499.720,-498.863
1.238,-0.000,0.561,-0.378,45.002,3.115,21.647,-0.300,-0.086,-0.300,-498.863,-499.720,-498.863
1.242,-0.000,0.561,-0.378,45.002,3.112,21.647,-0.300,-0.086,-0.300,-498.863,-499.720,-498.863
1.246,-0.000,0.561,-0.378,45.002,3.109,21.647,-0.300,-0.086,-0.300,-498.863,-499.720,-498.863
1.250,-0.000,0.561,-0.378,45.002,3.106,21.647,-0.300,-0.086,-0.300,-498.863,-499.720,-498.863
1.254,-0.000,0.561,-0.378,45.002,3.104,21.647,-0.300,-0.086,-0.300,-498.863,-499.720,-498.863
1.258,-0.000,0.561,-0.378,45.002,3.101,21.647,-0.300,-0.086,-0.300,-498.863,-499.720,-498.863
1.262,-0.000,0.561,-0.378,45.002,3.098,21.647,-0.300,-0.086,-0.300,-498.863,-499.720,-498.863
1.267,-0.000,0.561,-0.378,45.002,3.095,21.647,-0.300,-0.086,-0.300,-498.863,-499.720,-498.863
1.271,-0.000,0.562,-0.378,45.002,3.093,21.647,-0.300,-0.086,-0.300,-498.863,-499.720,-498.863
1.275,-0.000,0.562,-0.378,45.002,3.090,21.648,-0.300,-0.086,-0.300,-498.863,-499.720,-498.863
1.279,-0.000,0.562,-0.378,45.002,3.087,21.648,-0.300,-0.086,-0.300,-498.863,-499.720,-498.863
1.283,-0.000,0.562,-0.378,45.002,3.085,21.648,-0.300,-0.086,-0.300,-498.863,-499.720,-498.863
1.288,-0.000,0.562,-0.378,45.002,3.082,21.648,-0.300,-0.086,-0.300,-498.863,-499.721,-498.863
1.292,-0.000,0.562,-0.378,45.002,3.080,21.648,-0.300,-0.086,-0.300,-498.863,-499.721,-498.863
1.296,-0.000,0.562,-0.378,45.002,3.077,21.648,-0.300,-0.086,-0.300,-498.863,-499.721,-498.863
1.300,-0.000,0.562,-0.378,45.002,3.074,21.648,-0.300,-0.086,-0.300,-498.863,-499.721,-498.863
1.304,-0.000,0.562,-0.378,45.002,3.072,21.648,-0.300,-0.086,-0.300,-498.863,-499.721,-498.863
1.308,-0.000,0.562,-0.378,45.002,3.069,21.648,-0.300,-0.086,-0.300,-498.863,-499.721,-498.863
1.312,-0.000,0.562,-0.378,45.002,3.067,21.648,-0.300,-0.086,-0.300,-498.863,-499.721,-498.863
1.317,-0.000,0.562,-0.378,45.002,3.065,21.648,-0.300,-0.086,-0.300,-498.863,-499.721,-498.863
1.321,-0.000,0.562,-0.378,45.002,3.062,21.648,-0.300,-0.086,-0.300,-498.863,-499.721,-498.863
1.325,-0.000,0.562,-0.378,45.002,3.060,21.648,-0.300,-0.086,-0.300,-498.863,-499.721,-498.863
1.329,-0.000,0.562,-0.378,45.002,3.057,21.648,-0.300,-0.086,-0.300,-498.863,-499.721,-498.863
1.333,-0.000,0.562,-0.378,45.002,3.055,21.648,-0.300,-0.086,-0.300,-498.863,-499.721,-498.863
1.337,-0.000,0.562,-0.378,45.002,3.053,21.648,-0.300,-0.086,-0.300,-498.863,-499.721,-498.863
1.342,-0.000,0.562,-0.378,45.002,3.050,21.648,-0.300,-0.086,-0.300,-498.863,-499.721,-498.863
1.346,-0.000,0.562,-0.378,45.002,3.048,21.648,-0.300,-0.086,-0.300,-498.863,-499.721,-498.863
1.350,-0.000,0.562,-0.378,45.002,3.046,21.648,-0.300,-0.086,-0.300,-498.863,-499.722,-498.863
1.354,-0.000,0.562,-0.378,45.002,3.044,21.648,-0.300,-0.086,-0.300,-498.863,-499.722,-498.863
1.358,-0.000,0.562,-0.378,45.002,3.041,21.648,-0.300,-0.086,-0.300,-498.863,-499.722,-498.863
1.363,-0.000,0.562,-0.378,45.002,3.039,21.648,-0.300,-0.086,-0.300,-498.863,-499.722,-498.863
1.367,-0.000,0.562,-0.378,45.002,3.037,21.649,-0.300,-0.086,-0.300,-498.863,-499.722,-498.863
1.371,-0.000,0.563,-0.378,45.002,3.035,21.649,-0.300,-0.086,-0.300,-498.863,-499.722,-498.863
1.375,-0.000,0.563,-0.378,45.002,3.033,21.649,-0.300,-0.086,-0.300,-498.863,-499.722,-498.863
1.379,-0.000,0.563,-0.378,45.002,3.031,21.649,-0.300,-0.086,-0.300,-498.863,-499.722,-498.863
1.383,-0.000,0.563,-0.378,45.002,3.029,21.649,-0.300,-0.086,-0.300,-498.863,-499.722,-498.863
1.387,-0.000,0.563,-0.378,45.002,3.027,21.649,-0.300,-0.086,-0.300,-498.863,-499.722,-498.863
1.392,-0.000,0.563,-0.378,45.002,3.024,21.649,-0.300,-0.085,-0.300,-498.863,-499.722,-498.863
1.396,-0.000,0.563,-0.378,45.002,3.022,21.649,-0.300,-0.085,-0.300,-498.863,-499.722,-498.863
1.400,-0.000,0.563,-0.378,45.002,3.020,21.649,-0.300,-0.085,-0.300,-498.863,-499.722,-498.863
1.404,-0.000,0.563,-0.378,45.002,3.018,21.649,-0.300,-0.085,-0.300,-498.863,-499.722,-498.863
1.408,-0.000,0.563,-0.378,45.002,3.016,21.649,-0.300,-0.085,-0.300,-498.863,-499.722,-498.863
1.413,-0.000,0.563,-0.378,45.002,3.014,21.649,-0.300,-0.085,-0.300,-498.863,-499.722,-498.863
1.417,-0.000,0.563,-0.378,45.002,3.013,21.649,-0.300,-0.085,-0.300,-498.863,-499.722,-498.863
1.421,-0.000,0.563,-0.378,45.002,3.011,21.649,-0.300,-0.085,-0.300,-498.863,-499.722,-498.863
1.425,-0.000,0.563,-0.378,45.002,3.009,21.649,-0.300,-0.085,-0.300,-498.863,-499.723,-498.863
1.429,-0.000,0.563,-0.378,45.002,3.007,21.649,-0.300,-0.085,-0.300,-498.863,-499.723,-498.863
1.433,-0.000,0.563,-0.378,45.002,3.005,21.649,-0.300,-0.085,-0.300,-498.863,-499.723,-498.863
1.438,-0.000,0.563,-0.378,45.002,3.003,21.649,-0.300,-0.085,-0.300,-498.863,-499.723,-498.863
1.442,-0.000,0.563,-0.378,45.002,3.001,21.649,-0.300,-0.085,-0.300,-498.863,-499.723,-498.863
1.446,-0.000,0.563,-0.378,45.002,2.999,21.649,-0.300,-0.085,-0.300,-498.863,-499.723,-498.863
1.450,-0.000,0.563,-0.378,45.002,2.998,21.649,-0.300,-0.085,-0.300,-498.863,-499.723,-498.863
1.454,-0.000,0.563,-0.378,45.002,2.996,21.649,-0.300,-0.085,-0.300,-498.863,-499.723,-498.863
1.458,-0.000,0.563,-0.378,45.002,2.994,21.649,-0.300,-0.085,-0.300,-498.863,-499.723,-498.863
1.462,-0.000,0.563,-0.378,45.002,2.992,21.650,-0.300,-0.085,-0.300,-498.863,-499.723,-498.863
1.467,-0.000,0.563,-0.378,45.002,2.991,21.650,-0.300,-0.085,-0.300,-498.863,-499.723,-498.863
1.471,-0.000,0.563,-0.378,45.002,2.989,21.650,-0.300,-0.085,-0.300,-498.863,-499.723,-498.863
1.475,-0.000,0.563,-0.378,45.002,2.987,21.650,-0.300,-0.085,-0.300,-498.863,-499.723,-498.863
1.479,-0.000,0.563,-0.378,45.002,2.985,21.650,-0.300,-0.085,-0.300,-498.863,-499.723,-498.863
1.483,-0.000,0.563,-0.378,45.002,2.984,21.650,-0.300,-0.085,-0.300,-498.863,-499.723,-498.863
1.488,-0.000,0.563,-0.378,45.002,2.982,21.650,-0.300,-0.085,-0.300,-498.863,-499.723,-498.863
1.492,-0.000,0.563,-0.378,45.002,2.980,21.650,-0.300,-0.085,-0.300,-498.863,-499.723,-498.863
1.496,-0.000,0.563,-0.378,45.002,2.979,21.650,-0.300,-0.085,-0.300,-498.863,-499.723,-498.863
1.500,-0.000,0.564,-0.378,45.002,2.977,21.650,-0.300,-0.085,-0.300,-498.863,-499.723,-498.863
1.504,-0.000,0.564,-0.378,45.002,2.976,21.650,-0.300,-0.085,-0.300,-498.863,-499.723,-498.863
1.508,-0.000,0.564,-0.378,45.002,2.974,21.650,-0.300,-0.085,-0.300,-498.863,-499.723,-498.863
1.512,-0.000,0.564,-0.378,45.002,2.972,21.650,-0.300,-0.085,-0.300,-498.863,-499.724,-498.863
1.517,-0.000,0.564,-0.378,45.002,2.971,21.650,-0.300,-0.085,-0.300,-498.863,-499.724,-498.863
1.521,-0.000,0.564,-0.378,45.002,2.969,21.650,-0.300,-0.085,-0.300,-498.863,-499.724,-498.863
1.525,-0.000,0.564,-0.378,45.002,2.968,21.650,-0.300,-0.085,-0.300,-498.863,-499.724,-498.863
1.529,-0.000,0.564,-0.378,45.002,2.966,21.650,-0.300,-0.085,-0.300,-498.863,-499.724,-498.863
1.533,-0.000,0.564,-0.378,45.002,2.965,21.650,-0.300,-0.085,-0.300,-498.863,-499.724,-498.863
1.538,-0.000,0.564,-0.378,45.002,2.963,21.650,-0.300,-0.085,-0.300,-498.863,-499.724,-498.863
1.542,-0.000,0.564,-0.378,45.002,2.962,21.650,-0.300,-0.085,-0.300,-498.863,-499.724,-498.863
1.546,-0.000,0.564,-0.378,45.002,2.960,21.650,-0.300,-0.085,-0.300,-498.863,-499.724,-498.863
1.550,-0.000,0.564,-0.378,45.002,2.959,21.650,-0.300,-0.085,-0.300,-498.863,-499.724,-498.863
1.554,-0.000,0.564,-0.378,45.002,2.958,21.651,-0.300,-0.085,-0.300,-498.863,-499.724,-498.863
1.558,-0.000,0.564,-0.378,45.002,2.956,21.651,-0.300,-0.085,-0.300,-498.863,-499.724,-498.863
1.562,-0.000,0.564,-0.378,45.002,2.955,21.651,-0.300,-0.085,-0.300,-498.863,-499.724,-498.863
1.567,-0.000,0.564,-0.378,45.002,2.953,21.651,-0.300,-0.085,-0.300,-498.863,-499.724,-498.863
1.571,-0.000,0.564,-0.378,45.002,2.952,21.651,-0.300,-0.085,-0.300,-498.863,-499.724,-498.863
1.575,-0.000,0.564,-0.378,45.002,2.951,21.651,-0.300,-0.085,-0.300,-498.863,-499.724,-498.863
1.579,-0.000,0.564,-0.378,45.002,2.949,21.651,-0.300,-0.085,-0.300,-498.863,-499.724,-498.863
1.583,-0.000,0.564,-0.378,45.002,2.948,21.651,-0.300,-0.085,-0.300,-498.863,-499.724,-498.863
1.587,-0.000,0.564,-0.378,45.002,2.947,21.651,-0.300,-0.085,-0.300,-498.863,-499.724,-498.863
1.592,-0.000,0.564,-0.378,45.002,2.945,21.651,-0.300,-0.085,-0.300,-498.863,-499.724,-498.863
1.596,-0.000,0.564,-0.378,45.002,2.944,21.651,-0.300,-0.085,-0.300,-498.863,-499.724,-498.863
1.600,-0.000,0.564,-0.378,45.002,2.943,21.651,-0.300,-0.085,-0.300,-498.863,-499.724,-498.863
1.604,-0.000,0.564,-0.378,45.002,2.941,21.651,-0.300,-0.085,-0.300,-498.863,-499.724,-498.863
1.608,-0.000,0.564,-0.378,45.002,2.940,21.651,-0.300,-0.085,-0.300,-498.863,-499.724,-498.863
1.613,-0.000,0.564,-0.378,45.002,2.939,21.651,-0.300,-0.085,-0.300,-498.863,-499.724,-498.863
1.617,-0.000,0.564,-0.378,45.002,2.938,21.651,-0.300,-0.085,-0.300,-498.863,-499.724,-498.863
1.621,-0.000,0.564,-0.378,45.002,2.936,21.651,-0.300,-0.085,-0.300,-498.863,-499.725,-498.863
1.625,-0.000,0.564,-0.378,45.002,2.935,21.651,-0.300,-0.085,-0.300,-498.863,-499.725,-498.863
1.629,-0.000,0.564,-0.378,45.002,2.934,21.651,-0.300,-0.085,-0.300,-498.863,-499.725,-498.863
1.633,-0.000,0.564,-0.378,45.002,2.933,21.651,-0.300,-0.085,-0.300,-498.863,-499.725,-498.863
1.637,-0.000,0.564,-0.378,45.002,2.932,21.651,-0.300,-0.085,-0.300,-498.863,-499.725,-498.863
1.642,-0.000,0.564,-0.378,45.002,2.930,21.651,-0.300,-0.085,-0.300,-498.863,-499.725,-498.863
1.646,-0.000,0.564,-0.378,45.002,2.929,21.651,-0.300,-0.085,-0.300,-498.863,-499.725,-498.863
1.650,-0.000,0.564,-0.378,45.002,2.928,21.652,-0.300,-0.085,-0.300,-498.863,-499.725,-498.863
1.654,-0.000,0.564,-0.378,45.002,2.927,21.652,-0.300,-0.085,-0.300,-498.863,-499.725,-498.863
1.658,-0.000,0.564,-0.378,45.002,2.926,21.652,-0.300,-0.085,-0.300,-498.863,-499.725,-498.863
1.662,-0.000,0.564,-0.378,45.002,2.925,21.652,-0.300,-0.085,-0.300,-498.863,-499.725,-498.863
1.667,-0.000,0.564,-0.378,45.002,2.924,21.652,-0.300,-0.085,-0.300,-498.863,-499.725,-498.863
1.671,-0.000,0.564,-0.378,45.002,2.923,21.652,-0.300,-0.085,-0.300,-498.863,-499.725,-498.863
1.675,-0.000,0.564,-0.378,45.002,2.921,21.652,-0.300,-0.085,-0.300,-498.863,-499.725,-498.863
1.679,-0.000,0.565,-0.378,45.002,2.920,21.652,-0.300,-0.085,-0.300,-498.863,-499.725,-498.863
1.683,-0.000,0.565,-0.378,45.002,2.919,21.652,-0.300,-0.085,-0.300,-498.863,-499.725,-498.863
1.688,-0.000,0.565,-0.378,45.002,2.918,21.652,-0.300,-0.085,-0.300,-498.863,-499.725,-498.863
1.692,-0.000,0.565,-0.378,45.002,2.917,21.652,-0.300,-0.085,-0.300,-498.863,-499.725,-498.863
1.696,-0.000,0.565,-0.378,45.002,2.916,21.652,-0.300,-0.085,-0.300,-498.863,-499.725,-498.863
1.700,-0.000,0.565,-0.378,45.002,2.915,21.652,-0.300,-0.085,-0.300,-498.863,-499.725,-498.863
1.704,-0.000,0.565,-0.378,45.002,2.914,21.652,-0.300,-0.085,-0.300,-498.863,-499.725,-498.863
1.708,-0.000,0.565,-0.378,45.002,2.913,21.652,-0.300,-0.085,-0.300,-498.863,-499.725,-498.863
1.712,-0.000,0.565,-0.378,45.002,2.912,21.652,-0.300,-0.085,-0.300,-498.863,-499.725,-498.863
1.717,-0.000,0.565,-0.378,45.002,2.911,21.652,-0.300,-0.085,-0.300,-498.863,-499.725,-498.863
1.721,-0.000,0.565,-0.378,45.002,2.910,21.652,-0.300,-0.085,-0.300,-498.863,-499.725,-498.863
1.725,-0.000,0.565,-0.378,45.002,2.909,21.652,-0.300,-0.085,-0.300,-498.863,-499.725,-498.863
1.729,-0.000,0.565,-0.378,45.002,2.908,21.652,-0.300,-0.085,-0.300,-498.863,-499.725,-498.863
1.733,-0.000,0.565,-0.378,45.002,2.907,21.652,-0.300,-0.085,-0.300,-498.863,-499.725,-498.863
1.738,-0.000,0.565,-0.378,45.002,2.906,21.652,-0.300,-0.085,-0.300,-498.863,-499.725,-498.863
1.742,-0.000,0.565,-0.378,45.002,2.905,21.653,-0.300,-0.085,-0.300,-498.863,-499.725,-498.863
1.746,-0.000,0.565,-0.378,45.002,2.904,21.653,-0.300,-0.085,-0.300,-498.863,-499.725,-498.863
1.750,-0.000,0.565,-0.378,45.002,2.903,21.653,-0.300,-0.085,-0.300,-498.863,-499.725,-498.863
1.754,-0.000,0.565,-0.378,45.002,2.903,21.653,-0.300,-0.085,-0.300,-498.863,-499.725,-498.863
1.758,-0.000,0.565,-0.378,45.002,2.902,21.653,-0.300,-0.085,-0.300,-498.863,-499.725,-498.863
1.762,-0.000,0.565,-0.378,45.002,2.901,21.653,-0.300,-0.085,-0.300,-498.863,-499.725,-498.863
1.767,-0.000,0.565,-0.378,45.002,2.900,21.653,-0.300,-0.085,-0.300,-498.863,-499.725,-498.863
1.771,-0.000,0.565,-0.378,45.002,2.899,21.653,-0.300,-0.085,-0.300,-498.863,-499.726,-498.863
1.775,-0.000,0.565,-0.378,45.002,2.898,21.653,-0.300,-0.085,-0.300,-498.863,-499.726,-498.863
1.779,-0.000,0.565,-0.378,45.002,2.897,21.653,-0.300,-0.085,-0.300,-498.863,-499.726,-498.863
1.783,-0.000,0.565,-0.378,45.002,2.896,21.653,-0.300,-0.085,-0.300,-498.863,-499.726,-498.863
1.787,-0.000,0.565,-0.378,45.002,2.896,21.653,-0.300,-0.085,-0.300,-498.863,-499.726,-498.863
1.792,-0.000,0.565,-0.378,45.002,2.895,21.653,-0.300,-0.085,-0.300,-498.863,-499.726,-498.863
1.796,-0.000,0.565,-0.378,45.002,2.894,21.653,-0.300,-0.085,-0.300,-498.863,-499.726,-498.863
1.800,-0.000,0.565,-0.378,45.002,2.893,21.653,-0.300,-0.085,-0.300,-498.863,-499.726,-498.863
1.804,-0.000,0.565,-0.378,45.002,2.892,21.653,-0.300,-0.085,-0.300,-498.863,-499.726,-498.863
1.808,-0.000,0.565,-0.378,45.002,2.891,21.653,-0.300,-0.085,-0.300,-498.863,-499.726,-498.863
1.812,-0.000,0.565,-0.378,45.002,2.891,21.653,-0.300,-0.085,-0.300,-498.863,-499.726,-498.863
1.817,-0.000,0.565,-0.378,45.002,2.890,21.653,-0.300,-0.085,-0.300,-498.863,-499.726,-498.863
1.821,-0.000,0.565,-0.378,45.002,2.889,21.653,-0.300,-0.085,-0.300,-498.863,-499.726,-498.863
1.825,-0.000,0.565,-0.378,45.002,2.888,21.653,-0.300,-0.085,-0.300,-498.863,-499.726,-498.863
1.829,-0.000,0.565,-0.378,45.002,2.888,21.653,-0.300,-0.085,-0.300,-498.863,-499.726,-498.863
1.833,-0.000,0.565,-0.378,45.002,2.887,21.653,-0.300,-0.085,-0.300,-498.863,-499.726,-498.863
1.837,-0.000,0.565,-0.378,45.002,2.886,21.654,-0.300,-0.085,-0.300,-498.863,-499.726,-498.863
1.842,-0.000,0.565,-0.378,45.002,2.885,21.654,-0.300,-0.085,-0.300,-498.863,-499.726,-498.863
1.846,-0.000,0.565,-0.378,45.002,2.884,21.654,-0.300,-0.085,-0.300,-498.863,-499.726,-498.863
1.850,-0.000,0.565,-0.378,45.002,2.884,21.654,-0.300,-0.085,-0.300,-498.863,-499.726,-498.863
1.854,-0.000,0.565,-0.378,45.002,2.883,21.654,-0.300,-0.085,-0.300,-498.863,-499.726,-498.863
1.858,-0.000,0.565,-0.378,45.002,2.882,21.654,-0.300,-0.085,-0.300,-498.863,-499.726,-498.863
1.863,-0.000,0.565,-0.378,45.002,2.882,21.654,-0.300,-0.085,-0.300,-498.863,-499.726,-498.863
1.867,-0.000,0.565,-0.378,45.002,2.881,21.654,-0.300,-0.085,-0.300,-498.863,-499.726,-498.863
1.871,-0.000,0.565,-0.378,45.002,2.880,21.654,-0.300,-0.085,-0.300,-498.863,-499.726,-498.863
1.875,-0.000,0.565,-0.378,45.002,2.879,21.654,-0.300,-0.085,-0.300,-498.863,-499.726,-498.863
1.879,-0.000,0.565,-0.378,45.002,2.879,21.654,-0.300,-0.085,-0.300,-498.863,-499.726,-498.863
1.883,-0.000,0.565,-0.378,45.002,2.878,21.654,-0.300,-0.085,-0.300,-498.863,-499.726,-498.863
1.887,-0.000,0.565,-0.378,45.002,2.877,21.654,-0.300,-0.084,-0.300,-498.863,-499.726,-498.863
1.892,-0.000,0.565,-0.378,45.002,2.877,21.654,-0.300,-0.084,-0.300,-498.863,-499.726,-498.863
1.896,-0.000,0.565,-0.378,45.002,2.876,21.654,-0.300,-0.084,-0.300,-498.863,-499.726,-498.863
1.900,-0.000,0.565,-0.378,45.002,2.875,21.654,-0.300,-0.084,-0.300,-498.863,-499.726,-498.863
1.904,-0.000,0.565,-0.378,45.002,2.875,21.654,-0.300,-0.084,-0.300,-498.863,-499.726,-498.863
1.908,-0.000,0.565,-0.378,45.002,2.874,21.654,-0.300,-0.084,-0.300,-498.863,-499.726,-498.863
1.912,-0.000,0.565,-0.378,45.002,2.874,21.654,-0.300,-0.084,-0.300,-498.863,-499.726,-498.863
1.917,-0.000,0.565,-0.378,45.002,2.873,21.654,-0.300,-0.084,-0.300,-498.863,-499.726,-498.863
1.921,-0.000,0.565,-0.378,45.002,2.872,21.654,-0.300,-0.084,-0.300,-498.863,-499.726,-498.863
1.925,-0.000,0.565,-0.378,45.002,2.872,21.654,-0.300,-0.084,-0.300,-498.863,-499.726,-498.863
1.929,-0.000,0.565,-0.378,45.002,2.871,21.655,-0.300,-0.084,-0.300,-498.863,-499.726,-498.863
1.933,-0.000,0.565,-0.378,45.002,2.870,21.655,-0.300,-0.084,-0.300,-498.863,-499.726,-498.863
1.938,-0.000,0.565,-0.378,45.002,2.870,21.655,-0.300,-0.084,-0.300,-498.863,-499.726,-498.863
1.942,-0.000,0.565,-0.378,45.002,2.869,21.655,-0.300,-0.084,-0.300,-498.863,-499.726,-498.863
1.946,-0.000,0.565,-0.378,45.002,2.869,21.655,-0.300,-0.084,-0.300,-498.863,-499.726,-498.863
1.950,-0.000,0.565,-0.378,45.002,2.868,21.655,-0.300,-0.084,-0.300,-498.863,-499.726,-498.863
1.954,-0.000,0.565,-0.378,45.002,2.867,21.655,-0.300,-0.084,-0.300,-498.863,-499.726,-498.863
1.958,-0.000,0.565,-0.378,45.002,2.867,21.655,-0.300,-0.084,-0.300,-498.863,-499.726,-498.863
1.962,-0.000,0.565,-0.378,45.002,2.866,21.655,-0.300,-0.084,-0.300,-498.863,-499.726,-498.863
1.967,-0.000,0.565,-0.378,45.002,2.866,21.655,-0.300,-0.084,-0.300,-498.863,-499.726,-498.863
1.971,-0.000,0.565,-0.378,45.002,2.865,21.655,-0.300,-0.084,-0.300,-498.863,-499.726,-498.863
1.975,-0.000,0.565,-0.378,45.002,2.865,21.655,-0.300,-0.084,-0.300,-498.863,-499.726,-498.863
1.979,-0.000,0.565,-0.378,45.002,2.864,21.655,-0.300,-0.084,-0.300,-498.863,-499.726,-498.863
1.983,-0.000,0.566,-0.378,45.002,2.863,21.655,-0.300,-0.084,-0.300,-498.863,-499.726,-498.863
1.988,-0.000,0.566,-0.378,45.002,2.863,21.655,-0.300,-0.084,-0.300,-498.863,-499.726,-498.863
1.992,-0.000,0.566,-0.378,45.002,2.862,21.655,-0.300,-0.084,-0.300,-498.863,-499.727,-498.863
1.996,-0.000,0.566,-0.378,45.002,2.862,21.655,-0.300,-0.084,-0.300,-498.863,-499.727,-498.863
2.000,-0.000,0.566,-0.378,45.002,2.861,21.655,-0.300,-0.084,-0.300,-498.863,-499.727,-498.863
2.004,-0.000,0.566,-0.378,45.002,2.861,21.655,-0.300,-0.084,-0.300,-498.863,-499.727,-498.863
2.008,-0.000,0.566,-0.378,45.002,2.860,21.655,-0.300,-0.084,-0.300,-498.863,-499.727,-498.863
2.013,-0.000,0.566,-0.378,45.002,2.860,21.655,-0.300,-0.084,-0.300,-498.863,-499.727,-498.863
2.017,-0.000,0.566,-0.378,45.002,2.859,21.655,-0.300,-0.084,-0.300,-498.863,-499.727,-498.863
2.021,-0.000,0.566,-0.378,45.002,2.859,21.655,-0.300,-0.084,-0.300,-498.863,-499.727,-498.863
2.025,-0.000,0.566,-0.378,45.002,2.858,21.656,-0.300,-0.084,-0.300,-498.863,-499.727,-498.863
2.029,-0.000,0.566,-0.378,45.002,2.858,21.656,-0.300,-0.084,-0.300,-498.863,-499.727,-498.863
2.033,-0.000,0.566,-0.378,45.002,2.857,21.656,-0.300,-0.084,-0.300,-498.863,-499.727,-498.863
2.038,-0.000,0.566,-0.378,45.002,2.857,21.656,-0.300,-0.084,-0.300,-498.863,-499.727,-498.863
2.042,-0.000,0.566,-0.378,45.002,2.856,21.656,-0.300,-0.084,-0.300,-498.863,-499.727,-498.863
2.046,-0.000,0.566,-0.378,45.002,2.856,21.656,-0.300,-0.084,-0.300,-498.863,-499.727,-498.863
2.050,-0.000,0.566,-0.378,45.002,2.855,21.656,-0.300,-0.084,-0.300,-498.863,-499.727,-498.863
2.054,-0.000,0.566,-0.378,45.002,2.855,21.656,-0.300,-0.084,-0.300,-498.863,-499.727,-498.863
2.058,-0.000,0.566,-0.378,45.002,2.855,21.656,-0.300,-0.084,-0.300,-498.863,-499.727,-498.863
2.062,-0.000,0.566,-0.378,45.002,2.854,21.656,-0.300,-0.084,-0.300,-498.863,-499.727,-498.863
2.067,-0.000,0.566,-0.378,45.002,2.854,21.656,-0.300,-0.084,-0.300,-498.863,-499.727,-498.863
2.071,-0.000,0.566,-0.378,45.002,2.853,21.656,-0.300,-0.084,-0.300,-498.863,-499.727,-498.863
2.075,-0.000,0.566,-0.378,45.002,2.853,21.656,-0.300,-0.084,-0.300,-498.863,-499.727,-498.863
2.079,-0.000,0.566,-0.378,45.002,2.852,21.656,-0.300,-0.084,-0.300,-498.863,-499.727,-498.863
2.083,-0.000,0.566,-0.378,45.002,2.852,21.656,-0.300,-0.084,-0.300,-498.863,-499.727,-498.863
2.087,-0.000,0.566,-0.378,45.002,2.851,21.656,-0.300,-0.084,-0.300,-498.863,-499.727,-498.863
2.092,-0.000,0.566,-0.378,45.002,2.851,21.656,-0.300,-0.084,-0.300,-498.863,-499.727,-498.863
2.096,-0.000,0.566,-0.378,45.002,2.851,21.656,-0.300,-0.084,-0.300,-498.863,-499.727,-498.863
2.100,-0.000,0.566,-0.378,45.002,2.850,21.656,-0.300,-0.084,-0.300,-498.863,-499.727,-498.863
2.104,-0.000,0.566,-0.378,45.002,2.850,21.656,-0.300,-0.084,-0.300,-498.863,-499.727,-498.863
2.108,-0.000,0.566,-0.378,45.002,2.849,21.656,-0.300,-0.084,-0.300,-498.863,-499.727,-498.863
2.112,-0.000,0.566,-0.378,45.002,2.849,21.656,-0.300,-0.084,-0.300,-498.863,-499.727,-498.863
2.117,-0.000,0.566,-0.378,45.002,2.848,21.656,-0.300,-0.084,-0.300,-498.863,-499.727,-498.863
2.121,-0.000,0.566,-0.378,45.002,2.848,21.657,-0.300,-0.084,-0.300,-498.863,-499.727,-498.863
2.125,-0.000,0.566,-0.378,45.002,2.848,21.657,-0.300,-0.084,-0.300,-498.863,-499.727,-498.863
2.129,-0.000,0.566,-0.378,45.002,2.847,21.657,-0.300,-0.084,-0.300,-498.863,-499.727,-498.863
2.133,-0.000,0.566,-0.378,45.002,2.847,21.657,-0.300,-0.084,-0.300,-498.863,-499.727,-498.863
2.138,-0.000,0.566,-0.378,45.002,2.847,21.657,-0.300,-0.084,-0.300,-498.863,-499.727,-498.863
2.142,-0.000,0.566,-0.378,45.002,2.846,21.657,-0.300,-0.084,-0.300,-498.863,-499.727,-498.863
2.146,-0.000,0.566,-0.378,45.002,2.846,21.657,-0.300,-0.084,-0.300,-498.863,-499.727,-498.863
2.150,-0.000,0.566,-0.378,45.002,2.845,21.657,-0.300,-0.084,-0.300,-498.863,-499.727,-498.863
2.154,-0.000,0.566,-0.378,45.002,2.845,21.657,-0.300,-0.084,-0.300,-498.863,-499.727,-498.863
2.158,-0.000,0.566,-0.378,45.002,2.845,21.657,-0.300,-0.084,-0.300,-498.863,-499.727,-498.863
2.163,-0.000,0.566,-0.378,45.002,2.844,21.657,-0.300,-0.084,-0.300,-498.863,-499.727,-498.863
2.167,-0.000,0.566,-0.378,45.002,2.844,21.657,-0.300,-0.084,-0.300,-498.863,-499.727,-498.863
2.171,-0.000,0.566,-0.378,45.002,2.844,21.657,-0.300,-0.084,-0.300,-498.863,-499.727,-498.863
2.175,-0.000,0.566,-0.378,45.002,2.843,21.657,-0.300,-0.084,-0.300,-498.863,-499.727,-498.863
2.179,-0.000,0.566,-0.378,45.002,2.843,21.657,-0.300,-0.084,-0.300,-498.863,-499.727,-498.863
2.183,-0.000,0.566,-0.378,45.002,2.842,21.657,-0.300,-0.084,-0.300,-498.863,-499.727,-498.863
2.188,-0.000,0.566,-0.378,45.002,2.842,21.657,-0.300,-0.084,-0.300,-498.863,-499.727,-498.863
2.192,-0.000,0.566,-0.378,45.002,2.842,21.657,-0.300,-0.084,-0.300,-498.863,-499.727,-498.863
2.196,-0.000,0.566,-0.378,45.002,2.841,21.657,-0.300,-0.084,-0.300,-498.863,-499.727,-498.863
2.200,-0.000,0.566,-0.378,45.002,2.841,21.657,-0.300,-0.084,-0.300,-498.863,-499.727,-498.863
2.204,-0.000,0.566,-0.378,45.002,2.841,21.657,-0.300,-0.084,-0.300,-498.863,-499.727,-498.863
2.208,-0.000,0.566,-0.378,45.002,2.840,21.657,-0.300,-0.084,-0.300,-498.863,-499.727,-498.863
2.212,-0.000,0.566,-0.378,45.002,2.840,21.658,-0.300,-0.084,-0.300,-498.863,-499.727,-498.863
2.217,-0.000,0.566,-0.378,45.002,2.840,21.658,-0.300,-0.084,-0.300,-498.863,-499.727,-498.863
2.221,-0.000,0.566,-0.378,45.002,2.839,21.658,-0.300,-0.084,-0.300,-498.863,-499.727,-498.863
2.225,-0.000,0.566,-0.378,45.002,2.839,21.658,-0.300,-0.084,-0.300,-498.863,-499.727,-498.863
2.229,-0.000,0.566,-0.378,45.002,2.839,21.658,-0.300,-0.084,-0.300,-498.863,-499.727,-498.863
2.233,-0.000,0.566,-0.378,45.002,2.839,21.658,-0.300,-0.084,-0.300,-498.863,-499.727,-498.863
2.237,-0.000,0.566,-0.378,45.002,2.838,21.658,-0.300,-0.084,-0.300,-498.863,-499.727,-498.863
2.242,-0.000,0.566,-0.378,45.002,2.838,21.658,-0.300,-0.084,-0.300,-498.863,-499.727,-498.863
2.246,-0.000,0.566,-0.378,45.002,2.838,21.658,-0.300,-0.084,-0.300,-498.863,-499.727,-498.863
2.250,-0.000,0.566,-0.378,45.002,2.837,21.658,-0.300,-0.084,-0.300,-498.863,-499.727,-498.863
2.254,-0.000,0.566,-0.378,45.002,2.837,21.658,-0.300,-0.084,-0.300,-498.863,-499.727,-498.863
2.258,-0.000,0.566,-0.378,45.002,2.837,21.658,-0.300,-0.084,-0.300,-498.863,-499.727,-498.863
2.263,-0.000,0.566,-0.378,45.002,2.836,21.658,-0.300,-0.084,-0.300,-498.863,-499.727,-498.863
2.267,-0.000,0.566,-0.378,45.002,2.836,21.658,-0.300,-0.084,-0.300,-498.863,-499.727,-498.863
2.271,-0.000,0.566,-0.378,45.002,2.836,21.658,-0.300,-0.084,-0.300,-498.863,-499.727,-498.863
2.275,-0.000,0.566,-0.378,45.002,2.836,21.658,-0.300,-0.084,-0.300,-498.863,-499.727,-498.863
2.279,-0.000,0.566,-0.378,45.002,2.835,21.658,-0.300,-0.084,-0.300,-498.863,-499.727,-498.863
2.283,-0.000,0.566,-0.378,45.002,2.835,21.658,-0.300,-0.084,-0.300,-498.863,-499.727,-498.863
2.288,-0.000,0.566,-0.378,45.002,2.835,21.658,-0.300,-0.084,-0.300,-498.863,-499.727,-498.863
2.292,-0.000,0.566,-0.378,45.002,2.834,21.658,-0.300,-0.084,-0.300,-498.863,-499.727,-498.863
2.296,-0.000,0.566,-0.378,45.002,2.834,21.658,-0.300,-0.084,-0.300,-498.863,-499.727,-498.863
2.300,-0.000,0.566,-0.378,45.002,2.834,21.658,-0.300,-0.084,-0.300,-498.863,-499.727,-498.863
2.304,-0.000,0.566,-0.378,45.002,2.834,21.658,-0.300,-0.084,-0.300,-498.863,-499.727,-498.863
2.308,-0.000,0.566,-0.378,45.002,2.833,21.659,-0.300,-0.084,-0.300,-498.863,-499.727,-498.863
2.312,-0.000,0.566,-0.378,45.002,2.833,21.659,-0.300,-0.084,-0.300,-498.863,-499.727,-498.863
2.317,-0.000,0.566,-0.378,45.002,2.833,21.659,-0.300,-0.084,-0.300,-498.863,-499.727,-498.863
2.321,-0.000,0.566,-0.378,45.002,2.833,21.659,-0.300,-0.084,-0.300,-498.863,-499.727,-498.863
2.325,-0.000,0.566,-0.378,45.002,2.832,21.659,-0.300,-0.084,-0.300,-498.863,-499.727,-498.863
2.329,-0.000,0.566,-0.378,45.002,2.832,21.659,-0.300,-0.084,-0.300,-498.863,-499.727,-498.863
2.333,-0.000,0.566,-0.378,45.002,2.832,21.659,-0.300,-0.084,-0.300,-498.863,-499.727,-498.863
2.337,-0.000,0.566,-0.378,45.002,2.832,21.659,-0.300,-0.084,-0.300,-498.863,-499.727,-498.863
2.342,-0.000,0.566,-0.378,45.002,2.831,21.659,-0.300,-0.084,-0.300,-498.863,-499.727,-498.863
2.346,-0.000,0.566,-0.378,45.002,2.831,21.659,-0.300,-0.084,-0.300,-498.863,-499.727,-498.863
2.350,-0.000,0.566,-0.378,45.002,2.831,21.659,-0.300,-0.084,-0.300,-498.863,-499.727,-498.863
2.354,-0.000,0.566,-0.378,45.002,2.831,21.659,-0.300,-0.084,-0.300,-498.863,-499.727,-498.863
2.358,-0.000,0.566,-0.378,45.002,2.830,21.659,-0.300,-0.084,-0.300,-498.863,-499.727,-498.863
2.362,-0.000,0.566,-0.378,45.002,2.830,21.659,-0.300,-0.084,-0.300,-498.863,-499.727,-498.863
2.367,-0.000,0.566,-0.378,45.002,2.830,21.659,-0.300,-0.084,-0.300,-498.863,-499.727,-498.863
2.371,-0.000,0.566,-0.378,45.002,2.830,21.659,-0.300,-0.084,-0.300,-498.863,-499.727,-498.863
2.375,-0.000,0.566,-0.378,45.002,2.830,21.659,-0.300,-0.084,-0.300,-498.863,-499.727,-498.863
2.379,-0.000,0.566,-0.378,45.002,2.829,21.659,-0.300,-0.084,-0.300,-498.863,-499.727,-498.863
2.383,-0.000,0.566,-0.378,45.002,2.829,21.659,-0.300,-0.084,-0.300,-498.863,-499.727,-498.863
2.388,-0.000,0.566,-0.378,45.002,2.829,21.659,-0.300,-0.084,-0.300,-498.863,-499.727,-498.863
2.392,-0.000,0.566,-0.378,45.002,2.829,21.659,-0.300,-0.084,-0.300,-498.863,-499.727,-498.863
2.396,-0.000,0.566,-0.378,45.002,2.828,21.659,-0.300,-0.084,-0.300,-498.863,-499.727,-498.863
2.400,-0.000,0.566,-0.378,45.002,2.828,21.660,-0.300,-0.084,-0.300,-498.863,-499.727,-498.863
2.404,-0.000,0.566,-0.378,45.002,2.828,21.660,-0.300,-0.084,-0.300,-498.863,-499.727,-498.863
2.408,-0.000,0.566,-0.378,45.002,2.828,21.660,-0.300,-0.084,-0.300,-498.863,-499.727,-498.863
2.413,-0.000,0.566,-0.378,45.002,2.828,21.660,-0.300,-0.084,-0.300,-498.863,-499.727,-498.863
2.417,-0.000,0.566,-0.378,45.002,2.827,21.660,-0.300,-0.084,-0.300,-498.863,-499.727,-498.863
2.421,-0.000,0.566,-0.378,45.002,2.827,21.660,-0.300,-0.084,-0.300,-498.863,-499.727,-498.863
2.425,-0.000,0.566,-0.378,45.002,2.827,21.660,-0.300,-0.084,-0.300,-498.863,-499.727,-498.863
2.429,-0.000,0.566,-0.378,45.002,2.827,21.660,-0.300,-0.084,-0.300,-498.863,-499.727,-498.863
2.433,-0.000,0.566,-0.378,45.002,2.827,21.660,-0.300,-0.084,-0.300,-498.863,-499.727,-498.863
2.438,-0.000,0.566,-0.378,45.002,2.826,21.660,-0.300,-0.084,-0.300,-498.863,-499.727,-498.863
2.442,-0.000,0.566,-0.378,45.002,2.826,21.660,-0.300,-0.084,-0.300,-498.863,-499.727,-498.863
2.446,-0.000,0.566,-0.378,45.002,2.826,21.660,-0.300,-0.084,-0.300,-498.863,-499.727,-498.863
2.450,-0.000,0.566,-0.378,45.002,2.826,21.660,-0.300,-0.084,-0.300,-498.863,-499.728,-498.863
2.454,-0.000,0.566,-0.378,45.002,2.826,21.660,-0.300,-0.084,-0.300,-498.863,-499.728,-498.863
2.458,-0.000,0.566,-0.378,45.002,2.825,21.660,-0.300,-0.084,-0.300,-498.863,-499.728,-498.863
2.462,-0.000,0.566,-0.378,45.002,2.825,21.660,-0.300,-0.084,-0.300,-498.863,-499.728,-498.863
2.467,-0.000,0.566,-0.378,45.002,2.825,21.660,-0.300,-0.084,-0.300,-498.863,-499.728,-498.863
2.471,-0.000,0.566,-0.378,45.002,2.825,21.660,-0.300,-0.084,-0.300,-498.863,-499.728,-498.863
2.475,-0.000,0.566,-0.378,45.002,2.825,21.660,-0.300,-0.084,-0.300,-498.863,-499.728,-498.863
2.479,-0.000,0.566,-0.378,45.002,2.824,21.660,-0.300,-0.084,-0.300,-498.863,-499.728,-498.863
2.483,-0.000,0.566,-0.378,45.002,2.824,21.660,-0.300,-0.084,-0.300,-498.863,-499.728,-498.863
2.487,-0.000,0.566,-0.378,45.002,2.824,21.660,-0.300,-0.084,-0.300,-498.863,-499.728,-498.863
2.492,-0.000,0.566,-0.378,45.002,2.824,21.660,-0.300,-0.084,-0.300,-498.863,-499.728,-498.863
2.496,-0.000,0.566,-0.378,45.002,2.824,21.661,-0.300,-0.084,-0.300,-498.863,-499.728,-498.863
2.500,-0.000,0.566,-0.378,45.002,2.824,21.661,-0.300,-0.084,-0.300,-498.863,-499.728,-498.863
2.504,-0.000,0.566,-0.378,45.002,2.823,21.661,-0.300,-0.084,-0.300,-498.863,-499.728,-498.863
2.508,-0.000,0.566,-0.378,45.002,2.823,21.661,-0.300,-0.084,-0.300,-498.863,-499.728,-498.863
2.513,-0.000,0.566,-0.378,45.002,2.823,21.661,-0.300,-0.084,-0.300,-498.863,-499.728,-498.863
2.517,-0.000,0.566,-0.378,45.002,2.823,21.661,-0.300,-0.084,-0.300,-498.863,-499.728,-498.863
2.521,-0.000,0.566,-0.378,45.002,2.823,21.661,-0.300,-0.084,-0.300,-498.863,-499.728,-498.863
2.525,-0.000,0.566,-0.378,45.002,2.823,21.661,-0.300,-0.084,-0.300,-498.863,-499.728,-498.863
2.529,-0.000,0.566,-0.378,45.002,2.822,21.661,-0.300,-0.084,-0.300,-498.863,-499.728,-498.863
2.533,-0.000,0.566,-0.378,45.002,2.822,21.661,-0.300,-0.084,-0.300,-498.863,-499.728,-498.863
2.538,-0.000,0.566,-0.378,45.002,2.822,21.661,-0.300,-0.084,-0.300,-498.863,-499.728,-498.863
2.542,-0.000,0.566,-0.378,45.002,2.822,21.661,-0.300,-0.084,-0.300,-498.863,-499.728,-498.863
2.546,-0.000,0.566,-0.378,45.002,2.822,21.661,-0.300,-0.084,-0.300,-498.863,-499.728,-498.863
2.550,-0.000,0.566,-0.378,45.002,2.822,21.661,-0.300,-0.084,-0.300,-498.863,-499.728,-498.863
2.554,-0.000,0.566,-0.378,45.002,2.822,21.661,-0.300,-0.084,-0.300,-498.863,-499.728,-498.863
2.558,-0.000,0.566,-0.378,45.002,2.821,21.661,-0.300,-0.084,-0.300,-498.863,-499.728,-498.863
2.562,-0.000,0.566,-0.378,45.002,2.821,21.661,-0.300,-0.084,-0.300,-498.863,-499.728,-498.863
2.567,-0.000,0.566,-0.378,45.002,2.821,21.661,-0.300,-0.084,-0.300,-498.863,-499.728,-498.863
2.571,-0.000,0.566,-0.378,45.002,2.821,21.661,-0.300,-0.084,-0.300,-498.863,-499.728,-498.863
2.575,-0.000,0.566,-0.378,45.002,2.821,21.661,-0.300,-0.084,-0.300,-498.863,-499.728,-498.863
2.579,-0.000,0.566,-0.378,45.002,2.821,21.661,-0.300,-0.084,-0.300,-498.863,-499.728,-498.863
2.583,-0.000,0.566,-0.378,45.002,2.821,21.661,-0.300,-0.084,-0.300,-498.863,-499.728,-498.863
2.587,-0.000,0.566,-0.378,45.002,2.820,21.662,-0.300,-0.084,-0.300,-498.863,-499.728,-498.863
2.592,-0.000,0.566,-0.378,45.002,2.820,21.662,-0.300,-0.084,-0.300,-498.863,-499.728,-498.863
2.596,-0.000,0.566,-0.378,45.002,2.820,21.662,-0.300,-0.084,-0.300,-498.863,-499.728,-498.863
2.600,-0.000,0.566,-0.378,45.002,2.820,21.662,-0.300,-0.084,-0.300,-498.863,-499.728,-498.863
2.604,-0.000,0.566,-0.378,45.002,2.820,21.662,-0.300,-0.084,-0.300,-498.863,-499.728,-498.863
2.608,-0.000,0.566,-0.378,45.002,2.820,21.662,-0.300,-0.084,-0.300,-498.863,-499.728,-498.863
2.612,-0.000,0.566,-0.378,45.002,2.820,21.662,-0.300,-0.084,-0.300,-498.863,-499.728,-498.863
2.617,-0.000,0.566,-0.378,45.002,2.819,21.662,-0.300,-0.084,-0.300,-498.863,-499.728,-498.863
2.621,-0.000,0.566,-0.378,45.002,2.819,21.662,-0.300,-0.084,-0.300,-498.863,-499.728,-498.863
2.625,-0.000,0.566,-0.378,45.002,2.819,21.662,-0.300,-0.084,-0.300,-498.863,-499.728,-498.863
2.629,-0.000,0.566,-0.378,45.002,2.819,21.662,-0.300,-0.084,-0.300,-498.863,-499.728,-498.863
2.633,-0.000,0.566,-0.378,45.002,2.819,21.662,-0.300,-0.084,-0.300,-498.863,-499.728,-498.863
2.638,-0.000,0.566,-0.378,45.002,2.819,21.662,-0.300,-0.084,-0.300,-498.863,-499.728,-498.863
2.642,-0.000,0.566,-0.378,45.002,2.819,21.662,-0.300,-0.084,-0.300,-498.863,-499.728,-498.863
2.646,-0.000,0.566,-0.378,45.002,2.819,21.662,-0.300,-0.084,-0.300,-498.863,-499.728,-498.863
2.650,-0.000,0.566,-0.378,45.002,2.818,21.662,-0.300,-0.084,-0.300,-498.863,-499.728,-498.863
2.654,-0.000,0.566,-0.378,45.002,2.818,21.662,-0.300,-0.084,-0.300,-498.863,-499.728,-498.863
2.658,-0.000,0.566,-0.378,45.002,2.818,21.662,-0.300,-0.084,-0.300,-498.863,-499.728,-498.863
2.663,-0.000,0.566,-0.378,45.002,2.818,21.662,-0.300,-0.084,-0.300,-498.863,-499.728,-498.863
2.667,-0.000,0.566,-0.378,45.002,2.818,21.662,-0.300,-0.084,-0.300,-498.863,-499.728,-498.863
2.671,-0.000,0.566,-0.378,45.002,2.818,21.662,-0.300,-0.084,-0.300,-498.863,-499.728,-498.863
2.675,-0.000,0.566,-0.378,45.002,2.818,21.662,-0.300,-0.084,-0.300,-498.863,-499.728,-498.863
2.679,-0.000,0.566,-0.378,45.002,2.818,21.662,-0.300,-0.084,-0.300,-498.863,-499.728,-498.863
2.683,-0.000,0.566,-0.378,45.002,2.817,21.663,-0.300,-0.084,-0.300,-498.863,-499.728,-498.863
2.688,-0.000,0.566,-0.378,45.002,2.817,21.663,-0.300,-0.084,-0.300,-498.863,-499.728,-498.863
2.692,-0.000,0.566,-0.378,45.002,2.817,21.663,-0.300,-0.084,-0.300,-498.863,-499.728,-498.863
2.696,-0.000,0.566,-0.378,45.002,2.817,21.663,-0.300,-0.084,-0.300,-498.863,-499.728,-498.863
2.700,-0.000,0.566,-0.378,45.002,2.817,21.663,-0.300,-0.084,-0.300,-498.863,-499.728,-498.863
2.704,-0.000,0.566,-0.378,45.002,2.817,21.663,-0.300,-0.084,-0.300,-498.863,-499.728,-498.863
2.708,-0.000,0.566,-0.378,45.002,2.817,21.663,-0.300,-0.084,-0.300,-498.863,-499.728,-498.863
2.712,-0.000,0.566,-0.378,45.002,2.817,21.663,-0.300,-0.084,-0.300,-498.863,-499.728,-498.863
2.717,-0.000,0.566,-0.378,45.002,2.817,21.663,-0.300,-0.084,-0.300,-498.863,-499.728,-498.863
2.721,-0.000,0.566,-0.378,45.002,2.816,21.663,-0.300,-0.084,-0.300,-498.863,-499.728,-498.863
2.725,-0.000,0.566,-0.378,45.002,2.816,21.663,-0.300,-0.084,-0.300,-498.863,-499.728,-498.863
2.729,-0.000,0.566,-0.378,45.002,2.816,21.663,-0.300,-0.084,-0.300,-498.863,-499.728,-498.863
2.733,-0.000,0.566,-0.378,45.002,2.816,21.663,-0.300,-0.084,-0.300,-498.863,-499.728,-498.863
2.737,-0.000,0.566,-0.378,45.002,2.816,21.663,-0.300,-0.084,-0.300,-498.863,-499.728,-498.863
2.742,-0.000,0.566,-0.378,45.002,2.816,21.663,-0.300,-0.084,-0.300,-498.863,-499.728,-498.863
2.746,-0.000,0.566,-0.378,45.002,2.816,21.663,-0.300,-0.084,-0.300,-498.863,-499.728,-498.863
2.750,-0.000,0.566,-0.378,45.002,2.816,21.663,-0.300,-0.084,-0.300,-498.863,-499.728,-498.863
2.754,-0.000,0.566,-0.378,45.002,2.816,21.663,-0.300,-0.084,-0.300,-498.863,-499.728,-498.863
2.758,-0.000,0.566,-0.378,45.002,2.816,21.663,-0.300,-0.084,-0.300,-498.863,-499.728,-498.863
2.763,-0.000,0.566,-0.378,45.002,2.816,21.663,-0.300,-0.084,-0.300,-498.863,-499.728,-498.863
2.767,-0.000,0.566,-0.378,45.002,2.815,21.663,-0.300,-0.084,-0.300,-498.863,-499.728,-498.863
2.771,-0.000,0.566,-0.378,45.002,2.815,21.663,-0.300,-0.084,-0.300,-498.863,-499.728,-498.863
2.775,-0.000,0.566,-0.378,45.002,2.815,21.664,-0.300,-0.084,-0.300,-498.863,-499.728,-498.863
2.779,-0.000,0.566,-0.378,45.002,2.815,21.664,-0.300,-0.084,-0.300,-498.863,-499.728,-498.863
2.783,-0.000,0.566,-0.378,45.002,2.815,21.664,-0.300,-0.084,-0.300,-498.863,-499.728,-498.863
2.788,-0.000,0.566,-0.378,45.002,2.815,21.664,-0.300,-0.084,-0.300,-498.863,-499.728,-498.863
2.792,-0.000,0.566,-0.378,45.002,2.815,21.664,-0.300,-0.084,-0.300,-498.863,-499.728,-498.863
2.796,-0.000,0.566,-0.378,45.002,2.815,21.664,-0.300,-0.084,-0.300,-498.863,-499.728,-498.863
2.800,-0.000,0.566,-0.378,45.002,2.815,21.664,-0.300,-0.084,-0.300,-498.863,-499.728,-498.863
2.804,-0.000,0.566,-0.378,45.002,2.815,21.664,-0.300,-0.084,-0.300,-498.863,-499.728,-498.863
2.808,-0.000,0.566,-0.378,45.002,2.815,21.664,-0.300,-0.084,-0.300,-498.863,-499.728,-498.863
2.812,-0.000,0.566,-0.378,45.002,2.814,21.664,-0.300,-0.084,-0.300,-498.863,-499.728,-498.863
2.817,-0.000,0.566,-0.378,45.002,2.814,21.664,-0.300,-0.084,-0.300,-498.863,-499.728,-498.863
2.821,-0.000,0.566,-0.378,45.002,2.814,21.664,-0.300,-0.084,-0.300,-498.863,-499.728,-498.863
2.825,-0.000,0.566,-0.378,45.002,2.814,21.664,-0.300,-0.084,-0.300,-498.863,-499.728,-498.863
2.829,-0.000,0.566,-0.378,45.002,2.814,21.664,-0.300,-0.084,-0.300,-498.863,-499.728,-498.863
2.833,-0.000,0.566,-0.378,45.002,2.814,21.664,-0.300,-0.084,-0.300,-498.863,-499.728,-498.863
2.837,-0.000,0.566,-0.378,45.002,2.814,21.664,-0.300,-0.084,-0.300,-498.863,-499.728,-498.863
2.842,-0.000,0.566,-0.378,45.002,2.814,21.664,-0.300,-0.084,-0.300,-498.863,-499.728,-498.863
2.846,-0.000,0.566,-0.378,45.002,2.814,21.664,-0.300,-0.084,-0.300,-498.863,-499.728,-498.863
2.850,-0.000,0.566,-0.378,45.002,2.814,21.664,-0.300,-0.084,-0.300,-498.863,-499.728,-498.863
2.854,-0.000,0.566,-0.378,45.002,2.814,21.664,-0.300,-0.084,-0.300,-498.863,-499.728,-498.863
2.858,-0.000,0.566,-0.378,45.002,2.814,21.664,-0.300,-0.084,-0.300,-498.863,-499.728,-498.863
2.862,-0.000,0.566,-0.378,45.002,2.813,21.664,-0.300,-0.084,-0.300,-498.863,-499.728,-498.863
2.867,-0.000,0.566,-0.378,45.002,2.813,21.664,-0.300,-0.084,-0.300,-498.863,-499.728,-498.863
2.871,-0.000,0.566,-0.378,45.002,2.813,21.665,-0.300,-0.084,-0.300,-498.863,-499.728,-498.863
2.875,-0.000,0.566,-0.378,45.002,2.813,21.665,-0.300,-0.084,-0.300,-498.863,-499.728,-498.863
2.879,-0.000,0.566,-0.378,45.002,2.813,21.665,-0.300,-0.084,-0.300,-498.863,-499.728,-498.863
2.883,-0.000,0.566,-0.378,45.002,2.813,21.665,-0.300,-0.084,-0.300,-498.863,-499.728,-498.863
2.888,-0.000,0.566,-0.378,45.002,2.813,21.665,-0.300,-0.084,-0.300,-498.863,-499.728,-498.863
2.892,-0.000,0.566,-0.378,45.002,2.813,21.665,-0.300,-0.084,-0.300,-498.863,-499.728,-498.863
2.896,-0.000,0.566,-0.378,45.002,2.813,21.665,-0.300,-0.084,-0.300,-498.863,-499.728,-498.863
2.900,-0.000,0.566,-0.378,45.002,2.813,21.665,-0.300,-0.084,-0.300,-498.863,-499.728,-498.863
2.904,-0.000,0.566,-0.378,45.002,2.813,21.665,-0.300,-0.084,-0.300,-498.863,-499.728,-498.863
2.908,-0.000,0.566,-0.378,45.002,2.813,21.665,-0.300,-0.084,-0.300,-498.863,-499.728,-498.863
2.913,-0.000,0.566,-0.378,45.002,2.813,21.665,-0.300,-0.084,-0.300,-498.863,-499.728,-498.863
2.917,-0.000,0.566,-0.378,45.002,2.813,21.665,-0.300,-0.084,-0.300,-498.863,-499.728,-498.863
2.921,-0.000,0.566,-0.378,45.002,2.812,21.665,-0.300,-0.084,-0.300,-498.863,-499.728,-498.863
2.925,-0.000,0.566,-0.378,45.002,2.812,21.665,-0.300,-0.084,-0.300,-498.863,-499.728,-498.863
2.929,-0.000,0.566,-0.378,45.002,2.812,21.665,-0.300,-0.084,-0.300,-498.863,-499.728,-498.863
2.933,-0.000,0.566,-0.378,45.002,2.812,21.665,-0.300,-0.084,-0.300,-498.863,-499.728,-498.863
2.938,-0.000,0.566,-0.378,45.002,2.812,21.665,-0.300,-0.084,-0.300,-498.863,-499.728,-498.863
2.942,-0.000,0.566,-0.378,45.002,2.812,21.665,-0.300,-0.084,-0.300,-498.863,-499.728,-498.863
2.946,-0.000,0.566,-0.378,45.002,2.812,21.665,-0.300,-0.084,-0.300,-498.863,-499.728,-498.863
2.950,-0.000,0.566,-0.378,45.002,2.812,21.665,-0.300,-0.084,-0.300,-498.863,-499.728,-498.863
2.954,-0.000,0.566,-0.378,45.002,2.812,21.665,-0.300,-0.084,-0.300,-498.863,-499.728,-498.863
2.958,-0.000,0.566,-0.378,45.002,2.812,21.665,-0.300,-0.084,-0.300,-498.863,-499.728,-498.863
2.962,-0.000,0.566,-0.378,45.002,2.812,21.665,-0.300,-0.084,-0.300,-498.863,-499.728,-498.863
2.967,-0.000,0.566,-0.378,45.002,2.812,21.666,-0.300,-0.084,-0.300,-498.863,-499.728,-498.863
2.971,-0.000,0.566,-0.378,45.002,2.812,21.666,-0.300,-0.084,-0.300,-498.863,-499.728,-498.863
2.975,-0.000,0.566,-0.378,45.002,2.812,21.666,-0.300,-0.084,-0.300,-498.863,-499.728,-498.863
2.979,-0.000,0.566,-0.378,45.002,2.812,21.666,-0.300,-0.084,-0.300,-498.863,-499.728,-498.863
2.983,-0.000,0.566,-0.378,45.002,2.812,21.666,-0.300,-0.084,-0.300,-498.863,-499.728,-498.863
2.987,-0.000,0.566,-0.378,45.002,2.811,21.666,-0.300,-0.084,-0.300,-498.863,-499.728,-498.863
2.992,-0.000,0.566,-0.378,45.002,2.811,21.666,-0.300,-0.084,-0.300,-498.863,-499.728,-498.863
2.996,-0.000,0.566,-0.378,45.002,2.811,21.666,-0.300,-0.084,-0.300,-498.863,-499.728,-498.863
3.000,-0.000,0.566,-0.378,45.002,2.811,21.666,-0.300,-0.084,-0.300,-498.863,-499.728,-498.863
3.004,-0.000,0.566,-0.378,45.002,2.811,21.666,-0.300,-0.084,-0.300,-498.863,-499.728,-498.863
3.008,-0.000,0.566,-0.378,45.002,2.811,21.666,-0.300,-0.084,-0.300,-498.863,-499.728,-498.863
3.013,-0.000,0.566,-0.378,45.002,2.811,21.666,-0.300,-0.084,-0.300,-498.863,-499.728,-498.863
3.017,-0.000,0.566,-0.378,45.002,2.811,21.666,-0.300,-0.084,-0.300,-498.863,-499.728,-498.863
3.021,-0.000,0.566,-0.378,45.002,2.811,21.666,-0.300,-0.084,-0.300,-498.863,-499.728,-498.863
3.025,-0.000,0.566,-0.378,45.002,2.811,21.666,-0.300,-0.084,-0.300,-498.863,-499.728,-498.863
3.029,-0.000,0.566,-0.378,45.002,2.811,21.666,-0.300,-0.084,-0.300,-498.863,-499.728,-498.863
3.033,-0.000,0.566,-0.378,45.002,2.811,21.666,-0.300,-0.084,-0.300,-498.863,-499.728,-498.863
3.038,-0.000,0.566,-0.378,45.002,2.811,21.666,-0.300,-0.084,-0.300,-498.863,-499.728,-498.863
3.042,-0.000,0.566,-0.378,45.002,2.811,21.666,-0.300,-0.084,-0.300,-498.863,-499.728,-498.863
3.046,-0.000,0.566,-0.378,45.002,2.811,21.666,-0.300,-0.084,-0.300,-498.863,-499.728,-498.863
3.050,-0.000,0.566,-0.378,45.002,2.811,21.666,-0.300,-0.084,-0.300,-498.863,-499.728,-498.863
3.054,-0.000,0.566,-0.378,45.002,2.811,21.666,-0.300,-0.084,-0.300,-498.863,-499.728,-498.863
3.058,-0.000,0.566,-0.378,45.002,2.811,21.667,-0.300,-0.084,-0.300,-498.863,-499.728,-498.863
3.062,-0.000,0.566,-0.378,45.002,2.811,21.667,-0.300,-0.084,-0.300,-498.863,-499.728,-498.863
3.067,-0.000,0.566,-0.378,45.002,2.811,21.667,-0.300,-0.084,-0.300,-498.863,-499.728,-498.863
3.071,-0.000,0.566,-0.378,45.002,2.810,21.667,-0.300,-0.084,-0.300,-498.863,-499.728,-498.863
3.075,-0.000,0.566,-0.378,45.002,2.810,21.667,-0.300,-0.084,-0.300,-498.863,-499.728,-498.863
3.079,-0.000,0.566,-0.378,45.002,2.810,21.667,-0.300,-0.084,-0.300,-498.863,-499.728,-498.863
3.083,-0.000,0.566,-0.378,45.002,2.810,21.667,-0.300,-0.084,-0.300,-498.863,-499.728,-498.863
3.087,-0.000,0.566,-0.378,45.002,2.810,21.667,-0.300,-0.084,-0.300,-498.863,-499.728,-498.863
3.092,-0.000,0.566,-0.378,45.002,2.810,21.667,-0.300,-0.084,-0.300,-498.863,-499.728,-498.863
3.096,-0.000,0.566,-0.378,45.002,2.810,21.667,-0.300,-0.084,-0.300,-498.863,-499.728,-498.863
3.100,-0.000,0.566,-0.378,45.002,2.810,21.667,-0.300,-0.084,-0.300,-498.863,-499.728,-498.863
3.104,-0.000,0.566,-0.378,45.002,2.810,21.667,-0.300,-0.084,-0.300,-498.863,-499.728,-498.863
3.108,-0.000,0.566,-0.378,45.002,2.810,21.667,-0.300,-0.084,-0.300,-498.863,-499.728,-498.863
3.112,-0.000,0.566,-0.378,45.002,2.810,21.667,-0.300,-0.084,-0.300,-498.863,-499.728,-498.863
3.117,-0.000,0.566,-0.378,45.002,2.810,21.667,-0.300,-0.084,-0.300,-498.863,-499.728,-498.863
3.121,-0.000,0.566,-0.378,45.002,2.810,21.667,-0.300,-0.084,-0.300,-498.863,-499.728,-498.863
3.125,-0.000,0.566,-0.378,45.002,2.810,21.667,-0.300,-0.084,-0.300,-498.863,-499.728,-498.863
3.129,-0.000,0.566,-0.378,45.002,2.810,21.667,-0.300,-0.084,-0.300,-498.863,-499.728,-498.863
3.133,-0.000,0.566,-0.378,45.002,2.810,21.667,-0.300,-0.084,-0.300,-498.863,-499.728,-498.863
3.138,-0.000,0.566,-0.378,45.002,2.810,21.667,-0.300,-0.084,-0.300,-498.863,-499.728,-498.863
3.142,-0.000,0.566,-0.378,45.002,2.810,21.667,-0.300,-0.084,-0.300,-498.863,-499.728,-498.863
3.146,-0.000,0.566,-0.378,45.002,2.810,21.667,-0.300,-0.084,-0.300,-498.863,-499.728,-498.863
3.150,-0.000,0.566,-0.378,45.002,2.810,21.667,-0.300,-0.084,-0.300,-498.863,-499.728,-498.863
3.154,-0.000,0.566,-0.378,45.002,2.810,21.668,-0.300,-0.084,-0.300,-498.863,-499.728,-498.863
3.158,-0.000,0.566,-0.378,45.002,2.810,21.668,-0.300,-0.084,-0.300,-498.863,-499.728,-498.863
3.163,-0.000,0.566,-0.378,45.002,2.810,21.668,-0.300,-0.084,-0.300,-498.863,-499.728,-498.863
3.167,-0.000,0.566,-0.378,45.002,2.809,21.668,-0.300,-0.084,-0.300,-498.863,-499.728,-498.863
3.171,-0.000,0.566,-0.378,45.002,2.809,21.668,-0.300,-0.084,-0.300,-498.863,-499.728,-498.863
3.175,-0.000,0.566,-0.378,45.002,2.809,21.668,-0.300,-0.084,-0.300,-498.863,-499.728,-498.863
3.179,-0.000,0.566,-0.378,45.002,2.809,21.668,-0.300,-0.084,-0.300,-498.863,-499.728,-498.863
3.183,-0.000,0.566,-0.378,45.002,2.809,21.668,-0.300,-0.084,-0.300,-498.863,-499.728,-498.863
3.188,-0.000,0.566,-0.378,45.002,2.809,21.668,-0.300,-0.084,-0.300,-498.863,-499.728,-498.863
3.192,-0.000,0.566,-0.378,45.002,2.809,21.668,-0.300,-0.084,-0.300,-498.863,-499.728,-498.863
3.196,-0.000,0.566,-0.378,45.002,2.809,21.668,-0.300,-0.084,-0.300,-498.863,-499.728,-498.863
3.200,-0.000,0.566,-0.378,45.002,2.809,21.668,-0.300,-0.084,-0.300,-498.863,-499.728,-498.863
3.204,-0.000,0.566,-0.378,45.002,2.809,21.668,-0.300,-0.084,-0.300,-498.863,-499.728,-498.863
3.208,-0.000,0.566,-0.378,45.002,2.809,21.668,-0.300,-0.084,-0.300,-498.863,-499.728,-498.863
3.212,-0.000,0.566,-0.378,45.002,2.809,21.668,-0.300,-0.084,-0.300,-498.863,-499.728,-498.863
3.217,-0.000,0.566,-0.378,45.002,2.809,21.668,-0.300,-0.084,-0.300,-498.863,-499.728,-498.863
3.221,-0.000,0.566,-0.378,45.002,2.809,21.668,-0.300,-0.084,-0.300,-498.863,-499.728,-498.863
3.225,-0.000,0.566,-0.378,45.002,2.809,21.668,-0.300,-0.084,-0.300,-498.863,-499.728,-498.863
3.229,-0.000,0.566,-0.378,45.002,2.809,21.668,-0.300,-0.084,-0.300,-498.863,-499.728,-498.863
3.233,-0.000,0.566,-0.378,45.002,2.809,21.668,-0.300,-0.084,-0.300,-498.863,-499.728,-498.863
3.237,-0.000,0.566,-0.378,45.002,2.809,21.668,-0.300,-0.084,-0.300,-498.863,-499.728,-498.863
3.242,-0.000,0.566,-0.378,45.002,2.809,21.668,-0.300,-0.084,-0.300,-498.863,-499.728,-498.863
3.246,-0.000,0.566,-0.378,45.002,2.809,21.669,-0.300,-0.084,-0.300,-498.863,-499.728,-498.863
3.250,-0.000,0.566,-0.378,45.002,2.809,21.669,-0.300,-0.084,-0.300,-498.863,-499.728,-498.863
3.254,-0.000,0.566,-0.378,45.002,2.809,21.669,-0.300,-0.084,-0.300,-498.863,-499.728,-498.863
3.258,-0.000,0.566,-0.378,45.002,2.809,21.669,-0.300,-0.084,-0.300,-498.863,-499.728,-498.863
3.262,-0.000,0.566,-0.378,45.002,2.809,21.669,-0.300,-0.084,-0.300,-498.863,-499.728,-498.863
3.267,-0.000,0.566,-0.378,45.002,2.809,21.669,-0.300,-0.084,-0.300,-498.863,-499.728,-498.863
3.271,-0.000,0.566,-0.378,45.002,2.809,21.669,-0.300,-0.084,-0.300,-498.863,-499.728,-498.863
3.275,-0.000,0.566,-0.378,45.002,2.809,21.669,-0.300,-0.084,-0.300,-498.863,-499.728,-498.863
3.279,-0.000,0.566,-0.378,45.002,2.809,21.669,-0.300,-0.084,-0.300,-498.863,-499.728,-498.863
3.283,-0.000,0.566,-0.378,45.002,2.809,21.669,-0.300,-0.084,-0.300,-498.863,-499.728,-498.863
3.288,-0.000,0.566,-0.378,45.002,2.809,21.669,-0.300,-0.084,-0.300,-498.863,-499.728,-498.863
3.292,-0.000,0.566,-0.378,45.002,2.808,21.669,-0.300,-0.084,-0.300,-498.863,-499.728,-498.863
3.296,-0.000,0.566,-0.378,45.002,2.808,21.669,-0.300,-0.084,-0.300,-498.863,-499.728,-498.863
3.300,-0.000,0.566,-0.378,45.002,2.808,21.669,-0.300,-0.084,-0.300,-498.863,-499.728,-498.863
3.304,-0.000,0.566,-0.378,45.002,2.808,21.669,-0.300,-0.084,-0.300,-498.863,-499.728,-498.863
3.308,-0.000,0.566,-0.378,45.002,2.808,21.669,-0.300,-0.084,-0.300,-498.863,-499.728,-498.863
3.312,-0.000,0.566,-0.378,45.002,2.808,21.669,-0.300,-0.084,-0.300,-498.863,-499.728,-498.863
3.317,-0.000,0.566,-0.378,45.002,2.808,21.669,-0.300,-0.084,-0.300,-498.863,-499.728,-498.863
3.321,-0.000,0.566,-0.378,45.002,2.808,21.669,-0.300,-0.084,-0.300,-498.863,-499.728,-498.863
3.325,-0.000,0.566,-0.378,45.002,2.808,21.669,-0.300,-0.084,-0.300,-498.863,-499.728,-498.863
3.329,-0.000,0.566,-0.378,45.002,2.808,21.669,-0.300,-0.084,-0.300,-498.863,-499.728,-498.863
3.333,-0.000,0.566,-0.378,45.002,2.808,21.669,-0.300,-0.084,-0.300,-498.863,-499.728,-498.863
3.337,-0.000,0.566,-0.378,45.002,2.808,21.669,-0.300,-0.084,-0.300,-498.863,-499.728,-498.863
3.342,-0.000,0.566,-0.378,45.002,2.808,21.670,-0.300,-0.084,-0.300,-498.863,-499.728,-498.863
3.346,-0.000,0.566,-0.378,45.002,2.808,21.670,-0.300,-0.084,-0.300,-498.863,-499.728,-498.863
3.350,-0.000,0.566,-0.378,45.002,2.808,21.670,-0.300,-0.084,-0.300,-498.863,-499.728,-498.863
3.354,-0.000,0.566,-0.378,45.002,2.808,21.670,-0.300,-0.084,-0.300,-498.863,-499.728,-498.863
3.358,-0.000,0.566,-0.378,45.002,2.808,21.670,-0.300,-0.084,-0.300,-498.863,-499.728,-498.863
3.362,-0.000,0.566,-0.378,45.002,2.808,21.670,-0.300,-0.084,-0.300,-498.863,-499.728,-498.863
3.367,-0.000,0.566,-0.378,45.002,2.808,21.670,-0.300,-0.084,-0.300,-498.863,-499.728,-498.863
3.371,-0.000,0.566,-0.378,45.002,2.808,21.670,-0.300,-0.084,-0.300,-498.863,-499.728,-498.863
3.375,-0.000,0.566,-0.378,45.002,2.808,21.670,-0.300,-0.084,-0.300,-498.863,-499.728,-498.863
3.379,-0.000,0.566,-0.378,45.002,2.808,21.670,-0.300,-0.084,-0.300,-498.863,-499.728,-498.863
3.383,-0.000,0.566,-0.378,45.002,2.808,21.670,-0.300,-0.084,-0.300,-498.863,-499.728,-498.863
3.387,-0.000,0.566,-0.378,45.002,2.808,21.670,-0.300,-0.084,-0.300,-498.863,-499.728,-498.863
3.392,-0.000,0.566,-0.378,45.002,2.808,21.670,-0.300,-0.084,-0.300,-498.863,-499.728,-498.863
3.396,-0.000,0.566,-0.378,45.002,2.808,21.670,-0.300,-0.084,-0.300,-498.863,-499.728,-498.863
3.400,-0.000,0.566,-0.378,45.002,2.808,21.670,-0.300,-0.084,-0.300,-498.863,-499.728,-498.863
3.404,-0.000,0.566,-0.378,45.002,2.808,21.670,-0.300,-0.084,-0.300,-498.863,-499.728,-498.863
3.408,-0.000,0.566,-0.378,45.002,2.808,21.670,-0.300,-0.084,-0.300,-498.863,-499.728,-498.863
3.413,-0.000,0.566,-0.378,45.002,2.808,21.670,-0.300,-0.084,-0.300,-498.863,-499.728,-498.863
3.417,-0.000,0.566,-0.378,45.002,2.808,21.670,-0.300,-0.084,-0.300,-498.863,-499.728,-498.863
3.421,-0.000,0.566,-0.378,45.002,2.808,21.670,-0.300,-0.084,-0.300,-498.863,-499.728,-498.863
3.425,-0.000,0.566,-0.378,45.002,2.808,21.670,-0.300,-0.084,-0.300,-498.863,-499.728,-498.863
3.429,-0.000,0.566,-0.378,45.002,2.808,21.670,-0.300,-0.084,-0.300,-498.863,-499.728,-498.863
3.433,-0.000,0.566,-0.378,45.002,2.808,21.671,-0.300,-0.084,-0.300,-498.863,-499.728,-498.863
3.438,-0.000,0.566,-0.378,45.002,2.808,21.671,-0.300,-0.084,-0.300,-498.863,-499.728,-498.863
3.442,-0.000,0.566,-0.378,45.002,2.808,21.671,-0.300,-0.084,-0.300,-498.863,-499.728,-498.863
3.446,-0.000,0.566,-0.378,45.002,2.808,21.671,-0.300,-0.084,-0.300,-498.863,-499.728,-498.863
3.450,-0.000,0.566,-0.378,45.002,2.808,21.671,-0.300,-0.084,-0.300,-498.863,-499.728,-498.863
3.454,-0.000,0.566,-0.378,45.002,2.808,21.671,-0.300,-0.084,-0.300,-498.863,-499.728,-498.863
3.458,-0.000,0.566,-0.378,45.002,2.808,21.671,-0.300,-0.084,-0.300,-498.863,-499.728,-498.863
3.462,-0.000,0.566,-0.378,45.002,2.807,21.671,-0.300,-0.084,-0.300,-498.863,-499.728,-498.863
3.467,-0.000,0.566,-0.378,45.002,2.807,21.671,-0.300,-0.084,-0.300,-498.863,-499.728,-498.863
3.471,-0.000,0.566,-0.378,45.002,2.807,21.671,-0.300,-0.084,-0.300,-498.863,-499.728,-498.863
3.475,-0.000,0.566,-0.378,45.002,2.807,21.671,-0.300,-0.084,-0.300,-498.863,-499.728,-498.863
3.479,-0.000,0.566,-0.378,45.002,2.807,21.671,-0.300,-0.084,-0.300,-498.863,-499.728,-498.863
3.483,-0.000,0.566,-0.378,45.002,2.807,21.671,-0.300,-0.084,-0.300,-498.863,-499.728,-498.863
3.487,-0.000,0.566,-0.378,45.002,2.807,21.671,-0.300,-0.084,-0.300,-498.863,-499.728,-498.863
3.492,-0.000,0.566,-0.378,45.002,2.807,21.671,-0.300,-0.084,-0.300,-498.863,-499.728,-498.863
3.496,-0.000,0.566,-0.378,45.002,2.807,21.671,-0.300,-0.084,-0.300,-498.863,-499.728,-498.863
3.500,-0.000,0.566,-0.378,45.002,2.807,21.671,-0.300,-0.084,-0.300,-498.863,-499.728,-498.863
3.504,-0.000,0.566,-0.378,45.002,2.807,21.671,-0.300,-0.084,-0.300,-498.863,-499.728,-498.863
3.508,-0.000,0.566,-0.378,45.002,2.807,21.671,-0.300,-0.084,-0.300,-498.863,-499.728,-498.863
3.512,-0.000,0.566,-0.378,45.002,2.807,21.671,-0.300,-0.084,-0.300,-498.863,-499.728,-498.863
3.517,-0.000,0.566,-0.378,45.002,2.807,21.671,-0.300,-0.084,-0.300,-498.863,-499.728,-498.863
3.521,-0.000,0.566,-0.378,45.002,2.807,21.671,-0.300,-0.084,-0.300,-498.863,-499.728,-498.863
3.525,-0.000,0.566,-0.378,45.002,2.807,21.671,-0.300,-0.084,-0.300,-498.863,-499.728,-498.863
3.529,-0.000,0.566,-0.378,45.002,2.807,21.672,-0.300,-0.084,-0.300,-498.863,-499.728,-498.863
3.533,-0.000,0.566,-0.378,45.002,2.807,21.672,-0.300,-0.084,-0.300,-498.863,-499.728,-498.863
3.538,-0.000,0.566,-0.378,45.002,2.807,21.672,-0.300,-0.084,-0.300,-498.863,-499.728,-498.863
3.542,-0.000,0.566,-0.378,45.002,2.807,21.672,-0.300,-0.084,-0.300,-498.863,-499.728,-498.863
3.546,-0.000,0.566,-0.378,45.002,2.807,21.672,-0.300,-0.084,-0.300,-498.863,-499.728,-498.863
3.550,-0.000,0.566,-0.378,45.002,2.807,21.672,-0.300,-0.084,-0.300,-498.863,-499.728,-498.863
3.554,-0.000,0.566,-0.378,45.002,2.807,21.672,-0.300,-0.084,-0.300,-498.863,-499.728,-498.863
3.558,-0.000,0.566,-0.378,45.002,2.807,21.672,-0.300,-0.084,-0.300,-498.863,-499.728,-498.863
3.562,-0.000,0.566,-0.378,45.002,2.807,21.672,-0.300,-0.084,-0.300,-498.863,-499.728,-498.863
3.567,-0.000,0.566,-0.378,45.002,2.807,21.672,-0.300,-0.084,-0.300,-498.863,-499.728,-498.863
3.571,-0.000,0.566,-0.378,45.002,2.807,21.672,-0.300,-0.084,-0.300,-498.863,-499.728,-498.863
3.575,-0.000,0.566,-0.378,45.002,2.807,21.672,-0.300,-0.084,-0.300,-498.863,-499.728,-498.863
3.579,-0.000,0.566,-0.378,45.002,2.807,21.672,-0.300,-0.084,-0.300,-498.863,-499.728,-498.863
3.583,-0.000,0.566,-0.378,45.002,2.807,21.672,-0.300,-0.084,-0.300,-498.863,-499.728,-498.863
3.587,-0.000,0.566,-0.378,45.002,2.807,21.672,-0.300,-0.084,-0.300,-498.863,-499.728,-498.863
3.592,-0.000,0.566,-0.378,45.002,2.807,21.672,-0.300,-0.084,-0.300,-498.863,-499.728,-498.863
3.596,-0.000,0.566,-0.378,45.002,2.807,21.672,-0.300,-0.084,-0.300,-498.863,-499.728,-498.863
3.600,-0.000,0.566,-0.378,45.002,2.807,21.672,-0.300,-0.084,-0.300,-498.863,-499.728,-498.863
3.604,-0.000,0.566,-0.378,45.002,2.807,21.672,-0.300,-0.084,-0.300,-498.863,-499.728,-498.863
3.608,-0.000,0.566,-0.378,45.002,2.807,21.672,-0.300,-0.084,-0.300,-498.863,-499.728,-498.863
3.612,-0.000,0.566,-0.378,45.002,2.807,21.672,-0.300,-0.084,-0.300,-498.863,-499.728,-498.863
3.617,-0.000,0.566,-0.378,45.002,2.807,21.672,-0.300,-0.084,-0.300,-498.863,-499.728,-498.863
3.621,-0.000,0.566,-0.378,45.002,2.807,21.672,-0.300,-0.084,-0.300,-498.863,-499.728,-498.863
3.625,-0.000,0.566,-0.378,45.002,2.807,21.673,-0.300,-0.084,-0.300,-498.863,-499.728,-498.863
3.629,-0.000,0.566,-0.378,45.002,2.807,21.673,-0.300,-0.084,-0.300,-498.863,-499.728,-498.863
3.633,-0.000,0.566,-0.378,45.002,2.807,21.673,-0.300,-0.084,-0.300,-498.863,-499.728,-498.863
3.637,-0.000,0.566,-0.378,45.002,2.807,21.673,-0.300,-0.084,-0.300,-498.863,-499.728,-498.863
3.642,-0.000,0.566,-0.378,45.002,2.807,21.673,-0.300,-0.084,-0.300,-498.863,-499.728,-498.863
3.646,-0.000,0.566,-0.378,45.002,2.807,21.673,-0.300,-0.084,-0.300,-498.863,-499.728,-498.863
3.650,-0.000,0.566,-0.378,45.002,2.807,21.673,-0.300,-0.084,-0.300,-498.863,-499.728,-498.863
3.654,-0.000,0.566,-0.378,45.002,2.807,21.673,-0.300,-0.084,-0.300,-498.863,-499.728,-498.863
3.658,-0.000,0.566,-0.378,45.002,2.807,21.673,-0.300,-0.084,-0.300,-498.863,-499.728,-498.863
3.663,-0.000,0.566,-0.378,45.002,2.807,21.673,-0.300,-0.084,-0.300,-498.863,-499.728,-498.863
3.667,-0.000,0.566,-0.378,45.002,2.807,21.673,-0.300,-0.084,-0.300,-498.863,-499.728,-498.863
3.671,-0.000,0.566,-0.378,45.002,2.807,21.673,-0.300,-0.084,-0.300,-498.863,-499.728,-498.863
3.675,-0.000,0.566,-0.378,45.002,2.807,21.673,-0.300,-0.084,-0.300,-498.863,-499.728,-498.863
3.679,-0.000,0.566,-0.378,45.002,2.807,21.673,-0.300,-0.084,-0.300,-498.863,-499.728,-498.863
3.683,-0.000,0.566,-0.378,45.002,2.807,21.673,-0.300,-0.084,-0.300,-498.863,-499.728,-498.863
3.688,-0.000,0.566,-0.378,45.002,2.807,21.673,-0.300,-0.084,-0.300,-498.863,-499.728,-498.863
3.692,-0.000,0.566,-0.378,45.002,2.807,21.673,-0.300,-0.084,-0.300,-498.863,-499.728,-498.863
3.696,-0.000,0.566,-0.378,45.002,2.807,21.673,-0.300,-0.084,-0.300,-498.863,-499.728,-498.863
3.700,-0.000,0.566,-0.378,45.002,2.807,21.673,-0.300,-0.084,-0.300,-498.863,-499.728,-498.863
3.704,-0.000,0.566,-0.378,45.002,2.807,21.673,-0.300,-0.084,-0.300,-498.863,-499.728,-498.863
3.708,-0.000,0.566,-0.378,45.002,2.807,21.673,-0.300,-0.084,-0.300,-498.863,-499.728,-498.863
3.712,-0.000,0.566,-0.378,45.002,2.807,21.673,-0.300,-0.084,-0.300,-498.863,-499.728,-498.863
3.717,-0.000,0.566,-0.378,45.002,2.807,21.674,-0.300,-0.084,-0.300,-498.863,-499.728,-498.863
3.721,-0.000,0.566,-0.378,45.002,2.807,21.674,-0.300,-0.084,-0.300,-498.863,-499.728,-498.863
3.725,-0.000,0.566,-0.378,45.002,2.807,21.674,-0.300,-0.084,-0.300,-498.863,-499.728,-498.863
3.729,-0.000,0.566,-0.378,45.002,2.807,21.674,-0.300,-0.084,-0.300,-498.863,-499.728,-498.863
3.733,-0.000,0.566,-0.378,45.002,2.807,21.674,-0.300,-0.084,-0.300,-498.863,-499.728,-498.863
3.737,-0.000,0.566,-0.378,45.002,2.807,21.674,-0.300,-0.084,-0.300,-498.863,-499.728,-498.863
3.742,-0.000,0.566,-0.378,45.002,2.807,21.674,-0.300,-0.084,-0.300,-498.863,-499.728,-498.863
3.746,-0.000,0.566,-0.378,45.002,2.806,21.674,-0.300,-0.084,-0.300,-498.863,-499.728,-498.863
3.750,-0.000,0.566,-0.378,45.002,2.806,21.674,-0.300,-0.084,-0.300,-498.863,-499.728,-498.863
3.754,-0.000,0.566,-0.378,45.002,2.806,21.674,-0.300,-0.084,-0.300,-498.863,-499.728,-498.863
3.758,-0.000,0.566,-0.378,45.002,2.806,21.674,-0.300,-0.084,-0.300,-498.863,-499.728,-498.863
3.762,-0.000,0.566,-0.378,45.002,2.806,21.674,-0.300,-0.084,-0.300,-498.863,-499.728,-498.863
3.767,-0.000,0.566,-0.378,45.002,2.806,21.674,-0.300,-0.084,-0.300,-498.863,-499.728,-498.863
3.771,-0.000,0.566,-0.378,45.002,2.806,21.674,-0.300,-0.084,-0.300,-498.863,-499.728,-498.863
3.775,-0.000,0.566,-0.378,45.002,2.806,21.674,-0.300,-0.084,-0.300,-498.863,-499.728,-498.863
3.779,-0.000,0.566,-0.378,45.002,2.806,21.674,-0.300,-0.084,-0.300,-498.863,-499.728,-498.863
3.783,-0.000,0.566,-0.378,45.002,2.806,21.674,-0.300,-0.084,-0.300,-498.863,-499.728,-498.863
3.788,-0.000,0.566,-0.378,45.002,2.806,21.674,-0.300,-0.084,-0.300,-498.863,-499.728,-498.863
3.792,-0.000,0.566,-0.378,45.002,2.806,21.674,-0.300,-0.084,-0.300,-498.863,-499.728,-498.863
3.796,-0.000,0.566,-0.378,45.002,2.806,21.674,-0.300,-0.084,-0.300,-498.863,-499.728,-498.863
3.800,-0.000,0.566,-0.378,45.002,2.806,21.674,-0.300,-0.084,-0.300,-498.863,-499.728,-498.863
3.804,-0.000,0.566,-0.378,45.002,2.806,21.674,-0.300,-0.084,-0.300,-498.863,-499.728,-498.863
3.808,-0.000,0.566,-0.378,45.002,2.806,21.674,-0.300,-0.084,-0.300,-498.863,-499.728,-498.863
3.812,-0.000,0.566,-0.378,45.002,2.806,21.675,-0.300,-0.084,-0.300,-498.863,-499.728,-498.863
3.817,-0.000,0.566,-0.378,45.002,2.806,21.675,-0.300,-0.084,-0.300,-498.863,-499.728,-498.863
3.821,-0.000,0.567,-0.378,45.002,2.806,21.675,-0.300,-0.084,-0.300,-498.863,-499.728,-498.863
3.825,-0.000,0.567,-0.378,45.002,2.806,21.675,-0.300,-0.084,-0.300,-498.863,-499.728,-498.863
3.829,-0.000,0.567,-0.378,45.002,2.806,21.675,-0.300,-0.084,-0.300,-498.863,-499.728,-498.863
3.833,-0.000,0.567,-0.378,45.002,2.806,21.675,-0.300,-0.084,-0.300,-498.863,-499.728,-498.863
3.837,-0.000,0.567,-0.378,45.002,2.806,21.675,-0.300,-0.084,-0.300,-498.863,-499.728,-498.863
3.842,-0.000,0.567,-0.378,45.002,2.806,21.675,-0.300,-0.084,-0.300,-498.863,-499.728,-498.863
3.846,-0.000,0.567,-0.378,45.002,2.806,21.675,-0.300,-0.084,-0.300,-498.863,-499.728,-498.863
3.850,-0.000,0.567,-0.378,45.002,2.806,21.675,-0.300,-0.084,-0.300,-498.863,-499.728,-498.863
3.854,-0.000,0.567,-0.378,45.002,2.806,21.675,-0.300,-0.084,-0.300,-498.863,-499.728,-498.863
3.858,-0.000,0.567,-0.378,45.002,2.806,21.675,-0.300,-0.084,-0.300,-498.863,-499.728,-498.863
3.862,-0.000,0.567,-0.378,45.002,2.806,21.675,-0.300,-0.084,-0.300,-498.863,-499.728,-498.863
3.867,-0.000,0.567,-0.378,45.002,2.806,21.675,-0.300,-0.084,-0.300,-498.863,-499.728,-498.863
3.871,-0.000,0.567,-0.378,45.002,2.806,21.675,-0.300,-0.084,-0.300,-498.863,-499.728,-498.863
3.875,-0.000,0.567,-0.378,45.002,2.806,21.675,-0.300,-0.084,-0.300,-498.863,-499.728,-498.863
3.879,-0.000,0.567,-0.378,45.002,2.806,21.675,-0.300,-0.084,-0.300,-498.863,-499.728,-498.863
3.883,-0.000,0.567,-0.378,45.002,2.806,21.675,-0.300,-0.084,-0.300,-498.863,-499.728,-498.863
3.887,-0.000,0.567,-0.378,45.002,2.806,21.675,-0.300,-0.084,-0.300,-498.863,-499.728,-498.863
3.892,-0.000,0.567,-0.378,45.002,2.806,21.675,-0.300,-0.084,-0.300,-498.863,-499.728,-498.863
3.896,-0.000,0.567,-0.378,45.002,2.806,21.675,-0.300,-0.084,-0.300,-498.863,-499.728,-498.863
3.900,-0.000,0.567,-0.378,45.002,2.806,21.675,-0.300,-0.084,-0.300,-498.863,-499.728,-498.863
3.904,-0.000,0.567,-0.378,45.002,2.806,21.676,-0.300,-0.084,-0.300,-498.863,-499.728,-498.863
3.908,-0.000,0.567,-0.378,45.002,2.806,21.676,-0.300,-0.084,-0.300,-498.863,-499.728,-498.863
3.913,-0.000,0.567,-0.378,45.002,2.806,21.676,-0.300,-0.084,-0.300,-498.863,-499.728,-498.863
3.917,-0.000,0.567,-0.378,45.002,2.806,21.676,-0.300,-0.084,-0.300,-498.863,-499.728,-498.863
3.921,-0.000,0.567,-0.378,45.002,2.806,21.676,-0.300,-0.084,-0.300,-498.863,-499.728,-498.863
3.925,-0.000,0.567,-0.378,45.002,2.806,21.676,-0.300,-0.084,-0.300,-498.863,-499.728,-498.863
3.929,-0.000,0.567,-0.378,45.002,2.806,21.676,-0.300,-0.084,-0.300,-498.863,-499.728,-498.863
3.933,-0.000,0.567,-0.378,45.002,2.806,21.676,-0.300,-0.084,-0.300,-498.863,-499.728,-498.863
3.938,-0.000,0.567,-0.378,45.002,2.806,21.676,-0.300,-0.084,-0.300,-498.863,-499.728,-498.863
3.942,-0.000,0.567,-0.378,45.002,2.806,21.676,-0.300,-0.084,-0.300,-498.863,-499.728,-498.863
3.946,-0.000,0.567,-0.378,45.002,2.806,21.676,-0.300,-0.084,-0.300,-498.863,-499.728,-498.863
3.950,-0.000,0.567,-0.378,45.002,2.806,21.676,-0.300,-0.084,-0.300,-498.863,-499.728,-498.863
3.954,-0.000,0.567,-0.378,45.002,2.806,21.676,-0.300,-0.084,-0.300,-498.863,-499.728,-498.863
3.958,-0.000,0.567,-0.378,45.002,2.806,21.676,-0.300,-0.084,-0.300,-498.863,-499.728,-498.863
3.962,-0.000,0.567,-0.378,45.002,2.806,21.676,-0.300,-0.084,-0.300,-498.863,-499.728,-498.863
3.967,-0.000,0.567,-0.378,45.002,2.806,21.676,-0.300,-0.084,-0.300,-498.863,-499.728,-498.863
3.971,-0.000,0.567,-0.378,45.002,2.806,21.676,-0.300,-0.084,-0.300,-498.863,-499.728,-498.863
3.975,-0.000,0.567,-0.378,45.002,2.806,21.676,-0.300,-0.084,-0.300,-498.863,-499.728,-498.863
3.979,-0.000,0.567,-0.378,45.002,2.806,21.676,-0.300,-0.084,-0.300,-498.863,-499.728,-498.863
3.983,-0.000,0.567,-0.378,45.002,2.806,21.676,-0.300,-0.084,-0.300,-498.863,-499.728,-498.863
3.987,-0.000,0.567,-0.378,45.002,2.806,21.676,-0.300,-0.084,-0.300,-498.863,-499.728,-498.863
3.992,-0.000,0.567,-0.378,45.002,2.806,21.676,-0.300,-0.084,-0.300,-498.863,-499.728,-498.863
3.996,-0.000,0.567,-0.378,45.002,2.806,21.676,-0.300,-0.084,-0.300,-498.863,-499.728,-498.863
4.000,-0.000,0.567,-0.378,45.002,2.806,21.677,-0.300,-0.084,-0.300,-498.863,-499.728,-498.863
4.004,-0.000,0.567,-0.378,45.002,2.806,21.677,-0.300,-0.084,-0.300,-498.863,-499.728,-498.863
4.008,-0.000,0.567,-0.378,45.002,2.806,21.677,-0.300,-0.084,-0.300,-498.863,-499.728,-498.863
4.013,-0.000,0.567,-0.378,45.002,2.806,21.677,-0.300,-0.084,-0.300,-498.863,-499.728,-498.863
4.017,-0.000,0.567,-0.378,45.002,2.806,21.677,-0.300,-0.084,-0.300,-498.863,-499.728,-498.863
4.021,-0.000,0.567,-0.378,45.002,2.806,21.677,-0.300,-0.084,-0.300,-498.863,-499.728,-498.863
4.025,-0.000,0.567,-0.378,45.002,2.806,21.677,-0.300,-0.084,-0.300,-498.863,-499.728,-498.863
4.029,-0.000,0.567,-0.378,45.002,2.806,21.677,-0.300,-0.084,-0.300,-498.863,-499.728,-498.863
4.033,-0.000,0.567,-0.378,45.002,2.806,21.677,-0.300,-0.084,-0.300,-498.863,-499.728,-498.863
4.037,-0.000,0.567,-0.378,45.002,2.806,21.677,-0.300,-0.084,-0.300,-498.863,-499.728,-498.863
4.042,-0.000,0.567,-0.378,45.002,2.806,21.677,-0.300,-0.084,-0.300,-498.863,-499.728,-498.863
4.046,-0.000,0.567,-0.378,45.002,2.806,21.677,-0.300,-0.084,-0.300,-498.863,-499.728,-498.863
4.050,-0.000,0.567,-0.378,45.002,2.806,21.677,-0.300,-0.084,-0.300,-498.863,-499.728,-498.863
4.054,-0.000,0.567,-0.378,45.002,2.806,21.677,-0.300,-0.084,-0.300,-498.863,-499.728,-498.863
4.058,-0.000,0.567,-0.378,45.002,2.806,21.677,-0.300,-0.084,-0.300,-498.863,-499.728,-498.863
4.062,-0.000,0.567,-0.378,45.002,2.806,21.677,-0.300,-0.084,-0.300,-498.863,-499.728,-498.863
4.067,-0.000,0.567,-0.378,45.002,2.806,21.677,-0.300,-0.084,-0.300,-498.863,-499.728,-498.863
4.071,-0.000,0.567,-0.378,45.002,2.806,21.677,-0.300,-0.084,-0.300,-498.863,-499.728,-498.863
4.075,-0.000,0.567,-0.378,45.002,2.806,21.677,-0.300,-0.084,-0.300,-498.863,-499.728,-498.863
4.079,-0.000,0.567,-0.378,45.002,2.806,21.677,-0.300,-0.084,-0.300,-498.863,-499.728,-498.863
4.083,-0.000,0.567,-0.378,45.002,2.806,21.677,-0.300,-0.084,-0.300,-498.863,-499.728,-498.863
4.088,-0.000,0.567,-0.378,45.002,2.806,21.677,-0.300,-0.084,-0.300,-498.863,-499.728,-498.863
4.092,-0.000,0.567,-0.378,45.002,2.806,21.678,-0.300,-0.084,-0.300,-498.863,-499.728,-498.863
4.096,-0.000,0.567,-0.378,45.002,2.806,21.678,-0.300,-0.084,-0.300,-498.863,-499.728,-498.863
4.100,-0.000,0.567,-0.378,45.002,2.806,21.678,-0.300,-0.084,-0.300,-498.863,-499.728,-498.863
4.104,-0.000,0.567,-0.378,45.002,2.806,21.678,-0.300,-0.084,-0.300,-498.863,-499.728,-498.863
4.108,-0.000,0.567,-0.378,45.002,2.806,21.678,-0.300,-0.084,-0.300,-498.863,-499.728,-498.863
4.112,-0.000,0.567,-0.378,45.002,2.806,21.678,-0.300,-0.084,-0.300,-498.863,-499.728,-498.863
4.117,-0.000,0.567,-0.378,45.002,2.806,21.678,-0.300,-0.084,-0.300,-498.863,-499.728,-498.863
4.121,-0.000,0.567,-0.378,45.002,2.806,21.678,-0.300,-0.084,-0.300,-498.863,-499.728,-498.863
4.125,-0.000,0.567,-0.378,45.002,2.806,21.678,-0.300,-0.084,-0.300,-498.863,-499.728,-498.863
4.129,-0.000,0.567,-0.378,45.002,2.806,21.678,-0.300,-0.084,-0.300,-498.863,-499.728,-498.863
4.133,-0.000,0.567,-0.378,45.002,2.806,21.678,-0.300,-0.084,-0.300,-498.863,-499.728,-498.863
4.138,-0.000,0.567,-0.378,45.002,2.806,21.678,-0.300,-0.084,-0.300,-498.863,-499.728,-498.863
4.142,-0.000,0.567,-0.378,45.002,2.806,21.678,-0.300,-0.084,-0.300,-498.863,-499.728,-498.863
4.146,-0.000,0.567,-0.378,45.002,2.806,21.678,-0.300,-0.084,-0.300,-498.863,-499.728,-498.863
4.150,-0.000,0.567,-0.378,45.002,2.806,21.678,-0.300,-0.084,-0.300,-498.863,-499.728,-498.863
4.154,-0.000,0.567,-0.378,45.002,2.806,21.678,-0.300,-0.084,-0.300,-498.863,-499.728,-498.863
4.158,-0.000,0.567,-0.378,45.002,2.806,21.678,-0.300,-0.084,-0.300,-498.863,-499.728,-498.863
4.162,-0.000,0.567,-0.378,45.002,2.806,21.678,-0.300,-0.084,-0.300,-498.863,-499.728,-498.863
4.167,-0.000,0.567,-0.378,45.002,2.806,21.678,-0.300,-0.084,-0.300,-498.863,-499.728,-498.863
4.171,-0.000,0.567,-0.378,45.002,2.806,21.678,-0.300,-0.084,-0.300,-498.863,-499.728,-498.863
4.175,-0.000,0.567,-0.378,45.002,2.806,21.678,-0.300,-0.084,-0.300,-498.863,-499.728,-498.863
4.179,-0.000,0.567,-0.378,45.002,2.806,21.678,-0.300,-0.084,-0.300,-498.863,-499.728,-498.863
4.183,-0.000,0.567,-0.378,45.002,2.806,21.678,-0.300,-0.084,-0.300,-498.863,-499.728,-498.863
4.188,-0.000,0.567,-0.378,45.002,2.806,21.679,-0.300,-0.084,-0.300,-498.863,-499.728,-498.863
4.192,-0.000,0.567,-0.378,45.002,2.806,21.679,-0.300,-0.084,-0.300,-498.863,-499.728,-498.863
4.196,-0.000,0.567,-0.378,45.002,2.806,21.679,-0.300,-0.084,-0.300,-498.863,-499.728,-498.863
4.200,-0.000,0.567,-0.378,45.002,2.806,21.679,-0.300,-0.084,-0.300,-498.863,-499.728,-498.863
4.204,-0.000,0.567,-0.378,45.002,2.806,21.679,-0.300,-0.084,-0.300,-498.863,-499.728,-498.863
4.208,-0.000,0.567,-0.378,45.002,2.806,21.679,-0.300,-0.084,-0.300,-498.863,-499.728,-498.863
4.213,-0.000,0.567,-0.378,45.002,2.806,21.679,-0.300,-0.084,-0.300,-498.863,-499.728,-498.863
4.217,-0.000,0.567,-0.378,45.002,2.806,21.679,-0.300,-0.084,-0.300,-498.863,-499.728,-498.863
4.221,-0.000,0.567,-0.378,45.002,2.806,21.679,-0.300,-0.084,-0.300,-498.863,-499.728,-498.863
4.225,-0.000,0.567,-0.378,45.002,2.806,21.679,-0.300,-0.084,-0.300,-498.863,-499.728,-498.863
4.229,-0.000,0.567,-0.378,45.002,2.806,21.679,-0.300,-0.084,-0.300,-498.863,-499.728,-498.863
4.233,-0.000,0.567,-0.378,45.002,2.806,21.679,-0.300,-0.084,-0.300,-498.863,-499.728,-498.863
4.237,-0.000,0.567,-0.378,45.002,2.806,21.679,-0.300,-0.084,-0.300,-498.863,-499.728,-498.863
4.242,-0.000,0.567,-0.378,45.002,2.806,21.679,-0.300,-0.084,-0.300,-498.863,-499.728,-498.863
4.246,-0.000,0.567,-0.378,45.002,2.806,21.679,-0.300,-0.084,-0.300,-498.863,-499.728,-498.863
4.250,-0.000,0.567,-0.378,45.002,2.806,21.679,-0.300,-0.084,-0.300,-498.863,-499.728,-498.863
4.254,-0.000,0.567,-0.378,45.002,2.806,21.679,-0.300,-0.084,-0.300,-498.863,-499.728,-498.863
4.258,-0.000,0.567,-0.378,45.002,2.806,21.679,-0.300,-0.084,-0.300,-498.863,-499.728,-498.863
4.263,-0.000,0.567,-0.378,45.002,2.806,21.679,-0.300,-0.084,-0.300,-498.863,-499.728,-498.863
4.267,-0.000,0.567,-0.378,45.002,2.806,21.679,-0.300,-0.084,-0.300,-498.863,-499.728,-498.863
4.271,-0.000,0.567,-0.378,45.002,2.806,21.679,-0.300,-0.084,-0.300,-498.863,-499.728,-498.863
4.275,-0.000,0.567,-0.378,45.002,2.806,21.679,-0.300,-0.084,-0.300,-498.863,-499.728,-498.863
4.279,-0.000,0.567,-0.378,45.002,2.806,21.680,-0.300,-0.084,-0.300,-498.863,-499.728,-498.863
4.283,-0.000,0.567,-0.378,45.002,2.806,21.680,-0.300,-0.084,-0.300,-498.863,-499.728,-498.863
4.287,-0.000,0.567,-0.378,45.002,2.806,21.680,-0.300,-0.084,-0.300,-498.863,-499.728,-498.863
4.292,-0.000,0.567,-0.378,45.002,2.806,21.680,-0.300,-0.084,-0.300,-498.863,-499.728,-498.863
4.296,-0.000,0.567,-0.378,45.002,2.806,21.680,-0.300,-0.084,-0.300,-498.863,-499.728,-498.863
4.300,-0.000,0.567,-0.378,45.002,2.806,21.680,-0.300,-0.084,-0.300,-498.863,-499.728,-498.863
4.304,-0.000,0.567,-0.378,45.002,2.806,21.680,-0.300,-0.084,-0.300,-498.863,-499.728,-498.863
4.308,-0.000,0.567,-0.378,45.002,2.806,21.680,-0.300,-0.084,-0.300,-498.863,-499.728,-498.863
4.312,-0.000,0.567,-0.378,45.002,2.806,21.680,-0.300,-0.084,-0.300,-498.863,-499.728,-498.863
4.317,-0.000,0.567,-0.378,45.002,2.806,21.680,-0.300,-0.084,-0.300,-498.863,-499.728,-498.863
4.321,-0.000,0.567,-0.378,45.002,2.806,21.680,-0.300,-0.084,-0.300,-498.863,-499.728,-498.863
4.325,-0.000,0.567,-0.378,45.002,2.806,21.680,-0.300,-0.084,-0.300,-498.863,-499.728,-498.863
4.329,-0.000,0.567,-0.378,45.002,2.806,21.680,-0.300,-0.084,-0.300,-498.863,-499.728,-498.863
4.333,-0.000,0.567,-0.378,45.002,2.806,21.680,-0.300,-0.084,-0.300,-498.863,-499.728,-498.863
4.338,-0.000,0.567,-0.378,45.002,2.806,21.680,-0.300,-0.084,-0.300,-498.863,-499.728,-498.863
4.342,-0.000,0.567,-0.378,45.002,2.806,21.680,-0.300,-0.084,-0.300,-498.863,-499.728,-498.863
4.346,-0.000,0.567,-0.378,45.002,2.806,21.680,-0.300,-0.084,-0.300,-498.863,-499.728,-498.863
4.350,-0.000,0.567,-0.378,45.002,2.806,21.680,-0.300,-0.084,-0.300,-498.863,-499.728,-498.863
4.354,-0.000,0.567,-0.378,45.002,2.806,21.680,-0.300,-0.084,-0.300,-498.863,-499.728,-498.863
4.358,-0.000,0.567,-0.378,45.002,2.806,21.680,-0.300,-0.084,-0.300,-498.863,-499.728,-498.863
4.362,-0.000,0.567,-0.378,45.002,2.806,21.680,-0.300,-0.084,-0.300,-498.863,-499.728,-498.863
4.367,-0.000,0.567,-0.378,45.002,2.806,21.680,-0.300,-0.084,-0.300,-498.863,-499.728,-498.863
4.371,-0.000,0.567,-0.378,45.002,2.806,21.680,-0.300,-0.084,-0.300,-498.863,-499.728,-498.863
4.375,-0.000,0.567,-0.378,45.002,2.806,21.681,-0.300,-0.084,-0.300,-498.863,-499.728,-498.863
4.379,-0.000,0.567,-0.378,45.002,2.806,21.681,-0.300,-0.084,-0.300,-498.863,-499.728,-498.863
4.383,-0.000,0.567,-0.378,45.002,2.806,21.681,-0.300,-0.084,-0.300,-498.863,-499.728,-498.863
4.388,-0.000,0.567,-0.378,45.002,2.806,21.681,-0.300,-0.084,-0.300,-498.863,-499.728,-498.863
4.392,-0.000,0.567,-0.378,45.002,2.806,21.681,-0.300,-0.084,-0.300,-498.863,-499.728,-498.863
4.396,-0.000,0.567,-0.378,45.002,2.806,21.681,-0.300,-0.084,-0.300,-498.863,-499.728,-498.863
4.400,-0.000,0.567,-0.378,45.002,2.806,21.681,-0.300,-0.084,-0.300,-498.863,-499.728,-498.863
4.404,-0.000,0.567,-0.378,45.002,2.806,21.681,-0.300,-0.084,-0.300,-498.863,-499.728,-498.863
4.408,-0.000,0.567,-0.378,45.002,2.806,21.681,-0.300,-0.084,-0.300,-498.863,-499.728,-498.863
4.412,-0.000,0.567,-0.378,45.002,2.806,21.681,-0.300,-0.084,-0.300,-498.863,-499.728,-498.863
4.417,-0.000,0.567,-0.378,45.002,2.806,21.681,-0.300,-0.084,-0.300,-498.863,-499.728,-498.863
4.421,-0.000,0.567,-0.378,45.002,2.806,21.681,-0.300,-0.084,-0.300,-498.863,-499.728,-498.863
4.425,-0.000,0.567,-0.378,45.002,2.806,21.681,-0.300,-0.084,-0.300,-498.863,-499.728,-498.863
4.429,-0.000,0.567,-0.378,45.002,2.806,21.681,-0.300,-0.084,-0.300,-498.863,-499.728,-498.863
4.433,-0.000,0.567,-0.378,45.002,2.806,21.681,-0.300,-0.084,-0.300,-498.863,-499.728,-498.863
4.438,-0.000,0.567,-0.378,45.002,2.806,21.681,-0.300,-0.084,-0.300,-498.863,-499.728,-498.863
4.442,-0.000,0.567,-0.378,45.002,2.806,21.681,-0.300,-0.084,-0.300,-498.863,-499.728,-498.863
4.446,-0.000,0.567,-0.378,45.002,2.806,21.681,-0.300,-0.084,-0.300,-498.863,-499.728,-498.863
4.450,-0.000,0.567,-0.378,45.002,2.806,21.681,-0.300,-0.084,-0.300,-498.863,-499.728,-498.863
4.454,-0.000,0.567,-0.378,45.002,2.806,21.681,-0.300,-0.084,-0.300,-498.863,-499.728,-498.863
4.458,-0.000,0.567,-0.378,45.002,2.806,21.681,-0.300,-0.084,-0.300,-498.863,-499.728,-498.863
4.463,-0.000,0.567,-0.378,45.002,2.806,21.681,-0.300,-0.084,-0.300,-498.863,-499.728,-498.863
4.467,-0.000,0.567,-0.378,45.002,2.806,21.681,-0.300,-0.084,-0.300,-498.863,-499.728,-498.863
4.471,-0.000,0.567,-0.378,45.002,2.806,21.682,-0.300,-0.084,-0.300,-498.863,-499.728,-498.863
4.475,-0.000,0.567,-0.378,45.002,2.806,21.682,-0.300,-0.084,-0.300,-498.863,-499.728,-498.863
4.479,-0.000,0.567,-0.378,45.002,2.806,21.682,-0.300,-0.084,-0.300,-498.863,-499.728,-498.863
4.483,-0.000,0.567,-0.378,45.002,2.806,21.682,-0.300,-0.084,-0.300,-498.863,-499.728,-498.863
4.487,-0.000,0.567,-0.378,45.002,2.806,21.682,-0.300,-0.084,-0.300,-498.863,-499.728,-498.863
4.492,-0.000,0.567,-0.378,45.002,2.806,21.682,-0.300,-0.084,-0.300,-498.863,-499.728,-498.863
4.496,-0.000,0.567,-0.378,45.002,2.806,21.682,-0.300,-0.084,-0.300,-498.863,-499.728,-498.863
4.500,-0.000,0.567,-0.378,45.002,2.806,21.682,-0.300,-0.084,-0.300,-498.863,-499.728,-498.863
4.504,-0.000,0.567,-0.378,45.002,2.806,21.682,-0.300,-0.084,-0.300,-498.863,-499.728,-498.863
4.508,-0.000,0.567,-0.378,45.002,2.806,21.682,-0.300,-0.084,-0.300,-498.863,-499.728,-498.863
4.513,-0.000,0.567,-0.378,45.002,2.806,21.682,-0.300,-0.084,-0.300,-498.863,-499.728,-498.863
4.517,-0.000,0.567,-0.378,45.002,2.806,21.682,-0.300,-0.084,-0.300,-498.863,-499.728,-498.863
4.521,-0.000,0.567,-0.378,45.002,2.806,21.682,-0.300,-0.084,-0.300,-498.863,-499.728,-498.863
4.525,-0.000,0.567,-0.378,45.002,2.806,21.682,-0.300,-0.084,-0.300,-498.863,-499.728,-498.863
4.529,-0.000,0.567,-0.378,45.002,2.806,21.682,-0.300,-0.084,-0.300,-498.863,-499.728,-498.863
4.533,-0.000,0.567,-0.378,45.002,2.806,21.682,-0.300,-0.084,-0.300,-498.863,-499.728,-498.863
4.537,-0.000,0.567,-0.378,45.002,2.806,21.682,-0.300,-0.084,-0.300,-498.863,-499.728,-498.863
4.542,-0.000,0.567,-0.378,45.002,2.806,21.682,-0.300,-0.084,-0.300,-498.863,-499.728,-498.863
4.546,-0.000,0.567,-0.378,45.002,2.806,21.682,-0.300,-0.084,-0.300,-498.863,-499.728,-498.863
4.550,-0.000,0.567,-0.378,45.002,2.806,21.682,-0.300,-0.084,-0.300,-498.863,-499.728,-498.863
4.554,-0.000,0.567,-0.378,45.002,2.806,21.682,-0.300,-0.084,-0.300,-498.863,-499.728,-498.863
4.558,-0.000,0.567,-0.378,45.002,2.806,21.682,-0.300,-0.084,-0.300,-498.863,-499.728,-498.863
4.562,-0.000,0.567,-0.378,45.002,2.806,21.683,-0.300,-0.084,-0.300,-498.863,-499.728,-498.863
4.567,-0.000,0.567,-0.378,45.002,2.806,21.683,-0.300,-0.084,-0.300,-498.863,-499.728,-498.863
4.571,-0.000,0.567,-0.378,45.002,2.806,21.683,-0.300,-0.084,-0.300,-498.863,-499.728,-498.863
4.575,-0.000,0.567,-0.378,45.002,2.806,21.683,-0.300,-0.084,-0.300,-498.863,-499.728,-498.863
4.579,-0.000,0.567,-0.378,45.002,2.806,21.683,-0.300,-0.084,-0.300,-498.863,-499.728,-498.863
4.583,-0.000,0.567,-0.378,45.002,2.806,21.683,-0.300,-0.084,-0.300,-498.863,-499.728,-498.863
4.588,-0.000,0.567,-0.378,45.002,2.806,21.683,-0.300,-0.084,-0.300,-498.863,-499.728,-498.863
4.592,-0.000,0.567,-0.378,45.002,2.806,21.683,-0.300,-0.084,-0.300,-498.863,-499.728,-498.863
4.596,-0.000,0.567,-0.378,45.002,2.806,21.683,-0.300,-0.084,-0.300,-498.863,-499.728,-498.863
4.600,-0.000,0.567,-0.378,45.002,2.806,21.683,-0.300,-0.084,-0.300,-498.863,-499.728,-498.863
4.604,-0.000,0.567,-0.378,45.002,2.806,21.683,-0.300,-0.084,-0.300,-498.863,-499.728,-498.863
4.608,-0.000,0.567,-0.378,45.002,2.806,21.683,-0.300,-0.084,-0.300,-498.863,-499.728,-498.863
4.612,-0.000,0.567,-0.378,45.002,2.806,21.683,-0.300,-0.084,-0.300,-498.863,-499.728,-498.863
4.617,-0.000,0.567,-0.378,45.002,2.806,21.683,-0.300,-0.084,-0.300,-498.863,-499.728,-498.863
4.621,-0.000,0.567,-0.378,45.002,2.806,21.683,-0.300,-0.084,-0.300,-498.863,-499.728,-498.863
4.625,-0.000,0.567,-0.378,45.002,2.806,21.683,-0.300,-0.084,-0.300,-498.863,-499.728,-498.863
4.629,-0.000,0.567,-0.378,45.002,2.806,21.683,-0.300,-0.084,-0.300,-498.863,-499.728,-498.863
4.633,-0.000,0.567,-0.378,45.002,2.806,21.683,-0.300,-0.084,-0.300,-498.863,-499.728,-498.863
4.638,-0.000,0.567,-0.378,45.002,2.806,21.683,-0.300,-0.084,-0.300,-498.863,-499.728,-498.863
4.642,-0.000,0.567,-0.378,45.002,2.806,21.683,-0.300,-0.084,-0.300,-498.863,-499.728,-498.863
4.646,-0.000,0.567,-0.378,45.002,2.806,21.683,-0.300,-0.084,-0.300,-498.863,-499.728,-498.863
4.650,-0.000,0.567,-0.378,45.002,2.806,21.683,-0.300,-0.084,-0.300,-498.863,-499.728,-498.863
4.654,-0.000,0.567,-0.378,45.002,2.806,21.683,-0.300,-0.084,-0.300,-498.863,-499.728,-498.863
4.658,-0.000,0.567,-0.378,45.002,2.806,21.684,-0.300,-0.084,-0.300,-498.863,-499.728,-498.863
4.662,-0.000,0.567,-0.378,45.002,2.806,21.684,-0.300,-0.084,-0.300,-498.863,-499.728,-498.863
4.667,-0.000,0.567,-0.378,45.002,2.806,21.684,-0.300,-0.084,-0.300,-498.863,-499.728,-498.863
4.671,-0.000,0.567,-0.378,45.002,2.806,21.684,-0.300,-0.084,-0.300,-498.863,-499.728,-498.863
4.675,-0.000,0.567,-0.378,45.002,2.806,21.684,-0.300,-0.084,-0.300,-498.863,-499.728,-498.863
4.679,-0.000,0.567,-0.378,45.002,2.806,21.684,-0.300,-0.084,-0.300,-498.863,-499.728,-498.863
4.683,-0.000,0.567,-0.378,45.002,2.806,21.684,-0.300,-0.084,-0.300,-498.863,-499.728,-498.863
4.688,-0.000,0.567,-0.378,45.002,2.806,21.684,-0.300,-0.084,-0.300,-498.863,-499.728,-498.863
4.692,-0.000,0.567,-0.378,45.002,2.806,21.684,-0.300,-0.084,-0.300,-498.863,-499.728,-498.863
4.696,-0.000,0.567,-0.378,45.002,2.806,21.684,-0.300,-0.084,-0.300,-498.863,-499.728,-498.863
4.700,-0.000,0.567,-0.378,45.002,2.806,21.684,-0.300,-0.084,-0.300,-498.863,-499.728,-498.863
4.704,-0.000,0.567,-0.378,45.002,2.806,21.684,-0.300,-0.084,-0.300,-498.863,-499.728,-498.863
4.708,-0.000,0.567,-0.378,45.002,2.806,21.684,-0.300,-0.084,-0.300,-498.863,-499.728,-498.863
4.713,-0.000,0.567,-0.378,45.002,2.806,21.684,-0.300,-0.084,-0.300,-498.863,-499.728,-498.863
4.717,-0.000,0.567,-0.378,45.002,2.806,21.684,-0.300,-0.084,-0.300,-498.863,-499.728,-498.863
4.721,-0.000,0.567,-0.378,45.002,2.806,21.684,-0.300,-0.084,-0.300,-498.863,-499.728,-498.863
4.725,-0.000,0.567,-0.378,45.002,2.806,21.684,-0.300,-0.084,-0.300,-498.863,-499.728,-498.863
4.729,-0.000,0.567,-0.378,45.002,2.806,21.684,-0.300,-0.084,-0.300,-498.863,-499.728,-498.863
4.733,-0.000,0.567,-0.378,45.002,2.806,21.684,-0.300,-0.084,-0.300,-498.863,-499.728,-498.863
4.737,-0.000,0.567,-0.378,45.002,2.806,21.684,-0.300,-0.084,-0.300,-498.863,-499.728,-498.863
4.742,-0.000,0.567,-0.378,45.002,2.806,21.684,-0.300,-0.084,-0.300,-498.863,-499.728,-498.863
4.746,-0.000,0.567,-0.378,45.002,2.805,21.684,-0.300,-0.084,-0.300,-498.863,-499.728,-498.863
4.750,-0.000,0.567,-0.378,45.002,2.805,21.685,-0.300,-0.084,-0.300,-498.863,-499.728,-498.863
4.754,-0.000,0.567,-0.378,45.002,2.805,21.685,-0.300,-0.084,-0.300,-498.863,-499.728,-498.863
4.758,-0.000,0.567,-0.378,45.002,2.805,21.685,-0.300,-0.084,-0.300,-498.863,-499.728,-498.863
4.763,-0.000,0.567,-0.378,45.002,2.805,21.685,-0.300,-0.084,-0.300,-498.863,-499.728,-498.863
4.767,-0.000,0.567,-0.378,45.002,2.805,21.685,-0.300,-0.084,-0.300,-498.863,-499.728,-498.863
4.771,-0.000,0.567,-0.378,45.002,2.805,21.685,-0.300,-0.084,-0.300,-498.863,-499.728,-498.863
4.775,-0.000,0.567,-0.378,45.002,2.805,21.685,-0.300,-0.084,-0.300,-498.863,-499.728,-498.863
4.779,-0.000,0.567,-0.378,45.002,2.805,21.685,-0.300,-0.084,-0.300,-498.863,-499.728,-498.863
4.783,-0.000,0.567,-0.378,45.002,2.805,21.685,-0.300,-0.084,-0.300,-498.863,-499.728,-498.863
4.787,-0.000,0.567,-0.378,45.002,2.805,21.685,-0.300,-0.084,-0.300,-498.863,-499.728,-498.863
4.792,-0.000,0.567,-0.378,45.002,2.805,21.685,-0.300,-0.084,-0.300,-498.863,-499.728,-498.863
4.796,-0.000,0.567,-0.378,45.002,2.805,21.685,-0.300,-0.084,-0.300,-498.863,-499.728,-498.863
4.800,-0.000,0.567,-0.378,45.002,2.805,21.685,-0.300,-0.084,-0.300,-498.863,-499.728,-498.863
4.804,-0.000,0.567,-0.378,45.002,2.805,21.685,-0.300,-0.084,-0.300,-498.863,-499.728,-498.863
4.808,-0.000,0.567,-0.378,45.002,2.805,21.685,-0.300,-0.084,-0.300,-498.863,-499.728,-498.863
4.812,-0.000,0.567,-0.378,45.002,2.805,21.685,-0.300,-0.084,-0.300,-498.863,-499.728,-498.863
4.817,-0.000,0.567,-0.378,45.002,2.805,21.685,-0.300,-0.084,-0.300,-498.863,-499.728,-498.863
4.821,-0.000,0.567,-0.378,45.002,2.805,21.685,-0.300,-0.084,-0.300,-498.863,-499.728,-498.863
4.825,-0.000,0.567,-0.378,45.002,2.805,21.685,-0.300,-0.084,-0.300,-498.863,-499.728,-498.863
4.829,-0.000,0.567,-0.378,45.002,2.805,21.685,-0.300,-0.084,-0.300,-498.863,-499.728,-498.863
4.833,-0.000,0.567,-0.378,45.002,2.805,21.685,-0.300,-0.084,-0.300,-498.863,-499.728,-498.863
4.838,-0.000,0.567,-0.378,45.002,2.805,21.685,-0.300,-0.084,-0.300,-498.863,-499.728,-498.863
4.842,-0.000,0.567,-0.378,45.002,2.805,21.685,-0.300,-0.084,-0.300,-498.863,-499.728,-498.863
4.846,-0.000,0.567,-0.378,45.002,2.805,21.686,-0.300,-0.084,-0.300,-498.863,-499.728,-498.863
4.850,-0.000,0.567,-0.378,45.002,2.805,21.686,-0.300,-0.084,-0.300,-498.863,-499.728,-498.863
4.854,-0.000,0.567,-0.378,45.002,2.805,21.686,-0.300,-0.084,-0.300,-498.863,-499.728,-498.863
4.858,-0.000,0.567,-0.378,45.002,2.805,21.686,-0.300,-0.084,-0.300,-498.863,-499.728,-498.863
4.862,-0.000,0.567,-0.378,45.002,2.805,21.686,-0.300,-0.084,-0.300,-498.863,-499.728,-498.863
4.867,-0.000,0.567,-0.378,45.002,2.805,21.686,-0.300,-0.084,-0.300,-498.863,-499.728,-498.863
4.871,-0.000,0.567,-0.378,45.002,2.805,21.686,-0.300,-0.084,-0.300,-498.863,-499.728,-498.863
4.875,-0.000,0.567,-0.378,45.002,2.805,21.686,-0.300,-0.084,-0.300,-498.863,-499.728,-498.863
4.879,-0.000,0.567,-0.378,45.002,2.805,21.686,-0.300,-0.084,-0.300,-498.863,-499.728,-498.863
4.883,-0.000,0.567,-0.378,45.002,2.805,21.686,-0.300,-0.084,-0.300,-498.863,-499.728,-498.863
4.888,-0.000,0.567,-0.378,45.002,2.805,21.686,-0.300,-0.084,-0.300,-498.863,-499.728,-498.863
4.892,-0.000,0.567,-0.378,45.002,2.805,21.686,-0.300,-0.084,-0.300,-498.863,-499.728,-498.863
4.896,-0.000,0.567,-0.378,45.002,2.805,21.686,-0.300,-0.084,-0.300,-498.863,-499.728,-498.863
4.900,-0.000,0.567,-0.378,45.002,2.805,21.686,-0.300,-0.084,-0.300,-498.863,-499.728,-498.863
4.904,-0.000,0.567,-0.378,45.002,2.805,21.686,-0.300,-0.084,-0.300,-498.863,-499.728,-498.863
4.908,-0.000,0.567,-0.378,45.002,2.805,21.686,-0.300,-0.084,-0.300,-498.863,-499.728,-498.863
4.912,-0.000,0.567,-0.378,45.002,2.805,21.686,-0.300,-0.084,-0.300,-498.863,-499.728,-498.863
4.917,-0.000,0.567,-0.378,45.002,2.805,21.686,-0.300,-0.084,-0.300,-498.863,-499.728,-498.863
4.921,-0.000,0.567,-0.378,45.002,2.805,21.686,-0.300,-0.084,-0.300,-498.863,-499.728,-498.863
4.925,-0.000,0.567,-0.378,45.002,2.805,21.686,-0.300,-0.084,-0.300,-498.863,-499.728,-498.863
4.929,-0.000,0.567,-0.378,45.002,2.805,21.686,-0.300,-0.084,-0.300,-498.863,-499.728,-498.863
4.933,-0.000,0.567,-0.379,45.002,2.805,21.686,-0.300,-0.084,-0.300,-498.863,-499.728,-498.863
4.938,-0.000,0.567,-0.379,45.002,2.805,21.687,-0.300,-0.084,-0.300,-498.863,-499.728,-498.863
4.942,-0.000,0.567,-0.379,45.002,2.805,21.687,-0.300,-0.084,-0.300,-498.863,-499.728,-498.863
4.946,-0.000,0.567,-0.379,45.002,2.805,21.687,-0.300,-0.084,-0.300,-498.863,-499.728,-498.863
4.950,-0.000,0.567,-0.379,45.002,2.805,21.687,-0.300,-0.084,-0.300,-498.863,-499.728,-498.863
4.954,-0.000,0.567,-0.379,45.002,2.805,21.687,-0.300,-0.084,-0.300,-498.863,-499.728,-498.863
4.958,-0.000,0.567,-0.379,45.002,2.805,21.687,-0.300,-0.084,-0.300,-498.863,-499.728,-498.863
4.963,-0.000,0.567,-0.379,45.002,2.805,21.687,-0.300,-0.084,-0.300,-498.863,-499.728,-498.863
4.967,-0.000,0.567,-0.379,45.002,2.805,21.687,-0.300,-0.084,-0.300,-498.863,-499.728,-498.863
4.971,-0.000,0.567,-0.379,45.002,2.805,21.687,-0.300,-0.084,-0.300,-498.863,-499.728,-498.863
4.975,-0.000,0.567,-0.379,45.002,2.805,21.687,-0.300,-0.084,-0.300,-498.863,-499.728,-498.863
4.979,-0.000,0.567,-0.379,45.002,2.805,21.687,-0.300,-0.084,-0.300,-498.863,-499.728,-498.863
4.983,-0.000,0.567,-0.379,45.002,2.805,21.687,-0.300,-0.084,-0.300,-498.863,-499.728,-498.863
4.987,-0.000,0.567,-0.379,45.002,2.805,21.687,-0.300,-0.084,-0.300,-498.863,-499.728,-498.863
4.992,-0.000,0.567,-0.379,45.002,2.805,21.687,-0.300,-0.084,-0.300,-498.863,-499.728,-498.863
4.996,-0.000,0.567,-0.379,45.002,2.805,21.687,-0.300,-0.084,-0.300,-498.863,-499.728,-498.863
5.000,-0.000,0.567,-0.379,45.002,2.805,21.687,-0.300,-0.084,-0.300,-498.863,-499.728,-498.863
5.004,-0.000,0.567,-0.379,45.002,2.805,21.687,-0.300,-0.084,-0.300,-498.863,-499.728,-498.863
5.008,-0.000,0.567,-0.379,45.002,2.805,21.687,-0.300,-0.084,-0.300,-498.863,-499.728,-498.863
5.013,-0.000,0.567,-0.379,45.002,2.805,21.687,-0.300,-0.084,-0.300,-498.863,-499.728,-498.863
5.017,-0.000,0.567,-0.379,45.002,2.805,21.687,-0.300,-0.084,-0.300,-498.863,-499.728,-498.863
5.021,-0.000,0.567,-0.379,45.002,2.805,21.687,-0.300,-0.084,-0.300,-498.863,-499.728,-498.863
5.025,-0.000,0.567,-0.379,45.002,2.805,21.687,-0.300,-0.084,-0.300,-498.863,-499.728,-498.863
5.029,-0.000,0.567,-0.379,45.002,2.805,21.687,-0.300,-0.084,-0.300,-498.863,-499.728,-498.863
5.033,-0.000,0.567,-0.379,45.002,2.805,21.688,-0.300,-0.084,-0.300,-498.863,-499.728,-498.863
5.037,-0.000,0.567,-0.379,45.002,2.805,21.688,-0.300,-0.084,-0.300,-498.863,-499.728,-498.863
5.042,-0.000,0.567,-0.379,45.002,2.805,21.688,-0.300,-0.084,-0.300,-498.863,-499.728,-498.863
5.046,-0.000,0.567,-0.379,45.002,2.805,21.688,-0.300,-0.084,-0.300,-498.863,-499.728,-498.863
5.050,-0.000,0.567,-0.379,45.002,2.805,21.688,-0.300,-0.084,-0.300,-498.863,-499.728,-498.863
5.054,-0.000,0.567,-0.379,45.002,2.805,21.688,-0.300,-0.084,-0.300,-498.863,-499.728,-498.863
5.058,-0.000,0.567,-0.379,45.002,2.805,21.688,-0.300,-0.084,-0.300,-498.863,-499.728,-498.863
5.062,-0.000,0.567,-0.379,45.002,2.805,21.688,-0.300,-0.084,-0.300,-498.863,-499.728,-498.863
5.067,-0.000,0.567,-0.379,45.002,2.805,21.688,-0.300,-0.084,-0.300,-498.863,-499.728,-498.863
5.071,-0.000,0.567,-0.379,45.002,2.805,21.688,-0.300,-0.084,-0.300,-498.863,-499.728,-498.863
5.075,-0.000,0.567,-0.379,45.002,2.805,21.688,-0.300,-0.084,-0.300,-498.863,-499.728,-498.863
5.079,-0.000,0.567,-0.379,45.002,2.805,21.688,-0.300,-0.084,-0.300,-498.863,-499.728,-498.863
5.083,-0.000,0.567,-0.379,45.002,2.805,21.688,-0.300,-0.084,-0.300,-498.863,-499.728,-498.863
5.088,-0.000,0.567,-0.379,45.002,2.805,21.688,-0.300,-0.084,-0.300,-498.863,-499.728,-498.863
5.092,-0.000,0.567,-0.379,45.002,2.805,21.688,-0.300,-0.084,-0.300,-498.863,-499.728,-498.863
5.096,-0.000,0.567,-0.379,45.002,2.805,21.688,-0.300,-0.084,-0.300,-498.863,-499.728,-498.863
5.100,-0.000,0.567,-0.379,45.002,2.805,21.688,-0.300,-0.084,-0.300,-498.863,-499.728,-498.863
5.104,-0.000,0.567,-0.379,45.002,2.805,21.688,-0.300,-0.084,-0.300,-498.863,-499.728,-498.863
5.108,-0.000,0.567,-0.379,45.002,2.805,21.688,-0.300,-0.084,-0.300,-498.863,-499.728,-498.863
5.112,-0.000,0.567,-0.379,45.002,2.805,21.688,-0.300,-0.084,-0.300,-498.863,-499.728,-498.863
5.117,-0.000,0.567,-0.379,45.002,2.805,21.688,-0.300,-0.084,-0.300,-498.863,-499.728,-498.863
5.121,-0.000,0.567,-0.379,45.002,2.805,21.688,-0.300,-0.084,-0.300,-498.863,-499.728,-498.863
5.125,-0.000,0.567,-0.379,45.002,2.805,21.688,-0.300,-0.084,-0.300,-498.863,-499.728,-498.863
5.129,-0.000,0.567,-0.379,45.002,2.805,21.689,-0.300,-0.084,-0.300,-498.863,-499.728,-498.863
5.133,-0.000,0.567,-0.379,45.002,2.805,21.689,-0.300,-0.084,-0.300,-498.863,-499.728,-498.863
5.138,-0.000,0.567,-0.379,45.002,2.805,21.689,-0.300,-0.084,-0.300,-498.863,-499.728,-498.863
5.142,-0.000,0.567,-0.379,45.002,2.805,21.689,-0.300,-0.084,-0.300,-498.863,-499.728,-498.863
5.146,-0.000,0.567,-0.379,45.002,2.805,21.689,-0.300,-0.084,-0.300,-498.863,-499.728,-498.863
5.150,-0.000,0.567,-0.379,45.002,2.805,21.689,-0.300,-0.084,-0.300,-498.863,-499.728,-498.863
5.154,-0.000,0.567,-0.379,45.002,2.805,21.689,-0.300,-0.084,-0.300,-498.863,-499.728,-498.863
5.158,-0.000,0.567,-0.379,45.002,2.805,21.689,-0.300,-0.084,-0.300,-498.863,-499.728,-498.863
5.162,-0.000,0.567,-0.379,45.002,2.805,21.689,-0.300,-0.084,-0.300,-498.863,-499.728,-498.863
5.167,-0.000,0.567,-0.379,45.002,2.805,21.689,-0.300,-0.084,-0.300,-498.863,-499.728,-498.863
5.171,-0.000,0.567,-0.379,45.002,2.805,21.689,-0.300,-0.084,-0.300,-498.863,-499.728,-498.863
5.175,-0.000,0.567,-0.379,45.002,2.805,21.689,-0.300,-0.084,-0.300,-498.863,-499.728,-498.863
5.179,-0.000,0.567,-0.379,45.002,2.805,21.689,-0.300,-0.084,-0.300,-498.863,-499.728,-498.863
5.183,-0.000,0.567,-0.379,45.002,2.805,21.689,-0.300,-0.084,-0.300,-498.863,-499.728,-498.863
5.188,-0.000,0.567,-0.379,45.002,2.805,21.689,-0.300,-0.084,-0.300,-498.863,-499.728,-498.863
5.192,-0.000,0.567,-0.379,45.002,2.805,21.689,-0.300,-0.084,-0.300,-498.863,-499.728,-498.863
5.196,-0.000,0.567,-0.379,45.002,2.805,21.689,-0.300,-0.084,-0.300,-498.863,-499.728,-498.863
5.200,-0.000,0.567,-0.379,45.002,2.805,21.689,-0.300,-0.084,-0.300,-498.863,-499.728,-498.863
5.204,-0.000,0.567,-0.379,45.002,2.805,21.689,-0.300,-0.084,-0.300,-498.863,-499.728,-498.863
5.208,-0.000,0.567,-0.379,45.002,2.805,21.689,-0.300,-0.084,-0.300,-498.863,-499.728,-498.863
5.213,-0.000,0.567,-0.379,45.002,2.805,21.689,-0.300,-0.084,-0.300,-498.863,-499.728,-498.863
5.217,-0.000,0.567,-0.379,45.002,2.805,21.689,-0.300,-0.084,-0.300,-498.863,-499.728,-498.863
5.221,-0.000,0.567,-0.379,45.002,2.805,21.690,-0.300,-0.084,-0.300,-498.863,-499.728,-498.863
5.225,-0.000,0.567,-0.379,45.002,2.805,21.690,-0.300,-0.084,-0.300,-498.863,-499.728,-498.863
5.229,-0.000,0.567,-0.379,45.002,2.805,21.690,-0.300,-0.084,-0.300,-498.863,-499.728,-498.863
5.233,-0.000,0.567,-0.379,45.002,2.805,21.690,-0.300,-0.084,-0.300,-498.863,-499.728,-498.863
5.237,-0.000,0.567,-0.379,45.002,2.805,21.690,-0.300,-0.084,-0.300,-498.863,-499.728,-498.863
5.242,-0.000,0.567,-0.379,45.002,2.805,21.690,-0.300,-0.084,-0.300,-498.863,-499.728,-498.863
5.246,-0.000,0.567,-0.379,45.002,2.805,21.690,-0.300,-0.084,-0.300,-498.863,-499.728,-498.863
5.250,-0.000,0.567,-0.379,45.002,2.805,21.690,-0.300,-0.084,-0.300,-498.863,-499.728,-498.863
5.254,-0.000,0.567,-0.379,45.002,2.805,21.690,-0.300,-0.084,-0.300,-498.863,-499.728,-498.863
5.258,-0.000,0.567,-0.379,45.002,2.805,21.690,-0.300,-0.084,-0.300,-498.863,-499.728,-498.863
5.263,-0.000,0.567,-0.379,45.002,2.805,21.690,-0.300,-0.084,-0.300,-498.863,-499.728,-498.863
5.267,-0.000,0.567,-0.379,45.002,2.805,21.690,-0.300,-0.084,-0.300,-498.863,-499.728,-498.863
5.271,-0.000,0.567,-0.379,45.002,2.805,21.690,-0.300,-0.084,-0.300,-498.863,-499.728,-498.863
5.275,-0.000,0.567,-0.379,45.002,2.805,21.690,-0.300,-0.084,-0.300,-498.863,-499.728,-498.863
5.279,-0.000,0.567,-0.379,45.002,2.805,21.690,-0.300,-0.084,-0.300,-498.863,-499.728,-498.863
5.283,-0.000,0.567,-0.379,45.002,2.805,21.690,-0.300,-0.084,-0.300,-498.863,-499.728,-498.863
5.287,-0.000,0.567,-0.379,45.002,2.805,21.690,-0.300,-0.084,-0.300,-498.863,-499.728,-498.863
5.292,-0.000,0.567,-0.379,45.002,2.805,21.690,-0.300,-0.084,-0.300,-498.863,-499.728,-498.863
5.296,-0.000,0.567,-0.379,45.002,2.805,21.690,-0.300,-0.084,-0.300,-498.863,-499.728,-498.863
5.300,-0.000,0.567,-0.379,45.002,2.805,21.690,-0.300,-0.084,-0.300,-498.863,-499.728,-498.863
5.304,-0.000,0.567,-0.379,45.002,2.805,21.690,-0.300,-0.084,-0.300,-498.863,-499.728,-498.863
5.308,-0.000,0.567,-0.379,45.002,2.805,21.690,-0.300,-0.084,-0.300,-498.863,-499.728,-498.863
5.312,-0.000,0.567,-0.379,45.002,2.805,21.690,-0.300,-0.084,-0.300,-498.863,-499.728,-498.863
5.317,-0.000,0.567,-0.379,45.002,2.805,21.691,-0.300,-0.084,-0.300,-498.863,-499.728,-498.863
5.321,-0.000,0.567,-0.379,45.002,2.805,21.691,-0.300,-0.084,-0.300,-498.863,-499.728,-498.863
5.325,-0.000,0.567,-0.379,45.002,2.805,21.691,-0.300,-0.084,-0.300,-498.863,-499.728,-498.863
5.329,-0.000,0.567,-0.379,45.002,2.805,21.691,-0.300,-0.084,-0.300,-498.863,-499.728,-498.863
5.333,-0.000,0.567,-0.379,45.002,2.805,21.691,-0.300,-0.084,-0.300,-498.863,-499.728,-498.863
5.338,-0.000,0.567,-0.379,45.002,2.805,21.691,-0.300,-0.084,-0.300,-498.863,-499.728,-498.863
5.342,-0.000,0.567,-0.379,45.002,2.805,21.691,-0.300,-0.084,-0.300,-498.863,-499.728,-498.863
5.346,-0.000,0.567,-0.379,45.002,2.805,21.691,-0.300,-0.084,-0.300,-498.863,-499.728,-498.863
5.350,-0.000,0.567,-0.379,45.002,2.805,21.691,-0.300,-0.084,-0.300,-498.863,-499.728,-498.863
5.354,-0.000,0.567,-0.379,45.002,2.805,21.691,-0.300,-0.084,-0.300,-498.863,-499.728,-498.863
5.358,-0.000,0.567,-0.379,45.002,2.805,21.691,-0.300,-0.084,-0.300,-498.863,-499.728,-498.863
5.362,-0.000,0.567,-0.379,45.002,2.805,21.691,-0.300,-0.084,-0.300,-498.863,-499.728,-498.863
5.367,-0.000,0.567,-0.379,45.002,2.805,21.691,-0.300,-0.084,-0.300,-498.863,-499.728,-498.863
5.371,-0.000,0.567,-0.379,45.002,2.805,21.691,-0.300,-0.084,-0.300,-498.863,-499.728,-498.863
5.375,-0.000,0.567,-0.379,45.002,2.805,21.691,-0.300,-0.084,-0.300,-498.863,-499.728,-498.863
5.379,-0.000,0.567,-0.379,45.002,2.805,21.691,-0.300,-0.084,-0.300,-498.863,-499.728,-498.863
5.383,-0.000,0.567,-0.379,45.002,2.805,21.691,-0.300,-0.084,-0.300,-498.863,-499.728,-498.863
5.388,-0.000,0.567,-0.379,45.002,2.805,21.691,-0.300,-0.084,-0.300,-498.863,-499.728,-498.863
5.392,-0.000,0.567,-0.379,45.002,2.805,21.691,-0.300,-0.084,-0.300,-498.863,-499.728,-498.863
5.396,-0.000,0.567,-0.379,45.002,2.805,21.691,-0.300,-0.084,-0.300,-498.863,-499.728,-498.863
5.400,-0.000,0.567,-0.379,45.002,2.805,21.691,-0.300,-0.084,-0.300,-498.863,-499.728,-498.863
5.404,-0.000,0.567,-0.379,45.002,2.805,21.691,-0.300,-0.084,-0.300,-498.863,-499.728,-498.863
5.408,-0.000,0.567,-0.379,45.002,2.805,21.692,-0.300,-0.084,-0.300,-498.863,-499.728,-498.863
5.412,-0.000,0.567,-0.379,45.002,2.805,21.692,-0.300,-0.084,-0.300,-498.863,-499.728,-498.863
5.417,-0.000,0.567,-0.379,45.002,2.805,21.692,-0.300,-0.084,-0.300,-498.863,-499.728,-498.863
5.421,-0.000,0.567,-0.379,45.002,2.805,21.692,-0.300,-0.084,-0.300,-498.863,-499.728,-498.863
5.425,-0.000,0.567,-0.379,45.002,2.805,21.692,-0.300,-0.084,-0.300,-498.863,-499.728,-498.863
5.429,-0.000,0.567,-0.379,45.002,2.805,21.692,-0.300,-0.084,-0.300,-498.863,-499.728,-498.863
5.433,-0.000,0.567,-0.379,45.002,2.805,21.692,-0.300,-0.084,-0.300,-498.863,-499.728,-498.863
5.438,-0.000,0.567,-0.379,45.002,2.805,21.692,-0.300,-0.084,-0.300,-498.863,-499.728,-498.863
5.442,-0.000,0.567,-0.379,45.002,2.805,21.692,-0.300,-0.084,-0.300,-498.863,-499.728,-498.863
5.446,-0.000,0.567,-0.379,45.002,2.805,21.692,-0.300,-0.084,-0.300,-498.863,-499.728,-498.863
5.450,-0.000,0.567,-0.379,45.002,2.805,21.692,-0.300,-0.084,-0.300,-498.863,-499.728,-498.863
5.454,-0.000,0.567,-0.379,45.002,2.805,21.692,-0.300,-0.084,-0.300,-498.863,-499.728,-498.863
5.458,-0.000,0.567,-0.379,45.002,2.805,21.692,-0.300,-0.084,-0.300,-498.863,-499.728,-498.863
5.463,-0.000,0.567,-0.379,45.002,2.805,21.692,-0.300,-0.084,-0.300,-498.863,-499.728,-498.863
5.467,-0.000,0.567,-0.379,45.002,2.805,21.692,-0.300,-0.084,-0.300,-498.863,-499.728,-498.863
5.471,-0.000,0.567,-0.379,45.002,2.805,21.692,-0.300,-0.084,-0.300,-498.863,-499.728,-498.863
5.475,-0.000,0.567,-0.379,45.002,2.805,21.692,-0.300,-0.084,-0.300,-498.863,-499.728,-498.863
5.479,-0.000,0.567,-0.379,45.002,2.805,21.692,-0.300,-0.084,-0.300,-498.863,-499.728,-498.863
5.483,-0.000,0.567,-0.379,45.002,2.805,21.692,-0.300,-0.084,-0.300,-498.863,-499.728,-498.863
5.487,-0.000,0.567,-0.379,45.002,2.805,21.692,-0.300,-0.084,-0.300,-498.863,-499.728,-498.863
5.492,-0.000,0.567,-0.379,45.002,2.805,21.692,-0.300,-0.084,-0.300,-498.863,-499.728,-498.863
5.496,-0.000,0.567,-0.379,45.002,2.805,21.692,-0.300,-0.084,-0.300,-498.863,-499.728,-498.863
5.500,-0.000,0.567,-0.379,45.002,2.805,21.692,-0.300,-0.084,-0.300,-498.863,-499.728,-498.863
5.504,-0.000,0.567,-0.379,45.002,2.805,21.693,-0.300,-0.084,-0.300,-498.863,-499.728,-498.863
5.508,-0.000,0.567,-0.379,45.002,2.805,21.693,-0.300,-0.084,-0.300,-498.863,-499.728,-498.863
5.513,-0.000,0.567,-0.379,45.002,2.805,21.693,-0.300,-0.084,-0.300,-498.863,-499.728,-498.863
5.517,-0.000,0.567,-0.379,45.002,2.805,21.693,-0.300,-0.084,-0.300,-498.863,-499.728,-498.863
5.521,-0.000,0.567,-0.379,45.002,2.805,21.693,-0.300,-0.084,-0.300,-498.863,-499.728,-498.863
5.525,-0.000,0.567,-0.379,45.002,2.805,21.693,-0.300,-0.084,-0.300,-498.863,-499.728,-498.863
5.529,-0.000,0.567,-0.379,45.002,2.805,21.693,-0.300,-0.084,-0.300,-498.863,-499.728,-498.863
5.533,-0.000,0.567,-0.379,45.002,2.805,21.693,-0.300,-0.084,-0.300,-498.863,-499.728,-498.863
5.537,-0.000,0.567,-0.379,45.002,2.805,21.693,-0.300,-0.084,-0.300,-498.863,-499.728,-498.863
5.542,-0.000,0.567,-0.379,45.002,2.805,21.693,-0.300,-0.084,-0.300,-498.863,-499.728,-498.863
5.546,-0.000,0.567,-0.379,45.002,2.805,21.693,-0.300,-0.084,-0.300,-498.863,-499.728,-498.863
5.550,-0.000,0.567,-0.379,45.002,2.805,21.693,-0.300,-0.084,-0.300,-498.863,-499.728,-498.863
5.554,-0.000,0.567,-0.379,45.002,2.805,21.693,-0.300,-0.084,-0.300,-498.863,-499.728,-498.863
5.558,-0.000,0.567,-0.379,45.002,2.805,21.693,-0.300,-0.084,-0.300,-498.863,-499.728,-498.863
5.562,-0.000,0.567,-0.379,45.002,2.805,21.693,-0.300,-0.084,-0.300,-498.863,-499.728,-498.863
5.567,-0.000,0.567,-0.379,45.002,2.805,21.693,-0.300,-0.084,-0.300,-498.863,-499.728,-498.863
5.571,-0.000,0.567,-0.379,45.002,2.805,21.693,-0.300,-0.084,-0.300,-498.863,-499.728,-498.863
5.575,-0.000,0.567,-0.379,45.002,2.805,21.693,-0.300,-0.084,-0.300,-498.863,-499.728,-498.863
5.579,-0.000,0.567,-0.379,45.002,2.805,21.693,-0.300,-0.084,-0.300,-498.863,-499.728,-498.863
5.583,-0.000,0.567,-0.379,45.002,2.805,21.693,-0.300,-0.084,-0.300,-498.863,-499.728,-498.863
5.588,-0.000,0.567,-0.379,45.002,2.805,21.693,-0.300,-0.084,-0.300,-498.863,-499.728,-498.863
5.592,-0.000,0.567,-0.379,45.002,2.805,21.693,-0.300,-0.084,-0.300,-498.863,-499.728,-498.863
5.596,-0.000,0.567,-0.379,45.002,2.805,21.693,-0.300,-0.084,-0.300,-498.863,-499.728,-498.863
5.600,-0.000,0.567,-0.379,45.002,2.805,21.694,-0.300,-0.084,-0.300,-498.863,-499.728,-498.863
5.604,-0.000,0.567,-0.379,45.002,2.805,21.694,-0.300,-0.084,-0.300,-498.863,-499.728,-498.863
5.608,-0.000,0.567,-0.379,45.002,2.805,21.694,-0.300,-0.084,-0.300,-498.863,-499.728,-498.863
5.612,-0.000,0.567,-0.379,45.002,2.805,21.694,-0.300,-0.084,-0.300,-498.863,-499.728,-498.863
5.617,-0.000,0.567,-0.379,45.002,2.805,21.694,-0.300,-0.084,-0.300,-498.863,-499.728,-498.863
5.621,-0.000,0.567,-0.379,45.002,2.805,21.694,-0.300,-0.084,-0.300,-498.863,-499.728,-498.863
5.625,-0.000,0.567,-0.379,45.002,2.805,21.694,-0.300,-0.084,-0.300,-498.863,-499.728,-498.863
5.629,-0.000,0.567,-0.379,45.002,2.805,21.694,-0.300,-0.084,-0.300,-498.863,-499.728,-498.863
5.633,-0.000,0.567,-0.379,45.002,2.805,21.694,-0.300,-0.084,-0.300,-498.863,-499.728,-498.863
5.638,-0.000,0.567,-0.379,45.002,2.805,21.694,-0.300,-0.084,-0.300,-498.863,-499.728,-498.863
5.642,-0.000,0.567,-0.379,45.002,2.805,21.694,-0.300,-0.084,-0.300,-498.863,-499.728,-498.863
5.646,-0.000,0.567,-0.379,45.002,2.805,21.694,-0.300,-0.084,-0.300,-498.863,-499.728,-498.863
5.650,-0.000,0.567,-0.379,45.002,2.805,21.694,-0.300,-0.084,-0.300,-498.863,-499.728,-498.863
5.654,-0.000,0.567,-0.379,45.002,2.805,21.694,-0.300,-0.084,-0.300,-498.863,-499.728,-498.863
5.658,-0.000,0.567,-0.379,45.002,2.805,21.694,-0.300,-0.084,-0.300,-498.863,-499.728,-498.863
5.662,-0.000,0.567,-0.379,45.002,2.805,21.694,-0.300,-0.084,-0.300,-498.863,-499.728,-498.863
5.667,-0.000,0.567,-0.379,45.002,2.805,21.694,-0.300,-0.084,-0.300,-498.863,-499.728,-498.863
5.671,-0.000,0.567,-0.379,45.002,2.805,21.694,-0.300,-0.084,-0.300,-498.863,-499.728,-498.863
5.675,-0.000,0.567,-0.379,45.002,2.805,21.694,-0.300,-0.084,-0.300,-498.863,-499.728,-498.863
5.679,-0.000,0.567,-0.379,45.002,2.805,21.694,-0.300,-0.084,-0.300,-498.863,-499.728,-498.863
5.683,-0.000,0.567,-0.379,45.002,2.805,21.694,-0.300,-0.084,-0.300,-498.863,-499.728,-498.863
5.688,-0.000,0.567,-0.379,45.002,2.805,21.694,-0.300,-0.084,-0.300,-498.863,-499.728,-498.863
5.692,-0.000,0.567,-0.379,45.002,2.805,21.695,-0.300,-0.084,-0.300,-498.863,-499.728,-498.863
5.696,-0.000,0.567,-0.379,45.002,2.805,21.695,-0.300,-0.084,-0.300,-498.863,-499.728,-498.863
5.700,-0.000,0.567,-0.379,45.002,2.805,21.695,-0.300,-0.084,-0.300,-498.863,-499.728,-498.863
5.704,-0.000,0.567,-0.379,45.002,2.805,21.695,-0.300,-0.084,-0.300,-498.863,-499.728,-498.863
5.708,-0.000,0.567,-0.379,45.002,2.805,21.695,-0.300,-0.084,-0.300,-498.863,-499.728,-498.863
5.713,-0.000,0.567,-0.379,45.002,2.805,21.695,-0.300,-0.084,-0.300,-498.863,-499.728,-498.863
5.717,-0.000,0.567,-0.379,45.002,2.805,21.695,-0.300,-0.084,-0.300,-498.863,-499.728,-498.863
5.721,-0.000,0.567,-0.379,45.002,2.805,21.695,-0.300,-0.084,-0.300,-498.863,-499.728,-498.863
5.725,-0.000,0.567,-0.379,45.002,2.805,21.695,-0.300,-0.084,-0.300,-498.863,-499.728,-498.863
5.729,-0.000,0.567,-0.379,45.002,2.805,21.695,-0.300,-0.084,-0.300,-498.863,-499.728,-498.863
5.733,-0.000,0.567,-0.379,45.002,2.805,21.695,-0.300,-0.084,-0.300,-498.863,-499.728,-498.863
5.737,-0.000,0.567,-0.379,45.002,2.805,21.695,-0.300,-0.084,-0.300,-498.863,-499.728,-498.863
5.742,-0.000,0.567,-0.379,45.002,2.805,21.695,-0.300,-0.084,-0.300,-498.863,-499.728,-498.863
5.746,-0.000,0.567,-0.379,45.002,2.805,21.695,-0.300,-0.084,-0.300,-498.863,-499.728,-498.863
5.750,-0.000,0.567,-0.379,45.002,2.805,21.695,-0.300,-0.084,-0.300,-498.863,-499.728,-498.863
5.754,-0.000,0.567,-0.379,45.002,2.805,21.695,-0.300,-0.084,-0.300,-498.863,-499.728,-498.863
5.758,-0.000,0.567,-0.379,45.002,2.805,21.695,-0.300,-0.084,-0.300,-498.863,-499.728,-498.863
5.763,-0.000,0.567,-0.379,45.002,2.805,21.695,-0.300,-0.084,-0.300,-498.863,-499.728,-498.863
5.767,-0.000,0.567,-0.379,45.002,2.805,21.695,-0.300,-0.084,-0.300,-498.863,-499.728,-498.863
5.771,-0.000,0.567,-0.379,45.002,2.805,21.695,-0.300,-0.084,-0.300,-498.863,-499.728,-498.863
5.775,-0.000,0.567,-0.379,45.002,2.805,21.695,-0.300,-0.084,-0.300,-498.863,-499.728,-498.863
5.779,-0.000,0.567,-0.379,45.002,2.805,21.695,-0.300,-0.084,-0.300,-498.863,-499.728,-498.863
5.783,-0.000,0.567,-0.379,45.002,2.805,21.695,-0.300,-0.084,-0.300,-498.863,-499.728,-498.863
5.787,-0.000,0.567,-0.379,45.002,2.805,21.696,-0.300,-0.084,-0.300,-498.863,-499.728,-498.863
5.792,-0.000,0.567,-0.379,45.002,2.805,21.696,-0.300,-0.084,-0.300,-498.863,-499.728,-498.863
5.796,-0.000,0.567,-0.379,45.002,2.805,21.696,-0.300,-0.084,-0.300,-498.863,-499.728,-498.863
5.800,-0.000,0.567,-0.379,45.002,2.805,21.696,-0.300,-0.084,-0.300,-498.863,-499.728,-498.863
5.804,-0.000,0.567,-0.379,45.002,2.805,21.696,-0.300,-0.084,-0.300,-498.863,-499.728,-498.863
5.808,-0.000,0.567,-0.379,45.002,2.805,21.696,-0.300,-0.084,-0.300,-498.863,-499.728,-498.863
5.812,-0.000,0.567,-0.379,45.002,2.805,21.696,-0.300,-0.084,-0.300,-498.863,-499.728,-498.863
5.817,-0.000,0.567,-0.379,45.002,2.805,21.696,-0.300,-0.084,-0.300,-498.863,-499.728,-498.863
5.821,-0.000,0.567,-0.379,45.002,2.805,21.696,-0.300,-0.084,-0.300,-498.863,-499.728,-498.863
5.825,-0.000,0.567,-0.379,45.002,2.805,21.696,-0.300,-0.084,-0.300,-498.863,-499.728,-498.863
5.829,-0.000,0.567,-0.379,45.002,2.805,21.696,-0.300,-0.084,-0.300,-498.863,-499.728,-498.863
5.833,-0.000,0.567,-0.379,45.002,2.805,21.696,-0.300,-0.084,-0.300,-498.863,-499.728,-498.863
5.838,-0.000,0.567,-0.379,45.002,2.805,21.696,-0.300,-0.084,-0.300,-498.863,-499.728,-498.863
5.842,-0.000,0.567,-0.379,45.002,2.805,21.696,-0.300,-0.084,-0.300,-498.863,-499.728,-498.863
5.846,-0.000,0.567,-0.379,45.002,2.805,21.696,-0.300,-0.084,-0.300,-498.863,-499.728,-498.863
5.850,-0.000,0.567,-0.379,45.002,2.805,21.696,-0.300,-0.084,-0.300,-498.863,-499.728,-498.863
5.854,-0.000,0.567,-0.379,45.002,2.805,21.696,-0.300,-0.084,-0.300,-498.863,-499.728,-498.863
5.858,-0.000,0.567,-0.379,45.002,2.805,21.696,-0.300,-0.084,-0.300,-498.863,-499.728,-498.863
5.862,-0.000,0.567,-0.379,45.002,2.805,21.696,-0.300,-0.084,-0.300,-498.863,-499.728,-498.863
5.867,-0.000,0.567,-0.379,45.002,2.805,21.696,-0.300,-0.084,-0.300,-498.863,-499.728,-498.863
5.871,-0.000,0.567,-0.379,45.002,2.805,21.696,-0.300,-0.084,-0.300,-498.863,-499.728,-498.863
5.875,-0.000,0.567,-0.379,45.002,2.805,21.696,-0.300,-0.084,-0.300,-498.863,-499.728,-498.863
5.879,-0.000,0.567,-0.379,45.002,2.805,21.697,-0.300,-0.084,-0.300,-498.863,-499.728,-498.863
5.883,-0.000,0.567,-0.379,45.002,2.805,21.697,-0.300,-0.084,-0.300,-498.863,-499.728,-498.863
5.888,-0.000,0.567,-0.379,45.002,2.805,21.697,-0.300,-0.084,-0.300,-498.863,-499.728,-498.863
5.892,-0.000,0.567,-0.379,45.002,2.805,21.697,-0.300,-0.084,-0.300,-498.863,-499.728,-498.863
5.896,-0.000,0.567,-0.379,45.002,2.805,21.697,-0.300,-0.084,-0.300,-498.863,-499.728,-498.863
5.900,-0.000,0.567,-0.379,45.002,2.805,21.697,-0.300,-0.084,-0.300,-498.863,-499.728,-498.863
5.904,-0.000,0.567,-0.379,45.002,2.805,21.697,-0.300,-0.084,-0.300,-498.863,-499.728,-498.863
5.908,-0.000,0.567,-0.379,45.002,2.805,21.697,-0.300,-0.084,-0.300,-498.863,-499.728,-498.863
5.912,-0.000,0.567,-0.379,45.002,2.805,21.697,-0.300,-0.084,-0.300,-498.863,-499.728,-498.863
5.917,-0.000,0.567,-0.379,45.002,2.805,21.697,-0.300,-0.084,-0.300,-498.863,-499.728,-498.863
5.921,-0.000,0.567,-0.379,45.002,2.805,21.697,-0.300,-0.084,-0.300,-498.863,-499.728,-498.863
5.925,-0.000,0.567,-0.379,45.002,2.805,21.697,-0.300,-0.084,-0.300,-498.863,-499.728,-498.863
5.929,-0.000,0.567,-0.379,45.002,2.805,21.697,-0.300,-0.084,-0.300,-498.863,-499.728,-498.863
5.933,-0.000,0.567,-0.379,45.002,2.805,21.697,-0.300,-0.084,-0.300,-498.863,-499.728,-498.863
5.938,-0.000,0.567,-0.379,45.002,2.805,21.697,-0.300,-0.084,-0.300,-498.863,-499.728,-498.863
5.942,-0.000,0.567,-0.379,45.002,2.805,21.697,-0.300,-0.084,-0.300,-498.863,-499.728,-498.863
5.946,-0.000,0.567,-0.379,45.002,2.805,21.697,-0.300,-0.084,-0.300,-498.863,-499.728,-498.863
5.950,-0.000,0.567,-0.379,45.002,2.805,21.697,-0.300,-0.084,-0.300,-498.863,-499.728,-498.863
5.954,-0.000,0.567,-0.379,45.002,2.805,21.697,-0.300,-0.084,-0.300,-498.863,-499.728,-498.863
5.958,-0.000,0.567,-0.379,45.002,2.805,21.697,-0.300,-0.084,-0.300,-498.863,-499.728,-498.863
5.963,-0.000,0.567,-0.379,45.002,2.805,21.697,-0.300,-0.084,-0.300,-498.863,-499.728,-498.863
5.967,-0.000,0.567,-0.379,45.002,2.805,21.697,-0.300,-0.084,-0.300,-498.863,-499.728,-498.863
5.971,-0.000,0.567,-0.379,45.002,2.805,21.697,-0.300,-0.084,-0.300,-498.863,-499.728,-498.863
5.975,-0.000,0.567,-0.379,45.002,2.805,21.698,-0.300,-0.084,-0.300,-498.863,-499.728,-498.863
5.979,-0.000,0.567,-0.379,45.002,2.805,21.698,-0.300,-0.084,-0.300,-498.863,-499.728,-498.863
5.983,-0.000,0.567,-0.379,45.002,2.805,21.698,-0.300,-0.084,-0.300,-498.863,-499.728,-498.863
5.987,-0.000,0.567,-0.379,45.002,2.805,21.698,-0.300,-0.084,-0.300,-498.863,-499.728,-498.863
5.992,-0.000,0.567,-0.379,45.002,2.805,21.698,-0.300,-0.084,-0.300,-498.863,-499.728,-498.863
5.996,-0.000,0.567,-0.379,45.002,2.805,21.698,-0.300,-0.084,-0.300,-498.863,-499.728,-498.863
6.000,-0.000,0.567,-0.379,45.002,2.805,21.698,-0.300,-0.084,-0.300,-498.863,-499.728,-498.863
6.004,-0.000,0.567,-0.379,45.002,2.805,21.698,-0.300,-0.084,-0.300,-498.863,-499.728,-498.863
6.008,-0.000,0.567,-0.379,45.002,2.805,21.698,-0.300,-0.084,-0.300,-498.863,-499.728,-498.863
6.013,-0.000,0.567,-0.379,45.002,2.805,21.698,-0.300,-0.084,-0.300,-498.863,-499.728,-498.863
6.017,-0.000,0.567,-0.379,45.002,2.805,21.698,-0.300,-0.084,-0.300,-498.863,-499.728,-498.863
6.021,-0.000,0.567,-0.379,45.002,2.805,21.698,-0.300,-0.084,-0.300,-498.863,-499.728,-498.863
6.025,-0.000,0.567,-0.379,45.002,2.805,21.698,-0.300,-0.084,-0.300,-498.863,-499.728,-498.863
6.029,-0.000,0.567,-0.379,45.002,2.805,21.698,-0.300,-0.084,-0.300,-498.863,-499.728,-498.863
6.033,-0.000,0.567,-0.379,45.002,2.805,21.698,-0.300,-0.084,-0.300,-498.863,-499.728,-498.863
6.037,-0.000,0.567,-0.379,45.002,2.805,21.698,-0.300,-0.084,-0.300,-498.863,-499.728,-498.863
6.042,-0.000,0.567,-0.379,45.002,2.805,21.698,-0.300,-0.084,-0.300,-498.863,-499.728,-498.863
6.046,-0.000,0.567,-0.379,45.002,2.805,21.698,-0.300,-0.084,-0.300,-498.863,-499.728,-498.863
6.050,-0.000,0.567,-0.379,45.002,2.805,21.698,-0.300,-0.084,-0.300,-498.863,-499.728,-498.863
6.054,-0.000,0.567,-0.379,45.002,2.805,21.698,-0.300,-0.084,-0.300,-498.863,-499.728,-498.863
6.058,-0.000,0.567,-0.379,45.002,2.805,21.698,-0.300,-0.084,-0.300,-498.863,-499.728,-498.863
6.062,-0.000,0.567,-0.379,45.002,2.805,21.698,-0.300,-0.084,-0.300,-498.863,-499.728,-498.863
6.067,-0.000,0.567,-0.379,45.002,2.805,21.699,-0.300,-0.084,-0.300,-498.863,-499.728,-498.863
6.071,-0.000,0.567,-0.379,45.002,2.805,21.699,-0.300,-0.084,-0.300,-498.863,-499.728,-498.863
6.075,-0.000,0.567,-0.379,45.002,2.805,21.699,-0.300,-0.084,-0.300,-498.863,-499.728,-498.863
6.079,-0.000,0.567,-0.379,45.002,2.805,21.699,-0.300,-0.084,-0.300,-498.863,-499.728,-498.863
6.083,-0.000,0.567,-0.379,45.002,2.805,21.699,-0.300,-0.084,-0.300,-498.863,-499.728,-498.863
6.088,-0.000,0.567,-0.379,45.002,2.805,21.699,-0.300,-0.084,-0.300,-498.863,-499.728,-498.863
6.092,-0.000,0.567,-0.379,45.002,2.805,21.699,-0.300,-0.084,-0.300,-498.863,-499.728,-498.863
6.096,-0.000,0.567,-0.379,45.002,2.805,21.699,-0.300,-0.084,-0.300,-498.863,-499.728,-498.863
6.100,-0.000,0.567,-0.379,45.002,2.805,21.699,-0.300,-0.084,-0.300,-498.863,-499.728,-498.863
6.104,-0.000,0.567,-0.379,45.002,2.805,21.699,-0.300,-0.084,-0.300,-498.863,-499.728,-498.863
6.108,-0.000,0.567,-0.379,45.002,2.805,21.699,-0.300,-0.084,-0.300,-498.863,-499.728,-498.863
6.112,-0.000,0.567,-0.379,45.002,2.805,21.699,-0.300,-0.084,-0.300,-498.863,-499.728,-498.863
6.117,-0.000,0.567,-0.379,45.002,2.805,21.699,-0.300,-0.084,-0.300,-498.863,-499.728,-498.863
6.121,-0.000,0.567,-0.379,45.002,2.805,21.699,-0.300,-0.084,-0.300,-498.863,-499.728,-498.863
6.125,-0.000,0.567,-0.379,45.002,2.805,21.699,-0.300,-0.084,-0.300,-498.863,-499.728,-498.863
6.129,-0.000,0.567,-0.379,45.002,2.805,21.699,-0.300,-0.084,-0.300,-498.863,-499.728,-498.863
6.133,-0.000,0.567,-0.379,45.002,2.805,21.699,-0.300,-0.084,-0.300,-498.863,-499.728,-498.863
6.138,-0.000,0.567,-0.379,45.002,2.805,21.699,-0.300,-0.084,-0.300,-498.863,-499.728,-498.863
6.142,-0.000,0.567,-0.379,45.002,2.805,21.699,-0.300,-0.084,-0.300,-498.863,-499.728,-498.863
6.146,-0.000,0.567,-0.379,45.002,2.805,21.699,-0.300,-0.084,-0.300,-498.863,-499.728,-498.863
6.150,-0.000,0.567,-0.379,45.002,2.805,21.699,-0.300,-0.084,-0.300,-498.863,-499.728,-498.863
6.154,-0.000,0.567,-0.379,45.002,2.805,21.699,-0.300,-0.084,-0.300,-498.863,-499.728,-498.863
6.158,-0.000,0.567,-0.379,45.002,2.805,21.699,-0.300,-0.084,-0.300,-498.863,-499.728,-498.863
6.162,-0.000,0.567,-0.379,45.002,2.805,21.700,-0.300,-0.084,-0.300,-498.863,-499.728,-498.863
6.167,-0.000,0.567,-0.379,45.002,2.805,21.700,-0.300,-0.084,-0.300,-498.863,-499.728,-498.863
6.171,-0.000,0.567,-0.379,45.002,2.805,21.700,-0.300,-0.084,-0.300,-498.863,-499.728,-498.863
6.175,-0.000,0.567,-0.379,45.002,2.805,21.700,-0.300,-0.084,-0.300,-498.863,-499.728,-498.863
6.179,-0.000,0.567,-0.379,45.002,2.805,21.700,-0.300,-0.084,-0.300,-498.863,-499.728,-498.863
6.183,-0.000,0.567,-0.379,45.002,2.805,21.700,-0.300,-0.084,-0.300,-498.863,-499.728,-498.863
6.188,-0.000,0.567,-0.379,45.002,2.805,21.700,-0.300,-0.084,-0.300,-498.863,-499.728,-498.863
6.192,-0.000,0.567,-0.379,45.002,2.805,21.700,-0.300,-0.084,-0.300,-498.863,-499.728,-498.863
6.196,-0.000,0.567,-0.379,45.002,2.805,21.700,-0.300,-0.084,-0.300,-498.863,-499.728,-498.863
6.200,-0.000,0.567,-0.379,45.002,2.805,21.700,-0.300,-0.084,-0.300,-498.863,-499.728,-498.863
6.204,-0.000,0.567,-0.379,45.002,2.805,21.700,-0.300,-0.084,-0.300,-498.863,-499.728,-498.863
6.208,-0.000,0.567,-0.379,45.002,2.805,21.700,-0.300,-0.084,-0.300,-498.863,-499.728,-498.863
6.213,-0.000,0.567,-0.379,45.002,2.805,21.700,-0.300,-0.084,-0.300,-498.863,-499.728,-498.863
6.217,-0.000,0.567,-0.379,45.002,2.805,21.700,-0.300,-0.084,-0.300,-498.863,-499.728,-498.863
6.221,-0.000,0.567,-0.379,45.002,2.805,21.700,-0.300,-0.084,-0.300,-498.863,-499.728,-498.863
6.225,-0.000,0.567,-0.379,45.002,2.805,21.700,-0.300,-0.084,-0.300,-498.863,-499.728,-498.863
6.229,-0.000,0.567,-0.379,45.002,2.805,21.700,-0.300,-0.084,-0.300,-498.863,-499.728,-498.863
6.233,-0.000,0.567,-0.379,45.002,2.805,21.700,-0.300,-0.084,-0.300,-498.863,-499.728,-498.863
6.237,-0.000,0.567,-0.379,45.002,2.805,21.700,-0.300,-0.084,-0.300,-498.863,-499.728,-498.863
6.242,-0.000,0.567,-0.379,45.002,2.805,21.700,-0.300,-0.084,-0.300,-498.863,-499.728,-498.863
6.246,-0.000,0.567,-0.379,45.002,2.805,21.700,-0.300,-0.084,-0.300,-498.863,-499.728,-498.863
6.250,-0.000,0.567,-0.379,45.002,2.805,21.700,-0.300,-0.084,-0.300,-498.863,-499.728,-498.863
6.254,-0.000,0.567,-0.379,45.002,2.805,21.700,-0.300,-0.084,-0.300,-498.863,-499.728,-498.863
6.258,-0.000,0.567,-0.379,45.002,2.805,21.701,-0.300,-0.084,-0.300,-498.863,-499.728,-498.863
6.263,-0.000,0.567,-0.379,45.002,2.805,21.701,-0.300,-0.084,-0.300,-498.863,-499.728,-498.863
6.267,-0.000,0.567,-0.379,45.002,2.805,21.701,-0.300,-0.084,-0.300,-498.863,-499.728,-498.863
6.271,-0.000,0.567,-0.379,45.002,2.805,21.701,-0.300,-0.084,-0.300,-498.863,-499.728,-498.863
6.275,-0.000,0.567,-0.379,45.002,2.805,21.701,-0.300,-0.084,-0.300,-498.863,-499.728,-498.863
6.279,-0.000,0.567,-0.379,45.002,2.805,21.701,-0.300,-0.084,-0.300,-498.863,-499.728,-498.863
6.283,-0.000,0.567,-0.379,45.002,2.805,21.701,-0.300,-0.084,-0.300,-498.863,-499.728,-498.863
6.287,-0.000,0.567,-0.379,45.002,2.805,21.701,-0.300,-0.084,-0.300,-498.863,-499.728,-498.863
6.292,-0.000,0.567,-0.379,45.002,2.805,21.701,-0.300,-0.084,-0.300,-498.863,-499.728,-498.863
6.296,-0.000,0.567,-0.379,45.002,2.805,21.701,-0.300,-0.084,-0.300,-498.863,-499.728,-498.863
6.300,-0.000,0.567,-0.379,45.002,2.805,21.701,-0.300,-0.084,-0.300,-498.863,-499.728,-498.863
6.304,-0.000,0.567,-0.379,45.002,2.805,21.701,-0.300,-0.084,-0.300,-498.863,-499.728,-498.863
6.308,-0.000,0.567,-0.379,45.002,2.805,21.701,-0.300,-0.084,-0.300,-498.863,-499.728,-498.863
6.312,-0.000,0.567,-0.379,45.002,2.805,21.701,-0.300,-0.084,-0.300,-498.863,-499.728,-498.863
6.317,-0.000,0.567,-0.379,45.002,2.805,21.701,-0.300,-0.084,-0.300,-498.863,-499.728,-498.863
6.321,-0.000,0.567,-0.379,45.002,2.805,21.701,-0.300,-0.084,-0.300,-498.863,-499.728,-498.863
6.325,-0.000,0.567,-0.379,45.002,2.805,21.701,-0.300,-0.084,-0.300,-498.863,-499.728,-498.863
6.329,-0.000,0.567,-0.379,45.002,2.805,21.701,-0.300,-0.084,-0.300,-498.863,-499.728,-498.863
6.333,-0.000,0.567,-0.379,45.002,2.805,21.701,-0.300,-0.084,-0.300,-498.863,-499.728,-498.863
6.338,-0.000,0.567,-0.379,45.002,2.805,21.701,-0.300,-0.084,-0.300,-498.863,-499.728,-498.863
6.342,-0.000,0.567,-0.379,45.002,2.805,21.701,-0.300,-0.084,-0.300,-498.863,-499.728,-498.863
6.346,-0.000,0.567,-0.379,45.002,2.805,21.701,-0.300,-0.084,-0.300,-498.863,-499.728,-498.863
6.350,-0.000,0.567,-0.379,45.002,2.805,21.702,-0.300,-0.084,-0.300,-498.863,-499.728,-498.863
6.354,-0.000,0.567,-0.379,45.002,2.805,21.702,-0.300,-0.084,-0.300,-498.863,-499.728,-498.863
6.358,-0.000,0.567,-0.379,45.002,2.805,21.702,-0.300,-0.084,-0.300,-498.863,-499.728,-498.863
6.362,-0.000,0.567,-0.379,45.002,2.805,21.702,-0.300,-0.084,-0.300,-498.863,-499.728,-498.863
6.367,-0.000,0.567,-0.379,45.002,2.805,21.702,-0.300,-0.084,-0.300,-498.863,-499.728,-498.863
6.371,-0.000,0.567,-0.379,45.002,2.805,21.702,-0.300,-0.084,-0.300,-498.863,-499.728,-498.863
6.375,-0.000,0.567,-0.379,45.002,2.805,21.702,-0.300,-0.084,-0.300,-498.863,-499.728,-498.863
6.379,-0.000,0.567,-0.379,45.002,2.805,21.702,-0.300,-0.084,-0.300,-498.863,-499.728,-498.863
6.383,-0.000,0.567,-0.379,45.002,2.805,21.702,-0.300,-0.084,-0.300,-498.863,-499.728,-498.863
6.388,-0.000,0.567,-0.379,45.002,2.805,21.702,-0.300,-0.084,-0.300,-498.863,-499.728,-498.863
6.392,-0.000,0.567,-0.379,45.002,2.805,21.702,-0.300,-0.084,-0.300,-498.863,-499.728,-498.863
6.396,-0.000,0.567,-0.379,45.002,2.805,21.702,-0.300,-0.084,-0.300,-498.863,-499.728,-498.863
6.400,-0.000,0.567,-0.379,45.002,2.805,21.702,-0.300,-0.084,-0.300,-498.863,-499.728,-498.863
6.404,-0.000,0.567,-0.379,45.002,2.805,21.702,-0.300,-0.084,-0.300,-498.863,-499.728,-498.863
6.408,-0.000,0.567,-0.379,45.002,2.805,21.702,-0.300,-0.084,-0.300,-498.863,-499.728,-498.863
6.412,-0.000,0.567,-0.379,45.002,2.805,21.702,-0.300,-0.084,-0.300,-498.863,-499.728,-498.863
6.417,-0.000,0.567,-0.379,45.002,2.805,21.702,-0.300,-0.084,-0.300,-498.863,-499.728,-498.863
6.421,-0.000,0.567,-0.379,45.002,2.805,21.702,-0.300,-0.084,-0.300,-498.863,-499.728,-498.863
6.425,-0.000,0.567,-0.379,45.002,2.805,21.702,-0.300,-0.084,-0.300,-498.863,-499.728,-498.863
6.429,-0.000,0.567,-0.379,45.002,2.805,21.702,-0.300,-0.084,-0.300,-498.863,-499.728,-498.863
6.433,-0.000,0.567,-0.379,45.002,2.805,21.702,-0.300,-0.084,-0.300,-498.863,-499.728,-498.863
6.438,-0.000,0.567,-0.379,45.002,2.805,21.702,-0.300,-0.084,-0.300,-498.863,-499.728,-498.863
6.442,-0.000,0.567,-0.379,45.002,2.805,21.702,-0.300,-0.084,-0.300,-498.863,-499.728,-498.863
6.446,-0.000,0.567,-0.379,45.002,2.805,21.703,-0.300,-0.084,-0.300,-498.863,-499.728,-498.863
6.450,-0.000,0.567,-0.379,45.002,2.805,21.703,-0.300,-0.084,-0.300,-498.863,-499.728,-498.863
6.454,-0.000,0.567,-0.379,45.002,2.805,21.703,-0.300,-0.084,-0.300,-498.863,-499.728,-498.863
6.458,-0.000,0.567,-0.379,45.002,2.805,21.703,-0.300,-0.084,-0.300,-498.863,-499.728,-498.863
6.462,-0.000,0.567,-0.379,45.002,2.805,21.703,-0.300,-0.084,-0.300,-498.863,-499.728,-498.863
6.467,-0.000,0.567,-0.379,45.002,2.805,21.703,-0.300,-0.084,-0.300,-498.863,-499.728,-498.863
6.471,-0.000,0.567,-0.379,45.002,2.805,21.703,-0.300,-0.084,-0.300,-498.863,-499.728,-498.863
6.475,-0.000,0.567,-0.379,45.002,2.805,21.703,-0.300,-0.084,-0.300,-498.863,-499.728,-498.863
6.479,-0.000,0.567,-0.379,45.002,2.805,21.703,-0.300,-0.084,-0.300,-498.863,-499.728,-498.863
6.483,-0.000,0.567,-0.379,45.002,2.805,21.703,-0.300,-0.084,-0.300,-498.863,-499.728,-498.863
6.487,-0.000,0.567,-0.379,45.002,2.805,21.703,-0.300,-0.084,-0.300,-498.863,-499.728,-498.863
6.492,-0.000,0.567,-0.379,45.002,2.805,21.703,-0.300,-0.084,-0.300,-498.863,-499.728,-498.863
6.496,-0.000,0.567,-0.379,45.002,2.805,21.703,-0.300,-0.084,-0.300,-498.863,-499.728,-498.863
6.500,-0.000,0.567,-0.379,45.002,2.805,21.703,-0.300,-0.084,-0.300,-498.863,-499.728,-498.863
6.504,-0.000,0.567,-0.379,45.002,2.805,21.703,-0.300,-0.084,-0.300,-498.863,-499.728,-498.863
6.508,-0.000,0.567,-0.379,45.002,2.805,21.703,-0.300,-0.084,-0.300,-498.863,-499.728,-498.863
6.513,-0.000,0.567,-0.379,45.002,2.805,21.703,-0.300,-0.084,-0.300,-498.863,-499.728,-498.863
6.517,-0.000,0.567,-0.379,45.002,2.805,21.703,-0.300,-0.084,-0.300,-498.863,-499.728,-498.863
6.521,-0.000,0.567,-0.379,45.002,2.805,21.703,-0.300,-0.084,-0.300,-498.863,-499.728,-498.863
6.525,-0.000,0.567,-0.379,45.002,2.805,21.703,-0.300,-0.084,-0.300,-498.863,-499.728,-498.863
6.529,-0.000,0.567,-0.379,45.002,2.805,21.703,-0.300,-0.084,-0.300,-498.863,-499.728,-498.863
6.533,-0.000,0.567,-0.379,45.002,2.805,21.703,-0.300,-0.084,-0.300,-498.863,-499.728,-498.863
6.537,-0.000,0.567,-0.379,45.002,2.805,21.704,-0.300,-0.084,-0.300,-498.863,-499.728,-498.863
6.542,-0.000,0.567,-0.379,45.002,2.805,21.704,-0.300,-0.084,-0.300,-498.863,-499.728,-498.863
6.546,-0.000,0.567,-0.379,45.002,2.805,21.704,-0.300,-0.084,-0.300,-498.863,-499.728,-498.863
6.550,-0.000,0.567,-0.379,45.002,2.805,21.704,-0.300,-0.084,-0.300,-498.863,-499.728,-498.863
6.554,-0.000,0.567,-0.379,45.002,2.805,21.704,-0.300,-0.084,-0.300,-498.863,-499.728,-498.863
6.558,-0.000,0.567,-0.379,45.002,2.805,21.704,-0.300,-0.084,-0.300,-498.863,-499.728,-498.863
6.562,-0.000,0.567,-0.379,45.002,2.805,21.704,-0.300,-0.084,-0.300,-498.863,-499.728,-498.863
6.567,-0.000,0.567,-0.379,45.002,2.805,21.704,-0.300,-0.084,-0.300,-498.863,-499.728,-498.863
6.571,-0.000,0.567,-0.379,45.002,2.805,21.704,-0.300,-0.084,-0.300,-498.863,-499.728,-498.863
6.575,-0.000,0.567,-0.379,45.002,2.805,21.704,-0.300,-0.084,-0.300,-498.863,-499.728,-498.863
6.579,-0.000,0.567,-0.379,45.002,2.805,21.704,-0.300,-0.084,-0.300,-498.863,-499.728,-498.863
6.583,-0.000,0.567,-0.379,45.002,2.805,21.704,-0.300,-0.084,-0.300,-498.863,-499.728,-498.863
6.587,-0.000,0.567,-0.379,45.002,2.805,21.704,-0.300,-0.084,-0.300,-498.863,-499.728,-498.863
6.592,-0.000,0.567,-0.379,45.002,2.805,21.704,-0.300,-0.084,-0.300,-498.863,-499.728,-498.863
6.596,-0.000,0.567,-0.379,45.002,2.805,21.704,-0.300,-0.084,-0.300,-498.863,-499.728,-498.863
6.600,-0.000,0.567,-0.379,45.002,2.805,21.704,-0.300,-0.084,-0.300,-498.863,-499.728,-498.863
6.604,-0.000,0.567,-0.379,45.002,2.805,21.704,-0.300,-0.084,-0.300,-498.863,-499.728,-498.863
6.608,-0.000,0.567,-0.379,45.002,2.805,21.704,-0.300,-0.084,-0.300,-498.863,-499.728,-498.863
6.612,-0.000,0.567,-0.379,45.002,2.805,21.704,-0.300,-0.084,-0.300,-498.863,-499.728,-498.863
6.617,-0.000,0.567,-0.379,45.002,2.805,21.704,-0.300,-0.084,-0.300,-498.863,-499.728,-498.863
6.621,-0.000,0.567,-0.379,45.002,2.805,21.704,-0.300,-0.084,-0.300,-498.863,-499.728,-498.863
6.625,-0.000,0.567,-0.379,45.002,2.805,21.704,-0.300,-0.084,-0.300,-498.863,-499.728,-498.863
6.629,-0.000,0.567,-0.379,45.002,2.805,21.704,-0.300,-0.084,-0.300,-498.863,-499.728,-498.863
6.633,-0.000,0.567,-0.379,45.002,2.805,21.705,-0.300,-0.084,-0.300,-498.863,-499.728,-498.863
6.638,-0.000,0.567,-0.379,45.002,2.805,21.705,-0.300,-0.084,-0.300,-498.863,-499.728,-498.863
6.642,-0.000,0.567,-0.379,45.002,2.805,21.705,-0.300,-0.084,-0.300,-498.863,-499.728,-498.863
6.646,-0.000,0.567,-0.379,45.002,2.805,21.705,-0.300,-0.084,-0.300,-498.863,-499.728,-498.863
6.650,-0.000,0.567,-0.379,45.002,2.805,21.705,-0.300,-0.084,-0.300,-498.863,-499.728,-498.863
6.654,-0.000,0.567,-0.379,45.002,2.805,21.705,-0.300,-0.084,-0.300,-498.863,-499.728,-498.863
6.658,-0.000,0.567,-0.379,45.002,2.805,21.705,-0.300,-0.084,-0.300,-498.863,-499.728,-498.863
6.662,-0.000,0.567,-0.379,45.002,2.805,21.705,-0.300,-0.084,-0.300,-498.863,-499.728,-498.863
6.667,-0.000,0.567,-0.379,45.002,2.805,21.705,-0.300,-0.084,-0.300,-498.863,-499.728,-498.863
6.671,-0.000,0.567,-0.379,45.002,2.805,21.705,-0.300,-0.084,-0.300,-498.863,-499.728,-498.863
6.675,-0.000,0.567,-0.379,45.002,2.805,21.705,-0.300,-0.084,-0.300,-498.863,-499.728,-498.863
6.679,-0.000,0.567,-0.379,45.002,2.805,21.705,-0.300,-0.084,-0.300,-498.863,-499.728,-498.863
6.683,-0.000,0.567,-0.379,45.002,2.805,21.705,-0.300,-0.084,-0.300,-498.863,-499.728,-498.863
6.688,-0.000,0.567,-0.379,45.002,2.805,21.705,-0.300,-0.084,-0.300,-498.863,-499.728,-498.863
6.692,-0.000,0.567,-0.379,45.002,2.805,21.705,-0.300,-0.084,-0.300,-498.863,-499.728,-498.863
6.696,-0.000,0.567,-0.379,45.002,2.805,21.705,-0.300,-0.084,-0.300,-498.863,-499.728,-498.863
6.700,-0.000,0.567,-0.379,45.002,2.805,21.705,-0.300,-0.084,-0.300,-498.863,-499.728,-498.863
6.704,-0.000,0.567,-0.379,45.002,2.805,21.705,-0.300,-0.084,-0.300,-498.863,-499.728,-498.863
6.708,-0.000,0.567,-0.379,45.002,2.805,21.705,-0.300,-0.084,-0.300,-498.863,-499.728,-498.863
6.712,-0.000,0.567,-0.379,45.002,2.805,21.705,-0.300,-0.084,-0.300,-498.863,-499.728,-498.863
6.717,-0.000,0.567,-0.379,45.002,2.805,21.705,-0.300,-0.084,-0.300,-498.863,-499.728,-498.863
6.721,-0.000,0.567,-0.379,45.002,2.805,21.705,-0.300,-0.084,-0.300,-498.863,-499.728,-498.863
6.725,-0.000,0.567,-0.379,45.002,2.805,21.706,-0.300,-0.084,-0.300,-498.863,-499.728,-498.863
6.729,-0.000,0.567,-0.379,45.002,2.805,21.706,-0.300,-0.084,-0.300,-498.863,-499.728,-498.863
6.733,-0.000,0.567,-0.379,45.002,2.805,21.706,-0.300,-0.084,-0.300,-498.863,-499.728,-498.863
6.737,-0.000,0.567,-0.379,45.002,2.805,21.706,-0.300,-0.084,-0.300,-498.863,-499.728,-498.863
6.742,-0.000,0.567,-0.379,45.002,2.805,21.706,-0.300,-0.084,-0.300,-498.863,-499.728,-498.863
6.746,-0.000,0.567,-0.379,45.002,2.805,21.706,-0.300,-0.084,-0.300,-498.863,-499.728,-498.863
6.750,-0.000,0.567,-0.379,45.002,2.805,21.706,-0.300,-0.084,-0.300,-498.863,-499.728,-498.863
6.754,-0.000,0.567,-0.379,45.002,2.805,21.706,-0.300,-0.084,-0.300,-498.863,-499.728,-498.863
6.758,-0.000,0.567,-0.379,45.002,2.805,21.706,-0.300,-0.084,-0.300,-498.863,-499.728,-498.863
6.763,-0.000,0.567,-0.379,45.002,2.805,21.706,-0.300,-0.084,-0.300,-498.863,-499.728,-498.863
6.767,-0.000,0.567,-0.379,45.002,2.805,21.706,-0.300,-0.084,-0.300,-498.863,-499.728,-498.863
6.771,-0.000,0.567,-0.379,45.002,2.805,21.706,-0.300,-0.084,-0.300,-498.863,-499.728,-498.863
6.775,-0.000,0.567,-0.379,45.002,2.805,21.706,-0.300,-0.084,-0.300,-498.863,-499.728,-498.863
6.779,-0.000,0.567,-0.379,45.002,2.805,21.706,-0.300,-0.084,-0.300,-498.863,-499.728,-498.863
6.783,-0.000,0.567,-0.379,45.002,2.805,21.706,-0.300,-0.084,-0.300,-498.863,-499.728,-498.863
6.787,-0.000,0.567,-0.379,45.002,2.805,21.706,-0.300,-0.084,-0.300,-498.863,-499.728,-498.863
6.792,-0.000,0.567,-0.379,45.002,2.805,21.706,-0.300,-0.084,-0.300,-498.863,-499.728,-498.863
6.796,-0.000,0.567,-0.379,45.002,2.805,21.706,-0.300,-0.084,-0.300,-498.863,-499.728,-498.863
6.800,-0.000,0.567,-0.379,45.002,2.805,21.706,-0.300,-0.084,-0.300,-498.863,-499.728,-498.863
6.804,-0.000,0.567,-0.379,45.002,2.805,21.706,-0.300,-0.084,-0.300,-498.863,-499.728,-498.863
6.808,-0.000,0.567,-0.379,45.002,2.805,21.706,-0.300,-0.084,-0.300,-498.863,-499.728,-498.863
6.812,-0.000,0.567,-0.379,45.002,2.805,21.706,-0.300,-0.084,-0.300,-498.863,-499.728,-498.863
6.817,-0.000,0.567,-0.379,45.002,2.805,21.706,-0.300,-0.084,-0.300,-498.863,-499.728,-498.863
6.821,-0.000,0.567,-0.379,45.002,2.805,21.707,-0.300,-0.084,-0.300,-498.863,-499.728,-498.863
6.825,-0.000,0.567,-0.379,45.002,2.805,21.707,-0.300,-0.084,-0.300,-498.863,-499.728,-498.863
6.829,-0.000,0.567,-0.379,45.002,2.805,21.707,-0.300,-0.084,-0.300,-498.863,-499.728,-498.863
6.833,-0.000,0.567,-0.379,45.002,2.805,21.707,-0.300,-0.084,-0.300,-498.863,-499.728,-498.863
6.837,-0.000,0.567,-0.379,45.002,2.805,21.707,-0.300,-0.084,-0.300,-498.863,-499.728,-498.863
6.842,-0.000,0.567,-0.379,45.002,2.805,21.707,-0.300,-0.084,-0.300,-498.863,-499.728,-498.863
6.846,-0.000,0.567,-0.379,45.002,2.805,21.707,-0.300,-0.084,-0.300,-498.863,-499.728,-498.863
6.850,-0.000,0.567,-0.379,45.002,2.805,21.707,-0.300,-0.084,-0.300,-498.863,-499.728,-498.863
6.854,-0.000,0.567,-0.379,45.002,2.805,21.707,-0.300,-0.084,-0.300,-498.863,-499.728,-498.863
6.858,-0.000,0.567,-0.379,45.002,2.805,21.707,-0.300,-0.084,-0.300,-498.863,-499.728,-498.863
6.862,-0.000,0.567,-0.379,45.002,2.805,21.707,-0.300,-0.084,-0.300,-498.863,-499.728,-498.863
6.867,-0.000,0.567,-0.379,45.002,2.805,21.707,-0.300,-0.084,-0.300,-498.863,-499.728,-498.863
6.871,-0.000,0.567,-0.379,45.002,2.805,21.707,-0.300,-0.084,-0.300,-498.863,-499.728,-498.863
6.875,-0.000,0.567,-0.379,45.002,2.805,21.707,-0.300,-0.084,-0.300,-498.863,-499.728,-498.863
6.879,-0.000,0.567,-0.379,45.002,2.805,21.707,-0.300,-0.084,-0.300,-498.863,-499.728,-498.863
6.883,-0.000,0.567,-0.379,45.002,2.805,21.707,-0.300,-0.084,-0.300,-498.863,-499.728,-498.863
6.888,-0.000,0.567,-0.379,45.002,2.805,21.707,-0.300,-0.084,-0.300,-498.863,-499.728,-498.863
6.892,-0.000,0.567,-0.379,45.002,2.805,21.707,-0.300,-0.084,-0.300,-498.863,-499.728,-498.863
6.896,-0.000,0.567,-0.379,45.002,2.805,21.707,-0.300,-0.084,-0.300,-498.863,-499.728,-498.863
6.900,-0.000,0.567,-0.379,45.002,2.805,21.707,-0.300,-0.084,-0.300,-498.863,-499.728,-498.863
6.904,-0.000,0.567,-0.379,45.002,2.805,21.707,-0.300,-0.084,-0.300,-498.863,-499.728,-498.863
6.908,-0.000,0.567,-0.379,45.002,2.805,21.707,-0.300,-0.084,-0.300,-498.863,-499.728,-498.863
6.912,-0.000,0.567,-0.379,45.002,2.805,21.707,-0.300,-0.084,-0.300,-498.863,-499.728,-498.863
6.917,-0.000,0.567,-0.379,45.002,2.805,21.708,-0.300,-0.084,-0.300,-498.863,-499.728,-498.863
6.921,-0.000,0.567,-0.379,45.002,2.805,21.708,-0.300,-0.084,-0.300,-498.863,-499.728,-498.863
6.925,-0.000,0.567,-0.379,45.002,2.805,21.708,-0.300,-0.084,-0.300,-498.863,-499.728,-498.863
6.929,-0.000,0.567,-0.379,45.002,2.805,21.708,-0.300,-0.084,-0.300,-498.863,-499.728,-498.863
6.933,-0.000,0.567,-0.379,45.002,2.805,21.708,-0.300,-0.084,-0.300,-498.863,-499.728,-498.863
6.938,-0.000,0.567,-0.379,45.002,2.805,21.708,-0.300,-0.084,-0.300,-498.863,-499.728,-498.863
6.942,-0.000,0.567,-0.379,45.002,2.805,21.708,-0.300,-0.084,-0.300,-498.863,-499.728,-498.863
6.946,-0.000,0.567,-0.379,45.002,2.805,21.708,-0.300,-0.084,-0.300,-498.863,-499.728,-498.863
6.950,-0.000,0.567,-0.379,45.002,2.805,21.708,-0.300,-0.084,-0.300,-498.863,-499.728,-498.863
6.954,-0.000,0.567,-0.379,45.002,2.805,21.708,-0.300,-0.084,-0.300,-498.863,-499.728,-498.863
6.958,-0.000,0.567,-0.379,45.002,2.805,21.708,-0.300,-0.084,-0.300,-498.863,-499.728,-498.863
6.962,-0.000,0.567,-0.379,45.002,2.805,21.708,-0.300,-0.084,-0.300,-498.863,-499.728,-498.863
6.967,-0.000,0.567,-0.379,45.002,2.805,21.708,-0.300,-0.084,-0.300,-498.863,-499.728,-498.863
6.971,-0.000,0.567,-0.379,45.002,2.805,21.708,-0.300,-0.084,-0.300,-498.863,-499.728,-498.863
6.975,-0.000,0.567,-0.379,45.002,2.805,21.708,-0.300,-0.084,-0.300,-498.863,-499.728,-498.863
6.979,-0.000,0.567,-0.379,45.002,2.805,21.708,-0.300,-0.084,-0.300,-498.863,-499.728,-498.863
6.983,-0.000,0.567,-0.379,45.002,2.805,21.708,-0.300,-0.084,-0.300,-498.863,-499.728,-498.863
6.987,-0.000,0.567,-0.379,45.002,2.805,21.708,-0.300,-0.084,-0.300,-498.863,-499.728,-498.863
6.992,-0.000,0.567,-0.379,45.002,2.805,21.708,-0.300,-0.084,-0.300,-498.863,-499.728,-498.863
6.996,-0.000,0.567,-0.379,45.002,2.805,21.708,-0.300,-0.084,-0.300,-498.863,-499.728,-498.863
7.000,-0.000,0.567,-0.379,45.002,2.805,21.708,-0.300,-0.084,-0.300,-498.863,-499.728,-498.863
7.004,-0.000,0.567,-0.379,45.002,2.805,21.708,-0.300,-0.084,-0.300,-498.863,-499.728,-498.863
7.008,-0.000,0.567,-0.379,45.002,2.805,21.709,-0.300,-0.084,-0.300,-498.863,-499.728,-498.863
7.013,-0.000,0.567,-0.379,45.002,2.805,21.709,-0.300,-0.084,-0.300,-498.863,-499.728,-498.863
7.017,-0.000,0.567,-0.379,45.002,2.805,21.709,-0.300,-0.084,-0.300,-498.863,-499.728,-498.863
7.021,-0.000,0.567,-0.379,45.002,2.805,21.709,-0.300,-0.084,-0.300,-498.863,-499.728,-498.863
7.025,-0.000,0.567,-0.379,45.002,2.805,21.709,-0.300,-0.084,-0.300,-498.863,-499.728,-498.863
7.029,-0.000,0.567,-0.379,45.002,2.805,21.709,-0.300,-0.084,-0.300,-498.863,-499.728,-498.863
7.033,-0.000,0.567,-0.379,45.002,2.805,21.709,-0.300,-0.084,-0.300,-498.863,-499.728,-498.863
7.037,-0.000,0.567,-0.379,45.002,2.805,21.709,-0.300,-0.084,-0.300,-498.863,-499.728,-498.863
7.042,-0.000,0.567,-0.379,45.002,2.805,21.709,-0.300,-0.084,-0.300,-498.863,-499.728,-498.863
7.046,-0.000,0.567,-0.379,45.002,2.805,21.709,-0.300,-0.084,-0.300,-498.863,-499.728,-498.863
7.050,-0.000,0.567,-0.379,45.002,2.805,21.709,-0.300,-0.084,-0.300,-498.863,-499.728,-498.863
7.054,-0.000,0.567,-0.379,45.002,2.805,21.709,-0.300,-0.084,-0.300,-498.863,-499.728,-498.863
7.058,-0.000,0.567,-0.379,45.002,2.805,21.709,-0.300,-0.084,-0.300,-498.863,-499.728,-498.863
7.062,-0.000,0.567,-0.379,45.002,2.805,21.709,-0.300,-0.084,-0.300,-498.863,-499.728,-498.863
7.067,-0.000,0.567,-0.379,45.002,2.805,21.709,-0.300,-0.084,-0.300,-498.863,-499.728,-498.863
7.071,-0.000,0.567,-0.379,45.002,2.805,21.709,-0.300,-0.084,-0.300,-498.863,-499.728,-498.863
7.075,-0.000,0.567,-0.379,45.002,2.805,21.709,-0.300,-0.084,-0.300,-498.863,-499.728,-498.863
7.079,-0.000,0.567,-0.379,45.002,2.805,21.709,-0.300,-0.084,-0.300,-498.863,-499.728,-498.863
7.083,-0.000,0.567,-0.379,45.002,2.805,21.709,-0.300,-0.084,-0.300,-498.863,-499.728,-498.863
7.087,-0.000,0.567,-0.379,45.002,2.805,21.709,-0.300,-0.084,-0.300,-498.863,-499.728,-498.863
7.092,-0.000,0.567,-0.379,45.002,2.805,21.709,-0.300,-0.084,-0.300,-498.863,-499.728,-498.863
7.096,-0.000,0.567,-0.379,45.002,2.805,21.709,-0.300,-0.084,-0.300,-498.863,-499.728,-498.863
7.100,-0.000,0.567,-0.379,45.002,2.805,21.709,-0.300,-0.084,-0.300,-498.863,-499.728,-498.863
7.104,-0.000,0.567,-0.379,45.002,2.805,21.710,-0.300,-0.084,-0.300,-498.863,-499.728,-498.863
7.108,-0.000,0.567,-0.379,45.002,2.805,21.710,-0.300,-0.084,-0.300,-498.863,-499.728,-498.863
7.112,-0.000,0.567,-0.379,45.002,2.805,21.710,-0.300,-0.084,-0.300,-498.863,-499.728,-498.863
7.117,-0.000,0.567,-0.379,45.002,2.805,21.710,-0.300,-0.084,-0.300,-498.863,-499.728,-498.863
7.121,-0.000,0.567,-0.379,45.002,2.805,21.710,-0.300,-0.084,-0.300,-498.863,-499.728,-498.863
7.125,-0.000,0.567,-0.379,45.002,2.805,21.710,-0.300,-0.084,-0.300,-498.863,-499.728,-498.863
7.129,-0.000,0.567,-0.379,45.002,2.805,21.710,-0.300,-0.084,-0.300,-498.863,-499.728,-498.863
7.133,-0.000,0.567,-0.379,45.002,2.805,21.710,-0.300,-0.084,-0.300,-498.863,-499.728,-498.863
7.138,-0.000,0.567,-0.379,45.002,2.805,21.710,-0.300,-0.084,-0.300,-498.863,-499.728,-498.863
7.142,-0.000,0.567,-0.379,45.002,2.805,21.710,-0.300,-0.084,-0.300,-498.863,-499.728,-498.863
7.146,-0.000,0.567,-0.379,45.002,2.805,21.710,-0.300,-0.084,-0.300,-498.863,-499.728,-498.863
7.150,-0.000,0.567,-0.379,45.002,2.805,21.710,-0.300,-0.084,-0.300,-498.863,-499.728,-498.863
7.154,-0.000,0.567,-0.379,45.002,2.805,21.710,-0.300,-0.084,-0.300,-498.863,-499.728,-498.863
7.158,-0.000,0.567,-0.379,45.002,2.805,21.710,-0.300,-0.084,-0.300,-498.863,-499.728,-498.863
7.162,-0.000,0.567,-0.379,45.002,2.805,21.710,-0.300,-0.084,-0.300,-498.863,-499.728,-498.863
7.167,-0.000,0.567,-0.379,45.002,2.805,21.710,-0.300,-0.084,-0.300,-498.863,-499.728,-498.863
7.171,-0.000,0.567,-0.379,45.002,2.805,21.710,-0.300,-0.084,-0.300,-498.863,-499.728,-498.863
7.175,-0.000,0.567,-0.379,45.002,2.805,21.710,-0.300,-0.084,-0.300,-498.863,-499.728,-498.863
7.179,-0.000,0.567,-0.379,45.002,2.805,21.710,-0.300,-0.084,-0.300,-498.863,-499.728,-498.863
7.183,-0.000,0.567,-0.379,45.002,2.805,21.710,-0.300,-0.084,-0.300,-498.863,-499.728,-498.863
7.188,-0.000,0.567,-0.379,45.002,2.805,21.710,-0.300,-0.084,-0.300,-498.863,-499.728,-498.863
7.192,-0.000,0.567,-0.379,45.002,2.805,21.710,-0.300,-0.084,-0.300,-498.863,-499.728,-498.863
7.196,-0.000,0.567,-0.379,45.002,2.805,21.711,-0.300,-0.084,-0.300,-498.863,-499.728,-498.863
7.200,-0.000,0.567,-0.379,45.002,2.805,21.711,-0.300,-0.084,-0.300,-498.863,-499.728,-498.863
7.204,-0.000,0.567,-0.379,45.002,2.805,21.711,-0.300,-0.084,-0.300,-498.863,-499.728,-498.863
7.208,-0.000,0.567,-0.379,45.002,2.805,21.711,-0.300,-0.084,-0.300,-498.863,-499.728,-498.863
7.212,-0.000,0.567,-0.379,45.002,2.805,21.711,-0.300,-0.084,-0.300,-498.863,-499.728,-498.863
7.217,-0.000,0.567,-0.379,45.002,2.805,21.711,-0.300,-0.084,-0.300,-498.863,-499.728,-498.863
7.221,-0.000,0.567,-0.379,45.002,2.805,21.711,-0.300,-0.084,-0.300,-498.863,-499.728,-498.863
7.225,-0.000,0.567,-0.379,45.002,2.805,21.711,-0.300,-0.084,-0.300,-498.863,-499.728,-498.863
7.229,-0.000,0.567,-0.379,45.002,2.805,21.711,-0.300,-0.084,-0.300,-498.863,-499.728,-498.863
7.233,-0.000,0.567,-0.379,45.002,2.805,21.711,-0.300,-0.084,-0.300,-498.863,-499.728,-498.863
7.237,-0.000,0.567,-0.379,45.002,2.805,21.711,-0.300,-0.084,-0.300,-498.863,-499.728,-498.863
7.242,-0.000,0.567,-0.379,45.002,2.805,21.711,-0.300,-0.084,-0.300,-498.863,-499.728,-498.863
7.246,-0.000,0.567,-0.379,45.002,2.805,21.711,-0.300,-0.084,-0.300,-498.863,-499.728,-498.863
7.250,-0.000,0.567,-0.379,45.002,2.805,21.711,-0.300,-0.084,-0.300,-498.863,-499.728,-498.863
7.254,-0.000,0.567,-0.379,45.002,2.805,21.711,-0.300,-0.084,-0.300,-498.863,-499.728,-498.863
7.258,-0.000,0.567,-0.379,45.002,2.805,21.711,-0.300,-0.084,-0.300,-498.863,-499.728,-498.863
7.263,-0.000,0.567,-0.379,45.002,2.805,21.711,-0.300,-0.084,-0.300,-498.863,-499.728,-498.863
7.267,-0.000,0.567,-0.379,45.002,2.805,21.711,-0.300,-0.084,-0.300,-498.863,-499.728,-498.863
7.271,-0.000,0.567,-0.379,45.002,2.805,21.711,-0.300,-0.084,-0.300,-498.863,-499.728,-498.863
7.275,-0.000,0.567,-0.379,45.002,2.805,21.711,-0.300,-0.084,-0.300,-498.863,-499.728,-498.863
7.279,-0.000,0.567,-0.379,45.002,2.805,21.711,-0.300,-0.084,-0.300,-498.863,-499.728,-498.863
7.283,-0.000,0.567,-0.379,45.002,2.805,21.711,-0.300,-0.084,-0.300,-498.863,-499.728,-498.863
7.287,-0.000,0.567,-0.379,45.002,2.805,21.711,-0.300,-0.084,-0.300,-498.863,-499.728,-498.863
7.292,-0.000,0.567,-0.379,45.002,2.805,21.712,-0.300,-0.084,-0.300,-498.863,-499.728,-498.863
7.296,-0.000,0.567,-0.379,45.002,2.805,21.712,-0.300,-0.084,-0.300,-498.863,-499.728,-498.863
7.300,-0.000,0.567,-0.379,45.002,2.805,21.712,-0.300,-0.084,-0.300,-498.863,-499.728,-498.863
7.304,-0.000,0.567,-0.379,45.002,2.805,21.712,-0.300,-0.084,-0.300,-498.863,-499.728,-498.863
7.308,-0.000,0.567,-0.379,45.002,2.805,21.712,-0.300,-0.084,-0.300,-498.863,-499.728,-498.863
7.312,-0.000,0.567,-0.379,45.002,2.805,21.712,-0.300,-0.084,-0.300,-498.863,-499.728,-498.863
7.317,-0.000,0.567,-0.379,45.002,2.805,21.712,-0.300,-0.084,-0.300,-498.863,-499.728,-498.863
7.321,-0.000,0.567,-0.379,45.002,2.805,21.712,-0.300,-0.084,-0.300,-498.863,-499.728,-498.863
7.325,-0.000,0.567,-0.379,45.002,2.805,21.712,-0.300,-0.084,-0.300,-498.863,-499.728,-498.863
7.329,-0.000,0.567,-0.379,45.002,2.805,21.712,-0.300,-0.084,-0.300,-498.863,-499.728,-498.863
7.333,-0.000,0.567,-0.379,45.002,2.805,21.712,-0.300,-0.084,-0.300,-498.863,-499.728,-498.863
7.337,-0.000,0.567,-0.379,45.002,2.805,21.712,-0.300,-0.084,-0.300,-498.863,-499.728,-498.863
7.342,-0.000,0.567,-0.379,45.002,2.805,21.712,-0.300,-0.084,-0.300,-498.863,-499.728,-498.863
7.346,-0.000,0.567,-0.379,45.002,2.805,21.712,-0.300,-0.084,-0.300,-498.863,-499.728,-498.863
7.350,-0.000,0.567,-0.379,45.002,2.805,21.712,-0.300,-0.084,-0.300,-498.863,-499.728,-498.863
7.354,-0.000,0.567,-0.379,45.002,2.805,21.712,-0.300,-0.084,-0.300,-498.863,-499.728,-498.863
7.358,-0.000,0.567,-0.379,45.002,2.805,21.712,-0.300,-0.084,-0.300,-498.863,-499.728,-498.863
7.362,-0.000,0.567,-0.379,45.002,2.805,21.712,-0.300,-0.084,-0.300,-498.863,-499.728,-498.863
7.367,-0.000,0.567,-0.379,45.002,2.805,21.712,-0.300,-0.084,-0.300,-498.863,-499.728,-498.863
7.371,-0.000,0.567,-0.379,45.002,2.805,21.712,-0.300,-0.084,-0.300,-498.863,-499.728,-498.863
7.375,-0.000,0.567,-0.379,45.002,2.805,21.712,-0.300,-0.084,-0.300,-498.863,-499.728,-498.863
7.379,-0.000,0.567,-0.379,45.002,2.805,21.712,-0.300,-0.084,-0.300,-498.863,-499.728,-498.863
7.383,-0.000,0.567,-0.379,45.002,2.805,21.712,-0.300,-0.084,-0.300,-498.863,-499.728,-498.863
7.388,-0.000,0.567,-0.379,45.002,2.805,21.713,-0.300,-0.084,-0.300,-498.863,-499.728,-498.863
7.392,-0.000,0.567,-0.379,45.002,2.805,21.713,-0.300,-0.084,-0.300,-498.863,-499.728,-498.863
7.396,-0.000,0.567,-0.379,45.002,2.805,21.713,-0.300,-0.084,-0.300,-498.863,-499.728,-498.863
7.400,-0.000,0.567,-0.379,45.002,2.805,21.713,-0.300,-0.084,-0.300,-498.863,-499.728,-498.863
7.404,-0.000,0.567,-0.379,45.002,2.805,21.713,-0.300,-0.084,-0.300,-498.863,-499.728,-498.863
7.408,-0.000,0.567,-0.379,45.002,2.805,21.713,-0.300,-0.084,-0.300,-498.863,-499.728,-498.863
7.412,-0.000,0.567,-0.379,45.002,2.805,21.713,-0.300,-0.084,-0.300,-498.863,-499.728,-498.863
7.417,-0.000,0.567,-0.379,45.002,2.805,21.713,-0.300,-0.084,-0.300,-498.863,-499.728,-498.863
7.421,-0.000,0.567,-0.379,45.002,2.805,21.713,-0.300,-0.084,-0.300,-498.863,-499.728,-498.863
7.425,-0.000,0.567,-0.379,45.002,2.805,21.713,-0.300,-0.084,-0.300,-498.863,-499.728,-498.863
7.429,-0.000,0.567,-0.379,45.002,2.805,21.713,-0.300,-0.084,-0.300,-498.863,-499.728,-498.863
7.433,-0.000,0.567,-0.379,45.002,2.805,21.713,-0.300,-0.084,-0.300,-498.863,-499.728,-498.863
7.438,-0.000,0.567,-0.379,45.002,2.805,21.713,-0.300,-0.084,-0.300,-498.863,-499.728,-498.863
7.442,-0.000,0.567,-0.379,45.002,2.805,21.713,-0.300,-0.084,-0.300,-498.863,-499.728,-498.863
7.446,-0.000,0.567,-0.379,45.002,2.805,21.713,-0.300,-0.084,-0.300,-498.863,-499.728,-498.863
7.450,-0.000,0.567,-0.379,45.002,2.805,21.713,-0.300,-0.084,-0.300,-498.863,-499.728,-498.863
7.454,-0.000,0.567,-0.379,45.002,2.805,21.713,-0.300,-0.084,-0.300,-498.863,-499.728,-498.863
7.458,-0.000,0.567,-0.379,45.002,2.805,21.713,-0.300,-0.084,-0.300,-498.863,-499.728,-498.863
7.462,-0.000,0.567,-0.379,45.002,2.805,21.713,-0.300,-0.084,-0.300,-498.863,-499.728,-498.863
7.467,-0.000,0.567,-0.379,45.002,2.805,21.713,-0.300,-0.084,-0.300,-498.863,-499.728,-498.863
7.471,-0.000,0.567,-0.379,45.002,2.805,21.713,-0.300,-0.084,-0.300,-498.863,-499.728,-498.863
7.475,-0.000,0.567,-0.379,45.002,2.805,21.713,-0.300,-0.084,-0.300,-498.863,-499.728,-498.863
7.479,-0.000,0.567,-0.379,45.002,2.805,21.714,-0.300,-0.084,-0.300,-498.863,-499.728,-498.863
7.483,-0.000,0.567,-0.379,45.002,2.805,21.714,-0.300,-0.084,-0.300,-498.863,-499.728,-498.863
7.487,-0.000,0.567,-0.379,45.002,2.805,21.714,-0.300,-0.084,-0.300,-498.863,-499.728,-498.863
7.492,-0.000,0.567,-0.379,45.002,2.805,21.714,-0.300,-0.084,-0.300,-498.863,-499.728,-498.863
7.496,-0.000,0.567,-0.379,45.002,2.805,21.714,-0.300,-0.084,-0.300,-498.863,-499.728,-498.863
7.500,-0.000,0.567,-0.379,45.002,2.805,21.714,-0.300,-0.084,-0.300,-498.863,-499.728,-498.863
7.504,-0.000,0.567,-0.379,45.002,2.805,21.714,-0.300,-0.084,-0.300,-498.863,-499.728,-498.863
7.508,-0.000,0.567,-0.379,45.002,2.805,21.714,-0.300,-0.084,-0.300,-498.863,-499.728,-498.863
7.513,-0.000,0.567,-0.379,45.002,2.805,21.714,-0.300,-0.084,-0.300,-498.863,-499.728,-498.863
7.517,-0.000,0.567,-0.379,45.002,2.805,21.714,-0.300,-0.084,-0.300,-498.863,-499.728,-498.863
7.521,-0.000,0.567,-0.379,45.002,2.805,21.714,-0.300,-0.084,-0.300,-498.863,-499.728,-498.863
7.525,-0.000,0.567,-0.379,45.002,2.805,21.714,-0.300,-0.084,-0.300,-498.863,-499.728,-498.863
7.529,-0.000,0.567,-0.379,45.002,2.805,21.714,-0.300,-0.084,-0.300,-498.863,-499.728,-498.863
7.533,-0.000,0.567,-0.379,45.002,2.805,21.714,-0.300,-0.084,-0.300,-498.863,-499.728,-498.863
7.537,-0.000,0.567,-0.379,45.002,2.805,21.714,-0.300,-0.084,-0.300,-498.863,-499.728,-498.863
7.542,-0.000,0.567,-0.379,45.002,2.805,21.714,-0.300,-0.084,-0.300,-498.863,-499.728,-498.863
7.546,-0.000,0.567,-0.379,45.002,2.805,21.714,-0.300,-0.084,-0.300,-498.863,-499.728,-498.863
7.550,-0.000,0.567,-0.379,45.002,2.805,21.714,-0.300,-0.084,-0.300,-498.863,-499.728,-498.863
7.554,-0.000,0.567,-0.379,45.002,2.805,21.714,-0.300,-0.084,-0.300,-498.863,-499.728,-498.863
7.558,-0.000,0.567,-0.379,45.002,2.805,21.714,-0.300,-0.084,-0.300,-498.863,-499.728,-498.863
7.562,-0.000,0.567,-0.379,45.002,2.805,21.714,-0.300,-0.084,-0.300,-498.863,-499.728,-498.863
7.567,-0.000,0.567,-0.379,45.002,2.805,21.714,-0.300,-0.084,-0.300,-498.863,-499.728,-498.863
7.571,-0.000,0.567,-0.379,45.002,2.805,21.714,-0.300,-0.084,-0.300,-498.863,-499.728,-498.863
7.575,-0.000,0.567,-0.379,45.002,2.805,21.715,-0.300,-0.084,-0.300,-498.863,-499.728,-498.863
7.579,-0.000,0.567,-0.379,45.002,2.805,21.715,-0.300,-0.084,-0.300,-498.863,-499.728,-498.863
7.583,-0.000,0.567,-0.379,45.002,2.805,21.715,-0.300,-0.084,-0.300,-498.863,-499.728,-498.863
7.587,-0.000,0.567,-0.379,45.002,2.805,21.715,-0.300,-0.084,-0.300,-498.863,-499.728,-498.863
7.592,-0.000,0.567,-0.379,45.002,2.805,21.715,-0.300,-0.084,-0.300,-498.863,-499.728,-498.863
7.596,-0.000,0.567,-0.379,45.002,2.805,21.715,-0.300,-0.084,-0.300,-498.863,-499.728,-498.863
7.600,-0.000,0.567,-0.379,45.002,2.805,21.715,-0.300,-0.084,-0.300,-498.863,-499.728,-498.863
7.604,-0.000,0.567,-0.379,45.002,2.805,21.715,-0.300,-0.084,-0.300,-498.863,-499.728,-498.863
7.608,-0.000,0.567,-0.379,45.002,2.805,21.715,-0.300,-0.084,-0.300,-498.863,-499.728,-498.863
7.612,-0.000,0.567,-0.379,45.002,2.805,21.715,-0.300,-0.084,-0.300,-498.863,-499.728,-498.863
7.617,-0.000,0.567,-0.379,45.002,2.805,21.715,-0.300,-0.084,-0.300,-498.863,-499.728,-498.863
7.621,-0.000,0.567,-0.379,45.002,2.805,21.715,-0.300,-0.084,-0.300,-498.863,-499.728,-498.863
7.625,-0.000,0.567,-0.379,45.002,2.805,21.715,-0.300,-0.084,-0.300,-498.863,-499.728,-498.863
7.629,-0.000,0.567,-0.379,45.002,2.805,21.715,-0.300,-0.084,-0.300,-498.863,-499.728,-498.863
7.633,-0.000,0.567,-0.379,45.002,2.805,21.715,-0.300,-0.084,-0.300,-498.863,-499.728,-498.863
7.638,-0.000,0.567,-0.379,45.002,2.805,21.715,-0.300,-0.084,-0.300,-498.863,-499.728,-498.863
7.642,-0.000,0.567,-0.379,45.002,2.805,21.715,-0.300,-0.084,-0.300,-498.863,-499.728,-498.863
7.646,-0.000,0.567,-0.379,45.002,2.805,21.715,-0.300,-0.084,-0.300,-498.863,-499.728,-498.863
7.650,-0.000,0.567,-0.379,45.002,2.805,21.715,-0.300,-0.084,-0.300,-498.863,-499.728,-498.863
7.654,-0.000,0.567,-0.379,45.002,2.805,21.715,-0.300,-0.084,-0.300,-498.863,-499.728,-498.863
7.658,-0.000,0.567,-0.379,45.002,2.805,21.715,-0.300,-0.084,-0.300,-498.863,-499.728,-498.863
7.662,-0.000,0.567,-0.379,45.002,2.805,21.715,-0.300,-0.084,-0.300,-498.863,-499.728,-498.863
7.667,-0.000,0.567,-0.379,45.002,2.805,21.716,-0.300,-0.084,-0.300,-498.863,-499.728,-498.863
7.671,-0.000,0.567,-0.379,45.002,2.805,21.716,-0.300,-0.084,-0.300,-498.863,-499.728,-498.863
7.675,-0.000,0.567,-0.379,45.002,2.805,21.716,-0.300,-0.084,-0.300,-498.863,-499.728,-498.863
7.679,-0.000,0.567,-0.379,45.002,2.805,21.716,-0.300,-0.084,-0.300,-498.863,-499.728,-498.863
7.683,-0.000,0.567,-0.379,45.002,2.805,21.716,-0.300,-0.084,-0.300,-498.863,-499.728,-498.863
7.688,-0.000,0.567,-0.379,45.002,2.805,21.716,-0.300,-0.084,-0.300,-498.863,-499.728,-498.863
7.692,-0.000,0.567,-0.379,45.002,2.805,21.716,-0.300,-0.084,-0.300,-498.863,-499.728,-498.863
7.696,-0.000,0.567,-0.379,45.002,2.805,21.716,-0.300,-0.084,-0.300,-498.863,-499.728,-498.863
7.700,-0.000,0.567,-0.379,45.002,2.805,21.716,-0.300,-0.084,-0.300,-498.863,-499.728,-498.863
7.704,-0.000,0.567,-0.379,45.002,2.805,21.716,-0.300,-0.084,-0.300,-498.863,-499.728,-498.863
7.708,-0.000,0.567,-0.379,45.002,2.805,21.716,-0.300,-0.084,-0.300,-498.863,-499.728,-498.863
7.712,-0.000,0.567,-0.379,45.002,2.805,21.716,-0.300,-0.084,-0.300,-498.863,-499.728,-498.863
7.717,-0.000,0.567,-0.379,45.002,2.805,21.716,-0.300,-0.084,-0.300,-498.863,-499.728,-498.863
7.721,-0.000,0.567,-0.379,45.002,2.805,21.716,-0.300,-0.084,-0.300,-498.863,-499.728,-498.863
7.725,-0.000,0.567,-0.379,45.002,2.805,21.716,-0.300,-0.084,-0.300,-498.863,-499.728,-498.863
7.729,-0.000,0.567,-0.379,45.002,2.805,21.716,-0.300,-0.084,-0.300,-498.863,-499.728,-498.863
7.733,-0.000,0.567,-0.379,45.002,2.805,21.716,-0.300,-0.084,-0.300,-498.863,-499.728,-498.863
7.737,-0.000,0.567,-0.379,45.002,2.805,21.716,-0.300,-0.084,-0.300,-498.863,-499.728,-498.863
7.742,-0.000,0.567,-0.379,45.002,2.805,21.716,-0.300,-0.084,-0.300,-498.863,-499.728,-498.863
7.746,-0.000,0.567,-0.379,45.002,2.805,21.716,-0.300,-0.084,-0.300,-498.863,-499.728,-498.863
7.750,-0.000,0.567,-0.379,45.002,2.805,21.716,-0.300,-0.084,-0.300,-498.863,-499.728,-498.863
7.754,-0.000,0.567,-0.379,45.002,2.805,21.716,-0.300,-0.084,-0.300,-498.863,-499.728,-498.863
7.758,-0.000,0.567,-0.379,45.002,2.805,21.716,-0.300,-0.084,-0.300,-498.863,-499.728,-498.863
7.763,-0.000,0.567,-0.379,45.002,2.805,21.717,-0.300,-0.084,-0.300,-498.863,-499.728,-498.863
7.767,-0.000,0.567,-0.379,45.002,2.805,21.717,-0.300,-0.084,-0.300,-498.863,-499.728,-498.863
7.771,-0.000,0.567,-0.379,45.002,2.805,21.717,-0.300,-0.084,-0.300,-498.863,-499.728,-498.863
7.775,-0.000,0.567,-0.379,45.002,2.805,21.717,-0.300,-0.084,-0.300,-498.863,-499.728,-498.863
7.779,-0.000,0.567,-0.379,45.002,2.805,21.717,-0.300,-0.084,-0.300,-498.863,-499.728,-498.863
7.783,-0.000,0.567,-0.379,45.002,2.805,21.717,-0.300,-0.084,-0.300,-498.863,-499.728,-498.863
7.787,-0.000,0.567,-0.379,45.002,2.805,21.717,-0.300,-0.084,-0.300,-498.863,-499.728,-498.863
7.792,-0.000,0.567,-0.379,45.002,2.805,21.717,-0.300,-0.084,-0.300,-498.863,-499.728,-498.863
7.796,-0.000,0.567,-0.379,45.002,2.805,21.717,-0.300,-0.084,-0.300,-498.863,-499.728,-498.863
7.800,-0.000,0.567,-0.379,45.002,2.805,21.717,-0.300,-0.084,-0.300,-498.863,-499.728,-498.863
7.804,-0.000,0.567,-0.379,45.002,2.805,21.717,-0.300,-0.084,-0.300,-498.863,-499.728,-498.863
7.808,-0.000,0.567,-0.379,45.002,2.805,21.717,-0.300,-0.084,-0.300,-498.863,-499.728,-498.863
7.812,-0.000,0.567,-0.379,45.002,2.805,21.717,-0.300,-0.084,-0.300,-498.863,-499.728,-498.863
7.817,-0.000,0.567,-0.379,45.002,2.805,21.717,-0.300,-0.084,-0.300,-498.863,-499.728,-498.863
7.821,-0.000,0.567,-0.379,45.002,2.805,21.717,-0.300,-0.084,-0.300,-498.863,-499.728,-498.863
7.825,-0.000,0.567,-0.379,45.002,2.805,21.717,-0.300,-0.084,-0.300,-498.863,-499.728,-498.863
7.829,-0.000,0.567,-0.379,45.002,2.805,21.717,-0.300,-0.084,-0.300,-498.863,-499.728,-498.863
7.833,-0.000,0.567,-0.379,45.002,2.805,21.717,-0.300,-0.084,-0.300,-498.863,-499.728,-498.863
7.837,-0.000,0.567,-0.379,45.002,2.805,21.717,-0.300,-0.084,-0.300,-498.863,-499.728,-498.863
7.842,-0.000,0.567,-0.379,45.002,2.805,21.717,-0.300,-0.084,-0.300,-498.863,-499.728,-498.863
7.846,-0.000,0.567,-0.379,45.002,2.805,21.717,-0.300,-0.084,-0.300,-498.863,-499.728,-498.863
7.850,-0.000,0.567,-0.379,45.002,2.805,21.717,-0.300,-0.084,-0.300,-498.863,-499.728,-498.863
7.854,-0.000,0.567,-0.379,45.002,2.805,21.718,-0.300,-0.084,-0.300,-498.863,-499.728,-498.863
7.858,-0.000,0.567,-0.379,45.002,2.805,21.718,-0.300,-0.084,-0.300,-498.863,-499.728,-498.863
7.862,-0.000,0.567,-0.379,45.002,2.805,21.718,-0.300,-0.084,-0.300,-498.863,-499.728,-498.863
7.867,-0.000,0.567,-0.379,45.002,2.805,21.718,-0.300,-0.084,-0.300,-498.863,-499.728,-498.863
7.871,-0.000,0.567,-0.379,45.002,2.805,21.718,-0.300,-0.084,-0.300,-498.863,-499.728,-498.863
7.875,-0.000,0.567,-0.379,45.002,2.805,21.718,-0.300,-0.084,-0.300,-498.863,-499.728,-498.863
7.879,-0.000,0.567,-0.379,45.002,2.805,21.718,-0.300,-0.084,-0.300,-498.863,-499.728,-498.863
7.883,-0.000,0.567,-0.379,45.002,2.805,21.718,-0.300,-0.084,-0.300,-498.863,-499.728,-498.863
7.888,-0.000,0.567,-0.379,45.002,2.805,21.718,-0.300,-0.084,-0.300,-498.863,-499.728,-498.863
7.892,-0.000,0.567,-0.379,45.002,2.805,21.718,-0.300,-0.084,-0.300,-498.863,-499.728,-498.863
7.896,-0.000,0.567,-0.379,45.002,2.805,21.718,-0.300,-0.084,-0.300,-498.863,-499.728,-498.863
7.900,-0.000,0.567,-0.379,45.002,2.805,21.718,-0.300,-0.084,-0.300,-498.863,-499.728,-498.863
7.904,-0.000,0.567,-0.379,45.002,2.805,21.718,-0.300,-0.084,-0.300,-498.863,-499.728,-498.863
7.908,-0.000,0.567,-0.379,45.002,2.805,21.718,-0.300,-0.084,-0.300,-498.863,-499.728,-498.863
7.912,-0.000,0.567,-0.379,45.002,2.805,21.718,-0.300,-0.084,-0.300,-498.863,-499.728,-498.863
7.917,-0.000,0.567,-0.379,45.002,2.805,21.718,-0.300,-0.084,-0.300,-498.863,-499.728,-498.863
7.921,-0.000,0.567,-0.379,45.002,2.805,21.718,-0.300,-0.084,-0.300,-498.863,-499.728,-498.863
7.925,-0.000,0.567,-0.379,45.002,2.805,21.718,-0.300,-0.084,-0.300,-498.863,-499.728,-498.863
7.929,-0.000,0.567,-0.379,45.002,2.805,21.718,-0.300,-0.084,-0.300,-498.863,-499.728,-498.863
7.933,-0.000,0.567,-0.379,45.002,2.805,21.718,-0.300,-0.084,-0.300,-498.863,-499.728,-498.863
7.938,-0.000,0.567,-0.379,45.002,2.805,21.718,-0.300,-0.084,-0.300,-498.863,-499.728,-498.863
7.942,-0.000,0.567,-0.379,45.002,2.805,21.718,-0.300,-0.084,-0.300,-498.863,-499.728,-498.863
7.946,-0.000,0.567,-0.379,45.002,2.805,21.718,-0.300,-0.084,-0.300,-498.863,-499.728,-498.863
7.950,-0.000,0.567,-0.379,45.002,2.805,21.719,-0.300,-0.084,-0.300,-498.863,-499.728,-498.863
7.954,-0.000,0.567,-0.379,45.002,2.805,21.719,-0.300,-0.084,-0.300,-498.863,-499.728,-498.863
7.958,-0.000,0.567,-0.379,45.002,2.805,21.719,-0.300,-0.084,-0.300,-498.863,-499.728,-498.863
7.962,-0.000,0.567,-0.379,45.002,2.805,21.719,-0.300,-0.084,-0.300,-498.863,-499.728,-498.863
7.967,-0.000,0.567,-0.379,45.002,2.805,21.719,-0.300,-0.084,-0.300,-498.863,-499.728,-498.863
7.971,-0.000,0.567,-0.379,45.002,2.805,21.719,-0.300,-0.084,-0.300,-498.863,-499.728,-498.863
7.975,-0.000,0.567,-0.379,45.002,2.805,21.719,-0.300,-0.084,-0.300,-498.863,-499.728,-498.863
7.979,-0.000,0.567,-0.379,45.002,2.805,21.719,-0.300,-0.084,-0.300,-498.863,-499.728,-498.863
7.983,-0.000,0.567,-0.379,45.002,2.805,21.719,-0.300,-0.084,-0.300,-498.863,-499.728,-498.863
7.987,-0.000,0.567,-0.379,45.002,2.805,21.719,-0.300,-0.084,-0.300,-498.863,-499.728,-498.863
7.992,-0.000,0.567,-0.379,45.002,2.805,21.719,-0.300,-0.084,-0.300,-498.863,-499.728,-498.863
7.996,-0.000,0.567,-0.379,45.002,2.805,21.719,-0.300,-0.084,-0.300,-498.863,-499.728,-498.863
8.000,-0.000,0.567,-0.379,45.002,2.805,21.719,-0.300,-0.084,-0.300,-498.863,-499.728,-498.863
8.004,-0.000,0.567,-0.379,45.002,2.805,21.719,-0.300,-0.084,-0.300,-498.863,-499.728,-498.863
8.008,-0.000,0.567,-0.379,45.002,2.805,21.719,-0.300,-0.084,-0.300,-498.863,-499.728,-498.863
8.012,-0.000,0.567,-0.379,45.002,2.805,21.719,-0.300,-0.084,-0.300,-498.863,-499.728,-498.863
8.017,-0.000,0.567,-0.379,45.002,2.805,21.719,-0.300,-0.084,-0.300,-498.863,-499.728,-498.863
8.021,-0.000,0.567,-0.379,45.002,2.805,21.719,-0.300,-0.084,-0.300,-498.863,-499.728,-498.863
8.025,-0.000,0.567,-0.379,45.002,2.805,21.719,-0.300,-0.084,-0.300,-498.863,-499.728,-498.863
8.029,-0.000,0.567,-0.379,45.002,2.805,21.719,-0.300,-0.084,-0.300,-498.863,-499.728,-498.863
8.033,-0.000,0.567,-0.379,45.002,2.805,21.719,-0.300,-0.084,-0.300,-498.863,-499.728,-498.863
8.037,-0.000,0.567,-0.379,45.002,2.805,21.719,-0.300,-0.084,-0.300,-498.863,-499.728,-498.863
8.042,-0.000,0.567,-0.379,45.002,2.805,21.719,-0.300,-0.084,-0.300,-498.863,-499.728,-498.863
8.046,-0.000,0.567,-0.379,45.002,2.805,21.720,-0.300,-0.084,-0.300,-498.863,-499.728,-498.863
8.050,-0.000,0.567,-0.379,45.002,2.805,21.720,-0.300,-0.084,-0.300,-498.863,-499.728,-498.863
8.054,-0.000,0.567,-0.379,45.002,2.805,21.720,-0.300,-0.084,-0.300,-498.863,-499.728,-498.863
8.058,-0.000,0.567,-0.379,45.002,2.805,21.720,-0.300,-0.084,-0.300,-498.863,-499.728,-498.863
8.062,-0.000,0.567,-0.379,45.002,2.805,21.720,-0.300,-0.084,-0.300,-498.863,-499.728,-498.863
8.067,-0.000,0.567,-0.379,45.002,2.805,21.720,-0.300,-0.084,-0.300,-498.863,-499.728,-498.863
8.071,-0.000,0.567,-0.379,45.002,2.805,21.720,-0.300,-0.084,-0.300,-498.863,-499.728,-498.863
8.075,-0.000,0.567,-0.379,45.002,2.805,21.720,-0.300,-0.084,-0.300,-498.863,-499.728,-498.863
8.079,-0.000,0.567,-0.379,45.002,2.805,21.720,-0.300,-0.084,-0.300,-498.863,-499.728,-498.863
8.083,-0.000,0.567,-0.379,45.002,2.805,21.720,-0.300,-0.084,-0.300,-498.863,-499.728,-498.863
8.088,-0.000,0.567,-0.379,45.002,2.805,21.720,-0.300,-0.084,-0.300,-498.863,-499.728,-498.863
8.092,-0.000,0.567,-0.379,45.002,2.805,21.720,-0.300,-0.084,-0.300,-498.863,-499.728,-498.863
8.096,-0.000,0.567,-0.379,45.002,2.805,21.720,-0.300,-0.084,-0.300,-498.863,-499.728,-498.863
8.100,-0.000,0.567,-0.379,45.002,2.805,21.720,-0.300,-0.084,-0.300,-498.863,-499.728,-498.863
8.104,-0.000,0.567,-0.379,45.002,2.805,21.720,-0.300,-0.084,-0.300,-498.863,-499.728,-498.863
8.108,-0.000,0.567,-0.379,45.002,2.805,21.720,-0.300,-0.084,-0.300,-498.863,-499.728,-498.863
8.113,-0.000,0.567,-0.379,45.002,2.805,21.720,-0.300,-0.084,-0.300,-498.863,-499.728,-498.863
8.117,-0.000,0.567,-0.379,45.002,2.805,21.720,-0.300,-0.084,-0.300,-498.863,-499.728,-498.863
8.121,-0.000,0.567,-0.379,45.002,2.805,21.720,-0.300,-0.084,-0.300,-498.863,-499.728,-498.863
8.125,-0.000,0.567,-0.379,45.002,2.805,21.720,-0.300,-0.084,-0.300,-498.863,-499.728,-498.863
8.129,-0.000,0.567,-0.379,45.002,2.805,21.720,-0.300,-0.084,-0.300,-498.863,-499.728,-498.863
8.133,-0.000,0.567,-0.379,45.002,2.805,21.720,-0.300,-0.084,-0.300,-498.863,-499.728,-498.863
8.137,-0.000,0.567,-0.379,45.002,2.805,21.721,-0.300,-0.084,-0.300,-498.863,-499.728,-498.863
8.142,-0.000,0.567,-0.379,45.002,2.805,21.721,-0.300,-0.084,-0.300,-498.863,-499.728,-498.863
8.146,-0.000,0.567,-0.379,45.002,2.805,21.721,-0.300,-0.084,-0.300,-498.863,-499.728,-498.863
8.150,-0.000,0.567,-0.379,45.002,2.805,21.721,-0.300,-0.084,-0.300,-498.863,-499.728,-498.863
8.154,-0.000,0.567,-0.379,45.002,2.805,21.721,-0.300,-0.084,-0.300,-498.863,-499.728,-498.863
8.158,-0.000,0.567,-0.379,45.002,2.805,21.721,-0.300,-0.084,-0.300,-498.863,-499.728,-498.863
8.162,-0.000,0.567,-0.379,45.002,2.805,21.721,-0.300,-0.084,-0.300,-498.863,-499.728,-498.863
8.167,-0.000,0.567,-0.379,45.002,2.805,21.721,-0.300,-0.084,-0.300,-498.863,-499.728,-498.863
8.171,-0.000,0.567,-0.379,45.002,2.805,21.721,-0.300,-0.084,-0.300,-498.863,-499.728,-498.863
8.175,-0.000,0.567,-0.379,45.002,2.805,21.721,-0.300,-0.084,-0.300,-498.863,-499.728,-498.863
8.179,-0.000,0.567,-0.379,45.002,2.805,21.721,-0.300,-0.084,-0.300,-498.863,-499.728,-498.863
8.183,-0.000,0.567,-0.379,45.002,2.805,21.721,-0.300,-0.084,-0.300,-498.863,-499.728,-498.863
8.188,-0.000,0.567,-0.379,45.002,2.805,21.721,-0.300,-0.084,-0.300,-498.863,-499.728,-498.863
8.192,-0.000,0.567,-0.379,45.002,2.805,21.721,-0.300,-0.084,-0.300,-498.863,-499.728,-498.863
8.196,-0.000,0.567,-0.379,45.002,2.805,21.721,-0.300,-0.084,-0.300,-498.863,-499.728,-498.863
8.200,-0.000,0.567,-0.379,45.002,2.805,21.721,-0.300,-0.084,-0.300,-498.863,-499.728,-498.863
8.204,-0.000,0.567,-0.379,45.002,2.805,21.721,-0.300,-0.084,-0.300,-498.863,-499.728,-498.863
8.208,-0.000,0.567,-0.379,45.002,2.805,21.721,-0.300,-0.084,-0.300,-498.863,-499.728,-498.863
8.213,-0.000,0.567,-0.379,45.002,2.805,21.721,-0.300,-0.084,-0.300,-498.863,-499.728,-498.863
8.217,-0.000,0.567,-0.379,45.002,2.805,21.721,-0.300,-0.084,-0.300,-498.863,-499.728,-498.863
8.221,-0.000,0.567,-0.379,45.002,2.805,21.721,-0.300,-0.084,-0.300,-498.863,-499.728,-498.863
8.225,-0.000,0.567,-0.379,45.002,2.805,21.721,-0.300,-0.084,-0.300,-498.863,-499.728,-498.863
8.229,-0.000,0.567,-0.379,45.002,2.805,21.721,-0.300,-0.084,-0.300,-498.863,-499.728,-498.863
8.233,-0.000,0.567,-0.379,45.002,2.805,21.722,-0.300,-0.084,-0.300,-498.863,-499.728,-498.863
8.238,-0.000,0.567,-0.379,45.002,2.805,21.722,-0.300,-0.084,-0.300,-498.863,-499.728,-498.863
8.242,-0.000,0.567,-0.379,45.002,2.805,21.722,-0.300,-0.084,-0.300,-498.863,-499.728,-498.863
8.246,-0.000,0.567,-0.379,45.002,2.805,21.722,-0.300,-0.084,-0.300,-498.863,-499.728,-498.863
8.250,-0.000,0.567,-0.379,45.002,2.805,21.722,-0.300,-0.084,-0.300,-498.863,-499.728,-498.863
8.254,-0.000,0.567,-0.379,45.002,2.805,21.722,-0.300,-0.084,-0.300,-498.863,-499.728,-498.863
8.258,-0.000,0.567,-0.379,45.002,2.805,21.722,-0.300,-0.084,-0.300,-498.863,-499.728,-498.863
8.262,-0.000,0.567,-0.379,45.002,2.805,21.722,-0.300,-0.084,-0.300,-498.863,-499.728,-498.863
8.267,-0.000,0.567,-0.379,45.002,2.805,21.722,-0.300,-0.084,-0.300,-498.863,-499.728,-498.863
8.271,-0.000,0.567,-0.379,45.002,2.805,21.722,-0.300,-0.084,-0.300,-498.863,-499.728,-498.863
8.275,-0.000,0.567,-0.379,45.002,2.805,21.722,-0.300,-0.084,-0.300,-498.863,-499.728,-498.863
8.279,-0.000,0.567,-0.379,45.002,2.805,21.722,-0.300,-0.084,-0.300,-498.863,-499.728,-498.863
8.283,-0.000,0.567,-0.379,45.002,2.805,21.722,-0.300,-0.084,-0.300,-498.863,-499.728,-498.863
8.287,-0.000,0.567,-0.379,45.002,2.805,21.722,-0.300,-0.084,-0.300,-498.863,-499.728,-498.863
8.292,-0.000,0.567,-0.379,45.002,2.805,21.722,-0.300,-0.084,-0.300,-498.863,-499.728,-498.863
8.296,-0.000,0.567,-0.379,45.002,2.805,21.722,-0.300,-0.084,-0.300,-498.863,-499.728,-498.863
8.300,-0.000,0.567,-0.379,45.002,2.805,21.722,-0.300,-0.084,-0.300,-498.863,-499.728,-498.863
8.304,-0.000,0.567,-0.379,45.002,2.805,21.722,-0.300,-0.084,-0.300,-498.863,-499.728,-498.863
8.308,-0.000,0.567,-0.379,45.002,2.805,21.722,-0.300,-0.084,-0.300,-498.863,-499.728,-498.863
8.312,-0.000,0.567,-0.379,45.002,2.805,21.722,-0.300,-0.084,-0.300,-498.863,-499.728,-498.863
8.317,-0.000,0.567,-0.379,45.002,2.805,21.722,-0.300,-0.084,-0.300,-498.863,-499.728,-498.863
8.321,-0.000,0.567,-0.379,45.002,2.805,21.722,-0.300,-0.084,-0.300,-498.863,-499.728,-498.863
8.325,-0.000,0.567,-0.379,45.002,2.805,21.723,-0.300,-0.084,-0.300,-498.863,-499.728,-498.863
8.329,-0.000,0.567,-0.379,45.002,2.805,21.723,-0.300,-0.084,-0.300,-498.863,-499.728,-498.863
8.333,-0.000,0.567,-0.379,45.002,2.805,21.723,-0.300,-0.084,-0.300,-498.863,-499.728,-498.863
8.338,-0.000,0.567,-0.379,45.002,2.805,21.723,-0.300,-0.084,-0.300,-498.863,-499.728,-498.863
8.342,-0.000,0.567,-0.379,45.002,2.805,21.723,-0.300,-0.084,-0.300,-498.863,-499.728,-498.863
8.346,-0.000,0.567,-0.379,45.002,2.805,21.723,-0.300,-0.084,-0.300,-498.863,-499.728,-498.863
8.350,-0.000,0.567,-0.379,45.002,2.805,21.723,-0.300,-0.084,-0.300,-498.863,-499.728,-498.863
8.354,-0.000,0.567,-0.379,45.002,2.805,21.723,-0.300,-0.084,-0.300,-498.863,-499.728,-498.863
8.358,-0.000,0.567,-0.379,45.002,2.805,21.723,-0.300,-0.084,-0.300,-498.863,-499.728,-498.863
8.363,-0.000,0.567,-0.379,45.002,2.805,21.723,-0.300,-0.084,-0.300,-498.863,-499.728,-498.863
8.367,-0.000,0.567,-0.379,45.002,2.805,21.723,-0.300,-0.084,-0.300,-498.863,-499.728,-498.863
8.371,-0.000,0.567,-0.379,45.002,2.805,21.723,-0.300,-0.084,-0.300,-498.863,-499.728,-498.863
8.375,-0.000,0.567,-0.379,45.002,2.805,21.723,-0.300,-0.084,-0.300,-498.863,-499.728,-498.863
8.379,-0.000,0.567,-0.379,45.002,2.805,21.723,-0.300,-0.084,-0.300,-498.863,-499.728,-498.863
8.383,-0.000,0.567,-0.379,45.002,2.805,21.723,-0.300,-0.084,-0.300,-498.863,-499.728,-498.863
8.387,-0.000,0.567,-0.379,45.002,2.805,21.723,-0.300,-0.084,-0.300,-498.863,-499.728,-498.863
8.392,-0.000,0.567,-0.379,45.002,2.805,21.723,-0.300,-0.084,-0.300,-498.863,-499.728,-498.863
8.396,-0.000,0.567,-0.379,45.002,2.805,21.723,-0.300,-0.084,-0.300,-498.863,-499.728,-498.863
8.400,-0.000,0.567,-0.379,45.002,2.805,21.723,-0.300,-0.084,-0.300,-498.863,-499.728,-498.863
8.404,-0.000,0.567,-0.379,45.002,2.805,21.723,-0.300,-0.084,-0.300,-498.863,-499.728,-498.863
8.408,-0.000,0.567,-0.379,45.002,2.805,21.723,-0.300,-0.084,-0.300,-498.863,-499.728,-498.863
8.412,-0.000,0.567,-0.379,45.002,2.805,21.723,-0.300,-0.084,-0.300,-498.863,-499.728,-498.863
8.417,-0.000,0.567,-0.379,45.002,2.805,21.723,-0.300,-0.084,-0.300,-498.863,-499.728,-498.863
8.421,-0.000,0.567,-0.379,45.002,2.805,21.724,-0.300,-0.084,-0.300,-498.863,-499.728,-498.863
8.425,-0.000,0.567,-0.379,45.002,2.805,21.724,-0.300,-0.084,-0.300,-498.863,-499.728,-498.863
8.429,-0.000,0.567,-0.379,45.002,2.805,21.724,-0.300,-0.084,-0.300,-498.863,-499.728,-498.863
8.433,-0.000,0.567,-0.379,45.002,2.805,21.724,-0.300,-0.084,-0.300,-498.863,-499.728,-498.863
8.438,-0.000,0.567,-0.379,45.002,2.805,21.724,-0.300,-0.084,-0.300,-498.863,-499.728,-498.863
8.442,-0.000,0.567,-0.379,45.002,2.805,21.724,-0.300,-0.084,-0.300,-498.863,-499.728,-498.863
8.446,-0.000,0.567,-0.379,45.002,2.805,21.724,-0.300,-0.084,-0.300,-498.863,-499.728,-498.863
8.450,-0.000,0.567,-0.379,45.002,2.805,21.724,-0.300,-0.084,-0.300,-498.863,-499.728,-498.863
8.454,-0.000,0.567,-0.379,45.002,2.805,21.724,-0.300,-0.084,-0.300,-498.863,-499.728,-498.863
8.458,-0.000,0.567,-0.379,45.002,2.805,21.724,-0.300,-0.084,-0.300,-498.863,-499.728,-498.863
8.463,-0.000,0.567,-0.379,45.002,2.805,21.724,-0.300,-0.084,-0.300,-498.863,-499.728,-498.863
8.467,-0.000,0.567,-0.379,45.002,2.805,21.724,-0.300,-0.084,-0.300,-498.863,-499.728,-498.863
8.471,-0.000,0.567,-0.379,45.002,2.805,21.724,-0.300,-0.084,-0.300,-498.863,-499.728,-498.863
8.475,-0.000,0.567,-0.379,45.002,2.805,21.724,-0.300,-0.084,-0.300,-498.863,-499.728,-498.863
8.479,-0.000,0.567,-0.379,45.002,2.805,21.724,-0.300,-0.084,-0.300,-498.863,-499.728,-498.863
8.483,-0.000,0.567,-0.379,45.002,2.805,21.724,-0.300,-0.084,-0.300,-498.863,-499.728,-498.863
8.488,-0.000,0.567,-0.379,45.002,2.805,21.724,-0.300,-0.084,-0.300,-498.863,-499.728,-498.863
8.492,-0.000,0.567,-0.379,45.002,2.805,21.724,-0.300,-0.084,-0.300,-498.863,-499.728,-498.863
8.496,-0.000,0.567,-0.379,45.002,2.805,21.724,-0.300,-0.084,-0.300,-498.863,-499.728,-498.863
8.500,-0.000,0.567,-0.379,45.002,2.805,21.724,-0.300,-0.084,-0.300,-498.863,-499.728,-498.863
8.504,-0.000,0.567,-0.379,45.002,2.805,21.724,-0.300,-0.084,-0.300,-498.863,-499.728,-498.863
8.508,-0.000,0.567,-0.379,45.002,2.805,21.724,-0.300,-0.084,-0.300,-498.863,-499.728,-498.863
8.512,-0.000,0.567,-0.379,45.002,2.805,21.724,-0.300,-0.084,-0.300,-498.863,-499.728,-498.863
8.517,-0.000,0.567,-0.379,45.002,2.805,21.725,-0.300,-0.084,-0.300,-498.863,-499.728,-498.863
8.521,-0.000,0.567,-0.379,45.002,2.805,21.725,-0.300,-0.084,-0.300,-498.863,-499.728,-498.863
8.525,-0.000,0.567,-0.379,45.002,2.805,21.725,-0.300,-0.084,-0.300,-498.863,-499.728,-498.863
8.529,-0.000,0.567,-0.379,45.002,2.805,21.725,-0.300,-0.084,-0.300,-498.863,-499.728,-498.863
8.533,-0.000,0.567,-0.379,45.002,2.805,21.725,-0.300,-0.084,-0.300,-498.863,-499.728,-498.863
8.537,-0.000,0.567,-0.379,45.002,2.805,21.725,-0.300,-0.084,-0.300,-498.863,-499.728,-498.863
8.542,-0.000,0.567,-0.379,45.002,2.805,21.725,-0.300,-0.084,-0.300,-498.863,-499.728,-498.863
8.546,-0.000,0.567,-0.379,45.002,2.805,21.725,-0.300,-0.084,-0.300,-498.863,-499.728,-498.863
8.550,-0.000,0.567,-0.379,45.002,2.805,21.725,-0.300,-0.084,-0.300,-498.863,-499.728,-498.863
8.554,-0.000,0.567,-0.379,45.002,2.805,21.725,-0.300,-0.084,-0.300,-498.863,-499.728,-498.863
8.558,-0.000,0.567,-0.379,45.002,2.805,21.725,-0.300,-0.084,-0.300,-498.863,-499.728,-498.863
8.562,-0.000,0.567,-0.379,45.002,2.805,21.725,-0.300,-0.084,-0.300,-498.863,-499.728,-498.863
8.567,-0.000,0.567,-0.379,45.002,2.805,21.725,-0.300,-0.084,-0.300,-498.863,-499.728,-498.863
8.571,-0.000,0.567,-0.379,45.002,2.805,21.725,-0.300,-0.084,-0.300,-498.863,-499.728,-498.863
8.575,-0.000,0.567,-0.379,45.002,2.805,21.725,-0.300,-0.084,-0.300,-498.863,-499.728,-498.863
8.579,-0.000,0.567,-0.379,45.002,2.805,21.725,-0.300,-0.084,-0.300,-498.863,-499.728,-498.863
8.583,-0.000,0.567,-0.379,45.002,2.805,21.725,-0.300,-0.084,-0.300,-498.863,-499.728,-498.863
8.588,-0.000,0.567,-0.379,45.002,2.805,21.725,-0.300,-0.084,-0.300,-498.863,-499.728,-498.863
8.592,-0.000,0.567,-0.379,45.002,2.805,21.725,-0.300,-0.084,-0.300,-498.863,-499.728,-498.863
8.596,-0.000,0.567,-0.379,45.002,2.805,21.725,-0.300,-0.084,-0.300,-498.863,-499.728,-498.863
8.600,-0.000,0.567,-0.379,45.002,2.805,21.725,-0.300,-0.084,-0.300,-498.863,-499.728,-498.863
8.604,-0.000,0.567,-0.379,45.002,2.805,21.725,-0.300,-0.084,-0.300,-498.863,-499.728,-498.863
8.608,-0.000,0.567,-0.379,45.002,2.805,21.726,-0.300,-0.084,-0.300,-498.863,-499.728,-498.863
8.613,-0.000,0.567,-0.379,45.002,2.805,21.726,-0.300,-0.084,-0.300,-498.863,-499.728,-498.863
8.617,-0.000,0.567,-0.379,45.002,2.805,21.726,-0.300,-0.084,-0.300,-498.863,-499.728,-498.863
8.621,-0.000,0.567,-0.379,45.002,2.805,21.726,-0.300,-0.084,-0.300,-498.863,-499.728,-498.863
8.625,-0.000,0.567,-0.379,45.002,2.805,21.726,-0.300,-0.084,-0.300,-498.863,-499.728,-498.863
8.629,-0.000,0.567,-0.379,45.002,2.805,21.726,-0.300,-0.084,-0.300,-498.863,-499.728,-498.863
8.633,-0.000,0.567,-0.379,45.002,2.805,21.726,-0.300,-0.084,-0.300,-498.863,-499.728,-498.863
8.637,-0.000,0.567,-0.379,45.002,2.805,21.726,-0.300,-0.084,-0.300,-498.863,-499.728,-498.863
8.642,-0.000,0.567,-0.379,45.002,2.805,21.726,-0.300,-0.084,-0.300,-498.863,-499.728,-498.863
8.646,-0.000,0.567,-0.379,45.002,2.805,21.726,-0.300,-0.084,-0.300,-498.863,-499.728,-498.863
8.650,-0.000,0.567,-0.379,45.002,2.805,21.726,-0.300,-0.084,-0.300,-498.863,-499.728,-498.863
8.654,-0.000,0.567,-0.379,45.002,2.805,21.726,-0.300,-0.084,-0.300,-498.863,-499.728,-498.863
8.658,-0.000,0.567,-0.379,45.002,2.805,21.726,-0.300,-0.084,-0.300,-498.863,-499.728,-498.863
8.662,-0.000,0.567,-0.379,45.002,2.805,21.726,-0.300,-0.084,-0.300,-498.863,-499.728,-498.863
8.667,-0.000,0.567,-0.379,45.002,2.805,21.726,-0.300,-0.084,-0.300,-498.863,-499.728,-498.863
8.671,-0.000,0.567,-0.379,45.002,2.805,21.726,-0.300,-0.084,-0.300,-498.863,-499.728,-498.863
8.675,-0.000,0.567,-0.379,45.002,2.805,21.726,-0.300,-0.084,-0.300,-498.863,-499.728,-498.863
8.679,-0.000,0.567,-0.379,45.002,2.805,21.726,-0.300,-0.084,-0.300,-498.863,-499.728,-498.863
8.683,-0.000,0.567,-0.379,45.002,2.805,21.726,-0.300,-0.084,-0.300,-498.863,-499.728,-498.863
8.688,-0.000,0.567,-0.379,45.002,2.805,21.726,-0.300,-0.084,-0.300,-498.863,-499.728,-498.863
8.692,-0.000,0.567,-0.379,45.002,2.805,21.726,-0.300,-0.084,-0.300,-498.863,-499.728,-498.863
8.696,-0.000,0.567,-0.379,45.002,2.805,21.726,-0.300,-0.084,-0.300,-498.863,-499.728,-498.863
8.700,-0.000,0.567,-0.379,45.002,2.805,21.726,-0.300,-0.084,-0.300,-498.863,-499.728,-498.863
8.704,-0.000,0.567,-0.379,45.002,2.805,21.727,-0.300,-0.084,-0.300,-498.863,-499.728,-498.863
8.708,-0.000,0.567,-0.379,45.002,2.805,21.727,-0.300,-0.084,-0.300,-498.863,-499.728,-498.863
8.713,-0.000,0.567,-0.379,45.002,2.805,21.727,-0.300,-0.084,-0.300,-498.863,-499.728,-498.863
8.717,-0.000,0.567,-0.379,45.002,2.805,21.727,-0.300,-0.084,-0.300,-498.863,-499.728,-498.863
8.721,-0.000,0.567,-0.379,45.002,2.805,21.727,-0.300,-0.084,-0.300,-498.863,-499.728,-498.863
8.725,-0.000,0.567,-0.379,45.002,2.805,21.727,-0.300,-0.084,-0.300,-498.863,-499.728,-498.863
8.729,-0.000,0.567,-0.379,45.002,2.805,21.727,-0.300,-0.084,-0.300,-498.863,-499.728,-498.863
8.733,-0.000,0.567,-0.379,45.002,2.805,21.727,-0.300,-0.084,-0.300,-498.863,-499.728,-498.863
8.738,-0.000,0.567,-0.379,45.002,2.805,21.727,-0.300,-0.084,-0.300,-498.863,-499.728,-498.863
8.742,-0.000,0.567,-0.379,45.002,2.805,21.727,-0.300,-0.084,-0.300,-498.863,-499.728,-498.863
8.746,-0.000,0.567,-0.379,45.002,2.805,21.727,-0.300,-0.084,-0.300,-498.863,-499.728,-498.863
8.750,-0.000,0.567,-0.379,45.002,2.805,21.727,-0.300,-0.084,-0.300,-498.863,-499.728,-498.863
8.754,-0.000,0.567,-0.379,45.002,2.805,21.727,-0.300,-0.084,-0.300,-498.863,-499.728,-498.863
8.758,-0.000,0.567,-0.379,45.002,2.805,21.727,-0.300,-0.084,-0.300,-498.863,-499.728,-498.863
8.762,-0.000,0.567,-0.379,45.002,2.805,21.727,-0.300,-0.084,-0.300,-498.863,-499.728,-498.863
8.767,-0.000,0.567,-0.379,45.002,2.805,21.727,-0.300,-0.084,-0.300,-498.863,-499.728,-498.863
8.771,-0.000,0.567,-0.379,45.002,2.805,21.727,-0.300,-0.084,-0.300,-498.863,-499.728,-498.863
8.775,-0.000,0.567,-0.379,45.002,2.805,21.727,-0.300,-0.084,-0.300,-498.863,-499.728,-498.863
8.779,-0.000,0.567,-0.379,45.002,2.805,21.727,-0.300,-0.084,-0.300,-498.863,-499.728,-498.863
8.783,-0.000,0.567,-0.379,45.002,2.805,21.727,-0.300,-0.084,-0.300,-498.863,-499.728,-498.863
8.787,-0.000,0.567,-0.379,45.002,2.805,21.727,-0.300,-0.084,-0.300,-498.863,-499.728,-498.863
8.792,-0.000,0.567,-0.379,45.002,2.805,21.727,-0.300,-0.084,-0.300,-498.863,-499.728,-498.863
8.796,-0.000,0.567,-0.379,45.002,2.805,21.728,-0.300,-0.084,-0.300,-498.863,-499.728,-498.863
8.800,-0.000,0.567,-0.379,45.002,2.805,21.728,-0.300,-0.084,-0.300,-498.863,-499.728,-498.863
8.804,-0.000,0.567,-0.379,45.002,2.805,21.728,-0.300,-0.084,-0.300,-498.863,-499.728,-498.863
8.808,-0.000,0.567,-0.379,45.002,2.805,21.728,-0.300,-0.084,-0.300,-498.863,-499.728,-498.863
8.812,-0.000,0.567,-0.379,45.002,2.805,21.728,-0.300,-0.084,-0.300,-498.863,-499.728,-498.863
8.817,-0.000,0.567,-0.379,45.002,2.805,21.728,-0.300,-0.084,-0.300,-498.863,-499.728,-498.863
8.821,-0.000,0.567,-0.379,45.002,2.805,21.728,-0.300,-0.084,-0.300,-498.863,-499.728,-498.863
8.825,-0.000,0.567,-0.379,45.002,2.805,21.728,-0.300,-0.084,-0.300,-498.863,-499.728,-498.863
8.829,-0.000,0.567,-0.379,45.002,2.805,21.728,-0.300,-0.084,-0.300,-498.863,-499.728,-498.863
8.833,-0.000,0.567,-0.379,45.002,2.805,21.728,-0.300,-0.084,-0.300,-498.863,-499.728,-498.863
8.838,-0.000,0.567,-0.379,45.002,2.805,21.728,-0.300,-0.084,-0.300,-498.863,-499.728,-498.863
8.842,-0.000,0.567,-0.379,45.002,2.805,21.728,-0.300,-0.084,-0.300,-498.863,-499.728,-498.863
8.846,-0.000,0.567,-0.379,45.002,2.805,21.728,-0.300,-0.084,-0.300,-498.863,-499.728,-498.863
8.850,-0.000,0.567,-0.379,45.002,2.805,21.728,-0.300,-0.084,-0.300,-498.863,-499.728,-498.863
8.854,-0.000,0.567,-0.379,45.002,2.805,21.728,-0.300,-0.084,-0.300,-498.863,-499.728,-498.863
8.858,-0.000,0.567,-0.379,45.002,2.805,21.728,-0.300,-0.084,-0.300,-498.863,-499.728,-498.863
8.863,-0.000,0.567,-0.379,45.002,2.805,21.728,-0.300,-0.084,-0.300,-498.863,-499.728,-498.863
8.867,-0.000,0.567,-0.379,45.002,2.805,21.728,-0.300,-0.084,-0.300,-498.863,-499.728,-498.863
8.871,-0.000,0.567,-0.379,45.002,2.805,21.728,-0.300,-0.084,-0.300,-498.863,-499.728,-498.863
8.875,-0.000,0.567,-0.379,45.002,2.805,21.728,-0.300,-0.084,-0.300,-498.863,-499.728,-498.863
8.879,-0.000,0.567,-0.379,45.002,2.805,21.728,-0.300,-0.084,-0.300,-498.863,-499.728,-498.863
8.883,-0.000,0.567,-0.379,45.002,2.805,21.728,-0.300,-0.084,-0.300,-498.863,-499.728,-498.863
8.887,-0.000,0.567,-0.379,45.002,2.805,21.728,-0.300,-0.084,-0.300,-498.863,-499.728,-498.863
8.892,-0.000,0.567,-0.379,45.002,2.805,21.729,-0.300,-0.084,-0.300,-498.863,-499.728,-498.863
8.896,-0.000,0.567,-0.379,45.002,2.805,21.729,-0.300,-0.084,-0.300,-498.863,-499.728,-498.863
8.900,-0.000,0.567,-0.379,45.002,2.805,21.729,-0.300,-0.084,-0.300,-498.863,-499.728,-498.863
8.904,-0.000,0.567,-0.379,45.002,2.805,21.729,-0.300,-0.084,-0.300,-498.863,-499.728,-498.863
8.908,-0.000,0.567,-0.379,45.002,2.805,21.729,-0.300,-0.084,-0.300,-498.863,-499.728,-498.863
8.912,-0.000,0.567,-0.379,45.002,2.805,21.729,-0.300,-0.084,-0.300,-498.863,-499.728,-498.863
8.917,-0.000,0.567,-0.379,45.002,2.805,21.729,-0.300,-0.084,-0.300,-498.863,-499.728,-498.863
8.921,-0.000,0.567,-0.379,45.002,2.805,21.729,-0.300,-0.084,-0.300,-498.863,-499.728,-498.863
8.925,-0.000,0.567,-0.379,45.002,2.805,21.729,-0.300,-0.084,-0.300,-498.863,-499.728,-498.863
8.929,-0.000,0.567,-0.379,45.002,2.805,21.729,-0.300,-0.084,-0.300,-498.863,-499.728,-498.863
8.933,-0.000,0.567,-0.379,45.002,2.805,21.729,-0.300,-0.084,-0.300,-498.863,-499.728,-498.863
8.938,-0.000,0.567,-0.379,45.002,2.805,21.729,-0.300,-0.084,-0.300,-498.863,-499.728,-498.863
8.942,-0.000,0.567,-0.379,45.002,2.805,21.729,-0.300,-0.084,-0.300,-498.863,-499.728,-498.863
8.946,-0.000,0.567,-0.379,45.002,2.805,21.729,-0.300,-0.084,-0.300,-498.863,-499.728,-498.863
8.950,-0.000,0.567,-0.379,45.002,2.805,21.729,-0.300,-0.084,-0.300,-498.863,-499.728,-498.863
8.954,-0.000,0.567,-0.379,45.002,2.805,21.729,-0.300,-0.084,-0.300,-498.863,-499.728,-498.863
8.958,-0.000,0.567,-0.379,45.002,2.805,21.729,-0.300,-0.084,-0.300,-498.863,-499.728,-498.863
8.963,-0.000,0.567,-0.379,45.002,2.805,21.729,-0.300,-0.084,-0.300,-498.863,-499.728,-498.863
8.967,-0.000,0.567,-0.379,45.002,2.805,21.729,-0.300,-0.084,-0.300,-498.863,-499.728,-498.863
8.971,-0.000,0.567,-0.379,45.002,2.805,21.729,-0.300,-0.084,-0.300,-498.863,-499.728,-498.863
8.975,-0.000,0.567,-0.379,45.002,2.805,21.729,-0.300,-0.084,-0.300,-498.863,-499.728,-498.863
8.979,-0.000,0.567,-0.379,45.002,2.805,21.729,-0.300,-0.084,-0.300,-498.863,-499.728,-498.863
8.983,-0.000,0.567,-0.379,45.002,2.805,21.729,-0.300,-0.084,-0.300,-498.863,-499.728,-498.863
8.988,-0.000,0.567,-0.379,45.002,2.805,21.730,-0.300,-0.084,-0.300,-498.863,-499.728,-498.863
8.992,-0.000,0.567,-0.379,45.002,2.805,21.730,-0.300,-0.084,-0.300,-498.863,-499.728,-498.863
8.996,-0.000,0.567,-0.379,45.002,2.805,21.730,-0.300,-0.084,-0.300,-498.863,-499.728,-498.863
9.000,-0.000,0.567,-0.379,45.002,2.805,21.730,-0.300,-0.084,-0.300,-498.863,-499.728,-498.863
9.004,-0.000,0.567,-0.379,45.002,2.805,21.730,-0.300,-0.084,-0.300,-498.863,-499.728,-498.863
9.008,-0.000,0.567,-0.379,45.002,2.805,21.730,-0.300,-0.084,-0.300,-498.863,-499.728,-498.863
9.012,-0.000,0.567,-0.379,45.002,2.805,21.730,-0.300,-0.084,-0.300,-498.863,-499.728,-498.863
9.017,-0.000,0.567,-0.379,45.002,2.805,21.730,-0.300,-0.084,-0.300,-498.863,-499.728,-498.863
9.021,-0.000,0.567,-0.379,45.002,2.805,21.730,-0.300,-0.084,-0.300,-498.863,-499.728,-498.863
9.025,-0.000,0.567,-0.379,45.002,2.805,21.730,-0.300,-0.084,-0.300,-498.863,-499.728,-498.863
9.029,-0.000,0.567,-0.379,45.002,2.805,21.730,-0.300,-0.084,-0.300,-498.863,-499.728,-498.863
9.033,-0.000,0.567,-0.379,45.002,2.805,21.730,-0.300,-0.084,-0.300,-498.863,-499.728,-498.863
9.037,-0.000,0.567,-0.379,45.002,2.805,21.730,-0.300,-0.084,-0.300,-498.863,-499.728,-498.863
9.042,-0.000,0.567,-0.379,45.002,2.805,21.730,-0.300,-0.084,-0.300,-498.863,-499.728,-498.863
9.046,-0.000,0.567,-0.379,45.002,2.805,21.730,-0.300,-0.084,-0.300,-498.863,-499.728,-498.863
9.050,-0.000,0.567,-0.379,45.002,2.805,21.730,-0.300,-0.084,-0.300,-498.863,-499.728,-498.863
9.054,-0.000,0.567,-0.379,45.002,2.805,21.730,-0.300,-0.084,-0.300,-498.863,-499.728,-498.863
9.058,-0.000,0.567,-0.379,45.002,2.805,21.730,-0.300,-0.084,-0.300,-498.863,-499.728,-498.863
9.062,-0.000,0.567,-0.379,45.002,2.805,21.730,-0.300,-0.084,-0.300,-498.863,-499.728,-498.863
9.067,-0.000,0.567,-0.379,45.002,2.805,21.730,-0.300,-0.084,-0.300,-498.863,-499.728,-498.863
9.071,-0.000,0.567,-0.379,45.002,2.805,21.730,-0.300,-0.084,-0.300,-498.863,-499.728,-498.863
9.075,-0.000,0.567,-0.379,45.002,2.805,21.730,-0.300,-0.084,-0.300,-498.863,-499.728,-498.863
9.079,-0.000,0.567,-0.379,45.002,2.805,21.731,-0.300,-0.084,-0.300,-498.863,-499.728,-498.863
9.083,-0.000,0.567,-0.379,45.002,2.805,21.731,-0.300,-0.084,-0.300,-498.863,-499.728,-498.863
9.088,-0.000,0.567,-0.379,45.002,2.805,21.731,-0.300,-0.084,-0.300,-498.863,-499.728,-498.863
9.092,-0.000,0.567,-0.379,45.002,2.805,21.731,-0.300,-0.084,-0.300,-498.863,-499.728,-498.863
9.096,-0.000,0.567,-0.379,45.002,2.805,21.731,-0.300,-0.084,-0.300,-498.863,-499.728,-498.863
9.100,-0.000,0.567,-0.379,45.002,2.805,21.731,-0.300,-0.084,-0.300,-498.863,-499.728,-498.863
9.104,-0.000,0.567,-0.379,45.002,2.805,21.731,-0.300,-0.084,-0.300,-498.863,-499.728,-498.863
9.108,-0.000,0.567,-0.379,45.002,2.805,21.731,-0.300,-0.084,-0.300,-498.863,-499.728,-498.863
9.113,-0.000,0.567,-0.379,45.002,2.805,21.731,-0.300,-0.084,-0.300,-498.863,-499.728,-498.863
9.117,-0.000,0.567,-0.379,45.002,2.805,21.731,-0.300,-0.084,-0.300,-498.863,-499.728,-498.863
9.121,-0.000,0.567,-0.379,45.002,2.805,21.731,-0.300,-0.084,-0.300,-498.863,-499.728,-498.863
9.125,-0.000,0.567,-0.379,45.002,2.805,21.731,-0.300,-0.084,-0.300,-498.863,-499.728,-498.863
9.129,-0.000,0.567,-0.379,45.002,2.805,21.731,-0.300,-0.084,-0.300,-498.863,-499.728,-498.863
9.133,-0.000,0.567,-0.379,45.002,2.805,21.731,-0.300,-0.084,-0.300,-498.863,-499.728,-498.863
9.137,-0.000,0.567,-0.379,45.002,2.805,21.731,-0.300,-0.084,-0.300,-498.863,-499.728,-498.863
9.142,-0.000,0.567,-0.379,45.002,2.805,21.731,-0.300,-0.084,-0.300,-498.863,-499.728,-498.863
9.146,-0.000,0.567,-0.379,45.002,2.805,21.731,-0.300,-0.084,-0.300,-498.863,-499.728,-498.863
9.150,-0.000,0.567,-0.379,45.002,2.805,21.731,-0.300,-0.084,-0.300,-498.863,-499.728,-498.863
9.154,-0.000,0.567,-0.379,45.002,2.805,21.731,-0.300,-0.084,-0.300,-498.863,-499.728,-498.863
9.158,-0.000,0.567,-0.379,45.002,2.805,21.731,-0.300,-0.084,-0.300,-498.863,-499.728,-498.863
9.162,-0.000,0.567,-0.379,45.002,2.805,21.731,-0.300,-0.084,-0.300,-498.863,-499.728,-498.863
9.167,-0.000,0.567,-0.379,45.002,2.805,21.731,-0.300,-0.084,-0.300,-498.863,-499.728,-498.863
9.171,-0.000,0.567,-0.379,45.002,2.805,21.731,-0.300,-0.084,-0.300,-498.863,-499.728,-498.863
9.175,-0.000,0.567,-0.379,45.002,2.805,21.732,-0.300,-0.084,-0.300,-498.863,-499.728,-498.863
9.179,-0.000,0.567,-0.379,45.002,2.805,21.732,-0.300,-0.084,-0.300,-498.863,-499.728,-498.863
9.183,-0.000,0.567,-0.379,45.002,2.805,21.732,-0.300,-0.084,-0.300,-498.863,-499.728,-498.863
9.188,-0.000,0.567,-0.379,45.002,2.805,21.732,-0.300,-0.084,-0.300,-498.863,-499.728,-498.863
9.192,-0.000,0.567,-0.379,45.002,2.805,21.732,-0.300,-0.084,-0.300,-498.863,-499.728,-498.863
9.196,-0.000,0.567,-0.379,45.002,2.805,21.732,-0.300,-0.084,-0.300,-498.863,-499.728,-498.863
9.200,-0.000,0.567,-0.379,45.002,2.805,21.732,-0.300,-0.084,-0.300,-498.863,-499.728,-498.863
9.204,-0.000,0.567,-0.379,45.002,2.805,21.732,-0.300,-0.084,-0.300,-498.863,-499.728,-498.863
9.208,-0.000,0.567,-0.379,45.002,2.805,21.732,-0.300,-0.084,-0.300,-498.863,-499.728,-498.863
9.213,-0.000,0.567,-0.379,45.002,2.805,21.732,-0.300,-0.084,-0.300,-498.863,-499.728,-498.863
9.217,-0.000,0.567,-0.379,45.002,2.805,21.732,-0.300,-0.084,-0.300,-498.863,-499.728,-498.863
9.221,-0.000,0.567,-0.379,45.002,2.805,21.732,-0.300,-0.084,-0.300,-498.863,-499.728,-498.863
9.225,-0.000,0.567,-0.379,45.002,2.805,21.732,-0.300,-0.084,-0.300,-498.863,-499.728,-498.863
9.229,-0.000,0.567,-0.379,45.002,2.805,21.732,-0.300,-0.084,-0.300,-498.863,-499.728,-498.863
9.233,-0.000,0.567,-0.379,45.002,2.805,21.732,-0.300,-0.084,-0.300,-498.863,-499.728,-498.863
9.238,-0.000,0.567,-0.379,45.002,2.805,21.732,-0.300,-0.084,-0.300,-498.863,-499.728,-498.863
9.242,-0.000,0.567,-0.379,45.002,2.805,21.732,-0.300,-0.084,-0.300,-498.863,-499.728,-498.863
9.246,-0.000,0.567,-0.379,45.002,2.805,21.732,-0.300,-0.084,-0.300,-498.863,-499.728,-498.863
9.250,-0.000,0.567,-0.379,45.002,2.805,21.732,-0.300,-0.084,-0.300,-498.863,-499.728,-498.863
9.254,-0.000,0.567,-0.379,45.002,2.805,21.732,-0.300,-0.084,-0.300,-498.863,-499.728,-498.863
9.258,-0.000,0.567,-0.379,45.002,2.805,21.732,-0.300,-0.084,-0.300,-498.863,-499.728,-498.863
9.262,-0.000,0.567,-0.379,45.002,2.805,21.732,-0.300,-0.084,-0.300,-498.863,-499.728,-498.863
9.267,-0.000,0.567,-0.379,45.002,2.805,21.733,-0.300,-0.084,-0.300,-498.863,-499.728,-498.863
9.271,-0.000,0.567,-0.379,45.002,2.805,21.733,-0.300,-0.084,-0.300,-498.863,-499.728,-498.863
9.275,-0.000,0.567,-0.379,45.002,2.805,21.733,-0.300,-0.084,-0.300,-498.863,-499.728,-498.863
9.279,-0.000,0.567,-0.379,45.002,2.805,21.733,-0.300,-0.084,-0.300,-498.863,-499.728,-498.863
9.283,-0.000,0.567,-0.379,45.002,2.805,21.733,-0.300,-0.084,-0.300,-498.863,-499.728,-498.863
9.287,-0.000,0.567,-0.379,45.002,2.805,21.733,-0.300,-0.084,-0.300,-498.863,-499.728,-498.863
9.292,-0.000,0.567,-0.379,45.002,2.805,21.733,-0.300,-0.084,-0.300,-498.863,-499.728,-498.863
9.296,-0.000,0.567,-0.379,45.002,2.805,21.733,-0.300,-0.084,-0.300,-498.863,-499.728,-498.863
9.300,-0.000,0.567,-0.379,45.002,2.805,21.733,-0.300,-0.084,-0.300,-498.863,-499.728,-498.863
9.304,-0.000,0.567,-0.379,45.002,2.805,21.733,-0.300,-0.084,-0.300,-498.863,-499.728,-498.863
9.308,-0.000,0.567,-0.379,45.002,2.805,21.733,-0.300,-0.084,-0.300,-498.863,-499.728,-498.863
9.312,-0.000,0.567,-0.379,45.002,2.805,21.733,-0.300,-0.084,-0.300,-498.863,-499.728,-498.863
9.317,-0.000,0.567,-0.379,45.002,2.805,21.733,-0.300,-0.084,-0.300,-498.863,-499.728,-498.863
9.321,-0.000,0.567,-0.379,45.002,2.805,21.733,-0.300,-0.084,-0.300,-498.863,-499.728,-498.863
9.325,-0.000,0.567,-0.379,45.002,2.805,21.733,-0.300,-0.084,-0.300,-498.863,-499.728,-498.863
9.329,-0.000,0.567,-0.379,45.002,2.805,21.733,-0.300,-0.084,-0.300,-498.863,-499.728,-498.863
9.333,-0.000,0.567,-0.379,45.002,2.805,21.733,-0.300,-0.084,-0.300,-498.863,-499.728,-498.863
9.338,-0.000,0.567,-0.379,45.002,2.805,21.733,-0.300,-0.084,-0.300,-498.863,-499.728,-498.863
9.342,-0.000,0.567,-0.379,45.002,2.805,21.733,-0.300,-0.084,-0.300,-498.863,-499.728,-498.863
9.346,-0.000,0.567,-0.379,45.002,2.805,21.733,-0.300,-0.084,-0.300,-498.863,-499.728,-498.863
9.350,-0.000,0.567,-0.379,45.002,2.805,21.733,-0.300,-0.084,-0.300,-498.863,-499.728,-498.863
9.354,-0.000,0.567,-0.379,45.002,2.805,21.733,-0.300,-0.084,-0.300,-498.863,-499.728,-498.863
9.358,-0.000,0.567,-0.379,45.002,2.805,21.733,-0.300,-0.084,-0.300,-498.863,-499.728,-498.863
9.363,-0.000,0.567,-0.379,45.002,2.805,21.734,-0.300,-0.084,-0.300,-498.863,-499.728,-498.863
9.367,-0.000,0.567,-0.379,45.002,2.805,21.734,-0.300,-0.084,-0.300,-498.863,-499.728,-498.863
9.371,-0.000,0.567,-0.379,45.002,2.805,21.734,-0.300,-0.084,-0.300,-498.863,-499.728,-498.863
9.375,-0.000,0.567,-0.379,45.002,2.805,21.734,-0.300,-0.084,-0.300,-498.863,-499.728,-498.863
9.379,-0.000,0.567,-0.379,45.002,2.805,21.734,-0.300,-0.084,-0.300,-498.863,-499.728,-498.863
9.383,-0.000,0.567,-0.379,45.002,2.805,21.734,-0.300,-0.084,-0.300,-498.863,-499.728,-498.863
9.387,-0.000,0.567,-0.379,45.002,2.805,21.734,-0.300,-0.084,-0.300,-498.863,-499.728,-498.863
9.392,-0.000,0.567,-0.379,45.002,2.805,21.734,-0.300,-0.084,-0.300,-498.863,-499.728,-498.863
9.396,-0.000,0.567,-0.379,45.002,2.805,21.734,-0.300,-0.084,-0.300,-498.863,-499.728,-498.863
9.400,-0.000,0.567,-0.379,45.002,2.805,21.734,-0.300,-0.084,-0.300,-498.863,-499.728,-498.863
9.404,-0.000,0.567,-0.379,45.002,2.805,21.734,-0.300,-0.084,-0.300,-498.863,-499.728,-498.863
9.408,-0.000,0.567,-0.379,45.002,2.805,21.734,-0.300,-0.084,-0.300,-498.863,-499.728,-498.863
9.412,-0.000,0.567,-0.379,45.002,2.805,21.734,-0.300,-0.084,-0.300,-498.863,-499.728,-498.863
9.417,-0.000,0.567,-0.379,45.002,2.805,21.734,-0.300,-0.084,-0.300,-498.863,-499.728,-498.863
9.421,-0.000,0.567,-0.379,45.002,2.805,21.734,-0.300,-0.084,-0.300,-498.863,-499.728,-498.863
9.425,-0.000,0.567,-0.379,45.002,2.805,21.734,-0.300,-0.084,-0.300,-498.863,-499.728,-498.863
9.429,-0.000,0.567,-0.379,45.002,2.805,21.734,-0.300,-0.084,-0.300,-498.863,-499.728,-498.863
9.433,-0.000,0.567,-0.379,45.002,2.805,21.734,-0.300,-0.084,-0.300,-498.863,-499.728,-498.863
9.438,-0.000,0.567,-0.379,45.002,2.805,21.734,-0.300,-0.084,-0.300,-498.863,-499.728,-498.863
9.442,-0.000,0.567,-0.379,45.002,2.805,21.734,-0.300,-0.084,-0.300,-498.863,-499.728,-498.863
9.446,-0.000,0.567,-0.379,45.002,2.805,21.734,-0.300,-0.084,-0.300,-498.863,-499.728,-498.863
9.450,-0.000,0.567,-0.379,45.002,2.805,21.734,-0.300,-0.084,-0.300,-498.863,-499.728,-498.863
9.454,-0.000,0.567,-0.379,45.002,2.805,21.735,-0.300,-0.084,-0.300,-498.863,-499.728,-498.863
9.458,-0.000,0.567,-0.379,45.002,2.805,21.735,-0.300,-0.084,-0.300,-498.863,-499.728,-498.863
9.463,-0.000,0.567,-0.379,45.002,2.805,21.735,-0.300,-0.084,-0.300,-498.863,-499.728,-498.863
9.467,-0.000,0.567,-0.379,45.002,2.805,21.735,-0.300,-0.084,-0.300,-498.863,-499.728,-498.863
9.471,-0.000,0.567,-0.379,45.002,2.805,21.735,-0.300,-0.084,-0.300,-498.863,-499.728,-498.863
9.475,-0.000,0.567,-0.379,45.002,2.805,21.735,-0.300,-0.084,-0.300,-498.863,-499.728,-498.863
9.479,-0.000,0.567,-0.379,45.002,2.805,21.735,-0.300,-0.084,-0.300,-498.863,-499.728,-498.863
9.483,-0.000,0.567,-0.379,45.002,2.805,21.735,-0.300,-0.084,-0.300,-498.863,-499.728,-498.863
9.488,-0.000,0.567,-0.379,45.002,2.805,21.735,-0.300,-0.084,-0.300,-498.863,-499.728,-498.863
9.492,-0.000,0.567,-0.379,45.002,2.805,21.735,-0.300,-0.084,-0.300,-498.863,-499.728,-498.863
9.496,-0.000,0.567,-0.379,45.002,2.805,21.735,-0.300,-0.084,-0.300,-498.863,-499.728,-498.863
9.500,-0.000,0.567,-0.379,45.002,2.805,21.735,-0.300,-0.084,-0.300,-498.863,-499.728,-498.863
9.504,-0.000,0.567,-0.379,45.002,2.805,21.735,-0.300,-0.084,-0.300,-498.863,-499.728,-498.863
9.508,-0.000,0.567,-0.379,45.002,2.805,21.735,-0.300,-0.084,-0.300,-498.863,-499.728,-498.863
9.512,-0.000,0.567,-0.379,45.002,2.805,21.735,-0.300,-0.084,-0.300,-498.863,-499.728,-498.863
9.517,-0.000,0.567,-0.379,45.002,2.805,21.735,-0.300,-0.084,-0.300,-498.863,-499.728,-498.863
9.521,-0.000,0.567,-0.379,45.002,2.805,21.735,-0.300,-0.084,-0.300,-498.863,-499.728,-498.863
9.525,-0.000,0.567,-0.379,45.002,2.805,21.735,-0.300,-0.084,-0.300,-498.863,-499.728,-498.863
9.529,-0.000,0.567,-0.379,45.002,2.805,21.735,-0.300,-0.084,-0.300,-498.863,-499.728,-498.863
9.533,-0.000,0.567,-0.379,45.002,2.805,21.735,-0.300,-0.084,-0.300,-498.863,-499.728,-498.863
9.537,-0.000,0.567,-0.379,45.002,2.805,21.735,-0.300,-0.084,-0.300,-498.863,-499.728,-498.863
9.542,-0.000,0.567,-0.379,45.002,2.805,21.735,-0.300,-0.084,-0.300,-498.863,-499.728,-498.863
9.546,-0.000,0.567,-0.379,45.002,2.805,21.735,-0.300,-0.084,-0.300,-498.863,-499.728,-498.863
9.550,-0.000,0.567,-0.379,45.002,2.805,21.736,-0.300,-0.084,-0.300,-498.863,-499.728,-498.863
9.554,-0.000,0.567,-0.379,45.002,2.805,21.736,-0.300,-0.084,-0.300,-498.863,-499.728,-498.863
9.558,-0.000,0.567,-0.379,45.002,2.805,21.736,-0.300,-0.084,-0.300,-498.863,-499.728,-498.863
9.562,-0.000,0.567,-0.379,45.002,2.805,21.736,-0.300,-0.084,-0.300,-498.863,-499.728,-498.863
9.567,-0.000,0.567,-0.379,45.002,2.805,21.736,-0.300,-0.084,-0.300,-498.863,-499.728,-498.863
9.571,-0.000,0.567,-0.379,45.002,2.805,21.736,-0.300,-0.084,-0.300,-498.863,-499.728,-498.863
9.575,-0.000,0.567,-0.379,45.002,2.805,21.736,-0.300,-0.084,-0.300,-498.863,-499.728,-498.863
9.579,-0.000,0.567,-0.379,45.002,2.805,21.736,-0.300,-0.084,-0.300,-498.863,-499.728,-498.863
9.583,-0.000,0.567,-0.379,45.002,2.805,21.736,-0.300,-0.084,-0.300,-498.863,-499.728,-498.863
9.588,-0.000,0.567,-0.379,45.002,2.805,21.736,-0.300,-0.084,-0.300,-498.863,-499.728,-498.863
9.592,-0.000,0.567,-0.379,45.002,2.805,21.736,-0.300,-0.084,-0.300,-498.863,-499.728,-498.863
9.596,-0.000,0.567,-0.379,45.002,2.805,21.736,-0.300,-0.084,-0.300,-498.863,-499.728,-498.863
9.600,-0.000,0.567,-0.379,45.002,2.805,21.736,-0.300,-0.084,-0.300,-498.863,-499.728,-498.863
9.604,-0.000,0.567,-0.379,45.002,2.805,21.736,-0.300,-0.084,-0.300,-498.863,-499.728,-498.863
9.608,-0.000,0.567,-0.379,45.002,2.805,21.736,-0.300,-0.084,-0.300,-498.863,-499.728,-498.863
9.613,-0.000,0.567,-0.379,45.002,2.805,21.736,-0.300,-0.084,-0.300,-498.863,-499.728,-498.863
9.617,-0.000,0.567,-0.379,45.002,2.805,21.736,-0.300,-0.084,-0.300,-498.863,-499.728,-498.863
9.621,-0.000,0.567,-0.379,45.002,2.805,21.736,-0.300,-0.084,-0.300,-498.863,-499.728,-498.863
9.625,-0.000,0.567,-0.379,45.002,2.805,21.736,-0.300,-0.084,-0.300,-498.863,-499.728,-498.863
9.629,-0.000,0.567,-0.379,45.002,2.805,21.736,-0.300,-0.084,-0.300,-498.863,-499.728,-498.863
9.633,-0.000,0.567,-0.379,45.002,2.805,21.736,-0.300,-0.084,-0.300,-498.863,-499.728,-498.863
9.637,-0.000,0.567,-0.379,45.002,2.805,21.736,-0.300,-0.084,-0.300,-498.863,-499.728,-498.863
9.642,-0.000,0.567,-0.379,45.002,2.805,21.736,-0.300,-0.084,-0.300,-498.863,-499.728,-498.863
9.646,-0.000,0.567,-0.379,45.002,2.805,21.737,-0.300,-0.084,-0.300,-498.863,-499.728,-498.863
9.650,-0.000,0.567,-0.379,45.002,2.805,21.737,-0.300,-0.084,-0.300,-498.863,-499.728,-498.863
9.654,-0.000,0.567,-0.379,45.002,2.805,21.737,-0.300,-0.084,-0.300,-498.863,-499.728,-498.863
9.658,-0.000,0.567,-0.379,45.002,2.805,21.737,-0.300,-0.084,-0.300,-498.863,-499.728,-498.863
9.662,-0.000,0.567,-0.379,45.002,2.805,21.737,-0.300,-0.084,-0.300,-498.863,-499.728,-498.863
9.667,-0.000,0.567,-0.379,45.002,2.805,21.737,-0.300,-0.084,-0.300,-498.863,-499.728,-498.863
9.671,-0.000,0.567,-0.379,45.002,2.805,21.737,-0.300,-0.084,-0.300,-498.863,-499.728,-498.863
9.675,-0.000,0.567,-0.379,45.002,2.805,21.737,-0.300,-0.084,-0.300,-498.863,-499.728,-498.863
9.679,-0.000,0.567,-0.379,45.002,2.805,21.737,-0.300,-0.084,-0.300,-498.863,-499.728,-498.863
9.683,-0.000,0.567,-0.379,45.002,2.805,21.737,-0.300,-0.084,-0.300,-498.863,-499.728,-498.863
9.688,-0.000,0.567,-0.379,45.002,2.805,21.737,-0.300,-0.084,-0.300,-498.863,-499.728,-498.863
9.692,-0.000,0.567,-0.379,45.002,2.805,21.737,-0.300,-0.084,-0.300,-498.863,-499.728,-498.863
9.696,-0.000,0.567,-0.379,45.002,2.805,21.737,-0.300,-0.084,-0.300,-498.863,-499.728,-498.863
9.700,-0.000,0.567,-0.379,45.002,2.805,21.737,-0.300,-0.084,-0.300,-498.863,-499.728,-498.863
9.704,-0.000,0.567,-0.379,45.002,2.805,21.737,-0.300,-0.084,-0.300,-498.863,-499.728,-498.863
9.708,-0.000,0.567,-0.379,45.002,2.805,21.737,-0.300,-0.084,-0.300,-498.863,-499.728,-498.863
9.713,-0.000,0.567,-0.379,45.002,2.805,21.737,-0.300,-0.084,-0.300,-498.863,-499.728,-498.863
9.717,-0.000,0.567,-0.379,45.002,2.805,21.737,-0.300,-0.084,-0.300,-498.863,-499.728,-498.863
9.721,-0.000,0.567,-0.379,45.002,2.805,21.737,-0.300,-0.084,-0.300,-498.863,-499.728,-498.863
9.725,-0.000,0.567,-0.379,45.002,2.805,21.737,-0.300,-0.084,-0.300,-498.863,-499.728,-498.863
9.729,-0.000,0.567,-0.379,45.002,2.805,21.737,-0.300,-0.084,-0.300,-498.863,-499.728,-498.863
9.733,-0.000,0.567,-0.379,45.002,2.805,21.737,-0.300,-0.084,-0.300,-498.863,-499.728,-498.863
9.738,-0.000,0.567,-0.379,45.002,2.805,21.738,-0.300,-0.084,-0.300,-498.863,-499.728,-498.863
9.742,-0.000,0.567,-0.379,45.002,2.805,21.738,-0.300,-0.084,-0.300,-498.863,-499.728,-498.863
9.746,-0.000,0.567,-0.379,45.002,2.805,21.738,-0.300,-0.084,-0.300,-498.863,-499.728,-498.863
9.750,-0.000,0.567,-0.379,45.002,2.805,21.738,-0.300,-0.084,-0.300,-498.863,-499.728,-498.863
9.754,-0.000,0.567,-0.379,45.002,2.805,21.738,-0.300,-0.084,-0.300,-498.863,-499.728,-498.863
9.758,-0.000,0.567,-0.379,45.002,2.805,21.738,-0.300,-0.084,-0.300,-498.863,-499.728,-498.863
9.762,-0.000,0.567,-0.379,45.002,2.805,21.738,-0.300,-0.084,-0.300,-498.863,-499.728,-498.863
9.767,-0.000,0.567,-0.379,45.002,2.805,21.738,-0.300,-0.084,-0.300,-498.863,-499.728,-498.863
9.771,-0.000,0.567,-0.379,45.002,2.805,21.738,-0.300,-0.084,-0.300,-498.863,-499.728,-498.863
9.775,-0.000,0.567,-0.379,45.002,2.805,21.738,-0.300,-0.084,-0.300,-498.863,-499.728,-498.863
9.779,-0.000,0.567,-0.379,45.002,2.805,21.738,-0.300,-0.084,-0.300,-498.863,-499.728,-498.863
9.783,-0.000,0.567,-0.379,45.002,2.805,21.738,-0.300,-0.084,-0.300,-498.863,-499.728,-498.863
9.787,-0.000,0.567,-0.379,45.002,2.805,21.738,-0.300,-0.084,-0.300,-498.863,-499.728,-498.863
9.792,-0.000,0.567,-0.379,45.002,2.805,21.738,-0.300,-0.084,-0.300,-498.863,-499.728,-498.863
9.796,-0.000,0.567,-0.379,45.002,2.805,21.738,-0.300,-0.084,-0.300,-498.863,-499.728,-498.863
9.800,-0.000,0.567,-0.379,45.002,2.805,21.738,-0.300,-0.084,-0.300,-498.863,-499.728,-498.863
9.804,-0.000,0.567,-0.379,45.002,2.805,21.738,-0.300,-0.084,-0.300,-498.863,-499.728,-498.863
9.808,-0.000,0.567,-0.379,45.002,2.805,21.738,-0.300,-0.084,-0.300,-498.863,-499.728,-498.863
9.812,-0.000,0.567,-0.379,45.002,2.805,21.738,-0.300,-0.084,-0.300,-498.863,-499.728,-498.863
9.817,-0.000,0.567,-0.379,45.002,2.805,21.738,-0.300,-0.084,-0.300,-498.863,-499.728,-498.863
9.821,-0.000,0.567,-0.379,45.002,2.805,21.738,-0.300,-0.084,-0.300,-498.863,-499.728,-498.863
9.825,-0.000,0.567,-0.379,45.002,2.805,21.738,-0.300,-0.084,-0.300,-498.863,-499.728,-498.863
9.829,-0.000,0.567,-0.379,45.002,2.805,21.738,-0.300,-0.084,-0.300,-498.863,-499.728,-498.863
9.833,-0.000,0.567,-0.379,45.002,2.805,21.739,-0.300,-0.084,-0.300,-498.863,-499.728,-498.863
9.838,-0.000,0.567,-0.379,45.002,2.805,21.739,-0.300,-0.084,-0.300,-498.863,-499.728,-498.863
9.842,-0.000,0.567,-0.379,45.002,2.805,21.739,-0.300,-0.084,-0.300,-498.863,-499.728,-498.863
9.846,-0.000,0.567,-0.379,45.002,2.805,21.739,-0.300,-0.084,-0.300,-498.863,-499.728,-498.863
9.850,-0.000,0.567,-0.379,45.002,2.805,21.739,-0.300,-0.084,-0.300,-498.863,-499.728,-498.863
9.854,-0.000,0.567,-0.379,45.002,2.805,21.739,-0.300,-0.084,-0.300,-498.863,-499.728,-498.863
9.858,-0.000,0.567,-0.379,45.002,2.805,21.739,-0.300,-0.084,-0.300,-498.863,-499.728,-498.863
9.863,-0.000,0.567,-0.379,45.002,2.805,21.739,-0.300,-0.084,-0.300,-498.863,-499.728,-498.863
9.867,-0.000,0.567,-0.379,45.002,2.805,21.739,-0.300,-0.084,-0.300,-498.863,-499.728,-498.863
9.871,-0.000,0.567,-0.379,45.002,2.805,21.739,-0.300,-0.084,-0.300,-498.863,-499.728,-498.863
9.875,-0.000,0.567,-0.379,45.002,2.805,21.739,-0.300,-0.084,-0.300,-498.863,-499.728,-498.863
9.879,-0.000,0.567,-0.379,45.002,2.805,21.739,-0.300,-0.084,-0.300,-498.863,-499.728,-498.863
9.883,-0.000,0.567,-0.379,45.002,2.805,21.739,-0.300,-0.084,-0.300,-498.863,-499.728,-498.863
9.887,-0.000,0.567,-0.379,45.002,2.805,21.739,-0.300,-0.084,-0.300,-498.863,-499.728,-498.863
9.892,-0.000,0.567,-0.379,45.002,2.805,21.739,-0.300,-0.084,-0.300,-498.863,-499.728,-498.863
9.896,-0.000,0.567,-0.379,45.002,2.805,21.739,-0.300,-0.084,-0.300,-498.863,-499.728,-498.863
9.900,-0.000,0.567,-0.379,45.002,2.805,21.739,-0.300,-0.084,-0.300,-498.863,-499.728,-498.863
9.904,-0.000,0.567,-0.379,45.002,2.805,21.739,-0.300,-0.084,-0.300,-498.863,-499.728,-498.863
9.908,-0.000,0.567,-0.379,45.002,2.805,21.739,-0.300,-0.084,-0.300,-498.863,-499.728,-498.863
9.912,-0.000,0.567,-0.379,45.002,2.805,21.739,-0.300,-0.084,-0.300,-498.863,-499.728,-498.863
9.917,-0.000,0.567,-0.379,45.002,2.805,21.739,-0.300,-0.084,-0.300,-498.863,-499.728,-498.863
9.921,-0.000,0.567,-0.379,45.002,2.805,21.739,-0.300,-0.084,-0.300,-498.863,-499.728,-498.863
9.925,-0.000,0.567,-0.379,45.002,2.805,21.740,-0.300,-0.084,-0.300,-498.863,-499.728,-498.863
9.929,-0.000,0.567,-0.379,45.002,2.805,21.740,-0.300,-0.084,-0.300,-498.863,-499.728,-498.863
9.933,-0.000,0.567,-0.379,45.002,2.805,21.740,-0.300,-0.084,-0.300,-498.863,-499.728,-498.863
9.938,-0.000,0.567,-0.379,45.002,2.805,21.740,-0.300,-0.084,-0.300,-498.863,-499.728,-498.863
9.942,-0.000,0.567,-0.379,45.002,2.805,21.740,-0.300,-0.084,-0.300,-498.863,-499.728,-498.863
9.946,-0.000,0.567,-0.379,45.002,2.805,21.740,-0.300,-0.084,-0.300,-498.863,-499.728,-498.863
9.950,-0.000,0.567,-0.379,45.002,2.805,21.740,-0.300,-0.084,-0.300,-498.863,-499.728,-498.863
9.954,-0.000,0.567,-0.379,45.002,2.805,21.740,-0.300,-0.084,-0.300,-498.863,-499.728,-498.863
9.958,-0.000,0.567,-0.379,45.002,2.805,21.740,-0.300,-0.084,-0.300,-498.863,-499.728,-498.863
9.963,-0.000,0.567,-0.379,45.002,2.805,21.740,-0.300,-0.084,-0.300,-498.863,-499.728,-498.863
9.967,-0.000,0.567,-0.379,45.002,2.805,21.740,-0.300,-0.084,-0.300,-498.863,-499.728,-498.863
9.971,-0.000,0.567,-0.379,45.002,2.805,21.740,-0.300,-0.084,-0.300,-498.863,-499.728,-498.863
9.975,-0.000,0.567,-0.379,45.002,2.805,21.740,-0.300,-0.084,-0.300,-498.863,-499.728,-498.863
9.979,-0.000,0.567,-0.379,45.002,2.805,21.740,-0.300,-0.084,-0.300,-498.863,-499.728,-498.863
9.983,-0.000,0.567,-0.379,45.002,2.805,21.740,-0.300,-0.084,-0.300,-498.863,-499.728,-498.863
9.988,-0.000,0.567,-0.379,45.002,2.805,21.740,-0.300,-0.084,-0.300,-498.863,-499.728,-498.863
9.992,-0.000,0.567,-0.379,45.002,2.805,21.740,-0.300,-0.084,-0.300,-498.863,-499.728,-498.863
9.996,-0.000,0.567,-0.379,45.002,2.805,21.740,-0.300,-0.084,-0.300,-498.863,-499.728,-498.863
10.000,-0.000,0.567,-0.379,45.002,2.805,21.740,-0.300,-0.084,-0.300,-498.863,-499.728,-498.863
10.004,-0.000,0.567,-0.379,45.002,2.805,21.740,-0.300,-0.084,-0.300,-498.863,-499.728,-498.863
10.008,-0.000,0.567,-0.379,45.002,2.805,21.740,-0.300,-0.084,-0.300,-498.863,-499.728,-498.863
10.012,-0.000,0.567,-0.379,45.002,2.805,21.740,-0.300,-0.084,-0.300,-498.863,-499.728,-498.863
10.017,-0.000,0.567,-0.379,45.002,2.805,21.740,-0.300,-0.084,-0.300,-498.863,-499.728,-498.863
10.021,-0.000,0.567,-0.379,45.002,2.805,21.741,-0.300,-0.084,-0.300,-498.863,-499.728,-498.863
10.025,-0.000,0.567,-0.379,45.002,2.805,21.741,-0.300,-0.084,-0.300,-498.863,-499.728,-498.863
10.029,-0.000,0.567,-0.379,45.002,2.805,21.741,-0.300,-0.084,-0.300,-498.863,-499.728,-498.863
10.033,-0.000,0.567,-0.379,45.002,2.805,21.741,-0.300,-0.084,-0.300,-498.863,-499.728,-498.863
10.037,-0.000,0.567,-0.379,45.002,2.805,21.741,-0.300,-0.084,-0.300,-498.863,-499.728,-498.863
10.042,-0.000,0.567,-0.379,45.002,2.805,21.741,-0.300,-0.084,-0.300,-498.863,-499.728,-498.863
10.046,-0.000,0.567,-0.379,45.002,2.805,21.741,-0.300,-0.084,-0.300,-498.863,-499.728,-498.863
10.050,-0.000,0.567,-0.379,45.002,2.805,21.741,-0.300,-0.084,-0.300,-498.863,-499.728,-498.863
10.054,-0.000,0.567,-0.379,45.002,2.805,21.741,-0.300,-0.084,-0.300,-498.863,-499.728,-498.863
10.058,-0.000,0.567,-0.379,45.002,2.805,21.741,-0.300,-0.084,-0.300,-498.863,-499.728,-498.863
10.062,-0.000,0.567,-0.379,45.002,2.805,21.741,-0.300,-0.084,-0.300,-498.863,-499.728,-498.863
10.067,-0.000,0.567,-0.379,45.002,2.805,21.741,-0.300,-0.084,-0.300,-498.863,-499.728,-498.863
10.071,-0.000,0.567,-0.379,45.002,2.805,21.741,-0.300,-0.084,-0.300,-498.863,-499.728,-498.863
10.075,-0.000,0.567,-0.379,45.002,2.805,21.741,-0.300,-0.084,-0.300,-498.863,-499.728,-498.863
10.079,-0.000,0.567,-0.379,45.002,2.805,21.741,-0.300,-0.084,-0.300,-498.863,-499.728,-498.863
10.083,-0.000,0.567,-0.379,45.002,2.805,21.741,-0.300,-0.084,-0.300,-498.863,-499.728,-498.863
10.088,-0.000,0.567,-0.379,45.002,2.805,21.741,-0.300,-0.084,-0.300,-498.863,-499.728,-498.863
10.092,-0.000,0.567,-0.379,45.002,2.805,21.741,-0.300,-0.084,-0.300,-498.863,-499.728,-498.863
10.096,-0.000,0.567,-0.379,45.002,2.805,21.741,-0.300,-0.084,-0.300,-498.863,-499.728,-498.863
10.100,-0.000,0.567,-0.379,45.002,2.805,21.741,-0.300,-0.084,-0.300,-498.863,-499.728,-498.863
10.104,-0.000,0.567,-0.379,45.002,2.805,21.741,-0.300,-0.084,-0.300,-498.863,-499.728,-498.863
10.108,-0.000,0.567,-0.379,45.002,2.805,21.741,-0.300,-0.084,-0.300,-498.863,-499.728,-498.863
10.113,-0.000,0.567,-0.379,45.002,2.805,21.741,-0.300,-0.084,-0.300,-498.863,-499.728,-498.863
10.117,-0.000,0.567,-0.379,45.002,2.805,21.742,-0.300,-0.084,-0.300,-498.863,-499.728,-498.863
10.121,-0.000,0.567,-0.379,45.002,2.805,21.742,-0.300,-0.084,-0.300,-498.863,-499.728,-498.863
10.125,-0.000,0.567,-0.379,45.002,2.805,21.742,-0.300,-0.084,-0.300,-498.863,-499.728,-498.863
10.129,-0.000,0.567,-0.379,45.002,2.805,21.742,-0.300,-0.084,-0.300,-498.863,-499.728,-498.863
10.133,-0.000,0.567,-0.379,45.002,2.805,21.742,-0.300,-0.084,-0.300,-498.863,-499.728,-498.863
10.137,-0.000,0.567,-0.379,45.002,2.805,21.742,-0.300,-0.084,-0.300,-498.863,-499.728,-498.863
10.142,-0.000,0.567,-0.379,45.002,2.805,21.742,-0.300,-0.084,-0.300,-498.863,-499.728,-498.863
10.146,-0.000,0.567,-0.379,45.002,2.805,21.742,-0.300,-0.084,-0.300,-498.863,-499.728,-498.863
10.150,-0.000,0.567,-0.379,45.002,2.805,21.742,-0.300,-0.084,-0.300,-498.863,-499.728,-498.863
10.154,-0.000,0.567,-0.379,45.002,2.805,21.742,-0.300,-0.084,-0.300,-498.863,-499.728,-498.863
10.158,-0.000,0.567,-0.379,45.002,2.805,21.742,-0.300,-0.084,-0.300,-498.863,-499.728,-498.863
10.162,-0.000,0.567,-0.379,45.002,2.805,21.742,-0.300,-0.084,-0.300,-498.863,-499.728,-498.863
10.167,-0.000,0.567,-0.379,45.002,2.805,21.742,-0.300,-0.084,-0.300,-498.863,-499.728,-498.863
10.171,-0.000,0.567,-0.379,45.002,2.805,21.742,-0.300,-0.084,-0.300,-498.863,-499.728,-498.863
10.175,-0.000,0.567,-0.379,45.002,2.805,21.742,-0.300,-0.084,-0.300,-498.863,-499.728,-498.863
10.179,-0.000,0.567,-0.379,45.002,2.805,21.742,-0.300,-0.084,-0.300,-498.863,-499.728,-498.863
10.183,-0.000,0.567,-0.379,45.002,2.805,21.742,-0.300,-0.084,-0.300,-498.863,-499.728,-498.863
10.188,-0.000,0.567,-0.379,45.002,2.805,21.742,-0.300,-0.084,-0.300,-498.863,-499.728,-498.863
10.192,-0.000,0.567,-0.379,45.002,2.805,21.742,-0.300,-0.084,-0.300,-498.863,-499.728,-498.863
10.196,-0.000,0.567,-0.379,45.002,2.805,21.742,-0.300,-0.084,-0.300,-498.863,-499.728,-498.863
10.200,-0.000,0.567,-0.379,45.002,2.805,21.742,-0.300,-0.084,-0.300,-498.863,-499.728,-498.863
10.204,-0.000,0.567,-0.379,45.002,2.805,21.742,-0.300,-0.084,-0.300,-498.863,-499.728,-498.863
10.208,-0.000,0.567,-0.379,45.002,2.805,21.743,-0.300,-0.084,-0.300,-498.863,-499.728,-498.863
10.213,-0.000,0.567,-0.379,45.002,2.805,21.743,-0.300,-0.084,-0.300,-498.863,-499.728,-498.863
10.217,-0.000,0.567,-0.379,45.002,2.805,21.743,-0.300,-0.084,-0.300,-498.863,-499.728,-498.863
10.221,-0.000,0.567,-0.379,45.002,2.805,21.743,-0.300,-0.084,-0.300,-498.863,-499.728,-498.863
10.225,-0.000,0.567,-0.379,45.002,2.805,21.743,-0.300,-0.084,-0.300,-498.863,-499.728,-498.863
10.229,-0.000,0.567,-0.379,45.002,2.805,21.743,-0.300,-0.084,-0.300,-498.863,-499.728,-498.863
10.233,-0.000,0.567,-0.379,45.002,2.805,21.743,-0.300,-0.084,-0.300,-498.863,-499.728,-498.863
10.238,-0.000,0.567,-0.379,45.002,2.805,21.743,-0.300,-0.084,-0.300,-498.863,-499.728,-498.863
10.242,-0.000,0.567,-0.379,45.002,2.805,21.743,-0.300,-0.084,-0.300,-498.863,-499.728,-498.863
10.246,-0.000,0.567,-0.379,45.002,2.805,21.743,-0.300,-0.084,-0.300,-498.863,-499.728,-498.863
10.250,-0.000,0.567,-0.379,45.002,2.805,21.743,-0.300,-0.084,-0.300,-498.863,-499.728,-498.863
10.254,-0.000,0.567,-0.379,45.002,2.805,21.743,-0.300,-0.084,-0.300,-498.863,-499.728,-498.863
10.258,-0.000,0.567,-0.379,45.002,2.805,21.743,-0.300,-0.084,-0.300,-498.863,-499.728,-498.863
10.262,-0.000,0.567,-0.379,45.002,2.805,21.743,-0.300,-0.084,-0.300,-498.863,-499.728,-498.863
10.267,-0.000,0.567,-0.379,45.002,2.805,21.743,-0.300,-0.084,-0.300,-498.863,-499.728,-498.863
10.271,-0.000,0.567,-0.379,45.002,2.805,21.743,-0.300,-0.084,-0.300,-498.863,-499.728,-498.863
10.275,-0.000,0.567,-0.379,45.002,2.805,21.743,-0.300,-0.084,-0.300,-498.863,-499.728,-498.863
10.279,-0.000,0.567,-0.379,45.002,2.805,21.743,-0.300,-0.084,-0.300,-498.863,-499.728,-498.863
10.283,-0.000,0.567,-0.379,45.002,2.805,21.743,-0.300,-0.084,-0.300,-498.863,-499.728,-498.863
10.287,-0.000,0.567,-0.379,45.002,2.805,21.743,-0.300,-0.084,-0.300,-498.863,-499.728,-498.863
10.292,-0.000,0.567,-0.379,45.002,2.805,21.743,-0.300,-0.084,-0.300,-498.863,-499.728,-498.863
10.296,-0.000,0.567,-0.379,45.002,2.805,21.743,-0.300,-0.084,-0.300,-498.863,-499.728,-498.863
10.300,-0.000,0.567,-0.379,45.002,2.805,21.743,-0.300,-0.084,-0.300,-498.863,-499.728,-498.863
10.304,-0.000,0.567,-0.379,45.002,2.805,21.744,-0.300,-0.084,-0.300,-498.863,-499.728,-498.863
10.308,-0.000,0.567,-0.379,45.002,2.805,21.744,-0.300,-0.084,-0.300,-498.863,-499.728,-498.863
10.312,-0.000,0.567,-0.379,45.002,2.805,21.744,-0.300,-0.084,-0.300,-498.863,-499.728,-498.863
10.317,-0.000,0.567,-0.379,45.002,2.805,21.744,-0.300,-0.084,-0.300,-498.863,-499.728,-498.863
10.321,-0.000,0.567,-0.379,45.002,2.805,21.744,-0.300,-0.084,-0.300,-498.863,-499.728,-498.863
10.325,-0.000,0.567,-0.380,45.002,2.805,21.744,-0.300,-0.084,-0.300,-498.863,-499.728,-498.863
10.329,-0.000,0.567,-0.380,45.002,2.805,21.744,-0.300,-0.084,-0.300,-498.863,-499.728,-498.863
10.333,-0.000,0.567,-0.380,45.002,2.805,21.744,-0.300,-0.084,-0.300,-498.863,-499.728,-498.863
10.338,-0.000,0.567,-0.380,45.002,2.805,21.744,-0.300,-0.084,-0.300,-498.863,-499.728,-498.863
10.342,-0.000,0.567,-0.380,45.002,2.805,21.744,-0.300,-0.084,-0.300,-498.863,-499.728,-498.863
10.346,-0.000,0.567,-0.380,45.002,2.805,21.744,-0.300,-0.084,-0.300,-498.863,-499.728,-498.863
10.350,-0.000,0.567,-0.380,45.002,2.805,21.744,-0.300,-0.084,-0.300,-498.863,-499.728,-498.863
10.354,-0.000,0.567,-0.380,45.002,2.805,21.744,-0.300,-0.084,-0.300,-498.863,-499.728,-498.863
10.358,-0.000,0.567,-0.380,45.002,2.805,21.744,-0.300,-0.084,-0.300,-498.863,-499.728,-498.863
10.363,-0.000,0.567,-0.380,45.002,2.805,21.744,-0.300,-0.084,-0.300,-498.863,-499.728,-498.863
10.367,-0.000,0.567,-0.380,45.002,2.805,21.744,-0.300,-0.084,-0.300,-498.863,-499.728,-498.863
10.371,-0.000,0.567,-0.380,45.002,2.805,21.744,-0.300,-0.084,-0.300,-498.863,-499.728,-498.863
10.375,-0.000,0.567,-0.380,45.002,2.805,21.744,-0.300,-0.084,-0.300,-498.863,-499.728,-498.863
10.379,-0.000,0.567,-0.380,45.002,2.805,21.744,-0.300,-0.084,-0.300,-498.863,-499.728,-498.863
10.383,-0.000,0.567,-0.380,45.002,2.805,21.744,-0.300,-0.084,-0.300,-498.863,-499.728,-498.863
10.387,-0.000,0.567,-0.380,45.002,2.805,21.744,-0.300,-0.084,-0.300,-498.863,-499.728,-498.863
10.392,-0.000,0.567,-0.380,45.002,2.805,21.744,-0.300,-0.084,-0.300,-498.863,-499.728,-498.863
10.396,-0.000,0.567,-0.380,45.002,2.805,21.745,-0.300,-0.084,-0.300,-498.863,-499.728,-498.863
10.400,-0.000,0.567,-0.380,45.002,2.805,21.745,-0.300,-0.084,-0.300,-498.863,-499.728,-498.863
10.404,-0.000,0.567,-0.380,45.002,2.805,21.745,-0.300,-0.084,-0.300,-498.863,-499.728,-498.863
10.408,-0.000,0.567,-0.380,45.002,2.805,21.745,-0.300,-0.084,-0.300,-498.863,-499.728,-498.863
10.412,-0.000,0.567,-0.380,45.002,2.805,21.745,-0.300,-0.084,-0.300,-498.863,-499.728,-498.863
10.417,-0.000,0.567,-0.380,45.002,2.805,21.745,-0.300,-0.084,-0.300,-498.863,-499.728,-498.863
10.421,-0.000,0.567,-0.380,45.002,2.805,21.745,-0.300,-0.084,-0.300,-498.863,-499.728,-498.863
10.425,-0.000,0.567,-0.380,45.002,2.805,21.745,-0.300,-0.084,-0.300,-498.863,-499.728,-498.863
10.429,-0.000,0.567,-0.380,45.002,2.805,21.745,-0.300,-0.084,-0.300,-498.863,-499.728,-498.863
10.433,-0.000,0.567,-0.380,45.002,2.805,21.745,-0.300,-0.084,-0.300,-498.863,-499.728,-498.863
10.438,-0.000,0.567,-0.380,45.002,2.805,21.745,-0.300,-0.084,-0.300,-498.863,-499.728,-498.863
10.442,-0.000,0.567,-0.380,45.002,2.805,21.745,-0.300,-0.084,-0.300,-498.863,-499.728,-498.863
10.446,-0.000,0.567,-0.380,45.002,2.805,21.745,-0.300,-0.084,-0.300,-498.863,-499.728,-498.863
10.450,-0.000,0.567,-0.380,45.002,2.805,21.745,-0.300,-0.084,-0.300,-498.863,-499.728,-498.863
10.454,-0.000,0.567,-0.380,45.002,2.805,21.745,-0.300,-0.084,-0.300,-498.863,-499.728,-498.863
10.458,-0.000,0.567,-0.380,45.002,2.805,21.745,-0.300,-0.084,-0.300,-498.863,-499.728,-498.863
10.463,-0.000,0.567,-0.380,45.002,2.805,21.745,-0.300,-0.084,-0.300,-498.863,-499.728,-498.863
10.467,-0.000,0.567,-0.380,45.002,2.805,21.745,-0.300,-0.084,-0.300,-498.863,-499.728,-498.863
10.471,-0.000,0.567,-0.380,45.002,2.805,21.745,-0.300,-0.084,-0.300,-498.863,-499.728,-498.863
10.475,-0.000,0.567,-0.380,45.002,2.805,21.745,-0.300,-0.084,-0.300,-498.863,-499.728,-498.863
10.479,-0.000,0.567,-0.380,45.002,2.805,21.745,-0.300,-0.084,-0.300,-498.863,-499.728,-498.863
10.483,-0.000,0.567,-0.380,45.002,2.805,21.745,-0.300,-0.084,-0.300,-498.863,-499.728,-498.863
10.488,-0.000,0.567,-0.380,45.002,2.805,21.745,-0.300,-0.084,-0.300,-498.863,-499.728,-498.863
10.492,-0.000,0.567,-0.380,45.002,2.805,21.746,-0.300,-0.084,-0.300,-498.863,-499.728,-498.863
10.496,-0.000,0.567,-0.380,45.002,2.805,21.746,-0.300,-0.084,-0.300,-498.863,-499.728,-498.863
10.500,-0.000,0.567,-0.380,45.002,2.805,21.746,-0.300,-0.084,-0.300,-498.863,-499.728,-498.863
10.504,-0.000,0.567,-0.380,45.002,2.805,21.746,-0.300,-0.084,-0.300,-498.863,-499.728,-498.863
10.508,-0.000,0.567,-0.380,45.002,2.805,21.746,-0.300,-0.084,-0.300,-498.863,-499.728,-498.863
10.512,-0.000,0.567,-0.380,45.002,2.805,21.746,-0.300,-0.084,-0.300,-498.863,-499.728,-498.863
10.517,-0.000,0.567,-0.380,45.002,2.805,21.746,-0.300,-0.084,-0.300,-498.863,-499.728,-498.863
10.521,-0.000,0.567,-0.380,45.002,2.805,21.746,-0.300,-0.084,-0.300,-498.863,-499.728,-498.863
10.525,-0.000,0.567,-0.380,45.002,2.805,21.746,-0.300,-0.084,-0.300,-498.863,-499.728,-498.863
10.529,-0.000,0.567,-0.380,45.002,2.805,21.746,-0.300,-0.084,-0.300,-498.863,-499.728,-498.863
10.533,-0.000,0.567,-0.380,45.002,2.805,21.746,-0.300,-0.084,-0.300,-498.863,-499.728,-498.863
10.537,-0.000,0.567,-0.380,45.002,2.805,21.746,-0.300,-0.084,-0.300,-498.863,-499.728,-498.863
10.542,-0.000,0.567,-0.380,45.002,2.805,21.746,-0.300,-0.084,-0.300,-498.863,-499.728,-498.863
10.546,-0.000,0.567,-0.380,45.002,2.805,21.746,-0.300,-0.084,-0.300,-498.863,-499.728,-498.863
10.550,-0.000,0.567,-0.380,45.002,2.805,21.746,-0.300,-0.084,-0.300,-498.863,-499.728,-498.863
10.554,-0.000,0.567,-0.380,45.002,2.805,21.746,-0.300,-0.084,-0.300,-498.863,-499.728,-498.863
10.558,-0.000,0.567,-0.380,45.002,2.805,21.746,-0.300,-0.084,-0.300,-498.863,-499.728,-498.863
10.562,-0.000,0.567,-0.380,45.002,2.805,21.746,-0.300,-0.084,-0.300,-498.863,-499.728,-498.863
10.567,-0.000,0.567,-0.380,45.002,2.805,21.746,-0.300,-0.084,-0.300,-498.863,-499.728,-498.863
10.571,-0.000,0.567,-0.380,45.002,2.805,21.746,-0.300,-0.084,-0.300,-498.863,-499.728,-498.863
10.575,-0.000,0.567,-0.380,45.002,2.805,21.746,-0.300,-0.084,-0.300,-498.863,-499.728,-498.863
10.579,-0.000,0.567,-0.380,45.002,2.805,21.746,-0.300,-0.084,-0.300,-498.863,-499.728,-498.863
10.583,-0.000,0.567,-0.380,45.002,2.805,21.746,-0.300,-0.084,-0.300,-498.863,-499.728,-498.863
10.588,-0.000,0.567,-0.380,45.002,2.805,21.747,-0.300,-0.084,-0.300,-498.863,-499.728,-498.863
10.592,-0.000,0.567,-0.380,45.002,2.805,21.747,-0.300,-0.084,-0.300,-498.863,-499.728,-498.863
10.596,-0.000,0.567,-0.380,45.002,2.805,21.747,-0.300,-0.084,-0.300,-498.863,-499.728,-498.863
10.600,-0.000,0.567,-0.380,45.002,2.805,21.747,-0.300,-0.084,-0.300,-498.863,-499.728,-498.863
10.604,-0.000,0.567,-0.380,45.002,2.805,21.747,-0.300,-0.084,-0.300,-498.863,-499.728,-498.863
10.608,-0.000,0.567,-0.380,45.002,2.805,21.747,-0.300,-0.084,-0.300,-498.863,-499.728,-498.863
10.613,-0.000,0.567,-0.380,45.002,2.805,21.747,-0.300,-0.084,-0.300,-498.863,-499.728,-498.863
10.617,-0.000,0.567,-0.380,45.002,2.805,21.747,-0.300,-0.084,-0.300,-498.863,-499.728,-498.863
10.621,-0.000,0.567,-0.380,45.002,2.805,21.747,-0.300,-0.084,-0.300,-498.863,-499.728,-498.863
10.625,-0.000,0.567,-0.380,45.002,2.805,21.747,-0.300,-0.084,-0.300,-498.863,-499.728,-498.863
10.629,-0.000,0.567,-0.380,45.002,2.805,21.747,-0.300,-0.084,-0.300,-498.863,-499.728,-498.863
10.633,-0.000,0.567,-0.380,45.002,2.805,21.747,-0.300,-0.084,-0.300,-498.863,-499.728,-498.863
10.637,-0.000,0.567,-0.380,45.002,2.805,21.747,-0.300,-0.084,-0.300,-498.863,-499.728,-498.863
10.642,-0.000,0.567,-0.380,45.002,2.805,21.747,-0.300,-0.084,-0.300,-498.863,-499.728,-498.863
10.646,-0.000,0.567,-0.380,45.002,2.805,21.747,-0.300,-0.084,-0.300,-498.863,-499.728,-498.863
10.650,-0.000,0.567,-0.380,45.002,2.805,21.747,-0.300,-0.084,-0.300,-498.863,-499.728,-498.863
10.654,-0.000,0.567,-0.380,45.002,2.805,21.747,-0.300,-0.084,-0.300,-498.863,-499.728,-498.863
10.658,-0.000,0.567,-0.380,45.002,2.805,21.747,-0.300,-0.084,-0.300,-498.863,-499.728,-498.863
10.662,-0.000,0.567,-0.380,45.002,2.805,21.747,-0.300,-0.084,-0.300,-498.863,-499.728,-498.863
10.667,-0.000,0.567,-0.380,45.002,2.805,21.747,-0.300,-0.084,-0.300,-498.863,-499.728,-498.863
10.671,-0.000,0.567,-0.380,45.002,2.805,21.747,-0.300,-0.084,-0.300,-498.863,-499.728,-498.863
10.675,-0.000,0.567,-0.380,45.002,2.805,21.747,-0.300,-0.084,-0.300,-498.863,-499.728,-498.863
10.679,-0.000,0.567,-0.380,45.002,2.805,21.748,-0.300,-0.084,-0.300,-498.863,-499.728,-498.863
10.683,-0.000,0.567,-0.380,45.002,2.805,21.748,-0.300,-0.084,-0.300,-498.863,-499.728,-498.863
10.688,-0.000,0.567,-0.380,45.002,2.805,21.748,-0.300,-0.084,-0.300,-498.863,-499.728,-498.863
10.692,-0.000,0.567,-0.380,45.002,2.805,21.748,-0.300,-0.084,-0.300,-498.863,-499.728,-498.863
10.696,-0.000,0.567,-0.380,45.002,2.805,21.748,-0.300,-0.084,-0.300,-498.863,-499.728,-498.863
10.700,-0.000,0.567,-0.380,45.002,2.805,21.748,-0.300,-0.084,-0.300,-498.863,-499.728,-498.863
10.704,-0.000,0.567,-0.380,45.002,2.805,21.748,-0.300,-0.084,-0.300,-498.863,-499.728,-498.863
10.708,-0.000,0.567,-0.380,45.002,2.805,21.748,-0.300,-0.084,-0.300,-498.863,-499.728,-498.863
10.713,-0.000,0.567,-0.380,45.002,2.805,21.748,-0.300,-0.084,-0.300,-498.863,-499.728,-498.863
10.717,-0.000,0.567,-0.380,45.002,2.805,21.748,-0.300,-0.084,-0.300,-498.863,-499.728,-498.863
10.721,-0.000,0.567,-0.380,45.002,2.805,21.748,-0.300,-0.084,-0.300,-498.863,-499.728,-498.863
10.725,-0.000,0.567,-0.380,45.002,2.805,21.748,-0.300,-0.084,-0.300,-498.863,-499.728,-498.863
10.729,-0.000,0.567,-0.380,45.002,2.805,21.748,-0.300,-0.084,-0.300,-498.863,-499.728,-498.863
10.733,-0.000,0.567,-0.380,45.002,2.805,21.748,-0.300,-0.084,-0.300,-498.863,-499.728,-498.863
10.738,-0.000,0.567,-0.380,45.002,2.805,21.748,-0.300,-0.084,-0.300,-498.863,-499.728,-498.863
10.742,-0.000,0.567,-0.380,45.002,2.805,21.748,-0.300,-0.084,-0.300,-498.863,-499.728,-498.863
10.746,-0.000,0.567,-0.380,45.002,2.805,21.748,-0.300,-0.084,-0.300,-498.863,-499.728,-498.863
10.750,-0.000,0.567,-0.380,45.002,2.805,21.748,-0.300,-0.084,-0.300,-498.863,-499.728,-498.863
10.754,-0.000,0.567,-0.380,45.002,2.805,21.748,-0.300,-0.084,-0.300,-498.863,-499.728,-498.863
10.758,-0.000,0.567,-0.380,45.002,2.805,21.748,-0.300,-0.084,-0.300,-498.863,-499.728,-498.863
10.762,-0.000,0.567,-0.380,45.002,2.805,21.748,-0.300,-0.084,-0.300,-498.863,-499.728,-498.863
10.767,-0.000,0.567,-0.380,45.002,2.805,21.748,-0.300,-0.084,-0.300,-498.863,-499.728,-498.863
10.771,-0.000,0.567,-0.380,45.002,2.805,21.748,-0.300,-0.084,-0.300,-498.863,-499.728,-498.863
10.775,-0.000,0.567,-0.380,45.002,2.805,21.749,-0.300,-0.084,-0.300,-498.863,-499.728,-498.863
10.779,-0.000,0.567,-0.380,45.002,2.805,21.749,-0.300,-0.084,-0.300,-498.863,-499.728,-498.863
10.783,-0.000,0.567,-0.380,45.002,2.805,21.749,-0.300,-0.084,-0.300,-498.863,-499.728,-498.863
10.787,-0.000,0.567,-0.380,45.002,2.805,21.749,-0.300,-0.084,-0.300,-498.863,-499.728,-498.863
10.792,-0.000,0.567,-0.380,45.002,2.805,21.749,-0.300,-0.084,-0.300,-498.863,-499.728,-498.863
10.796,-0.000,0.567,-0.380,45.002,2.805,21.749,-0.300,-0.084,-0.300,-498.863,-499.728,-498.863
10.800,-0.000,0.567,-0.380,45.002,2.805,21.749,-0.300,-0.084,-0.300,-498.863,-499.728,-498.863
10.804,-0.000,0.567,-0.380,45.002,2.805,21.749,-0.300,-0.084,-0.300,-498.863,-499.728,-498.863
10.808,-0.000,0.567,-0.380,45.002,2.805,21.749,-0.300,-0.084,-0.300,-498.863,-499.728,-498.863
10.812,-0.000,0.567,-0.380,45.002,2.805,21.749,-0.300,-0.084,-0.300,-498.863,-499.728,-498.863
10.817,-0.000,0.567,-0.380,45.002,2.805,21.749,-0.300,-0.084,-0.300,-498.863,-499.728,-498.863
10.821,-0.000,0.567,-0.380,45.002,2.805,21.749,-0.300,-0.084,-0.300,-498.863,-499.728,-498.863
10.825,-0.000,0.567,-0.380,45.002,2.805,21.749,-0.300,-0.084,-0.300,-498.863,-499.728,-498.863
10.829,-0.000,0.567,-0.380,45.002,2.805,21.749,-0.300,-0.084,-0.300,-498.863,-499.728,-498.863
10.833,-0.000,0.567,-0.380,45.002,2.805,21.749,-0.300,-0.084,-0.300,-498.863,-499.728,-498.863
10.838,-0.000,0.567,-0.380,45.002,2.805,21.749,-0.300,-0.084,-0.300,-498.863,-499.728,-498.863
10.842,-0.000,0.567,-0.380,45.002,2.805,21.749,-0.300,-0.084,-0.300,-498.863,-499.728,-498.863
10.846,-0.000,0.567,-0.380,45.002,2.805,21.749,-0.300,-0.084,-0.300,-498.863,-499.728,-498.863
10.850,-0.000,0.567,-0.380,45.002,2.805,21.749,-0.300,-0.084,-0.300,-498.863,-499.728,-498.863
10.854,-0.000,0.567,-0.380,45.002,2.805,21.749,-0.300,-0.084,-0.300,-498.863,-499.728,-498.863
10.858,-0.000,0.567,-0.380,45.002,2.805,21.749,-0.300,-0.084,-0.300,-498.863,-499.728,-498.863
10.863,-0.000,0.567,-0.380,45.002,2.805,21.749,-0.300,-0.084,-0.300,-498.863,-499.728,-498.863
10.867,-0.000,0.567,-0.380,45.002,2.805,21.750,-0.300,-0.084,-0.300,-498.863,-499.728,-498.863
10.871,-0.000,0.567,-0.380,45.002,2.805,21.750,-0.300,-0.084,-0.300,-498.863,-499.728,-498.863
10.875,-0.000,0.567,-0.380,45.002,2.805,21.750,-0.300,-0.084,-0.300,-498.863,-499.728,-498.863
10.879,-0.000,0.567,-0.380,45.002,2.805,21.750,-0.300,-0.084,-0.300,-498.863,-499.728,-498.863
10.883,-0.000,0.567,-0.380,45.002,2.805,21.750,-0.300,-0.084,-0.300,-498.863,-499.728,-498.863
10.887,-0.000,0.567,-0.380,45.002,2.805,21.750,-0.300,-0.084,-0.300,-498.863,-499.728,-498.863
10.892,-0.000,0.567,-0.380,45.002,2.805,21.750,-0.300,-0.084,-0.300,-498.863,-499.728,-498.863
10.896,-0.000,0.567,-0.380,45.002,2.805,21.750,-0.300,-0.084,-0.300,-498.863,-499.728,-498.863
10.900,-0.000,0.567,-0.380,45.002,2.805,21.750,-0.300,-0.084,-0.300,-498.863,-499.728,-498.863
10.904,-0.000,0.567,-0.380,45.002,2.805,21.750,-0.300,-0.084,-0.300,-498.863,-499.728,-498.863
10.908,-0.000,0.567,-0.380,45.002,2.805,21.750,-0.300,-0.084,-0.300,-498.863,-499.728,-498.863
10.912,-0.000,0.567,-0.380,45.002,2.805,21.750,-0.300,-0.084,-0.300,-498.863,-499.728,-498.863
10.917,-0.000,0.567,-0.380,45.002,2.805,21.750,-0.300,-0.084,-0.300,-498.863,-499.728,-498.863
10.921,-0.000,0.567,-0.380,45.002,2.805,21.750,-0.300,-0.084,-0.300,-498.863,-499.728,-498.863
10.925,-0.000,0.567,-0.380,45.002,2.805,21.750,-0.300,-0.084,-0.300,-498.863,-499.728,-498.863
10.929,-0.000,0.567,-0.380,45.002,2.805,21.750,-0.300,-0.084,-0.300,-498.863,-499.728,-498.863
10.933,-0.000,0.567,-0.380,45.002,2.805,21.750,-0.300,-0.084,-0.300,-498.863,-499.728,-498.863
10.938,-0.000,0.567,-0.380,45.002,2.805,21.750,-0.300,-0.084,-0.300,-498.863,-499.728,-498.863
10.942,-0.000,0.567,-0.380,45.002,2.805,21.750,-0.300,-0.084,-0.300,-498.863,-499.728,-498.863
10.946,-0.000,0.567,-0.380,45.002,2.805,21.750,-0.300,-0.084,-0.300,-498.863,-499.728,-498.863
10.950,-0.000,0.567,-0.380,45.002,2.805,21.750,-0.300,-0.084,-0.300,-498.863,-499.728,-498.863
10.954,-0.000,0.567,-0.380,45.002,2.805,21.750,-0.300,-0.084,-0.300,-498.863,-499.728,-498.863
10.958,-0.000,0.567,-0.380,45.002,2.805,21.750,-0.300,-0.084,-0.300,-498.863,-499.728,-498.863
10.963,-0.000,0.567,-0.380,45.002,2.805,21.751,-0.300,-0.084,-0.300,-498.863,-499.728,-498.863
10.967,-0.000,0.567,-0.380,45.002,2.805,21.751,-0.300,-0.084,-0.300,-498.863,-499.728,-498.863
10.971,-0.000,0.567,-0.380,45.002,2.805,21.751,-0.300,-0.084,-0.300,-498.863,-499.728,-498.863
10.975,-0.000,0.567,-0.380,45.002,2.805,21.751,-0.300,-0.084,-0.300,-498.863,-499.728,-498.863
10.979,-0.000,0.567,-0.380,45.002,2.805,21.751,-0.300,-0.084,-0.300,-498.863,-499.728,-498.863
10.983,-0.000,0.567,-0.380,45.002,2.805,21.751,-0.300,-0.084,-0.300,-498.863,-499.728,-498.863
10.988,-0.000,0.567,-0.380,45.002,2.805,21.751,-0.300,-0.084,-0.300,-498.863,-499.728,-498.863
10.992,-0.000,0.567,-0.380,45.002,2.805,21.751,-0.300,-0.084,-0.300,-498.863,-499.728,-498.863
10.996,-0.000,0.567,-0.380,45.002,2.805,21.751,-0.300,-0.084,-0.300,-498.863,-499.728,-498.863
11.000,-0.000,0.567,-0.380,45.002,2.805,21.751,-0.300,-0.084,-0.300,-498.863,-499.728,-498.863
11.004,-0.000,0.567,-0.380,45.002,2.805,21.751,-0.300,-0.084,-0.300,-498.863,-499.728,-498.863
11.008,-0.000,0.567,-0.380,45.002,2.805,21.751,-0.300,-0.084,-0.300,-498.863,-499.728,-498.863
11.012,-0.000,0.567,-0.380,45.002,2.805,21.751,-0.300,-0.084,-0.300,-498.863,-499.728,-498.863
11.017,-0.000,0.567,-0.380,45.002,2.805,21.751,-0.300,-0.084,-0.300,-498.863,-499.728,-498.863
11.021,-0.000,0.567,-0.380,45.002,2.805,21.751,-0.300,-0.084,-0.300,-498.863,-499.728,-498.863
11.025,-0.000,0.567,-0.380,45.002,2.805,21.751,-0.300,-0.084,-0.300,-498.863,-499.728,-498.863
11.029,-0.000,0.567,-0.380,45.002,2.805,21.751,-0.300,-0.084,-0.300,-498.863,-499.728,-498.863
11.033,-0.000,0.567,-0.380,45.002,2.805,21.751,-0.300,-0.084,-0.300,-498.863,-499.728,-498.863
11.037,-0.000,0.567,-0.380,45.002,2.805,21.751,-0.300,-0.084,-0.300,-498.863,-499.728,-498.863
11.042,-0.000,0.567,-0.380,45.002,2.805,21.751,-0.300,-0.084,-0.300,-498.863,-499.728,-498.863
11.046,-0.000,0.567,-0.380,45.002,2.805,21.751,-0.300,-0.084,-0.300,-498.863,-499.728,-498.863
11.050,-0.000,0.567,-0.380,45.002,2.805,21.751,-0.300,-0.084,-0.300,-498.863,-499.728,-498.863
11.054,-0.000,0.567,-0.380,45.002,2.805,21.751,-0.300,-0.084,-0.300,-498.863,-499.728,-498.863
11.058,-0.000,0.567,-0.380,45.002,2.805,21.752,-0.300,-0.084,-0.300,-498.863,-499.728,-498.863
11.062,-0.000,0.567,-0.380,45.002,2.805,21.752,-0.300,-0.084,-0.300,-498.863,-499.728,-498.863
11.067,-0.000,0.567,-0.380,45.002,2.805,21.752,-0.300,-0.084,-0.300,-498.863,-499.728,-498.863
11.071,-0.000,0.567,-0.380,45.002,2.805,21.752,-0.300,-0.084,-0.300,-498.863,-499.728,-498.863
11.075,-0.000,0.567,-0.380,45.002,2.805,21.752,-0.300,-0.084,-0.300,-498.863,-499.728,-498.863
11.079,-0.000,0.567,-0.380,45.002,2.805,21.752,-0.300,-0.084,-0.300,-498.863,-499.728,-498.863
11.083,-0.000,0.567,-0.380,45.002,2.805,21.752,-0.300,-0.084,-0.300,-498.863,-499.728,-498.863
11.088,-0.000,0.567,-0.380,45.002,2.805,21.752,-0.300,-0.084,-0.300,-498.863,-499.728,-498.863
11.092,-0.000,0.567,-0.380,45.002,2.805,21.752,-0.300,-0.084,-0.300,-498.863,-499.728,-498.863
11.096,-0.000,0.567,-0.380,45.002,2.805,21.752,-0.300,-0.084,-0.300,-498.863,-499.728,-498.863
11.100,-0.000,0.567,-0.380,45.002,2.805,21.752,-0.300,-0.084,-0.300,-498.863,-499.728,-498.863
11.104,-0.000,0.567,-0.380,45.002,2.805,21.752,-0.300,-0.084,-0.300,-498.863,-499.728,-498.863
11.108,-0.000,0.567,-0.380,45.002,2.805,21.752,-0.300,-0.084,-0.300,-498.863,-499.728,-498.863
11.113,-0.000,0.567,-0.380,45.002,2.805,21.752,-0.300,-0.084,-0.300,-498.863,-499.728,-498.863
11.117,-0.000,0.567,-0.380,45.002,2.805,21.752,-0.300,-0.084,-0.300,-498.863,-499.728,-498.863
11.121,-0.000,0.567,-0.380,45.002,2.805,21.752,-0.300,-0.084,-0.300,-498.863,-499.728,-498.863
11.125,-0.000,0.567,-0.380,45.002,2.805,21.752,-0.300,-0.084,-0.300,-498.863,-499.728,-498.863
11.129,-0.000,0.567,-0.380,45.002,2.805,21.752,-0.300,-0.084,-0.300,-498.863,-499.728,-498.863
11.133,-0.000,0.567,-0.380,45.002,2.805,21.752,-0.300,-0.084,-0.300,-498.863,-499.728,-498.863
11.137,-0.000,0.567,-0.380,45.002,2.805,21.752,-0.300,-0.084,-0.300,-498.863,-499.728,-498.863
11.142,-0.000,0.567,-0.380,45.002,2.805,21.752,-0.300,-0.084,-0.300,-498.863,-499.728,-498.863
11.146,-0.000,0.567,-0.380,45.002,2.805,21.752,-0.300,-0.084,-0.300,-498.863,-499.728,-498.863
11.150,-0.000,0.567,-0.380,45.002,2.805,21.753,-0.300,-0.084,-0.300,-498.863,-499.728,-498.863
11.154,-0.000,0.567,-0.380,45.002,2.805,21.753,-0.300,-0.084,-0.300,-498.863,-499.728,-498.863
11.158,-0.000,0.567,-0.380,45.002,2.805,21.753,-0.300,-0.084,-0.300,-498.863,-499.728,-498.863
11.162,-0.000,0.567,-0.380,45.002,2.805,21.753,-0.300,-0.084,-0.300,-498.863,-499.728,-498.863
11.167,-0.000,0.567,-0.380,45.002,2.805,21.753,-0.300,-0.084,-0.300,-498.863,-499.728,-498.863
11.171,-0.000,0.567,-0.380,45.002,2.805,21.753,-0.300,-0.084,-0.300,-498.863,-499.728,-498.863
11.175,-0.000,0.567,-0.380,45.002,2.805,21.753,-0.300,-0.084,-0.300,-498.863,-499.728,-498.863
11.179,-0.000,0.567,-0.380,45.002,2.805,21.753,-0.300,-0.084,-0.300,-498.863,-499.728,-498.863
11.183,-0.000,0.567,-0.380,45.002,2.805,21.753,-0.300,-0.084,-0.300,-498.863,-499.728,-498.863
11.188,-0.000,0.567,-0.380,45.002,2.805,21.753,-0.300,-0.084,-0.300,-498.863,-499.728,-498.863
11.192,-0.000,0.567,-0.380,45.002,2.805,21.753,-0.300,-0.084,-0.300,-498.863,-499.728,-498.863
11.196,-0.000,0.567,-0.380,45.002,2.805,21.753,-0.300,-0.084,-0.300,-498.863,-499.728,-498.863
11.200,-0.000,0.567,-0.380,45.002,2.805,21.753,-0.300,-0.084,-0.300,-498.863,-499.728,-498.863
11.204,-0.000,0.567,-0.380,45.002,2.805,21.753,-0.300,-0.084,-0.300,-498.863,-499.728,-498.863
11.208,-0.000,0.567,-0.380,45.002,2.805,21.753,-0.300,-0.084,-0.300,-498.863,-499.728,-498.863
11.213,-0.000,0.567,-0.380,45.002,2.805,21.753,-0.300,-0.084,-0.300,-498.863,-499.728,-498.863
11.217,-0.000,0.567,-0.380,45.002,2.805,21.753,-0.300,-0.084,-0.300,-498.863,-499.728,-498.863
11.221,-0.000,0.567,-0.380,45.002,2.805,21.753,-0.300,-0.084,-0.300,-498.863,-499.728,-498.863
11.225,-0.000,0.567,-0.380,45.002,2.805,21.753,-0.300,-0.084,-0.300,-498.863,-499.728,-498.863
11.229,-0.000,0.567,-0.380,45.002,2.805,21.753,-0.300,-0.084,-0.300,-498.863,-499.728,-498.863
11.233,-0.000,0.567,-0.380,45.002,2.805,21.753,-0.300,-0.084,-0.300,-498.863,-499.728,-498.863
11.238,-0.000,0.567,-0.380,45.002,2.805,21.753,-0.300,-0.084,-0.300,-498.863,-499.728,-498.863
11.242,-0.000,0.567,-0.380,45.002,2.805,21.753,-0.300,-0.084,-0.300,-498.863,-499.728,-498.863
11.246,-0.000,0.567,-0.380,45.002,2.805,21.754,-0.300,-0.084,-0.300,-498.863,-499.728,-498.863
11.250,-0.000,0.567,-0.380,45.002,2.805,21.754,-0.300,-0.084,-0.300,-498.863,-499.728,-498.863
11.254,-0.000,0.567,-0.380,45.002,2.805,21.754,-0.300,-0.084,-0.300,-498.863,-499.728,-498.863
11.258,-0.000,0.567,-0.380,45.002,2.805,21.754,-0.300,-0.084,-0.300,-498.863,-499.728,-498.863
11.262,-0.000,0.567,-0.380,45.002,2.805,21.754,-0.300,-0.084,-0.300,-498.863,-499.728,-498.863
11.267,-0.000,0.567,-0.380,45.002,2.805,21.754,-0.300,-0.084,-0.300,-498.863,-499.728,-498.863
11.271,-0.000,0.567,-0.380,45.002,2.805,21.754,-0.300,-0.084,-0.300,-498.863,-499.728,-498.863
11.275,-0.000,0.567,-0.380,45.002,2.805,21.754,-0.300,-0.084,-0.300,-498.863,-499.728,-498.863
11.279,-0.000,0.567,-0.380,45.002,2.805,21.754,-0.300,-0.084,-0.300,-498.863,-499.728,-498.863
11.283,-0.000,0.567,-0.380,45.002,2.805,21.754,-0.300,-0.084,-0.300,-498.863,-499.728,-498.863
11.287,-0.000,0.567,-0.380,45.002,2.805,21.754,-0.300,-0.084,-0.300,-498.863,-499.728,-498.863
11.292,-0.000,0.567,-0.380,45.002,2.805,21.754,-0.300,-0.084,-0.300,-498.863,-499.728,-498.863
11.296,-0.000,0.567,-0.380,45.002,2.805,21.754,-0.300,-0.084,-0.300,-498.863,-499.728,-498.863
11.300,-0.000,0.567,-0.380,45.002,2.805,21.754,-0.300,-0.084,-0.300,-498.863,-499.728,-498.863
11.304,-0.000,0.567,-0.380,45.002,2.805,21.754,-0.300,-0.084,-0.300,-498.863,-499.728,-498.863
11.308,-0.000,0.567,-0.380,45.002,2.805,21.754,-0.300,-0.084,-0.300,-498.863,-499.728,-498.863
11.312,-0.000,0.567,-0.380,45.002,2.805,21.754,-0.300,-0.084,-0.300,-498.863,-499.728,-498.863
11.317,-0.000,0.567,-0.380,45.002,2.805,21.754,-0.300,-0.084,-0.300,-498.863,-499.728,-498.863
11.321,-0.000,0.567,-0.380,45.002,2.805,21.754,-0.300,-0.084,-0.300,-498.863,-499.728,-498.863
11.325,-0.000,0.567,-0.380,45.002,2.805,21.754,-0.300,-0.084,-0.300,-498.863,-499.728,-498.863
11.329,-0.000,0.567,-0.380,45.002,2.805,21.754,-0.300,-0.084,-0.300,-498.863,-499.728,-498.863
11.333,-0.000,0.567,-0.380,45.002,2.805,21.754,-0.300,-0.084,-0.300,-498.863,-499.728,-498.863
11.338,-0.000,0.567,-0.380,45.002,2.805,21.755,-0.300,-0.084,-0.300,-498.863,-499.728,-498.863
11.342,-0.000,0.567,-0.380,45.002,2.805,21.755,-0.300,-0.084,-0.300,-498.863,-499.728,-498.863
11.346,-0.000,0.567,-0.380,45.002,2.805,21.755,-0.300,-0.084,-0.300,-498.863,-499.728,-498.863
11.350,-0.000,0.567,-0.380,45.002,2.805,21.755,-0.300,-0.084,-0.300,-498.863,-499.728,-498.863
11.354,-0.000,0.567,-0.380,45.002,2.805,21.755,-0.300,-0.084,-0.300,-498.863,-499.728,-498.863
11.358,-0.000,0.567,-0.380,45.002,2.805,21.755,-0.300,-0.084,-0.300,-498.863,-499.728,-498.863
11.363,-0.000,0.567,-0.380,45.002,2.805,21.755,-0.300,-0.084,-0.300,-498.863,-499.728,-498.863
11.367,-0.000,0.567,-0.380,45.002,2.805,21.755,-0.300,-0.084,-0.300,-498.863,-499.728,-498.863
11.371,-0.000,0.567,-0.380,45.002,2.805,21.755,-0.300,-0.084,-0.300,-498.863,-499.728,-498.863
11.375,-0.000,0.567,-0.380,45.002,2.805,21.755,-0.300,-0.084,-0.300,-498.863,-499.728,-498.863
11.379,-0.000,0.567,-0.380,45.002,2.805,21.755,-0.300,-0.084,-0.300,-498.863,-499.728,-498.863
11.383,-0.000,0.567,-0.380,45.002,2.805,21.755,-0.300,-0.084,-0.300,-498.863,-499.728,-498.863
11.387,-0.000,0.567,-0.380,45.002,2.805,21.755,-0.300,-0.084,-0.300,-498.863,-499.728,-498.863
11.392,-0.000,0.567,-0.380,45.002,2.805,21.755,-0.300,-0.084,-0.300,-498.863,-499.728,-498.863
11.396,-0.000,0.567,-0.380,45.002,2.805,21.755,-0.300,-0.084,-0.300,-498.863,-499.728,-498.863
11.400,-0.000,0.567,-0.380,45.002,2.805,21.755,-0.300,-0.084,-0.300,-498.863,-499.728,-498.863
11.404,-0.000,0.567,-0.380,45.002,2.805,21.755,-0.300,-0.084,-0.300,-498.863,-499.728,-498.863
11.408,-0.000,0.567,-0.380,45.002,2.805,21.755,-0.300,-0.084,-0.300,-498.863,-499.728,-498.863
11.412,-0.000,0.567,-0.380,45.002,2.805,21.755,-0.300,-0.084,-0.300,-498.863,-499.728,-498.863
11.417,-0.000,0.567,-0.380,45.002,2.805,21.755,-0.300,-0.084,-0.300,-498.863,-499.728,-498.863
11.421,-0.000,0.567,-0.380,45.002,2.805,21.755,-0.300,-0.084,-0.300,-498.863,-499.728,-498.863
11.425,-0.000,0.567,-0.380,45.002,2.805,21.755,-0.300,-0.084,-0.300,-498.863,-499.728,-498.863
11.429,-0.000,0.567,-0.380,45.002,2.805,21.755,-0.300,-0.084,-0.300,-498.863,-499.728,-498.863
11.433,-0.000,0.567,-0.380,45.002,2.805,21.756,-0.300,-0.084,-0.300,-498.863,-499.728,-498.863
11.438,-0.000,0.567,-0.380,45.002,2.805,21.756,-0.300,-0.084,-0.300,-498.863,-499.728,-498.863
11.442,-0.000,0.567,-0.380,45.002,2.805,21.756,-0.300,-0.084,-0.300,-498.863,-499.728,-498.863
11.446,-0.000,0.567,-0.380,45.002,2.805,21.756,-0.300,-0.084,-0.300,-498.863,-499.728,-498.863
11.450,-0.000,0.567,-0.380,45.002,2.805,21.756,-0.300,-0.084,-0.300,-498.863,-499.728,-498.863
11.454,-0.000,0.567,-0.380,45.002,2.805,21.756,-0.300,-0.084,-0.300,-498.863,-499.728,-498.863
11.458,-0.000,0.567,-0.380,45.002,2.805,21.756,-0.300,-0.084,-0.300,-498.863,-499.728,-498.863
11.463,-0.000,0.567,-0.380,45.002,2.805,21.756,-0.300,-0.084,-0.300,-498.863,-499.728,-498.863
11.467,-0.000,0.567,-0.380,45.002,2.805,21.756,-0.300,-0.084,-0.300,-498.863,-499.728,-498.863
11.471,-0.000,0.567,-0.380,45.002,2.805,21.756,-0.300,-0.084,-0.300,-498.863,-499.728,-498.863
11.475,-0.000,0.567,-0.380,45.002,2.805,21.756,-0.300,-0.084,-0.300,-498.863,-499.728,-498.863
11.479,-0.000,0.567,-0.380,45.002,2.805,21.756,-0.300,-0.084,-0.300,-498.863,-499.728,-498.863
11.483,-0.000,0.567,-0.380,45.002,2.805,21.756,-0.300,-0.084,-0.300,-498.863,-499.728,-498.863
11.488,-0.000,0.567,-0.380,45.002,2.805,21.756,-0.300,-0.084,-0.300,-498.863,-499.728,-498.863
11.492,-0.000,0.567,-0.380,45.002,2.805,21.756,-0.300,-0.084,-0.300,-498.863,-499.728,-498.863
11.496,-0.000,0.567,-0.380,45.002,2.805,21.756,-0.300,-0.084,-0.300,-498.863,-499.728,-498.863
11.500,-0.000,0.567,-0.380,45.002,2.805,21.756,-0.300,-0.084,-0.300,-498.863,-499.728,-498.863
11.504,-0.000,0.567,-0.380,45.002,2.805,21.756,-0.300,-0.084,-0.300,-498.863,-499.728,-498.863
11.508,-0.000,0.567,-0.380,45.002,2.805,21.756,-0.300,-0.084,-0.300,-498.863,-499.728,-498.863
11.512,-0.000,0.567,-0.380,45.002,2.805,21.756,-0.300,-0.084,-0.300,-498.863,-499.728,-498.863
11.517,-0.000,0.567,-0.380,45.002,2.805,21.756,-0.300,-0.084,-0.300,-498.863,-499.728,-498.863
11.521,-0.000,0.567,-0.380,45.002,2.805,21.756,-0.300,-0.084,-0.300,-498.863,-499.728,-498.863
11.525,-0.000,0.567,-0.380,45.002,2.805,21.756,-0.300,-0.084,-0.300,-498.863,-499.728,-498.863
11.529,-0.000,0.567,-0.380,45.002,2.805,21.757,-0.300,-0.084,-0.300,-498.863,-499.728,-498.863
11.533,-0.000,0.567,-0.380,45.002,2.805,21.757,-0.300,-0.084,-0.300,-498.863,-499.728,-498.863
11.537,-0.000,0.567,-0.380,45.002,2.805,21.757,-0.300,-0.084,-0.300,-498.863,-499.728,-498.863
11.542,-0.000,0.567,-0.380,45.002,2.805,21.757,-0.300,-0.084,-0.300,-498.863,-499.728,-498.863
11.546,-0.000,0.567,-0.380,45.002,2.805,21.757,-0.300,-0.084,-0.300,-498.863,-499.728,-498.863
11.550,-0.000,0.567,-0.380,45.002,2.805,21.757,-0.300,-0.084,-0.300,-498.863,-499.728,-498.863
11.554,-0.000,0.567,-0.380,45.002,2.805,21.757,-0.300,-0.084,-0.300,-498.863,-499.728,-498.863
11.558,-0.000,0.567,-0.380,45.002,2.805,21.757,-0.300,-0.084,-0.300,-498.863,-499.728,-498.863
11.562,-0.000,0.567,-0.380,45.002,2.805,21.757,-0.300,-0.084,-0.300,-498.863,-499.728,-498.863
11.567,-0.000,0.567,-0.380,45.002,2.805,21.757,-0.300,-0.084,-0.300,-498.863,-499.728,-498.863
11.571,-0.000,0.567,-0.380,45.002,2.805,21.757,-0.300,-0.084,-0.300,-498.863,-499.728,-498.863
11.575,-0.000,0.567,-0.380,45.002,2.805,21.757,-0.300,-0.084,-0.300,-498.863,-499.728,-498.863
11.579,-0.000,0.567,-0.380,45.002,2.805,21.757,-0.300,-0.084,-0.300,-498.863,-499.728,-498.863
11.583,-0.000,0.567,-0.380,45.002,2.805,21.757,-0.300,-0.084,-0.300,-498.863,-499.728,-498.863
11.588,-0.000,0.567,-0.380,45.002,2.805,21.757,-0.300,-0.084,-0.300,-498.863,-499.728,-498.863
11.592,-0.000,0.567,-0.380,45.002,2.805,21.757,-0.300,-0.084,-0.300,-498.863,-499.728,-498.863
11.596,-0.000,0.567,-0.380,45.002,2.805,21.757,-0.300,-0.084,-0.300,-498.863,-499.728,-498.863
11.600,-0.000,0.567,-0.380,45.002,2.805,21.757,-0.300,-0.084,-0.300,-498.863,-499.728,-498.863
11.604,-0.000,0.567,-0.380,45.002,2.805,21.757,-0.300,-0.084,-0.300,-498.863,-499.728,-498.863
11.608,-0.000,0.567,-0.380,45.002,2.805,21.757,-0.300,-0.084,-0.300,-498.863,-499.728,-498.863
11.613,-0.000,0.567,-0.380,45.002,2.805,21.757,-0.300,-0.084,-0.300,-498.863,-499.728,-498.863
11.617,-0.000,0.567,-0.380,45.002,2.805,21.757,-0.300,-0.084,-0.300,-498.863,-499.728,-498.863
11.621,-0.000,0.567,-0.380,45.002,2.805,21.758,-0.300,-0.084,-0.300,-498.863,-499.728,-498.863
11.625,-0.000,0.567,-0.380,45.002,2.805,21.758,-0.300,-0.084,-0.300,-498.863,-499.728,-498.863
11.629,-0.000,0.567,-0.380,45.002,2.805,21.758,-0.300,-0.084,-0.300,-498.863,-499.728,-498.863
11.633,-0.000,0.567,-0.380,45.002,2.805,21.758,-0.300,-0.084,-0.300,-498.863,-499.728,-498.863
11.637,-0.000,0.567,-0.380,45.002,2.805,21.758,-0.300,-0.084,-0.300,-498.863,-499.728,-498.863
11.642,-0.000,0.567,-0.380,45.002,2.805,21.758,-0.300,-0.084,-0.300,-498.863,-499.728,-498.863
11.646,-0.000,0.567,-0.380,45.002,2.805,21.758,-0.300,-0.084,-0.300,-498.863,-499.728,-498.863
11.650,-0.000,0.567,-0.380,45.002,2.805,21.758,-0.300,-0.084,-0.300,-498.863,-499.728,-498.863
11.654,-0.000,0.567,-0.380,45.002,2.805,21.758,-0.300,-0.084,-0.300,-498.863,-499.728,-498.863
11.658,-0.000,0.567,-0.380,45.002,2.805,21.758,-0.300,-0.084,-0.300,-498.863,-499.728,-498.863
11.662,-0.000,0.567,-0.380,45.002,2.805,21.758,-0.300,-0.084,-0.300,-498.863,-499.728,-498.863
11.667,-0.000,0.567,-0.380,45.002,2.805,21.758,-0.300,-0.084,-0.300,-498.863,-499.728,-498.863
11.671,-0.000,0.567,-0.380,45.002,2.805,21.758,-0.300,-0.084,-0.300,-498.863,-499.728,-498.863
11.675,-0.000,0.567,-0.380,45.002,2.805,21.758,-0.300,-0.084,-0.300,-498.863,-499.728,-498.863
11.679,-0.000,0.567,-0.380,45.002,2.805,21.758,-0.300,-0.084,-0.300,-498.863,-499.728,-498.863
11.683,-0.000,0.567,-0.380,45.002,2.805,21.758,-0.300,-0.084,-0.300,-498.863,-499.728,-498.863
11.688,-0.000,0.567,-0.380,45.002,2.805,21.758,-0.300,-0.084,-0.300,-498.863,-499.728,-498.863
11.692,-0.000,0.567,-0.380,45.002,2.805,21.758,-0.300,-0.084,-0.300,-498.863,-499.728,-498.863
11.696,-0.000,0.567,-0.380,45.002,2.805,21.758,-0.300,-0.084,-0.300,-498.863,-499.728,-498.863
11.700,-0.000,0.567,-0.380,45.002,2.805,21.758,-0.300,-0.084,-0.300,-498.863,-499.728,-498.863
11.704,-0.000,0.567,-0.380,45.002,2.805,21.758,-0.300,-0.084,-0.300,-498.863,-499.728,-498.863
11.708,-0.000,0.567,-0.380,45.002,2.805,21.758,-0.300,-0.084,-0.300,-498.863,-499.728,-498.863
11.713,-0.000,0.567,-0.380,45.002,2.805,21.758,-0.300,-0.084,-0.300,-498.863,-499.728,-498.863
11.717,-0.000,0.567,-0.380,45.002,2.805,21.759,-0.300,-0.084,-0.300,-498.863,-499.728,-498.863
11.721,-0.000,0.567,-0.380,45.002,2.805,21.759,-0.300,-0.084,-0.300,-498.863,-499.728,-498.863
11.725,-0.000,0.567,-0.380,45.002,2.805,21.759,-0.300,-0.084,-0.300,-498.863,-499.728,-498.863
11.729,-0.000,0.567,-0.380,45.002,2.805,21.759,-0.300,-0.084,-0.300,-498.863,-499.728,-498.863
11.733,-0.000,0.567,-0.380,45.002,2.805,21.759,-0.300,-0.084,-0.300,-498.863,-499.728,-498.863
11.738,-0.000,0.567,-0.380,45.002,2.805,21.759,-0.300,-0.084,-0.300,-498.863,-499.728,-498.863
11.742,-0.000,0.567,-0.380,45.002,2.805,21.759,-0.300,-0.084,-0.300,-498.863,-499.728,-498.863
11.746,-0.000,0.567,-0.380,45.002,2.805,21.759,-0.300,-0.084,-0.300,-498.863,-499.728,-498.863
11.750,-0.000,0.567,-0.380,45.002,2.805,21.759,-0.300,-0.084,-0.300,-498.863,-499.728,-498.863
11.754,-0.000,0.567,-0.380,45.002,2.805,21.759,-0.300,-0.084,-0.300,-498.863,-499.728,-498.863
11.758,-0.000,0.567,-0.380,45.002,2.805,21.759,-0.300,-0.084,-0.300,-498.863,-499.728,-498.863
11.762,-0.000,0.567,-0.380,45.002,2.805,21.759,-0.300,-0.084,-0.300,-498.863,-499.728,-498.863
11.767,-0.000,0.567,-0.380,45.002,2.805,21.759,-0.300,-0.084,-0.300,-498.863,-499.728,-498.863
11.771,-0.000,0.567,-0.380,45.002,2.805,21.759,-0.300,-0.084,-0.300,-498.863,-499.728,-498.863
11.775,-0.000,0.567,-0.380,45.002,2.805,21.759,-0.300,-0.084,-0.300,-498.863,-499.728,-498.863
11.779,-0.000,0.567,-0.380,45.002,2.805,21.759,-0.300,-0.084,-0.300,-498.863,-499.728,-498.863
11.783,-0.000,0.567,-0.380,45.002,2.805,21.759,-0.300,-0.084,-0.300,-498.863,-499.728,-498.863
11.787,-0.000,0.567,-0.380,45.002,2.805,21.759,-0.300,-0.084,-0.300,-498.863,-499.728,-498.863
11.792,-0.000,0.567,-0.380,45.002,2.805,21.759,-0.300,-0.084,-0.300,-498.863,-499.728,-498.863
11.796,-0.000,0.567,-0.380,45.002,2.805,21.759,-0.300,-0.084,-0.300,-498.863,-499.728,-498.863
11.800,-0.000,0.567,-0.380,45.002,2.805,21.759,-0.300,-0.084,-0.300,-498.863,-499.728,-498.863
11.804,-0.000,0.567,-0.380,45.002,2.805,21.759,-0.300,-0.084,-0.300,-498.863,-499.728,-498.863
11.808,-0.000,0.567,-0.380,45.002,2.805,21.759,-0.300,-0.084,-0.300,-498.863,-499.728,-498.863
11.812,-0.000,0.567,-0.380,45.002,2.805,21.760,-0.300,-0.084,-0.300,-498.863,-499.728,-498.863
11.817,-0.000,0.567,-0.380,45.002,2.805,21.760,-0.300,-0.084,-0.300,-498.863,-499.728,-498.863
11.821,-0.000,0.567,-0.380,45.002,2.805,21.760,-0.300,-0.084,-0.300,-498.863,-499.728,-498.863
11.825,-0.000,0.567,-0.380,45.002,2.805,21.760,-0.300,-0.084,-0.300,-498.863,-499.728,-498.863
11.829,-0.000,0.567,-0.380,45.002,2.805,21.760,-0.300,-0.084,-0.300,-498.863,-499.728,-498.863
11.833,-0.000,0.567,-0.380,45.002,2.805,21.760,-0.300,-0.084,-0.300,-498.863,-499.728,-498.863
11.838,-0.000,0.567,-0.380,45.002,2.805,21.760,-0.300,-0.084,-0.300,-498.863,-499.728,-498.863
11.842,-0.000,0.567,-0.380,45.002,2.805,21.760,-0.300,-0.084,-0.300,-498.863,-499.728,-498.863
11.846,-0.000,0.567,-0.380,45.002,2.805,21.760,-0.300,-0.084,-0.300,-498.863,-499.728,-498.863
11.850,-0.000,0.567,-0.380,45.002,2.805,21.760,-0.300,-0.084,-0.300,-498.863,-499.728,-498.863
11.854,-0.000,0.567,-0.380,45.002,2.805,21.760,-0.300,-0.084,-0.300,-498.863,-499.728,-498.863
11.858,-0.000,0.567,-0.380,45.002,2.805,21.760,-0.300,-0.084,-0.300,-498.863,-499.728,-498.863
11.863,-0.000,0.567,-0.380,45.002,2.805,21.760,-0.300,-0.084,-0.300,-498.863,-499.728,-498.863
11.867,-0.000,0.567,-0.380,45.002,2.805,21.760,-0.300,-0.084,-0.300,-498.863,-499.728,-498.863
11.871,-0.000,0.567,-0.380,45.002,2.805,21.760,-0.300,-0.084,-0.300,-498.863,-499.728,-498.863
11.875,-0.000,0.567,-0.380,45.002,2.805,21.760,-0.300,-0.084,-0.300,-498.863,-499.728,-498.863
11.879,-0.000,0.567,-0.380,45.002,2.805,21.760,-0.300,-0.084,-0.300,-498.863,-499.728,-498.863
11.883,-0.000,0.567,-0.380,45.002,2.805,21.760,-0.300,-0.084,-0.300,-498.863,-499.728,-498.863
11.887,-0.000,0.567,-0.380,45.002,2.805,21.760,-0.300,-0.084,-0.300,-498.863,-499.728,-498.863
11.892,-0.000,0.567,-0.380,45.002,2.805,21.760,-0.300,-0.084,-0.300,-498.863,-499.728,-498.863
11.896,-0.000,0.567,-0.380,45.002,2.805,21.760,-0.300,-0.084,-0.300,-498.863,-499.728,-498.863
11.900,-0.000,0.567,-0.380,45.002,2.805,21.760,-0.300,-0.084,-0.300,-498.863,-499.728,-498.863
11.904,-0.000,0.567,-0.380,45.002,2.805,21.761,-0.300,-0.084,-0.300,-498.863,-499.728,-498.863
11.908,-0.000,0.567,-0.380,45.002,2.805,21.761,-0.300,-0.084,-0.300,-498.863,-499.728,-498.863
11.912,-0.000,0.567,-0.380,45.002,2.805,21.761,-0.300,-0.084,-0.300,-498.863,-499.728,-498.863
11.917,-0.000,0.567,-0.380,45.002,2.805,21.761,-0.300,-0.084,-0.300,-498.863,-499.728,-498.863
11.921,-0.000,0.567,-0.380,45.002,2.805,21.761,-0.300,-0.084,-0.300,-498.863,-499.728,-498.863
11.925,-0.000,0.567,-0.380,45.002,2.805,21.761,-0.300,-0.084,-0.300,-498.863,-499.728,-498.863
11.929,-0.000,0.567,-0.380,45.002,2.805,21.761,-0.300,-0.084,-0.300,-498.863,-499.728,-498.863
11.933,-0.000,0.567,-0.380,45.002,2.805,21.761,-0.300,-0.084,-0.300,-498.863,-499.728,-498.863
11.938,-0.000,0.567,-0.380,45.002,2.805,21.761,-0.300,-0.084,-0.300,-498.863,-499.728,-498.863
11.942,-0.000,0.567,-0.380,45.002,2.805,21.761,-0.300,-0.084,-0.300,-498.863,-499.728,-498.863
11.946,-0.000,0.567,-0.380,45.002,2.805,21.761,-0.300,-0.084,-0.300,-498.863,-499.728,-498.863
11.950,-0.000,0.567,-0.380,45.002,2.805,21.761,-0.300,-0.084,-0.300,-498.863,-499.728,-498.863
11.954,-0.000,0.567,-0.380,45.002,2.805,21.761,-0.300,-0.084,-0.300,-498.863,-499.728,-498.863
11.958,-0.000,0.567,-0.380,45.002,2.805,21.761,-0.300,-0.084,-0.300,-498.863,-499.728,-498.863
11.963,-0.000,0.567,-0.380,45.002,2.805,21.761,-0.300,-0.084,-0.300,-498.863,-499.728,-498.863
11.967,-0.000,0.567,-0.380,45.002,2.805,21.761,-0.300,-0.084,-0.300,-498.863,-499.728,-498.863
11.971,-0.000,0.567,-0.380,45.002,2.805,21.761,-0.300,-0.084,-0.300,-498.863,-499.728,-498.863
11.975,-0.000,0.567,-0.380,45.002,2.805,21.761,-0.300,-0.084,-0.300,-498.863,-499.728,-498.863
11.979,-0.000,0.567,-0.380,45.002,2.805,21.761,-0.300,-0.084,-0.300,-498.863,-499.728,-498.863
11.983,-0.000,0.567,-0.380,45.002,2.805,21.761,-0.300,-0.084,-0.300,-498.863,-499.728,-498.863
11.988,-0.000,0.567,-0.380,45.002,2.805,21.761,-0.300,-0.084,-0.300,-498.863,-499.728,-498.863
11.992,-0.000,0.567,-0.380,45.002,2.805,21.761,-0.300,-0.084,-0.300,-498.863,-499.728,-498.863
11.996,-0.000,0.567,-0.380,45.002,2.805,21.761,-0.300,-0.084,-0.300,-498.863,-499.728,-498.863
12.000,-0.000,0.567,-0.380,45.002,2.805,21.762,-0.300,-0.084,-0.300,-498.863,-499.728,-498.863
12.004,-0.000,0.567,-0.380,45.002,2.805,21.762,-0.300,-0.084,-0.300,-498.863,-499.728,-498.863
12.008,-0.000,0.567,-0.380,45.002,2.805,21.762,-0.300,-0.084,-0.300,-498.863,-499.728,-498.863
12.012,-0.000,0.567,-0.380,45.002,2.805,21.762,-0.300,-0.084,-0.300,-498.863,-499.728,-498.863
12.017,-0.000,0.567,-0.380,45.002,2.805,21.762,-0.300,-0.084,-0.300,-498.863,-499.728,-498.863
12.021,-0.000,0.567,-0.380,45.002,2.805,21.762,-0.300,-0.084,-0.300,-498.863,-499.728,-498.863
12.025,-0.000,0.567,-0.380,45.002,2.805,21.762,-0.300,-0.084,-0.300,-498.863,-499.728,-498.863
12.029,-0.000,0.567,-0.380,45.002,2.805,21.762,-0.300,-0.084,-0.300,-498.863,-499.728,-498.863
12.033,-0.000,0.567,-0.380,45.002,2.805,21.762,-0.300,-0.084,-0.300,-498.863,-499.728,-498.863
12.037,-0.000,0.567,-0.380,45.002,2.805,21.762,-0.300,-0.084,-0.300,-498.863,-499.728,-498.863
12.042,-0.000,0.567,-0.380,45.002,2.805,21.762,-0.300,-0.084,-0.300,-498.863,-499.728,-498.863
12.046,-0.000,0.567,-0.380,45.002,2.805,21.762,-0.300,-0.084,-0.300,-498.863,-499.728,-498.863
12.050,-0.000,0.567,-0.380,45.002,2.805,21.762,-0.300,-0.084,-0.300,-498.863,-499.728,-498.863
12.054,-0.000,0.567,-0.380,45.002,2.805,21.762,-0.300,-0.084,-0.300,-498.863,-499.728,-498.863
12.058,-0.000,0.567,-0.380,45.002,2.805,21.762,-0.300,-0.084,-0.300,-498.863,-499.728,-498.863
12.062,-0.000,0.567,-0.380,45.002,2.805,21.762,-0.300,-0.084,-0.300,-498.863,-499.728,-498.863
12.067,-0.000,0.567,-0.380,45.002,2.805,21.762,-0.300,-0.084,-0.300,-498.863,-499.728,-498.863
12.071,-0.000,0.567,-0.380,45.002,2.805,21.762,-0.300,-0.084,-0.300,-498.863,-499.728,-498.863
12.075,-0.000,0.567,-0.380,45.002,2.805,21.762,-0.300,-0.084,-0.300,-498.863,-499.728,-498.863
12.079,-0.000,0.567,-0.380,45.002,2.805,21.762,-0.300,-0.084,-0.300,-498.863,-499.728,-498.863
12.083,-0.000,0.567,-0.380,45.002,2.805,21.762,-0.300,-0.084,-0.300,-498.863,-499.728,-498.863
12.088,-0.000,0.567,-0.380,45.002,2.805,21.762,-0.300,-0.084,-0.300,-498.863,-499.728,-498.863
12.092,-0.000,0.567,-0.380,45.002,2.805,21.763,-0.300,-0.084,-0.300,-498.863,-499.728,-498.863
12.096,-0.000,0.567,-0.380,45.002,2.805,21.763,-0.300,-0.084,-0.300,-498.863,-499.728,-498.863
12.100,-0.000,0.567,-0.380,45.002,2.805,21.763,-0.300,-0.084,-0.300,-498.863,-499.728,-498.863
12.104,-0.000,0.567,-0.380,45.002,2.805,21.763,-0.300,-0.084,-0.300,-498.863,-499.728,-498.863
12.108,-0.000,0.567,-0.380,45.002,2.805,21.763,-0.300,-0.084,-0.300,-498.863,-499.728,-498.863
12.113,-0.000,0.567,-0.380,45.002,2.805,21.763,-0.300,-0.084,-0.300,-498.863,-499.728,-498.863
12.117,-0.000,0.567,-0.380,45.002,2.805,21.763,-0.300,-0.084,-0.300,-498.863,-499.728,-498.863
12.121,-0.000,0.567,-0.380,45.002,2.805,21.763,-0.300,-0.084,-0.300,-498.863,-499.728,-498.863
12.125,-0.000,0.567,-0.380,45.002,2.805,21.763,-0.300,-0.084,-0.300,-498.863,-499.728,-498.863
12.129,-0.000,0.567,-0.380,45.002,2.805,21.763,-0.300,-0.084,-0.300,-498.863,-499.728,-498.863
12.133,-0.000,0.567,-0.380,45.002,2.805,21.763,-0.300,-0.084,-0.300,-498.863,-499.728,-498.863
12.137,-0.000,0.567,-0.380,45.002,2.805,21.763,-0.300,-0.084,-0.300,-498.863,-499.728,-498.863
12.142,-0.000,0.567,-0.380,45.002,2.805,21.763,-0.300,-0.084,-0.300,-498.863,-499.728,-498.863
12.146,-0.000,0.567,-0.380,45.002,2.805,21.763,-0.300,-0.084,-0.300,-498.863,-499.728,-498.863
12.150,-0.000,0.567,-0.380,45.002,2.805,21.763,-0.300,-0.084,-0.300,-498.863,-499.728,-498.863
12.154,-0.000,0.567,-0.380,45.002,2.805,21.763,-0.300,-0.084,-0.300,-498.863,-499.728,-498.863
12.158,-0.000,0.567,-0.380,45.002,2.805,21.763,-0.300,-0.084,-0.300,-498.863,-499.728,-498.863
12.162,-0.000,0.567,-0.380,45.002,2.805,21.763,-0.300,-0.084,-0.300,-498.863,-499.728,-498.863
12.167,-0.000,0.567,-0.380,45.002,2.805,21.763,-0.300,-0.084,-0.300,-498.863,-499.728,-498.863
12.171,-0.000,0.567,-0.380,45.002,2.805,21.763,-0.300,-0.084,-0.300,-498.863,-499.728,-498.863
12.175,-0.000,0.567,-0.380,45.002,2.805,21.763,-0.300,-0.084,-0.300,-498.863,-499.728,-498.863
12.179,-0.000,0.567,-0.380,45.002,2.805,21.763,-0.300,-0.084,-0.300,-498.863,-499.728,-498.863
12.183,-0.000,0.567,-0.380,45.002,2.805,21.763,-0.300,-0.084,-0.300,-498.863,-499.728,-498.863
12.188,-0.000,0.567,-0.380,45.002,2.805,21.764,-0.300,-0.084,-0.300,-498.863,-499.728,-498.863
12.192,-0.000,0.567,-0.380,45.002,2.805,21.764,-0.300,-0.084,-0.300,-498.863,-499.728,-498.863
12.196,-0.000,0.567,-0.380,45.002,2.805,21.764,-0.300,-0.084,-0.300,-498.863,-499.728,-498.863
12.200,-0.000,0.567,-0.380,45.002,2.805,21.764,-0.300,-0.084,-0.300,-498.863,-499.728,-498.863
12.204,-0.000,0.567,-0.380,45.002,2.805,21.764,-0.300,-0.084,-0.300,-498.863,-499.728,-498.863
12.208,-0.000,0.567,-0.380,45.002,2.805,21.764,-0.300,-0.084,-0.300,-498.863,-499.728,-498.863
12.213,-0.000,0.567,-0.380,45.002,2.805,21.764,-0.300,-0.084,-0.300,-498.863,-499.728,-498.863
12.217,-0.000,0.567,-0.380,45.002,2.805,21.764,-0.300,-0.084,-0.300,-498.863,-499.728,-498.863
12.221,-0.000,0.567,-0.380,45.002,2.805,21.764,-0.300,-0.084,-0.300,-498.863,-499.728,-498.863
12.225,-0.000,0.567,-0.380,45.002,2.805,21.764,-0.300,-0.084,-0.300,-498.863,-499.728,-498.863
12.229,-0.000,0.567,-0.380,45.002,2.805,21.764,-0.300,-0.084,-0.300,-498.863,-499.728,-498.863
12.233,-0.000,0.567,-0.380,45.002,2.805,21.764,-0.300,-0.084,-0.300,-498.863,-499.728,-498.863
12.238,-0.000,0.567,-0.380,45.002,2.805,21.764,-0.300,-0.084,-0.300,-498.863,-499.728,-498.863
12.242,-0.000,0.567,-0.380,45.002,2.805,21.764,-0.300,-0.084,-0.300,-498.863,-499.728,-498.863
12.246,-0.000,0.567,-0.380,45.002,2.805,21.764,-0.300,-0.084,-0.300,-498.863,-499.728,-498.863
12.250,-0.000,0.567,-0.380,45.002,2.805,21.764,-0.300,-0.084,-0.300,-498.863,-499.728,-498.863
12.254,-0.000,0.567,-0.380,45.002,2.805,21.764,-0.300,-0.084,-0.300,-498.863,-499.728,-498.863
12.258,-0.000,0.567,-0.380,45.002,2.805,21.764,-0.300,-0.084,-0.300,-498.863,-499.728,-498.863
12.262,-0.000,0.567,-0.380,45.002,2.805,21.764,-0.300,-0.084,-0.300,-498.863,-499.728,-498.863
12.267,-0.000,0.567,-0.380,45.002,2.805,21.764,-0.300,-0.084,-0.300,-498.863,-499.728,-498.863
12.271,-0.000,0.567,-0.380,45.002,2.805,21.764,-0.300,-0.084,-0.300,-498.863,-499.728,-498.863
12.275,-0.000,0.567,-0.380,45.002,2.805,21.764,-0.300,-0.084,-0.300,-498.863,-499.728,-498.863
12.279,-0.000,0.567,-0.380,45.002,2.805,21.764,-0.300,-0.084,-0.300,-498.863,-499.728,-498.863
12.283,-0.000,0.567,-0.380,45.002,2.805,21.765,-0.300,-0.084,-0.300,-498.863,-499.728,-498.863
12.287,-0.000,0.567,-0.380,45.002,2.805,21.765,-0.300,-0.084,-0.300,-498.863,-499.728,-498.863
12.292,-0.000,0.567,-0.380,45.002,2.805,21.765,-0.300,-0.084,-0.300,-498.863,-499.728,-498.863
12.296,-0.000,0.567,-0.380,45.002,2.805,21.765,-0.300,-0.084,-0.300,-498.863,-499.728,-498.863
12.300,-0.000,0.567,-0.380,45.002,2.805,21.765,-0.300,-0.084,-0.300,-498.863,-499.728,-498.863
12.304,-0.000,0.567,-0.380,45.002,2.805,21.765,-0.300,-0.084,-0.300,-498.863,-499.728,-498.863
12.308,-0.000,0.567,-0.380,45.002,2.805,21.765,-0.300,-0.084,-0.300,-498.863,-499.728,-498.863
12.312,-0.000,0.567,-0.380,45.002,2.805,21.765,-0.300,-0.084,-0.300,-498.863,-499.728,-498.863
12.317,-0.000,0.567,-0.380,45.002,2.805,21.765,-0.300,-0.084,-0.300,-498.863,-499.728,-498.863
12.321,-0.000,0.567,-0.380,45.002,2.805,21.765,-0.300,-0.084,-0.300,-498.863,-499.728,-498.863
12.325,-0.000,0.567,-0.380,45.002,2.805,21.765,-0.300,-0.084,-0.300,-498.863,-499.728,-498.863
12.329,-0.000,0.567,-0.380,45.002,2.805,21.765,-0.300,-0.084,-0.300,-498.863,-499.728,-498.863
12.333,-0.000,0.567,-0.380,45.002,2.805,21.765,-0.300,-0.084,-0.300,-498.863,-499.728,-498.863
12.338,-0.000,0.567,-0.380,45.002,2.805,21.765,-0.300,-0.084,-0.300,-498.863,-499.728,-498.863
12.342,-0.000,0.567,-0.380,45.002,2.805,21.765,-0.300,-0.084,-0.300,-498.863,-499.728,-498.863
12.346,-0.000,0.567,-0.380,45.002,2.805,21.765,-0.300,-0.084,-0.300,-498.863,-499.728,-498.863
12.350,-0.000,0.567,-0.380,45.002,2.805,21.765,-0.300,-0.084,-0.300,-498.863,-499.728,-498.863
12.354,-0.000,0.567,-0.380,45.002,2.805,21.765,-0.300,-0.084,-0.300,-498.863,-499.728,-498.863
12.358,-0.000,0.567,-0.380,45.002,2.805,21.765,-0.300,-0.084,-0.300,-498.863,-499.728,-498.863
12.363,-0.000,0.567,-0.380,45.002,2.805,21.765,-0.300,-0.084,-0.300,-498.863,-499.728,-498.863
12.367,-0.000,0.567,-0.380,45.002,2.805,21.765,-0.300,-0.084,-0.300,-498.863,-499.728,-498.863
12.371,-0.000,0.567,-0.380,45.002,2.805,21.765,-0.300,-0.084,-0.300,-498.863,-499.728,-498.863
12.375,-0.000,0.567,-0.380,45.002,2.805,21.766,-0.300,-0.084,-0.300,-498.863,-499.728,-498.863
12.379,-0.000,0.567,-0.380,45.002,2.805,21.766,-0.300,-0.084,-0.300,-498.863,-499.728,-498.863
12.383,-0.000,0.567,-0.380,45.002,2.805,21.766,-0.300,-0.084,-0.300,-498.863,-499.728,-498.863
12.387,-0.000,0.567,-0.380,45.002,2.805,21.766,-0.300,-0.084,-0.300,-498.863,-499.728,-498.863
12.392,-0.000,0.567,-0.380,45.002,2.805,21.766,-0.300,-0.084,-0.300,-498.863,-499.728,-498.863
12.396,-0.000,0.567,-0.380,45.002,2.805,21.766,-0.300,-0.084,-0.300,-498.863,-499.728,-498.863
12.400,-0.000,0.567,-0.380,45.002,2.805,21.766,-0.300,-0.084,-0.300,-498.863,-499.728,-498.863
12.404,-0.000,0.567,-0.380,45.002,2.805,21.766,-0.300,-0.084,-0.300,-498.863,-499.728,-498.863
12.408,-0.000,0.567,-0.380,45.002,2.805,21.766,-0.300,-0.084,-0.300,-498.863,-499.728,-498.863
12.412,-0.000,0.567,-0.380,45.002,2.805,21.766,-0.300,-0.084,-0.300,-498.863,-499.728,-498.863
12.417,-0.000,0.567,-0.380,45.002,2.805,21.766,-0.300,-0.084,-0.300,-498.863,-499.728,-498.863
12.421,-0.000,0.567,-0.380,45.002,2.805,21.766,-0.300,-0.084,-0.300,-498.863,-499.728,-498.863
12.425,-0.000,0.567,-0.380,45.002,2.805,21.766,-0.300,-0.084,-0.300,-498.863,-499.728,-498.863
12.429,-0.000,0.567,-0.380,45.002,2.805,21.766,-0.300,-0.084,-0.300,-498.863,-499.728,-498.863
12.433,-0.000,0.567,-0.380,45.002,2.805,21.766,-0.300,-0.084,-0.300,-498.863,-499.728,-498.863
12.438,-0.000,0.567,-0.380,45.002,2.805,21.766,-0.300,-0.084,-0.300,-498.863,-499.728,-498.863
12.442,-0.000,0.567,-0.380,45.002,2.805,21.766,-0.300,-0.084,-0.300,-498.863,-499.728,-498.863
12.446,-0.000,0.567,-0.380,45.002,2.805,21.766,-0.300,-0.084,-0.300,-498.863,-499.728,-498.863
12.450,-0.000,0.567,-0.380,45.002,2.805,21.766,-0.300,-0.084,-0.300,-498.863,-499.728,-498.863
12.454,-0.000,0.567,-0.380,45.002,2.805,21.766,-0.300,-0.084,-0.300,-498.863,-499.728,-498.863
12.458,-0.000,0.567,-0.380,45.002,2.805,21.766,-0.300,-0.084,-0.300,-498.863,-499.728,-498.863
12.463,-0.000,0.567,-0.380,45.002,2.805,21.766,-0.300,-0.084,-0.300,-498.863,-499.728,-498.863
12.467,-0.000,0.567,-0.380,45.002,2.805,21.766,-0.300,-0.084,-0.300,-498.863,-499.728,-498.863
12.471,-0.000,0.567,-0.380,45.002,2.805,21.767,-0.300,-0.084,-0.300,-498.863,-499.728,-498.863
12.475,-0.000,0.567,-0.380,45.002,2.805,21.767,-0.300,-0.084,-0.300,-498.863,-499.728,-498.863
12.479,-0.000,0.567,-0.380,45.002,2.805,21.767,-0.300,-0.084,-0.300,-498.863,-499.728,-498.863
12.483,-0.000,0.567,-0.380,45.002,2.805,21.767,-0.300,-0.084,-0.300,-498.863,-499.728,-498.863
12.488,-0.000,0.567,-0.380,45.002,2.805,21.767,-0.300,-0.084,-0.300,-498.863,-499.728,-498.863
12.492,-0.000,0.567,-0.380,45.002,2.805,21.767,-0.300,-0.084,-0.300,-498.863,-499.728,-498.863
12.496,-0.000,0.567,-0.380,45.002,2.805,21.767,-0.300,-0.084,-0.300,-498.863,-499.728,-498.863
12.500,-0.000,0.567,-0.380,45.002,2.805,21.767,-0.300,-0.084,-0.300,-498.863,-499.728,-498.863
12.504,-0.000,0.567,-0.380,45.002,2.805,21.767,-0.300,-0.084,-0.300,-498.863,-499.728,-498.863
12.508,-0.000,0.567,-0.380,45.002,2.805,21.767,-0.300,-0.084,-0.300,-498.863,-499.728,-498.863
12.512,-0.000,0.567,-0.380,45.002,2.805,21.767,-0.300,-0.084,-0.300,-498.863,-499.728,-498.863
12.517,-0.000,0.567,-0.380,45.002,2.805,21.767,-0.300,-0.084,-0.300,-498.863,-499.728,-498.863
12.521,-0.000,0.567,-0.380,45.002,2.805,21.767,-0.300,-0.084,-0.300,-498.863,-499.728,-498.863
12.525,-0.000,0.567,-0.380,45.002,2.805,21.767,-0.300,-0.084,-0.300,-498.863,-499.728,-498.863
12.529,-0.000,0.567,-0.380,45.002,2.805,21.767,-0.300,-0.084,-0.300,-498.863,-499.728,-498.863
12.533,-0.000,0.567,-0.380,45.002,2.805,21.767,-0.300,-0.084,-0.300,-498.863,-499.728,-498.863
12.537,-0.000,0.567,-0.380,45.002,2.805,21.767,-0.300,-0.084,-0.300,-498.863,-499.728,-498.863
12.542,-0.000,0.567,-0.380,45.002,2.805,21.767,-0.300,-0.084,-0.300,-498.863,-499.728,-498.863
12.546,-0.000,0.567,-0.380,45.002,2.805,21.767,-0.300,-0.084,-0.300,-498.863,-499.728,-498.863
12.550,-0.000,0.567,-0.380,45.002,2.805,21.767,-0.300,-0.084,-0.300,-498.863,-499.728,-498.863
12.554,-0.000,0.567,-0.380,45.002,2.805,21.767,-0.300,-0.084,-0.300,-498.863,-499.728,-498.863
12.558,-0.000,0.567,-0.380,45.002,2.805,21.767,-0.300,-0.084,-0.300,-498.863,-499.728,-498.863
12.562,-0.000,0.567,-0.380,45.002,2.805,21.768,-0.300,-0.084,-0.300,-498.863,-499.728,-498.863
12.567,-0.000,0.567,-0.380,45.002,2.805,21.768,-0.300,-0.084,-0.300,-498.863,-499.728,-498.863
12.571,-0.000,0.567,-0.380,45.002,2.805,21.768,-0.300,-0.084,-0.300,-498.863,-499.728,-498.863
12.575,-0.000,0.567,-0.380,45.002,2.805,21.768,-0.300,-0.084,-0.300,-498.863,-499.728,-498.863
12.579,-0.000,0.567,-0.380,45.002,2.805,21.768,-0.300,-0.084,-0.300,-498.863,-499.728,-498.863
12.583,-0.000,0.567,-0.380,45.002,2.805,21.768,-0.300,-0.084,-0.300,-498.863,-499.728,-498.863
12.588,-0.000,0.567,-0.380,45.002,2.805,21.768,-0.300,-0.084,-0.300,-498.863,-499.728,-498.863
12.592,-0.000,0.567,-0.380,45.002,2.805,21.768,-0.300,-0.084,-0.300,-498.863,-499.728,-498.863
12.596,-0.000,0.567,-0.380,45.002,2.805,21.768,-0.300,-0.084,-0.300,-498.863,-499.728,-498.863
12.600,-0.000,0.567,-0.380,45.002,2.805,21.768,-0.300,-0.084,-0.300,-498.863,-499.728,-498.863
12.604,-0.000,0.567,-0.380,45.002,2.805,21.768,-0.300,-0.084,-0.300,-498.863,-499.728,-498.863
12.608,-0.000,0.567,-0.380,45.002,2.805,21.768,-0.300,-0.084,-0.300,-498.863,-499.728,-498.863
12.613,-0.000,0.567,-0.380,45.002,2.805,21.768,-0.300,-0.084,-0.300,-498.863,-499.728,-498.863
12.617,-0.000,0.567,-0.380,45.002,2.805,21.768,-0.300,-0.084,-0.300,-498.863,-499.728,-498.863
12.621,-0.000,0.567,-0.380,45.002,2.805,21.768,-0.300,-0.084,-0.300,-498.863,-499.728,-498.863
12.625,-0.000,0.567,-0.380,45.002,2.805,21.768,-0.300,-0.084,-0.300,-498.863,-499.728,-498.863
12.629,-0.000,0.567,-0.380,45.002,2.805,21.768,-0.300,-0.084,-0.300,-498.863,-499.728,-498.863
12.633,-0.000,0.567,-0.380,45.002,2.805,21.768,-0.300,-0.084,-0.300,-498.863,-499.728,-498.863
12.637,-0.000,0.567,-0.380,45.002,2.805,21.768,-0.300,-0.084,-0.300,-498.863,-499.728,-498.863
12.642,-0.000,0.567,-0.380,45.002,2.805,21.768,-0.300,-0.084,-0.300,-498.863,-499.728,-498.863
12.646,-0.000,0.567,-0.380,45.002,2.805,21.768,-0.300,-0.084,-0.300,-498.863,-499.728,-498.863
12.650,-0.000,0.567,-0.380,45.002,2.805,21.768,-0.300,-0.084,-0.300,-498.863,-499.728,-498.863
12.654,-0.000,0.567,-0.380,45.002,2.805,21.768,-0.300,-0.084,-0.300,-498.863,-499.728,-498.863
12.658,-0.000,0.567,-0.380,45.002,2.805,21.769,-0.300,-0.084,-0.300,-498.863,-499.728,-498.863
12.662,-0.000,0.567,-0.380,45.002,2.805,21.769,-0.300,-0.084,-0.300,-498.863,-499.728,-498.863
12.667,-0.000,0.567,-0.380,45.002,2.805,21.769,-0.300,-0.084,-0.300,-498.863,-499.728,-498.863
12.671,-0.000,0.567,-0.380,45.002,2.805,21.769,-0.300,-0.084,-0.300,-498.863,-499.728,-498.863
12.675,-0.000,0.567,-0.380,45.002,2.805,21.769,-0.300,-0.084,-0.300,-498.863,-499.728,-498.863
12.679,-0.000,0.567,-0.380,45.002,2.805,21.769,-0.300,-0.084,-0.300,-498.863,-499.728,-498.863
12.683,-0.000,0.567,-0.380,45.002,2.805,21.769,-0.300,-0.084,-0.300,-498.863,-499.728,-498.863
12.688,-0.000,0.567,-0.380,45.002,2.805,21.769,-0.300,-0.084,-0.300,-498.863,-499.728,-498.863
12.692,-0.000,0.567,-0.380,45.002,2.805,21.769,-0.300,-0.084,-0.300,-498.863,-499.728,-498.863
12.696,-0.000,0.567,-0.380,45.002,2.805,21.769,-0.300,-0.084,-0.300,-498.863,-499.728,-498.863
12.700,-0.000,0.567,-0.380,45.002,2.805,21.769,-0.300,-0.084,-0.300,-498.863,-499.728,-498.863
12.704,-0.000,0.567,-0.380,45.002,2.805,21.769,-0.300,-0.084,-0.300,-498.863,-499.728,-498.863
12.708,-0.000,0.567,-0.380,45.002,2.805,21.769,-0.300,-0.084,-0.300,-498.863,-499.728,-498.863
12.713,-0.000,0.567,-0.380,45.002,2.805,21.769,-0.300,-0.084,-0.300,-498.863,-499.728,-498.863
12.717,-0.000,0.567,-0.380,45.002,2.805,21.769,-0.300,-0.084,-0.300,-498.863,-499.728,-498.863
12.721,-0.000,0.567,-0.380,45.002,2.805,21.769,-0.300,-0.084,-0.300,-498.863,-499.728,-498.863
12.725,-0.000,0.567,-0.380,45.002,2.805,21.769,-0.300,-0.084,-0.300,-498.863,-499.728,-498.863
12.729,-0.000,0.567,-0.380,45.002,2.805,21.769,-0.300,-0.084,-0.300,-498.863,-499.728,-498.863
12.733,-0.000,0.567,-0.380,45.002,2.805,21.769,-0.300,-0.084,-0.300,-498.863,-499.728,-498.863
12.738,-0.000,0.567,-0.380,45.002,2.805,21.769,-0.300,-0.084,-0.300,-498.863,-499.728,-498.863
12.742,-0.000,0.567,-0.380,45.002,2.805,21.769,-0.300,-0.084,-0.300,-498.863,-499.728,-498.863
12.746,-0.000,0.567,-0.380,45.002,2.805,21.769,-0.300,-0.084,-0.300,-498.863,-499.728,-498.863
12.750,-0.000,0.567,-0.380,45.002,2.805,21.769,-0.300,-0.084,-0.300,-498.863,-499.728,-498.863
12.754,-0.000,0.567,-0.380,45.002,2.805,21.770,-0.300,-0.084,-0.300,-498.863,-499.728,-498.863
12.758,-0.000,0.567,-0.380,45.002,2.805,21.770,-0.300,-0.084,-0.300,-498.863,-499.728,-498.863
12.762,-0.000,0.567,-0.380,45.002,2.805,21.770,-0.300,-0.084,-0.300,-498.863,-499.728,-498.863
12.767,-0.000,0.567,-0.380,45.002,2.805,21.770,-0.300,-0.084,-0.300,-498.863,-499.728,-498.863
12.771,-0.000,0.567,-0.380,45.002,2.805,21.770,-0.300,-0.084,-0.300,-498.863,-499.728,-498.863
12.775,-0.000,0.567,-0.380,45.002,2.805,21.770,-0.300,-0.084,-0.300,-498.863,-499.728,-498.863
12.779,-0.000,0.567,-0.380,45.002,2.805,21.770,-0.300,-0.084,-0.300,-498.863,-499.728,-498.863
12.783,-0.000,0.567,-0.380,45.002,2.805,21.770,-0.300,-0.084,-0.300,-498.863,-499.728,-498.863
12.787,-0.000,0.567,-0.380,45.002,2.805,21.770,-0.300,-0.084,-0.300,-498.863,-499.728,-498.863
12.792,-0.000,0.567,-0.380,45.002,2.805,21.770,-0.300,-0.084,-0.300,-498.863,-499.728,-498.863
12.796,-0.000,0.567,-0.380,45.002,2.805,21.770,-0.300,-0.084,-0.300,-498.863,-499.728,-498.863
12.800,-0.000,0.567,-0.380,45.002,2.805,21.770,-0.300,-0.084,-0.300,-498.863,-499.728,-498.863
12.804,-0.000,0.567,-0.380,45.002,2.805,21.770,-0.300,-0.084,-0.300,-498.863,-499.728,-498.863
12.808,-0.000,0.567,-0.380,45.002,2.805,21.770,-0.300,-0.084,-0.300,-498.863,-499.728,-498.863
12.812,-0.000,0.567,-0.380,45.002,2.805,21.770,-0.300,-0.084,-0.300,-498.863,-499.728,-498.863
12.817,-0.000,0.567,-0.380,45.002,2.805,21.770,-0.300,-0.084,-0.300,-498.863,-499.728,-498.863
12.821,-0.000,0.567,-0.380,45.002,2.805,21.770,-0.300,-0.084,-0.300,-498.863,-499.728,-498.863
12.825,-0.000,0.567,-0.380,45.002,2.805,21.770,-0.300,-0.084,-0.300,-498.863,-499.728,-498.863
12.829,-0.000,0.567,-0.380,45.002,2.805,21.770,-0.300,-0.084,-0.300,-498.863,-499.728,-498.863
12.833,-0.000,0.567,-0.380,45.002,2.805,21.770,-0.300,-0.084,-0.300,-498.863,-499.728,-498.863
12.838,-0.000,0.567,-0.380,45.002,2.805,21.770,-0.300,-0.084,-0.300,-498.863,-499.728,-498.863
12.842,-0.000,0.567,-0.380,45.002,2.805,21.770,-0.300,-0.084,-0.300,-498.863,-499.728,-498.863
12.846,-0.000,0.567,-0.380,45.002,2.805,21.771,-0.300,-0.084,-0.300,-498.863,-499.728,-498.863
12.850,-0.000,0.567,-0.380,45.002,2.805,21.771,-0.300,-0.084,-0.300,-498.863,-499.728,-498.863
12.854,-0.000,0.567,-0.380,45.002,2.805,21.771,-0.300,-0.084,-0.300,-498.863,-499.728,-498.863
12.858,-0.000,0.567,-0.380,45.002,2.805,21.771,-0.300,-0.084,-0.300,-498.863,-499.728,-498.863
12.862,-0.000,0.567,-0.380,45.002,2.805,21.771,-0.300,-0.084,-0.300,-498.863,-499.728,-498.863
12.867,-0.000,0.567,-0.380,45.002,2.805,21.771,-0.300,-0.084,-0.300,-498.863,-499.728,-498.863
12.871,-0.000,0.567,-0.380,45.002,2.805,21.771,-0.300,-0.084,-0.300,-498.863,-499.728,-498.863
12.875,-0.000,0.567,-0.380,45.002,2.805,21.771,-0.300,-0.084,-0.300,-498.863,-499.728,-498.863
12.879,-0.000,0.567,-0.380,45.002,2.805,21.771,-0.300,-0.084,-0.300,-498.863,-499.728,-498.863
12.883,-0.000,0.567,-0.380,45.002,2.805,21.771,-0.300,-0.084,-0.300,-498.863,-499.728,-498.863
12.887,-0.000,0.567,-0.380,45.002,2.805,21.771,-0.300,-0.084,-0.300,-498.863,-499.728,-498.863
12.892,-0.000,0.567,-0.380,45.002,2.805,21.771,-0.300,-0.084,-0.300,-498.863,-499.728,-498.863
12.896,-0.000,0.567,-0.380,45.002,2.805,21.771,-0.300,-0.084,-0.300,-498.863,-499.728,-498.863
12.900,-0.000,0.567,-0.380,45.002,2.805,21.771,-0.300,-0.084,-0.300,-498.863,-499.728,-498.863
12.904,-0.000,0.567,-0.380,45.002,2.805,21.771,-0.300,-0.084,-0.300,-498.863,-499.728,-498.863
12.908,-0.000,0.567,-0.380,45.002,2.805,21.771,-0.300,-0.084,-0.300,-498.863,-499.728,-498.863
12.912,-0.000,0.567,-0.380,45.002,2.805,21.771,-0.300,-0.084,-0.300,-498.863,-499.728,-498.863
12.917,-0.000,0.567,-0.380,45.002,2.805,21.771,-0.300,-0.084,-0.300,-498.863,-499.728,-498.863
12.921,-0.000,0.567,-0.380,45.002,2.805,21.771,-0.300,-0.084,-0.300,-498.863,-499.728,-498.863
12.925,-0.000,0.567,-0.380,45.002,2.805,21.771,-0.300,-0.084,-0.300,-498.863,-499.728,-498.863
12.929,-0.000,0.567,-0.380,45.002,2.805,21.771,-0.300,-0.084,-0.300,-498.863,-499.728,-498.863
12.933,-0.000,0.567,-0.380,45.002,2.805,21.771,-0.300,-0.084,-0.300,-498.863,-499.728,-498.863
12.938,-0.000,0.567,-0.380,45.002,2.805,21.771,-0.300,-0.084,-0.300,-498.863,-499.728,-498.863
12.942,-0.000,0.567,-0.380,45.002,2.805,21.772,-0.300,-0.084,-0.300,-498.863,-499.728,-498.863
12.946,-0.000,0.567,-0.380,45.002,2.805,21.772,-0.300,-0.084,-0.300,-498.863,-499.728,-498.863
12.950,-0.000,0.567,-0.380,45.002,2.805,21.772,-0.300,-0.084,-0.300,-498.863,-499.728,-498.863
12.954,-0.000,0.567,-0.380,45.002,2.805,21.772,-0.300,-0.084,-0.300,-498.863,-499.728,-498.863
12.958,-0.000,0.567,-0.380,45.002,2.805,21.772,-0.300,-0.084,-0.300,-498.863,-499.728,-498.863
12.963,-0.000,0.567,-0.380,45.002,2.805,21.772,-0.300,-0.084,-0.300,-498.863,-499.728,-498.863
12.967,-0.000,0.567,-0.380,45.002,2.805,21.772,-0.300,-0.084,-0.300,-498.863,-499.728,-498.863
12.971,-0.000,0.567,-0.380,45.002,2.805,21.772,-0.300,-0.084,-0.300,-498.863,-499.728,-498.863
12.975,-0.000,0.567,-0.380,45.002,2.805,21.772,-0.300,-0.084,-0.300,-498.863,-499.728,-498.863
12.979,-0.000,0.567,-0.380,45.002,2.805,21.772,-0.300,-0.084,-0.300,-498.863,-499.728,-498.863
12.983,-0.000,0.567,-0.380,45.002,2.805,21.772,-0.300,-0.084,-0.300,-498.863,-499.728,-498.863
12.987,-0.000,0.567,-0.380,45.002,2.805,21.772,-0.300,-0.084,-0.300,-498.863,-499.728,-498.863
12.992,-0.000,0.567,-0.380,45.002,2.805,21.772,-0.300,-0.084,-0.300,-498.863,-499.728,-498.863
12.996,-0.000,0.567,-0.380,45.002,2.805,21.772,-0.300,-0.084,-0.300,-498.863,-499.728,-498.863
13.000,-0.000,0.567,-0.380,45.002,2.805,21.772,-0.300,-0.084,-0.300,-498.863,-499.728,-498.863
13.004,-0.000,0.567,-0.380,45.002,2.805,21.772,-0.300,-0.084,-0.300,-498.863,-499.728,-498.863
13.008,-0.000,0.567,-0.380,45.002,2.805,21.772,-0.300,-0.084,-0.300,-498.863,-499.728,-498.863
13.012,-0.000,0.567,-0.380,45.002,2.805,21.772,-0.300,-0.084,-0.300,-498.863,-499.728,-498.863
13.017,-0.000,0.567,-0.380,45.002,2.805,21.772,-0.300,-0.084,-0.300,-498.863,-499.728,-498.863
13.021,-0.000,0.567,-0.380,45.002,2.805,21.772,-0.300,-0.084,-0.300,-498.863,-499.728,-498.863
13.025,-0.000,0.567,-0.380,45.002,2.805,21.772,-0.300,-0.084,-0.300,-498.863,-499.728,-498.863
13.029,-0.000,0.567,-0.380,45.002,2.805,21.772,-0.300,-0.084,-0.300,-498.863,-499.728,-498.863
13.033,-0.000,0.567,-0.380,45.002,2.805,21.773,-0.300,-0.084,-0.300,-498.863,-499.728,-498.863
13.037,-0.000,0.567,-0.380,45.002,2.805,21.773,-0.300,-0.084,-0.300,-498.863,-499.728,-498.863
13.042,-0.000,0.567,-0.380,45.002,2.805,21.773,-0.300,-0.084,-0.300,-498.863,-499.728,-498.863
13.046,-0.000,0.567,-0.380,45.002,2.805,21.773,-0.300,-0.084,-0.300,-498.863,-499.728,-498.863
13.050,-0.000,0.567,-0.380,45.002,2.805,21.773,-0.300,-0.084,-0.300,-498.863,-499.728,-498.863
13.054,-0.000,0.567,-0.380,45.002,2.805,21.773,-0.300,-0.084,-0.300,-498.863,-499.728,-498.863
13.058,-0.000,0.567,-0.380,45.002,2.805,21.773,-0.300,-0.084,-0.300,-498.863,-499.728,-498.863
13.062,-0.000,0.567,-0.380,45.002,2.805,21.773,-0.300,-0.084,-0.300,-498.863,-499.728,-498.863
13.067,-0.000,0.567,-0.380,45.002,2.805,21.773,-0.300,-0.084,-0.300,-498.863,-499.728,-498.863
13.071,-0.000,0.567,-0.380,45.002,2.805,21.773,-0.300,-0.084,-0.300,-498.863,-499.728,-498.863
13.075,-0.000,0.567,-0.380,45.002,2.805,21.773,-0.300,-0.084,-0.300,-498.863,-499.728,-498.863
13.079,-0.000,0.567,-0.380,45.002,2.805,21.773,-0.300,-0.084,-0.300,-498.863,-499.728,-498.863
13.083,-0.000,0.567,-0.380,45.002,2.805,21.773,-0.300,-0.084,-0.300,-498.863,-499.728,-498.863
13.088,-0.000,0.567,-0.380,45.002,2.805,21.773,-0.300,-0.084,-0.300,-498.863,-499.728,-498.863
13.092,-0.000,0.567,-0.380,45.002,2.805,21.773,-0.300,-0.084,-0.300,-498.863,-499.728,-498.863
13.096,-0.000,0.567,-0.380,45.002,2.805,21.773,-0.300,-0.084,-0.300,-498.863,-499.728,-498.863
13.100,-0.000,0.567,-0.380,45.002,2.805,21.773,-0.300,-0.084,-0.300,-498.863,-499.728,-498.863
13.104,-0.000,0.567,-0.380,45.002,2.805,21.773,-0.300,-0.084,-0.300,-498.863,-499.728,-498.863
13.108,-0.000,0.567,-0.380,45.002,2.805,21.773,-0.300,-0.084,-0.300,-498.863,-499.728,-498.863
13.112,-0.000,0.567,-0.380,45.002,2.805,21.773,-0.300,-0.084,-0.300,-498.863,-499.728,-498.863
13.117,-0.000,0.567,-0.380,45.002,2.805,21.773,-0.300,-0.084,-0.300,-498.863,-499.728,-498.863
13.121,-0.000,0.567,-0.380,45.002,2.805,21.773,-0.300,-0.084,-0.300,-498.863,-499.728,-498.863
13.125,-0.000,0.567,-0.380,45.002,2.805,21.773,-0.300,-0.084,-0.300,-498.863,-499.728,-498.863
13.129,-0.000,0.567,-0.380,45.002,2.805,21.774,-0.300,-0.084,-0.300,-498.863,-499.728,-498.863
13.133,-0.000,0.567,-0.380,45.002,2.805,21.774,-0.300,-0.084,-0.300,-498.863,-499.728,-498.863
13.137,-0.000,0.567,-0.380,45.002,2.805,21.774,-0.300,-0.084,-0.300,-498.863,-499.728,-498.863
13.142,-0.000,0.567,-0.380,45.002,2.805,21.774,-0.300,-0.084,-0.300,-498.863,-499.728,-498.863
13.146,-0.000,0.567,-0.380,45.002,2.805,21.774,-0.300,-0.084,-0.300,-498.863,-499.728,-498.863
13.150,-0.000,0.567,-0.380,45.002,2.805,21.774,-0.300,-0.084,-0.300,-498.863,-499.728,-498.863
13.154,-0.000,0.567,-0.380,45.002,2.805,21.774,-0.300,-0.084,-0.300,-498.863,-499.728,-498.863
13.158,-0.000,0.567,-0.380,45.002,2.805,21.774,-0.300,-0.084,-0.300,-498.863,-499.728,-498.863
13.162,-0.000,0.567,-0.380,45.002,2.805,21.774,-0.300,-0.084,-0.300,-498.863,-499.728,-498.863
13.167,-0.000,0.567,-0.380,45.002,2.805,21.774,-0.300,-0.084,-0.300,-498.863,-499.728,-498.863
13.171,-0.000,0.567,-0.380,45.002,2.805,21.774,-0.300,-0.084,-0.300,-498.863,-499.728,-498.863
13.175,-0.000,0.567,-0.380,45.002,2.805,21.774,-0.300,-0.084,-0.300,-498.863,-499.728,-498.863
13.179,-0.000,0.567,-0.380,45.002,2.805,21.774,-0.300,-0.084,-0.300,-498.863,-499.728,-498.863
13.183,-0.000,0.567,-0.380,45.002,2.805,21.774,-0.300,-0.084,-0.300,-498.863,-499.728,-498.863
13.188,-0.000,0.567,-0.380,45.002,2.805,21.774,-0.300,-0.084,-0.300,-498.863,-499.728,-498.863
13.192,-0.000,0.567,-0.380,45.002,2.805,21.774,-0.300,-0.084,-0.300,-498.863,-499.728,-498.863
13.196,-0.000,0.567,-0.380,45.002,2.805,21.774,-0.300,-0.084,-0.300,-498.863,-499.728,-498.863
13.200,-0.000,0.567,-0.380,45.002,2.805,21.774,-0.300,-0.084,-0.300,-498.863,-499.728,-498.863
13.204,-0.000,0.567,-0.380,45.002,2.805,21.774,-0.300,-0.084,-0.300,-498.863,-499.728,-498.863
13.208,-0.000,0.567,-0.380,45.002,2.805,21.774,-0.300,-0.084,-0.300,-498.863,-499.728,-498.863
13.213,-0.000,0.567,-0.380,45.002,2.805,21.774,-0.300,-0.084,-0.300,-498.863,-499.728,-498.863
13.217,-0.000,0.567,-0.380,45.002,2.805,21.774,-0.300,-0.084,-0.300,-498.863,-499.728,-498.863
13.221,-0.000,0.567,-0.380,45.002,2.805,21.774,-0.300,-0.084,-0.300,-498.863,-499.728,-498.863
13.225,-0.000,0.567,-0.380,45.002,2.805,21.775,-0.300,-0.084,-0.300,-498.863,-499.728,-498.863
13.229,-0.000,0.567,-0.380,45.002,2.805,21.775,-0.300,-0.084,-0.300,-498.863,-499.728,-498.863
13.233,-0.000,0.567,-0.380,45.002,2.805,21.775,-0.300,-0.084,-0.300,-498.863,-499.728,-498.863
13.237,-0.000,0.567,-0.380,45.002,2.805,21.775,-0.300,-0.084,-0.300,-498.863,-499.728,-498.863
13.242,-0.000,0.567,-0.380,45.002,2.805,21.775,-0.300,-0.084,-0.300,-498.863,-499.728,-498.863
13.246,-0.000,0.567,-0.380,45.002,2.805,21.775,-0.300,-0.084,-0.300,-498.863,-499.728,-498.863
13.250,-0.000,0.567,-0.380,45.002,2.805,21.775,-0.300,-0.084,-0.300,-498.863,-499.728,-498.863
13.254,-0.000,0.567,-0.380,45.002,2.805,21.775,-0.300,-0.084,-0.300,-498.863,-499.728,-498.863
13.258,-0.000,0.567,-0.380,45.002,2.805,21.775,-0.300,-0.084,-0.300,-498.863,-499.728,-498.863
13.262,-0.000,0.567,-0.380,45.002,2.805,21.775,-0.300,-0.084,-0.300,-498.863,-499.728,-498.863
13.267,-0.000,0.567,-0.380,45.002,2.805,21.775,-0.300,-0.084,-0.300,-498.863,-499.728,-498.863
13.271,-0.000,0.567,-0.380,45.002,2.805,21.775,-0.300,-0.084,-0.300,-498.863,-499.728,-498.863
13.275,-0.000,0.567,-0.380,45.002,2.805,21.775,-0.300,-0.084,-0.300,-498.863,-499.728,-498.863
13.279,-0.000,0.567,-0.380,45.002,2.805,21.775,-0.300,-0.084,-0.300,-498.863,-499.728,-498.863
13.283,-0.000,0.567,-0.380,45.002,2.805,21.775,-0.300,-0.084,-0.300,-498.863,-499.728,-498.863
13.287,-0.000,0.567,-0.380,45.002,2.805,21.775,-0.300,-0.084,-0.300,-498.863,-499.728,-498.863
13.292,-0.000,0.567,-0.380,45.002,2.805,21.775,-0.300,-0.084,-0.300,-498.863,-499.728,-498.863
13.296,-0.000,0.567,-0.380,45.002,2.805,21.775,-0.300,-0.084,-0.300,-498.863,-499.728,-498.863
13.300,-0.000,0.567,-0.380,45.002,2.805,21.775,-0.300,-0.084,-0.300,-498.863,-499.728,-498.863
13.304,-0.000,0.567,-0.380,45.002,2.805,21.775,-0.300,-0.084,-0.300,-498.863,-499.728,-498.863
13.308,-0.000,0.567,-0.380,45.002,2.805,21.775,-0.300,-0.084,-0.300,-498.863,-499.728,-498.863
13.312,-0.000,0.567,-0.380,45.002,2.805,21.775,-0.300,-0.084,-0.300,-498.863,-499.728,-498.863
13.317,-0.000,0.567,-0.380,45.002,2.805,21.776,-0.300,-0.084,-0.300,-498.863,-499.728,-498.863
13.321,-0.000,0.567,-0.380,45.002,2.805,21.776,-0.300,-0.084,-0.300,-498.863,-499.728,-498.863
13.325,-0.000,0.567,-0.380,45.002,2.805,21.776,-0.300,-0.084,-0.300,-498.863,-499.728,-498.863
13.329,-0.000,0.567,-0.380,45.002,2.805,21.776,-0.300,-0.084,-0.300,-498.863,-499.728,-498.863
13.333,-0.000,0.567,-0.380,45.002,2.805,21.776,-0.300,-0.084,-0.300,-498.863,-499.728,-498.863
13.338,-0.000,0.567,-0.380,45.002,2.805,21.776,-0.300,-0.084,-0.300,-498.863,-499.728,-498.863
13.342,-0.000,0.567,-0.380,45.002,2.805,21.776,-0.300,-0.084,-0.300,-498.863,-499.728,-498.863
13.346,-0.000,0.567,-0.380,45.002,2.805,21.776,-0.300,-0.084,-0.300,-498.863,-499.728,-498.863
13.350,-0.000,0.567,-0.380,45.002,2.805,21.776,-0.300,-0.084,-0.300,-498.863,-499.728,-498.863
13.354,-0.000,0.567,-0.380,45.002,2.805,21.776,-0.300,-0.084,-0.300,-498.863,-499.728,-498.863
13.358,-0.000,0.567,-0.380,45.002,2.805,21.776,-0.300,-0.084,-0.300,-498.863,-499.728,-498.863
13.362,-0.000,0.567,-0.380,45.002,2.805,21.776,-0.300,-0.084,-0.300,-498.863,-499.728,-498.863
13.367,-0.000,0.567,-0.380,45.002,2.805,21.776,-0.300,-0.084,-0.300,-498.863,-499.728,-498.863
13.371,-0.000,0.567,-0.380,45.002,2.805,21.776,-0.300,-0.084,-0.300,-498.863,-499.728,-498.863
13.375,-0.000,0.567,-0.380,45.002,2.805,21.776,-0.300,-0.084,-0.300,-498.863,-499.728,-498.863
13.379,-0.000,0.567,-0.380,45.002,2.805,21.776,-0.300,-0.084,-0.300,-498.863,-499.728,-498.863
13.383,-0.000,0.567,-0.380,45.002,2.805,21.776,-0.300,-0.084,-0.300,-498.863,-499.728,-498.863
13.387,-0.000,0.567,-0.380,45.002,2.805,21.776,-0.300,-0.084,-0.300,-498.863,-499.728,-498.863
13.392,-0.000,0.567,-0.380,45.002,2.805,21.776,-0.300,-0.084,-0.300,-498.863,-499.728,-498.863
13.396,-0.000,0.567,-0.380,45.002,2.805,21.776,-0.300,-0.084,-0.300,-498.863,-499.728,-498.863
13.400,-0.000,0.567,-0.380,45.002,2.805,21.776,-0.300,-0.084,-0.300,-498.863,-499.728,-498.863
13.404,-0.000,0.567,-0.380,45.002,2.805,21.776,-0.300,-0.084,-0.300,-498.863,-499.728,-498.863
13.408,-0.000,0.567,-0.380,45.002,2.805,21.776,-0.300,-0.084,-0.300,-498.863,-499.728,-498.863
13.412,-0.000,0.567,-0.380,45.002,2.805,21.777,-0.300,-0.084,-0.300,-498.863,-499.728,-498.863
13.417,-0.000,0.567,-0.380,45.002,2.805,21.777,-0.300,-0.084,-0.300,-498.863,-499.728,-498.863
13.421,-0.000,0.567,-0.380,45.002,2.805,21.777,-0.300,-0.084,-0.300,-498.863,-499.728,-498.863
13.425,-0.000,0.567,-0.380,45.002,2.805,21.777,-0.300,-0.084,-0.300,-498.863,-499.728,-498.863
13.429,-0.000,0.567,-0.380,45.002,2.805,21.777,-0.300,-0.084,-0.300,-498.863,-499.728,-498.863
13.433,-0.000,0.567,-0.380,45.002,2.805,21.777,-0.300,-0.084,-0.300,-498.863,-499.728,-498.863
13.438,-0.000,0.567,-0.380,45.002,2.805,21.777,-0.300,-0.084,-0.300,-498.863,-499.728,-498.863
13.442,-0.000,0.567,-0.380,45.002,2.805,21.777,-0.300,-0.084,-0.300,-498.863,-499.728,-498.863
13.446,-0.000,0.567,-0.380,45.002,2.805,21.777,-0.300,-0.084,-0.300,-498.863,-499.728,-498.863
13.450,-0.000,0.567,-0.380,45.002,2.805,21.777,-0.300,-0.084,-0.300,-498.863,-499.728,-498.863
13.454,-0.000,0.567,-0.380,45.002,2.805,21.777,-0.300,-0.084,-0.300,-498.863,-499.728,-498.863
13.458,-0.000,0.567,-0.380,45.002,2.805,21.777,-0.300,-0.084,-0.300,-498.863,-499.728,-498.863
13.463,-0.000,0.567,-0.380,45.002,2.805,21.777,-0.300,-0.084,-0.300,-498.863,-499.728,-498.863
13.467,-0.000,0.567,-0.380,45.002,2.805,21.777,-0.300,-0.084,-0.300,-498.863,-499.728,-498.863
13.471,-0.000,0.567,-0.380,45.002,2.805,21.777,-0.300,-0.084,-0.300,-498.863,-499.728,-498.863
13.475,-0.000,0.567,-0.380,45.002,2.805,21.777,-0.300,-0.084,-0.300,-498.863,-499.728,-498.863
13.479,-0.000,0.567,-0.380,45.002,2.805,21.777,-0.300,-0.084,-0.300,-498.863,-499.728,-498.863
13.483,-0.000,0.567,-0.380,45.002,2.805,21.777,-0.300,-0.084,-0.300,-498.863,-499.728,-498.863
13.487,-0.000,0.567,-0.380,45.002,2.805,21.777,-0.300,-0.084,-0.300,-498.863,-499.728,-498.863
13.492,-0.000,0.567,-0.380,45.002,2.805,21.777,-0.300,-0.084,-0.300,-498.863,-499.728,-498.863
13.496,-0.000,0.567,-0.380,45.002,2.805,21.777,-0.300,-0.084,-0.300,-498.863,-499.728,-498.863
13.500,-0.000,0.567,-0.380,45.002,2.805,21.777,-0.300,-0.084,-0.300,-498.863,-499.728,-498.863
13.504,-0.000,0.567,-0.380,45.002,2.805,21.777,-0.300,-0.084,-0.300,-498.863,-499.728,-498.863
13.508,-0.000,0.567,-0.380,45.002,2.805,21.778,-0.300,-0.084,-0.300,-498.863,-499.728,-498.863
13.512,-0.000,0.567,-0.380,45.002,2.805,21.778,-0.300,-0.084,-0.300,-498.863,-499.728,-498.863
13.517,-0.000,0.567,-0.380,45.002,2.805,21.778,-0.300,-0.084,-0.300,-498.863,-499.728,-498.863
13.521,-0.000,0.567,-0.380,45.002,2.805,21.778,-0.300,-0.084,-0.300,-498.863,-499.728,-498.863
13.525,-0.000,0.567,-0.380,45.002,2.805,21.778,-0.300,-0.084,-0.300,-498.863,-499.728,-498.863
13.529,-0.000,0.567,-0.380,45.002,2.805,21.778,-0.300,-0.084,-0.300,-498.863,-499.728,-498.863
13.533,-0.000,0.567,-0.380,45.002,2.805,21.778,-0.300,-0.084,-0.300,-498.863,-499.728,-498.863
13.537,-0.000,0.567,-0.380,45.002,2.805,21.778,-0.300,-0.084,-0.300,-498.863,-499.728,-498.863
13.542,-0.000,0.567,-0.380,45.002,2.805,21.778,-0.300,-0.084,-0.300,-498.863,-499.728,-498.863
13.546,-0.000,0.567,-0.380,45.002,2.805,21.778,-0.300,-0.084,-0.300,-498.863,-499.728,-498.863
13.550,-0.000,0.567,-0.380,45.002,2.805,21.778,-0.300,-0.084,-0.300,-498.863,-499.728,-498.863
13.554,-0.000,0.567,-0.380,45.002,2.805,21.778,-0.300,-0.084,-0.300,-498.863,-499.728,-498.863
13.558,-0.000,0.567,-0.380,45.002,2.805,21.778,-0.300,-0.084,-0.300,-498.863,-499.728,-498.863
13.562,-0.000,0.567,-0.380,45.002,2.805,21.778,-0.300,-0.084,-0.300,-498.863,-499.728,-498.863
13.567,-0.000,0.567,-0.380,45.002,2.805,21.778,-0.300,-0.084,-0.300,-498.863,-499.728,-498.863
13.571,-0.000,0.567,-0.380,45.002,2.805,21.778,-0.300,-0.084,-0.300,-498.863,-499.728,-498.863
13.575,-0.000,0.567,-0.380,45.002,2.805,21.778,-0.300,-0.084,-0.300,-498.863,-499.728,-498.863
13.579,-0.000,0.567,-0.380,45.002,2.805,21.778,-0.300,-0.084,-0.300,-498.863,-499.728,-498.863
13.583,-0.000,0.567,-0.380,45.002,2.805,21.778,-0.300,-0.084,-0.300,-498.863,-499.728,-498.863
13.588,-0.000,0.567,-0.380,45.002,2.805,21.778,-0.300,-0.084,-0.300,-498.863,-499.728,-498.863
13.592,-0.000,0.567,-0.380,45.002,2.805,21.778,-0.300,-0.084,-0.300,-498.863,-499.728,-498.863
13.596,-0.000,0.567,-0.380,45.002,2.805,21.778,-0.300,-0.084,-0.300,-498.863,-499.728,-498.863
13.600,-0.000,0.567,-0.380,45.002,2.805,21.779,-0.300,-0.084,-0.300,-498.863,-499.728,-498.863
13.604,-0.000,0.567,-0.380,45.002,2.805,21.779,-0.300,-0.084,-0.300,-498.863,-499.728,-498.863
13.608,-0.000,0.567,-0.380,45.002,2.805,21.779,-0.300,-0.084,-0.300,-498.863,-499.728,-498.863
13.612,-0.000,0.567,-0.380,45.002,2.805,21.779,-0.300,-0.084,-0.300,-498.863,-499.728,-498.863
13.617,-0.000,0.567,-0.380,45.002,2.805,21.779,-0.300,-0.084,-0.300,-498.863,-499.728,-498.863
13.621,-0.000,0.567,-0.380,45.002,2.805,21.779,-0.300,-0.084,-0.300,-498.863,-499.728,-498.863
13.625,-0.000,0.567,-0.380,45.002,2.805,21.779,-0.300,-0.084,-0.300,-498.863,-499.728,-498.863
13.629,-0.000,0.567,-0.380,45.002,2.805,21.779,-0.300,-0.084,-0.300,-498.863,-499.728,-498.863
13.633,-0.000,0.567,-0.380,45.002,2.805,21.779,-0.300,-0.084,-0.300,-498.863,-499.728,-498.863
13.637,-0.000,0.567,-0.380,45.002,2.805,21.779,-0.300,-0.084,-0.300,-498.863,-499.728,-498.863
13.642,-0.000,0.567,-0.380,45.002,2.805,21.779,-0.300,-0.084,-0.300,-498.863,-499.728,-498.863
13.646,-0.000,0.567,-0.380,45.002,2.805,21.779,-0.300,-0.084,-0.300,-498.863,-499.728,-498.863
13.650,-0.000,0.567,-0.380,45.002,2.805,21.779,-0.300,-0.084,-0.300,-498.863,-499.728,-498.863
13.654,-0.000,0.567,-0.380,45.002,2.805,21.779,-0.300,-0.084,-0.300,-498.863,-499.728,-498.863
13.658,-0.000,0.567,-0.380,45.002,2.805,21.779,-0.300,-0.084,-0.300,-498.863,-499.728,-498.863
13.662,-0.000,0.567,-0.380,45.002,2.805,21.779,-0.300,-0.084,-0.300,-498.863,-499.728,-498.863
13.667,-0.000,0.567,-0.380,45.002,2.805,21.779,-0.300,-0.084,-0.300,-498.863,-499.728,-498.863
13.671,-0.000,0.567,-0.380,45.002,2.805,21.779,-0.300,-0.084,-0.300,-498.863,-499.728,-498.863
13.675,-0.000,0.567,-0.380,45.002,2.805,21.779,-0.300,-0.084,-0.300,-498.863,-499.728,-498.863
13.679,-0.000,0.567,-0.380,45.002,2.805,21.779,-0.300,-0.084,-0.300,-498.863,-499.728,-498.863
13.683,-0.000,0.567,-0.380,45.002,2.805,21.779,-0.300,-0.084,-0.300,-498.863,-499.728,-498.863
13.688,-0.000,0.567,-0.380,45.002,2.805,21.779,-0.300,-0.084,-0.300,-498.863,-499.728,-498.863
13.692,-0.000,0.567,-0.380,45.002,2.805,21.779,-0.300,-0.084,-0.300,-498.863,-499.728,-498.863
13.696,-0.000,0.567,-0.380,45.002,2.805,21.780,-0.300,-0.084,-0.300,-498.863,-499.728,-498.863
13.700,-0.000,0.567,-0.380,45.002,2.805,21.780,-0.300,-0.084,-0.300,-498.863,-499.728,-498.863
13.704,-0.000,0.567,-0.380,45.002,2.805,21.780,-0.300,-0.084,-0.300,-498.863,-499.728,-498.863
13.708,-0.000,0.567,-0.380,45.002,2.805,21.780,-0.300,-0.084,-0.300,-498.863,-499.728,-498.863
13.713,-0.000,0.567,-0.380,45.002,2.805,21.780,-0.300,-0.084,-0.300,-498.863,-499.728,-498.863
13.717,-0.000,0.567,-0.380,45.002,2.805,21.780,-0.300,-0.084,-0.300,-498.863,-499.728,-498.863
13.721,-0.000,0.567,-0.380,45.002,2.805,21.780,-0.300,-0.084,-0.300,-498.863,-499.728,-498.863
13.725,-0.000,0.567,-0.380,45.002,2.805,21.780,-0.300,-0.084,-0.300,-498.863,-499.728,-498.863
13.729,-0.000,0.567,-0.380,45.002,2.805,21.780,-0.300,-0.084,-0.300,-498.863,-499.728,-498.863
13.733,-0.000,0.567,-0.380,45.002,2.805,21.780,-0.300,-0.084,-0.300,-498.863,-499.728,-498.863
13.737,-0.000,0.567,-0.380,45.002,2.805,21.780,-0.300,-0.084,-0.300,-498.863,-499.728,-498.863
13.742,-0.000,0.567,-0.380,45.002,2.805,21.780,-0.300,-0.084,-0.300,-498.863,-499.728,-498.863
13.746,-0.000,0.567,-0.380,45.002,2.805,21.780,-0.300,-0.084,-0.300,-498.863,-499.728,-498.863
13.750,-0.000,0.567,-0.380,45.002,2.805,21.780,-0.300,-0.084,-0.300,-498.863,-499.728,-498.863
13.754,-0.000,0.567,-0.380,45.002,2.805,21.780,-0.300,-0.084,-0.300,-498.863,-499.728,-498.863
13.758,-0.000,0.567,-0.380,45.002,2.805,21.780,-0.300,-0.084,-0.300,-498.863,-499.728,-498.863
13.762,-0.000,0.567,-0.380,45.002,2.805,21.780,-0.300,-0.084,-0.300,-498.863,-499.728,-498.863
13.767,-0.000,0.567,-0.380,45.002,2.805,21.780,-0.300,-0.084,-0.300,-498.863,-499.728,-498.863
13.771,-0.000,0.567,-0.380,45.002,2.805,21.780,-0.300,-0.084,-0.300,-498.863,-499.728,-498.863
13.775,-0.000,0.567,-0.380,45.002,2.805,21.780,-0.300,-0.084,-0.300,-498.863,-499.728,-498.863
13.779,-0.000,0.567,-0.380,45.002,2.805,21.780,-0.300,-0.084,-0.300,-498.863,-499.728,-498.863
13.783,-0.000,0.567,-0.380,45.002,2.805,21.780,-0.300,-0.084,-0.300,-498.863,-499.728,-498.863
13.787,-0.000,0.567,-0.380,45.002,2.805,21.781,-0.300,-0.084,-0.300,-498.863,-499.728,-498.863
13.792,-0.000,0.567,-0.380,45.002,2.805,21.781,-0.300,-0.084,-0.300,-498.863,-499.728,-498.863
13.796,-0.000,0.567,-0.380,45.002,2.805,21.781,-0.300,-0.084,-0.300,-498.863,-499.728,-498.863
13.800,-0.000,0.567,-0.380,45.002,2.805,21.781,-0.300,-0.084,-0.300,-498.863,-499.728,-498.863
13.804,-0.000,0.567,-0.380,45.002,2.805,21.781,-0.300,-0.084,-0.300,-498.863,-499.728,-498.863
13.808,-0.000,0.567,-0.380,45.002,2.805,21.781,-0.300,-0.084,-0.300,-498.863,-499.728,-498.863
13.812,-0.000,0.567,-0.380,45.002,2.805,21.781,-0.300,-0.084,-0.300,-498.863,-499.728,-498.863
13.817,-0.000,0.567,-0.380,45.002,2.805,21.781,-0.300,-0.084,-0.300,-498.863,-499.728,-498.863
13.821,-0.000,0.567,-0.380,45.002,2.805,21.781,-0.300,-0.084,-0.300,-498.863,-499.728,-498.863
13.825,-0.000,0.567,-0.380,45.002,2.805,21.781,-0.300,-0.084,-0.300,-498.863,-499.728,-498.863
13.829,-0.000,0.567,-0.380,45.002,2.805,21.781,-0.300,-0.084,-0.300,-498.863,-499.728,-498.863
13.833,-0.000,0.567,-0.380,45.002,2.805,21.781,-0.300,-0.084,-0.300,-498.863,-499.728,-498.863
13.838,-0.000,0.567,-0.380,45.002,2.805,21.781,-0.300,-0.084,-0.300,-498.863,-499.728,-498.863
13.842,-0.000,0.567,-0.380,45.002,2.805,21.781,-0.300,-0.084,-0.300,-498.863,-499.728,-498.863
13.846,-0.000,0.567,-0.380,45.002,2.805,21.781,-0.300,-0.084,-0.300,-498.863,-499.728,-498.863
13.850,-0.000,0.567,-0.380,45.002,2.805,21.781,-0.300,-0.084,-0.300,-498.863,-499.728,-498.863
13.854,-0.000,0.567,-0.380,45.002,2.805,21.781,-0.300,-0.084,-0.300,-498.863,-499.728,-498.863
13.858,-0.000,0.567,-0.380,45.002,2.805,21.781,-0.300,-0.084,-0.300,-498.863,-499.728,-498.863
13.862,-0.000,0.567,-0.380,45.002,2.805,21.781,-0.300,-0.084,-0.300,-498.863,-499.728,-498.863
13.867,-0.000,0.567,-0.380,45.002,2.805,21.781,-0.300,-0.084,-0.300,-498.863,-499.728,-498.863
13.871,-0.000,0.567,-0.380,45.002,2.805,21.781,-0.300,-0.084,-0.300,-498.863,-499.728,-498.863
13.875,-0.000,0.567,-0.380,45.002,2.805,21.781,-0.300,-0.084,-0.300,-498.863,-499.728,-498.863
13.879,-0.000,0.567,-0.380,45.002,2.805,21.781,-0.300,-0.084,-0.300,-498.863,-499.728,-498.863
13.883,-0.000,0.567,-0.380,45.002,2.805,21.782,-0.300,-0.084,-0.300,-498.863,-499.728,-498.863
13.887,-0.000,0.567,-0.380,45.002,2.805,21.782,-0.300,-0.084,-0.300,-498.863,-499.728,-498.863
13.892,-0.000,0.567,-0.380,45.002,2.805,21.782,-0.300,-0.084,-0.300,-498.863,-499.728,-498.863
13.896,-0.000,0.567,-0.380,45.002,2.805,21.782,-0.300,-0.084,-0.300,-498.863,-499.728,-498.863
13.900,-0.000,0.567,-0.380,45.002,2.805,21.782,-0.300,-0.084,-0.300,-498.863,-499.728,-498.863
13.904,-0.000,0.567,-0.380,45.002,2.805,21.782,-0.300,-0.084,-0.300,-498.863,-499.728,-498.863
13.908,-0.000,0.567,-0.380,45.002,2.805,21.782,-0.300,-0.084,-0.300,-498.863,-499.728,-498.863
13.912,-0.000,0.567,-0.380,45.002,2.805,21.782,-0.300,-0.084,-0.300,-498.863,-499.728,-498.863
13.917,-0.000,0.567,-0.380,45.002,2.805,21.782,-0.300,-0.084,-0.300,-498.863,-499.728,-498.863
13.921,-0.000,0.567,-0.380,45.002,2.805,21.782,-0.300,-0.084,-0.300,-498.863,-499.728,-498.863
13.925,-0.000,0.567,-0.380,45.002,2.805,21.782,-0.300,-0.084,-0.300,-498.863,-499.728,-498.863
13.929,-0.000,0.567,-0.380,45.002,2.805,21.782,-0.300,-0.084,-0.300,-498.863,-499.728,-498.863
13.933,-0.000,0.567,-0.380,45.002,2.805,21.782,-0.300,-0.084,-0.300,-498.863,-499.728,-498.863
13.938,-0.000,0.567,-0.380,45.002,2.805,21.782,-0.300,-0.084,-0.300,-498.863,-499.728,-498.863
13.942,-0.000,0.567,-0.380,45.002,2.805,21.782,-0.300,-0.084,-0.300,-498.863,-499.728,-498.863
13.946,-0.000,0.567,-0.380,45.002,2.805,21.782,-0.300,-0.084,-0.300,-498.863,-499.728,-498.863
13.950,-0.000,0.567,-0.380,45.002,2.805,21.782,-0.300,-0.084,-0.300,-498.863,-499.728,-498.863
13.954,-0.000,0.567,-0.380,45.002,2.805,21.782,-0.300,-0.084,-0.300,-498.863,-499.728,-498.863
13.958,-0.000,0.567,-0.380,45.002,2.805,21.782,-0.300,-0.084,-0.300,-498.863,-499.728,-498.863
13.963,-0.000,0.567,-0.380,45.002,2.805,21.782,-0.300,-0.084,-0.300,-498.863,-499.728,-498.863
13.967,-0.000,0.567,-0.380,45.002,2.805,21.782,-0.300,-0.084,-0.300,-498.863,-499.728,-498.863
13.971,-0.000,0.567,-0.380,45.002,2.805,21.782,-0.300,-0.084,-0.300,-498.863,-499.728,-498.863
13.975,-0.000,0.567,-0.380,45.002,2.805,21.782,-0.300,-0.084,-0.300,-498.863,-499.728,-498.863
13.979,-0.000,0.567,-0.380,45.002,2.805,21.783,-0.300,-0.084,-0.300,-498.863,-499.728,-498.863
13.983,-0.000,0.567,-0.380,45.002,2.805,21.783,-0.300,-0.084,-0.300,-498.863,-499.728,-498.863
13.987,-0.000,0.567,-0.380,45.002,2.805,21.783,-0.300,-0.084,-0.300,-498.863,-499.728,-498.863
13.992,-0.000,0.567,-0.380,45.002,2.805,21.783,-0.300,-0.084,-0.300,-498.863,-499.728,-498.863
13.996,-0.000,0.567,-0.380,45.002,2.805,21.783,-0.300,-0.084,-0.300,-498.863,-499.728,-498.863
14.000,-0.000,0.567,-0.380,45.002,2.805,21.783,-0.300,-0.084,-0.300,-498.863,-499.728,-498.863
14.004,-0.000,0.567,-0.380,45.002,2.805,21.783,-0.300,-0.084,-0.300,-498.863,-499.728,-498.863
14.008,-0.000,0.567,-0.380,45.002,2.805,21.783,-0.300,-0.084,-0.300,-498.863,-499.728,-498.863
14.012,-0.000,0.567,-0.380,45.002,2.805,21.783,-0.300,-0.084,-0.300,-498.863,-499.728,-498.863
14.017,-0.000,0.567,-0.380,45.002,2.805,21.783,-0.300,-0.084,-0.300,-498.863,-499.728,-498.863
14.021,-0.000,0.567,-0.380,45.002,2.805,21.783,-0.300,-0.084,-0.300,-498.863,-499.728,-498.863
14.025,-0.000,0.567,-0.380,45.002,2.805,21.783,-0.300,-0.084,-0.300,-498.863,-499.728,-498.863
14.029,-0.000,0.567,-0.380,45.002,2.805,21.783,-0.300,-0.084,-0.300,-498.863,-499.728,-498.863
14.033,-0.000,0.567,-0.380,45.002,2.805,21.783,-0.300,-0.084,-0.300,-498.863,-499.728,-498.863
14.037,-0.000,0.567,-0.380,45.002,2.805,21.783,-0.300,-0.084,-0.300,-498.863,-499.728,-498.863
14.042,-0.000,0.567,-0.380,45.002,2.805,21.783,-0.300,-0.084,-0.300,-498.863,-499.728,-498.863
14.046,-0.000,0.567,-0.380,45.002,2.805,21.783,-0.300,-0.084,-0.300,-498.863,-499.728,-498.863
14.050,-0.000,0.567,-0.380,45.002,2.805,21.783,-0.300,-0.084,-0.300,-498.863,-499.728,-498.863
14.054,-0.000,0.567,-0.380,45.002,2.805,21.783,-0.300,-0.084,-0.300,-498.863,-499.728,-498.863
14.058,-0.000,0.567,-0.380,45.002,2.805,21.783,-0.300,-0.084,-0.300,-498.863,-499.728,-498.863
14.062,-0.000,0.567,-0.380,45.002,2.805,21.783,-0.300,-0.084,-0.300,-498.863,-499.728,-498.863
14.067,-0.000,0.567,-0.380,45.002,2.805,21.783,-0.300,-0.084,-0.300,-498.863,-499.728,-498.863
14.071,-0.000,0.567,-0.380,45.002,2.805,21.784,-0.300,-0.084,-0.300,-498.863,-499.728,-498.863
14.075,-0.000,0.567,-0.380,45.002,2.805,21.784,-0.300,-0.084,-0.300,-498.863,-499.728,-498.863
14.079,-0.000,0.567,-0.380,45.002,2.805,21.784,-0.300,-0.084,-0.300,-498.863,-499.728,-498.863
14.083,-0.000,0.567,-0.380,45.002,2.805,21.784,-0.300,-0.084,-0.300,-498.863,-499.728,-498.863
14.088,-0.000,0.567,-0.380,45.002,2.805,21.784,-0.300,-0.084,-0.300,-498.863,-499.728,-498.863
14.092,-0.000,0.567,-0.380,45.002,2.805,21.784,-0.300,-0.084,-0.300,-498.863,-499.728,-498.863
14.096,-0.000,0.567,-0.380,45.002,2.805,21.784,-0.300,-0.084,-0.300,-498.863,-499.728,-498.863
14.100,-0.000,0.567,-0.380,45.002,2.805,21.784,-0.300,-0.084,-0.300,-498.863,-499.728,-498.863
14.104,-0.000,0.567,-0.380,45.002,2.805,21.784,-0.300,-0.084,-0.300,-498.863,-499.728,-498.863
14.108,-0.000,0.567,-0.380,45.002,2.805,21.784,-0.300,-0.084,-0.300,-498.863,-499.728,-498.863
14.112,-0.000,0.567,-0.380,45.002,2.805,21.784,-0.300,-0.084,-0.300,-498.863,-499.728,-498.863
14.117,-0.000,0.567,-0.380,45.002,2.805,21.784,-0.300,-0.084,-0.300,-498.863,-499.728,-498.863
14.121,-0.000,0.567,-0.380,45.002,2.805,21.784,-0.300,-0.084,-0.300,-498.863,-499.728,-498.863
14.125,-0.000,0.567,-0.380,45.002,2.805,21.784,-0.300,-0.084,-0.300,-498.863,-499.728,-498.863
14.129,-0.000,0.567,-0.380,45.002,2.805,21.784,-0.300,-0.084,-0.300,-498.863,-499.728,-498.863
14.133,-0.000,0.567,-0.380,45.002,2.805,21.784,-0.300,-0.084,-0.300,-498.863,-499.728,-498.863
14.137,-0.000,0.567,-0.380,45.002,2.805,21.784,-0.300,-0.084,-0.300,-498.863,-499.728,-498.863
14.142,-0.000,0.567,-0.380,45.002,2.805,21.784,-0.300,-0.084,-0.300,-498.863,-499.728,-498.863
14.146,-0.000,0.567,-0.380,45.002,2.805,21.784,-0.300,-0.084,-0.300,-498.863,-499.728,-498.863
14.150,-0.000,0.567,-0.380,45.002,2.805,21.784,-0.300,-0.084,-0.300,-498.863,-499.728,-498.863
14.154,-0.000,0.567,-0.380,45.002,2.805,21.784,-0.300,-0.084,-0.300,-498.863,-499.728,-498.863
14.158,-0.000,0.567,-0.380,45.002,2.805,21.784,-0.300,-0.084,-0.300,-498.863,-499.728,-498.863
14.162,-0.000,0.567,-0.380,45.002,2.805,21.784,-0.300,-0.084,-0.300,-498.863,-499.728,-498.863
14.167,-0.000,0.567,-0.380,45.002,2.805,21.785,-0.300,-0.084,-0.300,-498.863,-499.728,-498.863
14.171,-0.000,0.567,-0.380,45.002,2.805,21.785,-0.300,-0.084,-0.300,-498.863,-499.728,-498.863
14.175,-0.000,0.567,-0.380,45.002,2.805,21.785,-0.300,-0.084,-0.300,-498.863,-499.728,-498.863
14.179,-0.000,0.567,-0.380,45.002,2.805,21.785,-0.300,-0.084,-0.300,-498.863,-499.728,-498.863
14.183,-0.000,0.567,-0.380,45.002,2.805,21.785,-0.300,-0.084,-0.300,-498.863,-499.728,-498.863
14.188,-0.000,0.567,-0.380,45.002,2.805,21.785,-0.300,-0.084,-0.300,-498.863,-499.728,-498.863
14.192,-0.000,0.567,-0.380,45.002,2.805,21.785,-0.300,-0.084,-0.300,-498.863,-499.728,-498.863
14.196,-0.000,0.567,-0.380,45.002,2.805,21.785,-0.300,-0.084,-0.300,-498.863,-499.728,-498.863
14.200,-0.000,0.567,-0.380,45.002,2.805,21.785,-0.300,-0.084,-0.300,-498.863,-499.728,-498.863
14.204,-0.000,0.567,-0.380,45.002,2.805,21.785,-0.300,-0.084,-0.300,-498.863,-499.728,-498.863
14.208,-0.000,0.567,-0.380,45.002,2.805,21.785,-0.300,-0.084,-0.300,-498.863,-499.728,-498.863
14.213,-0.000,0.567,-0.380,45.002,2.805,21.785,-0.300,-0.084,-0.300,-498.863,-499.728,-498.863
14.217,-0.000,0.567,-0.380,45.002,2.805,21.785,-0.300,-0.084,-0.300,-498.863,-499.728,-498.863
14.221,-0.000,0.567,-0.380,45.002,2.805,21.785,-0.300,-0.084,-0.300,-498.863,-499.728,-498.863
14.225,-0.000,0.567,-0.380,45.002,2.805,21.785,-0.300,-0.084,-0.300,-498.863,-499.728,-498.863
14.229,-0.000,0.567,-0.380,45.002,2.805,21.785,-0.300,-0.084,-0.300,-498.863,-499.728,-498.863
14.233,-0.000,0.567,-0.380,45.002,2.805,21.785,-0.300,-0.084,-0.300,-498.863,-499.728,-498.863
14.237,-0.000,0.567,-0.380,45.002,2.805,21.785,-0.300,-0.084,-0.300,-498.863,-499.728,-498.863
14.242,-0.000,0.567,-0.380,45.002,2.805,21.785,-0.300,-0.084,-0.300,-498.863,-499.728,-498.863
14.246,-0.000,0.567,-0.380,45.002,2.805,21.785,-0.300,-0.084,-0.300,-498.863,-499.728,-498.863
14.250,-0.000,0.567,-0.380,45.002,2.805,21.785,-0.300,-0.084,-0.300,-498.863,-499.728,-498.863
14.254,-0.000,0.567,-0.380,45.002,2.805,21.785,-0.300,-0.084,-0.300,-498.863,-499.728,-498.863
14.258,-0.000,0.567,-0.380,45.002,2.805,21.786,-0.300,-0.084,-0.300,-498.863,-499.728,-498.863
14.262,-0.000,0.567,-0.380,45.002,2.805,21.786,-0.300,-0.084,-0.300,-498.863,-499.728,-498.863
14.267,-0.000,0.567,-0.380,45.002,2.805,21.786,-0.300,-0.084,-0.300,-498.863,-499.728,-498.863
14.271,-0.000,0.567,-0.380,45.002,2.805,21.786,-0.300,-0.084,-0.300,-498.863,-499.728,-498.863
14.275,-0.000,0.567,-0.380,45.002,2.805,21.786,-0.300,-0.084,-0.300,-498.863,-499.728,-498.863
14.279,-0.000,0.567,-0.380,45.002,2.805,21.786,-0.300,-0.084,-0.300,-498.863,-499.728,-498.863
14.283,-0.000,0.567,-0.380,45.002,2.805,21.786,-0.300,-0.084,-0.300,-498.863,-499.728,-498.863
14.287,-0.000,0.567,-0.380,45.002,2.805,21.786,-0.300,-0.084,-0.300,-498.863,-499.728,-498.863
14.292,-0.000,0.567,-0.380,45.002,2.805,21.786,-0.300,-0.084,-0.300,-498.863,-499.728,-498.863
14.296,-0.000,0.567,-0.380,45.002,2.805,21.786,-0.300,-0.084,-0.300,-498.863,-499.728,-498.863
14.300,-0.000,0.567,-0.380,45.002,2.805,21.786,-0.300,-0.084,-0.300,-498.863,-499.728,-498.863
14.304,-0.000,0.567,-0.380,45.002,2.805,21.786,-0.300,-0.084,-0.300,-498.863,-499.728,-498.863
14.308,-0.000,0.567,-0.380,45.002,2.805,21.786,-0.300,-0.084,-0.300,-498.863,-499.728,-498.863
14.312,-0.000,0.567,-0.380,45.002,2.805,21.786,-0.300,-0.084,-0.300,-498.863,-499.728,-498.863
14.317,-0.000,0.567,-0.380,45.002,2.805,21.786,-0.300,-0.084,-0.300,-498.863,-499.728,-498.863
14.321,-0.000,0.567,-0.380,45.002,2.805,21.786,-0.300,-0.084,-0.300,-498.863,-499.728,-498.863
14.325,-0.000,0.567,-0.380,45.002,2.805,21.786,-0.300,-0.084,-0.300,-498.863,-499.728,-498.863
14.329,-0.000,0.567,-0.380,45.002,2.805,21.786,-0.300,-0.084,-0.300,-498.863,-499.728,-498.863
14.333,-0.000,0.567,-0.380,45.002,2.805,21.786,-0.300,-0.084,-0.300,-498.863,-499.728,-498.863
14.338,-0.000,0.567,-0.380,45.002,2.805,21.786,-0.300,-0.084,-0.300,-498.863,-499.728,-498.863
14.342,-0.000,0.567,-0.380,45.002,2.805,21.786,-0.300,-0.084,-0.300,-498.863,-499.728,-498.863
14.346,-0.000,0.567,-0.380,45.002,2.805,21.786,-0.300,-0.084,-0.300,-498.863,-499.728,-498.863
14.350,-0.000,0.567,-0.380,45.002,2.805,21.786,-0.300,-0.084,-0.300,-498.863,-499.728,-498.863
14.354,-0.000,0.567,-0.380,45.002,2.805,21.787,-0.300,-0.084,-0.300,-498.863,-499.728,-498.863
14.358,-0.000,0.567,-0.380,45.002,2.805,21.787,-0.300,-0.084,-0.300,-498.863,-499.728,-498.863
14.362,-0.000,0.567,-0.380,45.002,2.805,21.787,-0.300,-0.084,-0.300,-498.863,-499.728,-498.863
14.367,-0.000,0.567,-0.380,45.002,2.805,21.787,-0.300,-0.084,-0.300,-498.863,-499.728,-498.863
14.371,-0.000,0.567,-0.380,45.002,2.805,21.787,-0.300,-0.084,-0.300,-498.863,-499.728,-498.863
14.375,-0.000,0.567,-0.380,45.002,2.805,21.787,-0.300,-0.084,-0.300,-498.863,-499.728,-498.863
14.379,-0.000,0.567,-0.380,45.002,2.805,21.787,-0.300,-0.084,-0.300,-498.863,-499.728,-498.863
14.383,-0.000,0.567,-0.380,45.002,2.805,21.787,-0.300,-0.084,-0.300,-498.863,-499.728,-498.863
14.387,-0.000,0.567,-0.380,45.002,2.805,21.787,-0.300,-0.084,-0.300,-498.863,-499.728,-498.863
14.392,-0.000,0.567,-0.380,45.002,2.805,21.787,-0.300,-0.084,-0.300,-498.863,-499.728,-498.863
14.396,-0.000,0.567,-0.380,45.002,2.805,21.787,-0.300,-0.084,-0.300,-498.863,-499.728,-498.863
14.400,-0.000,0.567,-0.380,45.002,2.805,21.787,-0.300,-0.084,-0.300,-498.863,-499.728,-498.863
14.404,-0.000,0.567,-0.380,45.002,2.805,21.787,-0.300,-0.084,-0.300,-498.863,-499.728,-498.863
14.408,-0.000,0.567,-0.380,45.002,2.805,21.787,-0.300,-0.084,-0.300,-498.863,-499.728,-498.863
14.412,-0.000,0.567,-0.380,45.002,2.805,21.787,-0.300,-0.084,-0.300,-498.863,-499.728,-498.863
14.417,-0.000,0.567,-0.380,45.002,2.805,21.787,-0.300,-0.084,-0.300,-498.863,-499.728,-498.863
14.421,-0.000,0.567,-0.380,45.002,2.805,21.787,-0.300,-0.084,-0.300,-498.863,-499.728,-498.863
14.425,-0.000,0.567,-0.380,45.002,2.805,21.787,-0.300,-0.084,-0.300,-498.863,-499.728,-498.863
14.429,-0.000,0.567,-0.380,45.002,2.805,21.787,-0.300,-0.084,-0.300,-498.863,-499.728,-498.863
14.433,-0.000,0.567,-0.380,45.002,2.805,21.787,-0.300,-0.084,-0.300,-498.863,-499.728,-498.863
14.438,-0.000,0.567,-0.380,45.002,2.805,21.787,-0.300,-0.084,-0.300,-498.863,-499.728,-498.863
14.442,-0.000,0.567,-0.380,45.002,2.805,21.787,-0.300,-0.084,-0.300,-498.863,-499.728,-498.863
14.446,-0.000,0.567,-0.380,45.002,2.805,21.787,-0.300,-0.084,-0.300,-498.863,-499.728,-498.863
14.450,-0.000,0.567,-0.380,45.002,2.805,21.788,-0.300,-0.084,-0.300,-498.863,-499.728,-498.863
14.454,-0.000,0.567,-0.380,45.002,2.805,21.788,-0.300,-0.084,-0.300,-498.863,-499.728,-498.863
14.458,-0.000,0.567,-0.380,45.002,2.805,21.788,-0.300,-0.084,-0.300,-498.863,-499.728,-498.863
14.463,-0.000,0.567,-0.380,45.002,2.805,21.788,-0.300,-0.084,-0.300,-498.863,-499.728,-498.863
14.467,-0.000,0.567,-0.380,45.002,2.805,21.788,-0.300,-0.084,-0.300,-498.863,-499.728,-498.863
14.471,-0.000,0.567,-0.380,45.002,2.805,21.788,-0.300,-0.084,-0.300,-498.863,-499.728,-498.863
14.475,-0.000,0.567,-0.380,45.002,2.805,21.788,-0.300,-0.084,-0.300,-498.863,-499.728,-498.863
14.479,-0.000,0.567,-0.380,45.002,2.805,21.788,-0.300,-0.084,-0.300,-498.863,-499.728,-498.863
14.483,-0.000,0.567,-0.380,45.002,2.805,21.788,-0.300,-0.084,-0.300,-498.863,-499.728,-498.863
14.487,-0.000,0.567,-0.380,45.002,2.805,21.788,-0.300,-0.084,-0.300,-498.863,-499.728,-498.863
14.492,-0.000,0.567,-0.380,45.002,2.805,21.788,-0.300,-0.084,-0.300,-498.863,-499.728,-498.863
14.496,-0.000,0.567,-0.380,45.002,2.805,21.788,-0.300,-0.084,-0.300,-498.863,-499.728,-498.863
14.500,-0.000,0.567,-0.380,45.002,2.805,21.788,-0.300,-0.084,-0.300,-498.863,-499.728,-498.863
14.504,-0.000,0.567,-0.380,45.002,2.805,21.788,-0.300,-0.084,-0.300,-498.863,-499.728,-498.863
14.508,-0.000,0.567,-0.380,45.002,2.805,21.788,-0.300,-0.084,-0.300,-498.863,-499.728,-498.863
14.512,-0.000,0.567,-0.380,45.002,2.805,21.788,-0.300,-0.084,-0.300,-498.863,-499.728,-498.863
14.517,-0.000,0.567,-0.380,45.002,2.805,21.788,-0.300,-0.084,-0.300,-498.863,-499.728,-498.863
14.521,-0.000,0.567,-0.380,45.002,2.805,21.788,-0.300,-0.084,-0.300,-498.863,-499.728,-498.863
14.525,-0.000,0.567,-0.380,45.002,2.805,21.788,-0.300,-0.084,-0.300,-498.863,-499.728,-498.863
14.529,-0.000,0.567,-0.380,45.002,2.805,21.788,-0.300,-0.084,-0.300,-498.863,-499.728,-498.863
14.533,-0.000,0.567,-0.380,45.002,2.805,21.788,-0.300,-0.084,-0.300,-498.863,-499.728,-498.863
14.537,-0.000,0.567,-0.380,45.002,2.805,21.788,-0.300,-0.084,-0.300,-498.863,-499.728,-498.863
14.542,-0.000,0.567,-0.380,45.002,2.805,21.789,-0.300,-0.084,-0.300,-498.863,-499.728,-498.863
14.546,-0.000,0.567,-0.380,45.002,2.805,21.789,-0.300,-0.084,-0.300,-498.863,-499.728,-498.863
14.550,-0.000,0.567,-0.380,45.002,2.805,21.789,-0.300,-0.084,-0.300,-498.863,-499.728,-498.863
14.554,-0.000,0.567,-0.380,45.002,2.805,21.789,-0.300,-0.084,-0.300,-498.863,-499.728,-498.863
14.558,-0.000,0.567,-0.380,45.002,2.805,21.789,-0.300,-0.084,-0.300,-498.863,-499.728,-498.863
14.562,-0.000,0.567,-0.380,45.002,2.805,21.789,-0.300,-0.084,-0.300,-498.863,-499.728,-498.863
14.567,-0.000,0.567,-0.380,45.002,2.805,21.789,-0.300,-0.084,-0.300,-498.863,-499.728,-498.863
14.571,-0.000,0.567,-0.380,45.002,2.805,21.789,-0.300,-0.084,-0.300,-498.863,-499.728,-498.863
14.575,-0.000,0.567,-0.380,45.002,2.805,21.789,-0.300,-0.084,-0.300,-498.863,-499.728,-498.863
14.579,-0.000,0.567,-0.380,45.002,2.805,21.789,-0.300,-0.084,-0.300,-498.863,-499.728,-498.863
14.583,-0.000,0.567,-0.380,45.002,2.805,21.789,-0.300,-0.084,-0.300,-498.863,-499.728,-498.863
14.588,-0.000,0.567,-0.380,45.002,2.805,21.789,-0.300,-0.084,-0.300,-498.863,-499.728,-498.863
14.592,-0.000,0.567,-0.380,45.002,2.805,21.789,-0.300,-0.084,-0.300,-498.863,-499.728,-498.863
14.596,-0.000,0.567,-0.380,45.002,2.805,21.789,-0.300,-0.084,-0.300,-498.863,-499.728,-498.863
14.600,-0.000,0.567,-0.380,45.002,2.805,21.789,-0.300,-0.084,-0.300,-498.863,-499.728,-498.863
14.604,-0.000,0.567,-0.380,45.002,2.805,21.789,-0.300,-0.084,-0.300,-498.863,-499.728,-498.863
14.608,-0.000,0.567,-0.380,45.002,2.805,21.789,-0.300,-0.084,-0.300,-498.863,-499.728,-498.863
14.612,-0.000,0.567,-0.380,45.002,2.805,21.789,-0.300,-0.084,-0.300,-498.863,-499.728,-498.863
14.617,-0.000,0.567,-0.380,45.002,2.805,21.789,-0.300,-0.084,-0.300,-498.863,-499.728,-498.863
14.621,-0.000,0.567,-0.380,45.002,2.805,21.789,-0.300,-0.084,-0.300,-498.863,-499.728,-498.863
14.625,-0.000,0.567,-0.380,45.002,2.805,21.789,-0.300,-0.084,-0.300,-498.863,-499.728,-498.863
14.629,-0.000,0.567,-0.380,45.002,2.805,21.789,-0.300,-0.084,-0.300,-498.863,-499.728,-498.863
14.633,-0.000,0.567,-0.380,45.002,2.805,21.789,-0.300,-0.084,-0.300,-498.863,-499.728,-498.863
14.637,-0.000,0.567,-0.380,45.002,2.805,21.790,-0.300,-0.084,-0.300,-498.863,-499.728,-498.863
14.642,-0.000,0.567,-0.380,45.002,2.805,21.790,-0.300,-0.084,-0.300,-498.863,-499.728,-498.863
14.646,-0.000,0.567,-0.380,45.002,2.805,21.790,-0.300,-0.084,-0.300,-498.863,-499.728,-498.863
14.650,-0.000,0.567,-0.380,45.002,2.805,21.790,-0.300,-0.084,-0.300,-498.863,-499.728,-498.863
14.654,-0.000,0.567,-0.380,45.002,2.805,21.790,-0.300,-0.084,-0.300,-498.863,-499.728,-498.863
14.658,-0.000,0.567,-0.380,45.002,2.805,21.790,-0.300,-0.084,-0.300,-498.863,-499.728,-498.863
14.662,-0.000,0.567,-0.380,45.002,2.805,21.790,-0.300,-0.084,-0.300,-498.863,-499.728,-498.863
14.667,-0.000,0.567,-0.380,45.002,2.805,21.790,-0.300,-0.084,-0.300,-498.863,-499.728,-498.863
14.671,-0.000,0.567,-0.380,45.002,2.805,21.790,-0.300,-0.084,-0.300,-498.863,-499.728,-498.863
14.675,-0.000,0.567,-0.380,45.002,2.805,21.790,-0.300,-0.084,-0.300,-498.863,-499.728,-498.863
14.679,-0.000,0.567,-0.380,45.002,2.805,21.790,-0.300,-0.084,-0.300,-498.863,-499.728,-498.863
14.683,-0.000,0.567,-0.380,45.002,2.805,21.790,-0.300,-0.084,-0.300,-498.863,-499.728,-498.863
14.688,-0.000,0.567,-0.380,45.002,2.805,21.790,-0.300,-0.084,-0.300,-498.863,-499.728,-498.863
14.692,-0.000,0.567,-0.380,45.002,2.805,21.790,-0.300,-0.084,-0.300,-498.863,-499.728,-498.863
14.696,-0.000,0.567,-0.380,45.002,2.805,21.790,-0.300,-0.084,-0.300,-498.863,-499.728,-498.863
14.700,-0.000,0.567,-0.380,45.002,2.805,21.790,-0.300,-0.084,-0.300,-498.863,-499.728,-498.863
14.704,-0.000,0.567,-0.380,45.002,2.805,21.790,-0.300,-0.084,-0.300,-498.863,-499.728,-498.863
14.708,-0.000,0.567,-0.380,45.002,2.805,21.790,-0.300,-0.084,-0.300,-498.863,-499.728,-498.863
14.713,-0.000,0.567,-0.380,45.002,2.805,21.790,-0.300,-0.084,-0.300,-498.863,-499.728,-498.863
14.717,-0.000,0.567,-0.380,45.002,2.805,21.790,-0.300,-0.084,-0.300,-498.863,-499.728,-498.863
14.721,-0.000,0.567,-0.380,45.002,2.805,21.790,-0.300,-0.084,-0.300,-498.863,-499.728,-498.863
14.725,-0.000,0.567,-0.380,45.002,2.805,21.790,-0.300,-0.084,-0.300,-498.863,-499.728,-498.863
14.729,-0.000,0.567,-0.380,45.002,2.805,21.790,-0.300,-0.084,-0.300,-498.863,-499.728,-498.863
14.733,-0.000,0.567,-0.380,45.002,2.805,21.791,-0.300,-0.084,-0.300,-498.863,-499.728,-498.863
14.737,-0.000,0.567,-0.380,45.002,2.805,21.791,-0.300,-0.084,-0.300,-498.863,-499.728,-498.863
14.742,-0.000,0.567,-0.380,45.002,2.805,21.791,-0.300,-0.084,-0.300,-498.863,-499.728,-498.863
14.746,-0.000,0.567,-0.380,45.002,2.805,21.791,-0.300,-0.084,-0.300,-498.863,-499.728,-498.863
14.750,-0.000,0.567,-0.380,45.002,2.805,21.791,-0.300,-0.084,-0.300,-498.863,-499.728,-498.863
14.754,-0.000,0.567,-0.380,45.002,2.805,21.791,-0.300,-0.084,-0.300,-498.863,-499.728,-498.863
14.758,-0.000,0.567,-0.380,45.002,2.805,21.791,-0.300,-0.084,-0.300,-498.863,-499.728,-498.863
14.762,-0.000,0.567,-0.380,45.002,2.805,21.791,-0.300,-0.084,-0.300,-498.863,-499.728,-498.863
14.767,-0.000,0.567,-0.380,45.002,2.805,21.791,-0.300,-0.084,-0.300,-498.863,-499.728,-498.863
14.771,-0.000,0.567,-0.380,45.002,2.805,21.791,-0.300,-0.084,-0.300,-498.863,-499.728,-498.863
14.775,-0.000,0.567,-0.380,45.002,2.805,21.791,-0.300,-0.084,-0.300,-498.863,-499.728,-498.863
14.779,-0.000,0.567,-0.380,45.002,2.805,21.791,-0.300,-0.084,-0.300,-498.863,-499.728,-498.863
14.783,-0.000,0.567,-0.380,45.002,2.805,21.791,-0.300,-0.084,-0.300,-498.863,-499.728,-498.863
14.787,-0.000,0.567,-0.380,45.002,2.805,21.791,-0.300,-0.084,-0.300,-498.863,-499.728,-498.863
14.792,-0.000,0.567,-0.380,45.002,2.805,21.791,-0.300,-0.084,-0.300,-498.863,-499.728,-498.863
14.796,-0.000,0.567,-0.380,45.002,2.805,21.791,-0.300,-0.084,-0.300,-498.863,-499.728,-498.863
14.800,-0.000,0.567,-0.380,45.002,2.805,21.791,-0.300,-0.084,-0.300,-498.863,-499.728,-498.863
14.804,-0.000,0.567,-0.380,45.002,2.805,21.791,-0.300,-0.084,-0.300,-498.863,-499.728,-498.863
14.808,-0.000,0.567,-0.380,45.002,2.805,21.791,-0.300,-0.084,-0.300,-498.863,-499.728,-498.863
14.812,-0.000,0.567,-0.380,45.002,2.805,21.791,-0.300,-0.084,-0.300,-498.863,-499.728,-498.863
14.817,-0.000,0.567,-0.380,45.002,2.805,21.791,-0.300,-0.084,-0.300,-498.863,-499.728,-498.863
14.821,-0.000,0.567,-0.380,45.002,2.805,21.791,-0.300,-0.084,-0.300,-498.863,-499.728,-498.863
14.825,-0.000,0.567,-0.380,45.002,2.805,21.792,-0.300,-0.084,-0.300,-498.863,-499.728,-498.863
14.829,-0.000,0.567,-0.380,45.002,2.805,21.792,-0.300,-0.084,-0.300,-498.863,-499.728,-498.863
14.833,-0.000,0.567,-0.380,45.002,2.805,21.792,-0.300,-0.084,-0.300,-498.863,-499.728,-498.863
14.838,-0.000,0.567,-0.380,45.002,2.805,21.792,-0.300,-0.084,-0.300,-498.863,-499.728,-498.863
14.842,-0.000,0.567,-0.380,45.002,2.805,21.792,-0.300,-0.084,-0.300,-498.863,-499.728,-498.863
14.846,-0.000,0.567,-0.380,45.002,2.805,21.792,-0.300,-0.084,-0.300,-498.863,-499.728,-498.863
14.850,-0.000,0.567,-0.380,45.002,2.805,21.792,-0.300,-0.084,-0.300,-498.863,-499.728,-498.863
14.854,-0.000,0.567,-0.380,45.002,2.805,21.792,-0.300,-0.084,-0.300,-498.863,-499.728,-498.863
14.858,-0.000,0.567,-0.380,45.002,2.805,21.792,-0.300,-0.084,-0.300,-498.863,-499.728,-498.863
14.862,-0.000,0.567,-0.380,45.002,2.805,21.792,-0.300,-0.084,-0.300,-498.863,-499.728,-498.863
14.867,-0.000,0.567,-0.380,45.002,2.805,21.792,-0.300,-0.084,-0.300,-498.863,-499.728,-498.863
14.871,-0.000,0.567,-0.380,45.002,2.805,21.792,-0.300,-0.084,-0.300,-498.863,-499.728,-498.863
14.875,-0.000,0.567,-0.380,45.002,2.805,21.792,-0.300,-0.084,-0.300,-498.863,-499.728,-498.863
14.879,-0.000,0.567,-0.380,45.002,2.805,21.792,-0.300,-0.084,-0.300,-498.863,-499.728,-498.863
14.883,-0.000,0.567,-0.380,45.002,2.805,21.792,-0.300,-0.084,-0.300,-498.863,-499.728,-498.863
14.887,-0.000,0.567,-0.380,45.002,2.805,21.792,-0.300,-0.084,-0.300,-498.863,-499.728,-498.863
14.892,-0.000,0.567,-0.380,45.002,2.805,21.792,-0.300,-0.084,-0.300,-498.863,-499.728,-498.863
14.896,-0.000,0.567,-0.380,45.002,2.805,21.792,-0.300,-0.084,-0.300,-498.863,-499.728,-498.863
14.900,-0.000,0.567,-0.380,45.002,2.805,21.792,-0.300,-0.084,-0.300,-498.863,-499.728,-498.863
14.904,-0.000,0.567,-0.380,45.002,2.805,21.792,-0.300,-0.084,-0.300,-498.863,-499.728,-498.863
14.908,-0.000,0.567,-0.380,45.002,2.805,21.792,-0.300,-0.084,-0.300,-498.863,-499.728,-498.863
14.912,-0.000,0.567,-0.380,45.002,2.805,21.792,-0.300,-0.084,-0.300,-498.863,-499.728,-498.863
14.917,-0.000,0.567,-0.380,45.002,2.805,21.792,-0.300,-0.084,-0.300,-498.863,-499.728,-498.863
14.921,-0.000,0.567,-0.380,45.002,2.805,21.793,-0.300,-0.084,-0.300,-498.863,-499.728,-498.863
14.925,-0.000,0.567,-0.380,45.002,2.805,21.793,-0.300,-0.084,-0.300,-498.863,-499.728,-498.863
14.929,-0.000,0.567,-0.380,45.002,2.805,21.793,-0.300,-0.084,-0.300,-498.863,-499.728,-498.863
14.933,-0.000,0.567,-0.380,45.002,2.805,21.793,-0.300,-0.084,-0.300,-498.863,-499.728,-498.863
14.938,-0.000,0.567,-0.380,45.002,2.805,21.793,-0.300,-0.084,-0.300,-498.863,-499.728,-498.863
14.942,-0.000,0.567,-0.380,45.002,2.805,21.793,-0.300,-0.084,-0.300,-498.863,-499.728,-498.863
14.946,-0.000,0.567,-0.380,45.002,2.805,21.793,-0.300,-0.084,-0.300,-498.863,-499.728,-498.863
14.950,-0.000,0.567,-0.380,45.002,2.805,21.793,-0.300,-0.084,-0.300,-498.863,-499.728,-498.863
14.954,-0.000,0.567,-0.380,45.002,2.805,21.793,-0.300,-0.084,-0.300,-498.863,-499.728,-498.863
14.958,-0.000,0.567,-0.380,45.002,2.805,21.793,-0.300,-0.084,-0.300,-498.863,-499.728,-498.863
14.963,-0.000,0.567,-0.380,45.002,2.805,21.793,-0.300,-0.084,-0.300,-498.863,-499.728,-498.863
14.967,-0.000,0.567,-0.380,45.002,2.805,21.793,-0.300,-0.084,-0.300,-498.863,-499.728,-498.863
14.971,-0.000,0.567,-0.380,45.002,2.805,21.793,-0.300,-0.084,-0.300,-498.863,-499.728,-498.863
14.975,-0.000,0.567,-0.380,45.002,2.805,21.793,-0.300,-0.084,-0.300,-498.863,-499.728,-498.863
14.979,-0.000,0.567,-0.380,45.002,2.805,21.793,-0.300,-0.084,-0.300,-498.863,-499.728,-498.863
14.983,-0.000,0.567,-0.380,45.002,2.805,21.793,-0.300,-0.084,-0.300,-498.863,-499.728,-498.863
14.987,-0.000,0.567,-0.380,45.002,2.805,21.793,-0.300,-0.084,-0.300,-498.863,-499.728,-498.863
14.992,-0.000,0.567,-0.380,45.002,2.805,21.793,-0.300,-0.084,-0.300,-498.863,-499.728,-498.863
14.996,-0.000,0.567,-0.380,45.002,2.805,21.793,-0.300,-0.084,-0.300,-498.863,-499.728,-498.863
15.000,-0.000,0.567,-0.380,45.002,2.805,21.793,-0.300,-0.084,-0.300,-498.863,-499.728,-498.863
15.004,-0.000,0.567,-0.380,45.002,2.805,21.793,-0.300,-0.084,-0.300,-498.863,-499.728,-498.863
15.008,-0.000,0.567,-0.380,45.002,2.805,21.793,-0.300,-0.084,-0.300,-498.863,-499.728,-498.863
15.012,-0.000,0.567,-0.380,45.002,2.805,21.794,-0.300,-0.084,-0.300,-498.863,-499.728,-498.863
15.017,-0.000,0.567,-0.380,45.002,2.805,21.794,-0.300,-0.084,-0.300,-498.863,-499.728,-498.863
15.021,-0.000,0.567,-0.380,45.002,2.805,21.794,-0.300,-0.084,-0.300,-498.863,-499.728,-498.863
15.025,-0.000,0.567,-0.380,45.002,2.805,21.794,-0.300,-0.084,-0.300,-498.863,-499.728,-498.863
15.029,-0.000,0.567,-0.380,45.002,2.805,21.794,-0.300,-0.084,-0.300,-498.863,-499.728,-498.863
15.033,-0.000,0.567,-0.380,45.002,2.805,21.794,-0.300,-0.084,-0.300,-498.863,-499.728,-498.863
15.037,-0.000,0.567,-0.380,45.002,2.805,21.794,-0.300,-0.084,-0.300,-498.863,-499.728,-498.863
15.042,-0.000,0.567,-0.380,45.002,2.805,21.794,-0.300,-0.084,-0.300,-498.863,-499.728,-498.863
15.046,-0.000,0.567,-0.380,45.002,2.805,21.794,-0.300,-0.084,-0.300,-498.863,-499.728,-498.863
15.050,-0.000,0.567,-0.380,45.002,2.805,21.794,-0.300,-0.084,-0.300,-498.863,-499.728,-498.863
15.054,-0.000,0.567,-0.380,45.002,2.805,21.794,-0.300,-0.084,-0.300,-498.863,-499.728,-498.863
15.058,-0.000,0.567,-0.380,45.002,2.805,21.794,-0.300,-0.084,-0.300,-498.863,-499.728,-498.863
15.062,-0.000,0.567,-0.380,45.002,2.805,21.794,-0.300,-0.084,-0.300,-498.863,-499.728,-498.863
15.067,-0.000,0.567,-0.380,45.002,2.805,21.794,-0.300,-0.084,-0.300,-498.863,-499.728,-498.863
15.071,-0.000,0.567,-0.380,45.002,2.805,21.794,-0.300,-0.084,-0.300,-498.863,-499.728,-498.863
15.075,-0.000,0.567,-0.380,45.002,2.805,21.794,-0.300,-0.084,-0.300,-498.863,-499.728,-498.863
15.079,-0.000,0.567,-0.380,45.002,2.805,21.794,-0.300,-0.084,-0.300,-498.863,-499.728,-498.863
15.083,-0.000,0.567,-0.380,45.002,2.805,21.794,-0.300,-0.084,-0.300,-498.863,-499.728,-498.863
15.088,-0.000,0.567,-0.380,45.002,2.805,21.794,-0.300,-0.084,-0.300,-498.863,-499.728,-498.863
15.092,-0.000,0.567,-0.380,45.002,2.805,21.794,-0.300,-0.084,-0.300,-498.863,-499.728,-498.863
15.096,-0.000,0.567,-0.380,45.002,2.805,21.794,-0.300,-0.084,-0.300,-498.863,-499.728,-498.863
15.100,-0.000,0.567,-0.380,45.002,2.805,21.794,-0.300,-0.084,-0.300,-498.863,-499.728,-498.863
15.104,-0.000,0.567,-0.380,45.002,2.805,21.794,-0.300,-0.084,-0.300,-498.863,-499.728,-498.863
15.108,-0.000,0.567,-0.380,45.002,2.805,21.795,-0.300,-0.084,-0.300,-498.863,-499.728,-498.863
15.112,-0.000,0.567,-0.380,45.002,2.805,21.795,-0.300,-0.084,-0.300,-498.863,-499.728,-498.863
15.117,-0.000,0.567,-0.380,45.002,2.805,21.795,-0.300,-0.084,-0.300,-498.863,-499.728,-498.863
15.121,-0.000,0.567,-0.380,45.002,2.805,21.795,-0.300,-0.084,-0.300,-498.863,-499.728,-498.863
15.125,-0.000,0.567,-0.380,45.002,2.805,21.795,-0.300,-0.084,-0.300,-498.863,-499.728,-498.863
15.129,-0.000,0.567,-0.380,45.002,2.805,21.795,-0.300,-0.084,-0.300,-498.863,-499.728,-498.863
15.133,-0.000,0.567,-0.380,45.002,2.805,21.795,-0.300,-0.084,-0.300,-498.863,-499.728,-498.863
15.137,-0.000,0.567,-0.380,45.002,2.805,21.795,-0.300,-0.084,-0.300,-498.863,-499.728,-498.863
15.142,-0.000,0.567,-0.380,45.002,2.805,21.795,-0.300,-0.084,-0.300,-498.863,-499.728,-498.863
15.146,-0.000,0.567,-0.380,45.002,2.805,21.795,-0.300,-0.084,-0.300,-498.863,-499.728,-498.863
15.150,-0.000,0.567,-0.380,45.002,2.805,21.795,-0.300,-0.084,-0.300,-498.863,-499.728,-498.863
15.154,-0.000,0.567,-0.380,45.002,2.805,21.795,-0.300,-0.084,-0.300,-498.863,-499.728,-498.863
15.158,-0.000,0.567,-0.380,45.002,2.805,21.795,-0.300,-0.084,-0.300,-498.863,-499.728,-498.863
15.162,-0.000,0.567,-0.380,45.002,2.805,21.795,-0.300,-0.084,-0.300,-498.863,-499.728,-498.863
15.167,-0.000,0.567,-0.380,45.002,2.805,21.795,-0.300,-0.084,-0.300,-498.863,-499.728,-498.863
15.171,-0.000,0.567,-0.380,45.002,2.805,21.795,-0.300,-0.084,-0.300,-498.863,-499.728,-498.863
15.175,-0.000,0.567,-0.380,45.002,2.805,21.795,-0.300,-0.084,-0.300,-498.863,-499.728,-498.863
15.179,-0.000,0.567,-0.380,45.002,2.805,21.795,-0.300,-0.084,-0.300,-498.863,-499.728,-498.863
15.183,-0.000,0.567,-0.380,45.002,2.805,21.795,-0.300,-0.084,-0.300,-498.863,-499.728,-498.863
15.188,-0.000,0.567,-0.380,45.002,2.805,21.795,-0.300,-0.084,-0.300,-498.863,-499.728,-498.863
15.192,-0.000,0.567,-0.380,45.002,2.805,21.795,-0.300,-0.084,-0.300,-498.863,-499.728,-498.863
15.196,-0.000,0.567,-0.380,45.002,2.805,21.795,-0.300,-0.084,-0.300,-498.863,-499.728,-498.863
15.200,-0.000,0.567,-0.380,45.002,2.805,21.795,-0.300,-0.084,-0.300,-498.863,-499.728,-498.863
15.204,-0.000,0.567,-0.380,45.002,2.805,21.796,-0.300,-0.084,-0.300,-498.863,-499.728,-498.863
15.208,-0.000,0.567,-0.380,45.002,2.805,21.796,-0.300,-0.084,-0.300,-498.863,-499.728,-498.863
15.213,-0.000,0.567,-0.380,45.002,2.805,21.796,-0.300,-0.084,-0.300,-498.863,-499.728,-498.863
15.217,-0.000,0.567,-0.380,45.002,2.805,21.796,-0.300,-0.084,-0.300,-498.863,-499.728,-498.863
15.221,-0.000,0.567,-0.380,45.002,2.805,21.796,-0.300,-0.084,-0.300,-498.863,-499.728,-498.863
15.225,-0.000,0.567,-0.380,45.002,2.805,21.796,-0.300,-0.084,-0.300,-498.863,-499.728,-498.863
15.229,-0.000,0.567,-0.380,45.002,2.805,21.796,-0.300,-0.084,-0.300,-498.863,-499.728,-498.863
15.233,-0.000,0.567,-0.380,45.002,2.805,21.796,-0.300,-0.084,-0.300,-498.863,-499.728,-498.863
15.237,-0.000,0.567,-0.380,45.002,2.805,21.796,-0.300,-0.084,-0.300,-498.863,-499.728,-498.863
15.242,-0.000,0.567,-0.380,45.002,2.805,21.796,-0.300,-0.084,-0.300,-498.863,-499.728,-498.863
15.246,-0.000,0.567,-0.380,45.002,2.805,21.796,-0.300,-0.084,-0.300,-498.863,-499.728,-498.863
15.250,-0.000,0.567,-0.380,45.002,2.805,21.796,-0.300,-0.084,-0.300,-498.863,-499.728,-498.863
15.254,-0.000,0.567,-0.380,45.002,2.805,21.796,-0.300,-0.084,-0.300,-498.863,-499.728,-498.863
15.258,-0.000,0.567,-0.380,45.002,2.805,21.796,-0.300,-0.084,-0.300,-498.863,-499.728,-498.863
15.262,-0.000,0.567,-0.380,45.002,2.805,21.796,-0.300,-0.084,-0.300,-498.863,-499.728,-498.863
15.267,-0.000,0.567,-0.380,45.002,2.805,21.796,-0.300,-0.084,-0.300,-498.863,-499.728,-498.863
15.271,-0.000,0.567,-0.380,45.002,2.805,21.796,-0.300,-0.084,-0.300,-498.863,-499.728,-498.863
15.275,-0.000,0.567,-0.380,45.002,2.805,21.796,-0.300,-0.084,-0.300,-498.863,-499.728,-498.863
15.279,-0.000,0.567,-0.380,45.002,2.805,21.796,-0.300,-0.084,-0.300,-498.863,-499.728,-498.863
15.283,-0.000,0.567,-0.380,45.002,2.805,21.796,-0.300,-0.084,-0.300,-498.863,-499.728,-498.863
15.287,-0.000,0.567,-0.380,45.002,2.805,21.796,-0.300,-0.084,-0.300,-498.863,-499.728,-498.863
15.292,-0.000,0.567,-0.380,45.002,2.805,21.796,-0.300,-0.084,-0.300,-498.863,-499.728,-498.863
15.296,-0.000,0.567,-0.380,45.002,2.805,21.797,-0.300,-0.084,-0.300,-498.863,-499.728,-498.863
15.300,-0.000,0.567,-0.380,45.002,2.805,21.797,-0.300,-0.084,-0.300,-498.863,-499.728,-498.863
15.304,-0.000,0.567,-0.380,45.002,2.805,21.797,-0.300,-0.084,-0.300,-498.863,-499.728,-498.863
15.308,-0.000,0.567,-0.380,45.002,2.805,21.797,-0.300,-0.084,-0.300,-498.863,-499.728,-498.863
15.312,-0.000,0.567,-0.380,45.002,2.805,21.797,-0.300,-0.084,-0.300,-498.863,-499.728,-498.863
15.317,-0.000,0.567,-0.380,45.002,2.805,21.797,-0.300,-0.084,-0.300,-498.863,-499.728,-498.863
15.321,-0.000,0.567,-0.380,45.002,2.805,21.797,-0.300,-0.084,-0.300,-498.863,-499.728,-498.863
15.325,-0.000,0.567,-0.380,45.002,2.805,21.797,-0.300,-0.084,-0.300,-498.863,-499.728,-498.863
15.329,-0.000,0.567,-0.380,45.002,2.805,21.797,-0.300,-0.084,-0.300,-498.863,-499.728,-498.863
15.333,-0.000,0.567,-0.380,45.002,2.805,21.797,-0.300,-0.084,-0.300,-498.863,-499.728,-498.863
15.338,-0.000,0.567,-0.380,45.002,2.805,21.797,-0.300,-0.084,-0.300,-498.863,-499.728,-498.863
15.342,-0.000,0.567,-0.380,45.002,2.805,21.797,-0.300,-0.084,-0.300,-498.863,-499.728,-498.863
15.346,-0.000,0.567,-0.380,45.002,2.805,21.797,-0.300,-0.084,-0.300,-498.863,-499.728,-498.863
15.350,-0.000,0.567,-0.380,45.002,2.805,21.797,-0.300,-0.084,-0.300,-498.863,-499.728,-498.863
15.354,-0.000,0.567,-0.380,45.002,2.805,21.797,-0.300,-0.084,-0.300,-498.863,-499.728,-498.863
15.358,-0.000,0.567,-0.380,45.002,2.805,21.797,-0.300,-0.084,-0.300,-498.863,-499.728,-498.863
15.362,-0.000,0.567,-0.380,45.002,2.805,21.797,-0.300,-0.084,-0.300,-498.863,-499.728,-498.863
15.367,-0.000,0.567,-0.380,45.002,2.805,21.797,-0.300,-0.084,-0.300,-498.863,-499.728,-498.863
15.371,-0.000,0.567,-0.380,45.002,2.805,21.797,-0.300,-0.084,-0.300,-498.863,-499.728,-498.863
15.375,-0.000,0.567,-0.380,45.002,2.805,21.797,-0.300,-0.084,-0.300,-498.863,-499.728,-498.863
15.379,-0.000,0.567,-0.380,45.002,2.805,21.797,-0.300,-0.084,-0.300,-498.863,-499.728,-498.863
15.383,-0.000,0.567,-0.380,45.002,2.805,21.797,-0.300,-0.084,-0.300,-498.863,-499.728,-498.863
15.387,-0.000,0.567,-0.380,45.002,2.805,21.797,-0.300,-0.084,-0.300,-498.863,-499.728,-498.863
15.392,-0.000,0.567,-0.380,45.002,2.805,21.798,-0.300,-0.084,-0.300,-498.863,-499.728,-498.863
15.396,-0.000,0.567,-0.380,45.002,2.805,21.798,-0.300,-0.084,-0.300,-498.863,-499.728,-498.863
15.400,-0.000,0.567,-0.380,45.002,2.805,21.798,-0.300,-0.084,-0.300,-498.863,-499.728,-498.863
15.404,-0.000,0.567,-0.380,45.002,2.805,21.798,-0.300,-0.084,-0.300,-498.863,-499.728,-498.863
15.408,-0.000,0.567,-0.380,45.002,2.805,21.798,-0.300,-0.084,-0.300,-498.863,-499.728,-498.863
15.412,-0.000,0.567,-0.380,45.002,2.805,21.798,-0.300,-0.084,-0.300,-498.863,-499.728,-498.863
15.417,-0.000,0.567,-0.380,45.002,2.805,21.798,-0.300,-0.084,-0.300,-498.863,-499.728,-498.863
15.421,-0.000,0.567,-0.380,45.002,2.805,21.798,-0.300,-0.084,-0.300,-498.863,-499.728,-498.863
15.425,-0.000,0.567,-0.380,45.002,2.805,21.798,-0.300,-0.084,-0.300,-498.863,-499.728,-498.863
15.429,-0.000,0.567,-0.380,45.002,2.805,21.798,-0.300,-0.084,-0.300,-498.863,-499.728,-498.863
15.433,-0.000,0.567,-0.380,45.002,2.805,21.798,-0.300,-0.084,-0.300,-498.863,-499.728,-498.863
15.438,-0.000,0.567,-0.380,45.002,2.805,21.798,-0.300,-0.084,-0.300,-498.863,-499.728,-498.863
15.442,-0.000,0.567,-0.380,45.002,2.805,21.798,-0.300,-0.084,-0.300,-498.863,-499.728,-498.863
15.446,-0.000,0.567,-0.380,45.002,2.805,21.798,-0.300,-0.084,-0.300,-498.863,-499.728,-498.863
15.450,-0.000,0.567,-0.380,45.002,2.805,21.798,-0.300,-0.084,-0.300,-498.863,-499.728,-498.863
15.454,-0.000,0.567,-0.380,45.002,2.805,21.798,-0.300,-0.084,-0.300,-498.863,-499.728,-498.863
15.458,-0.000,0.567,-0.380,45.002,2.805,21.798,-0.300,-0.084,-0.300,-498.863,-499.728,-498.863
15.463,-0.000,0.567,-0.380,45.002,2.805,21.798,-0.300,-0.084,-0.300,-498.863,-499.728,-498.863
15.467,-0.000,0.567,-0.380,45.002,2.805,21.798,-0.300,-0.084,-0.300,-498.863,-499.728,-498.863
15.471,-0.000,0.567,-0.380,45.002,2.805,21.798,-0.300,-0.084,-0.300,-498.863,-499.728,-498.863
15.475,-0.000,0.567,-0.380,45.002,2.805,21.798,-0.300,-0.084,-0.300,-498.863,-499.728,-498.863
15.479,-0.000,0.567,-0.380,45.002,2.805,21.798,-0.300,-0.084,-0.300,-498.863,-499.728,-498.863
15.483,-0.000,0.567,-0.380,45.002,2.805,21.798,-0.300,-0.084,-0.300,-498.863,-499.728,-498.863
15.487,-0.000,0.567,-0.380,45.002,2.805,21.799,-0.300,-0.084,-0.300,-498.863,-499.728,-498.863
15.492,-0.000,0.567,-0.380,45.002,2.805,21.799,-0.300,-0.084,-0.300,-498.863,-499.728,-498.863
15.496,-0.000,0.567,-0.380,45.002,2.805,21.799,-0.300,-0.084,-0.300,-498.863,-499.728,-498.863
15.500,-0.000,0.567,-0.380,45.002,2.805,21.799,-0.300,-0.084,-0.300,-498.863,-499.728,-498.863
15.504,-0.000,0.567,-0.380,45.002,2.805,21.799,-0.300,-0.084,-0.300,-498.863,-499.728,-498.863
15.508,-0.000,0.567,-0.380,45.002,2.805,21.799,-0.300,-0.084,-0.300,-498.863,-499.728,-498.863
15.512,-0.000,0.567,-0.380,45.002,2.805,21.799,-0.300,-0.084,-0.300,-498.863,-499.728,-498.863
15.517,-0.000,0.567,-0.380,45.002,2.805,21.799,-0.300,-0.084,-0.300,-498.863,-499.728,-498.863
15.521,-0.000,0.567,-0.380,45.002,2.805,21.799,-0.300,-0.084,-0.300,-498.863,-499.728,-498.863
15.525,-0.000,0.567,-0.380,45.002,2.805,21.799,-0.300,-0.084,-0.300,-498.863,-499.728,-498.863
15.529,-0.000,0.567,-0.380,45.002,2.805,21.799,-0.300,-0.084,-0.300,-498.863,-499.728,-498.863
15.533,-0.000,0.567,-0.380,45.002,2.805,21.799,-0.300,-0.084,-0.300,-498.863,-499.728,-498.863
15.537,-0.000,0.567,-0.380,45.002,2.805,21.799,-0.300,-0.084,-0.300,-498.863,-499.728,-498.863
15.542,-0.000,0.567,-0.380,45.002,2.805,21.799,-0.300,-0.084,-0.300,-498.863,-499.728,-498.863
15.546,-0.000,0.567,-0.380,45.002,2.805,21.799,-0.300,-0.084,-0.300,-498.863,-499.728,-498.863
15.550,-0.000,0.567,-0.380,45.002,2.805,21.799,-0.300,-0.084,-0.300,-498.863,-499.728,-498.863
15.554,-0.000,0.567,-0.380,45.002,2.805,21.799,-0.300,-0.084,-0.300,-498.863,-499.728,-498.863
15.558,-0.000,0.567,-0.380,45.002,2.805,21.799,-0.300,-0.084,-0.300,-498.863,-499.728,-498.863
15.562,-0.000,0.567,-0.380,45.002,2.805,21.799,-0.300,-0.084,-0.300,-498.863,-499.728,-498.863
15.567,-0.000,0.567,-0.380,45.002,2.805,21.799,-0.300,-0.084,-0.300,-498.863,-499.728,-498.863
15.571,-0.000,0.567,-0.380,45.002,2.805,21.799,-0.300,-0.084,-0.300,-498.863,-499.728,-498.863
15.575,-0.000,0.567,-0.380,45.002,2.805,21.799,-0.300,-0.084,-0.300,-498.863,-499.728,-498.863
15.579,-0.000,0.567,-0.380,45.002,2.805,21.800,-0.300,-0.084,-0.300,-498.863,-499.728,-498.863
15.583,-0.000,0.567,-0.380,45.002,2.805,21.800,-0.300,-0.084,-0.300,-498.863,-499.728,-498.863
15.588,-0.000,0.567,-0.380,45.002,2.805,21.800,-0.300,-0.084,-0.300,-498.863,-499.728,-498.863
15.592,-0.000,0.567,-0.380,45.002,2.805,21.800,-0.300,-0.084,-0.300,-498.863,-499.728,-498.863
15.596,-0.000,0.567,-0.380,45.002,2.805,21.800,-0.300,-0.084,-0.300,-498.863,-499.728,-498.863
15.600,-0.000,0.567,-0.380,45.002,2.805,21.800,-0.300,-0.084,-0.300,-498.863,-499.728,-498.863
15.604,-0.000,0.567,-0.380,45.002,2.805,21.800,-0.300,-0.084,-0.300,-498.863,-499.728,-498.863
15.608,-0.000,0.567,-0.380,45.002,2.805,21.800,-0.300,-0.084,-0.300,-498.863,-499.728,-498.863
15.612,-0.000,0.567,-0.380,45.002,2.805,21.800,-0.300,-0.084,-0.300,-498.863,-499.728,-498.863
15.617,-0.000,0.567,-0.380,45.002,2.805,21.800,-0.300,-0.084,-0.300,-498.863,-499.728,-498.863
15.621,-0.000,0.567,-0.380,45.002,2.805,21.800,-0.300,-0.084,-0.300,-498.863,-499.728,-498.863
15.625,-0.000,0.567,-0.380,45.002,2.805,21.800,-0.300,-0.084,-0.300,-498.863,-499.728,-498.863
15.629,-0.000,0.567,-0.380,45.002,2.805,21.800,-0.300,-0.084,-0.300,-498.863,-499.728,-498.863
15.633,-0.000,0.567,-0.380,45.002,2.805,21.800,-0.300,-0.084,-0.300,-498.863,-499.728,-498.863
15.637,-0.000,0.567,-0.380,45.002,2.805,21.800,-0.300,-0.084,-0.300,-498.863,-499.728,-498.863
15.642,-0.000,0.567,-0.380,45.002,2.805,21.800,-0.300,-0.084,-0.300,-498.863,-499.728,-498.863
15.646,-0.000,0.567,-0.380,45.002,2.805,21.800,-0.300,-0.084,-0.300,-498.863,-499.728,-498.863
15.650,-0.000,0.567,-0.380,45.002,2.805,21.800,-0.300,-0.084,-0.300,-498.863,-499.728,-498.863
15.654,-0.000,0.567,-0.380,45.002,2.805,21.800,-0.300,-0.084,-0.300,-498.863,-499.728,-498.863
15.658,-0.000,0.567,-0.380,45.002,2.805,21.800,-0.300,-0.084,-0.300,-498.863,-499.728,-498.863
15.662,-0.000,0.567,-0.380,45.002,2.805,21.800,-0.300,-0.084,-0.300,-498.863,-499.728,-498.863
15.667,-0.000,0.567,-0.380,45.002,2.805,21.800,-0.300,-0.084,-0.300,-498.863,-499.728,-498.863
15.671,-0.000,0.567,-0.380,45.002,2.805,21.800,-0.300,-0.084,-0.300,-498.863,-499.728,-498.863
15.675,-0.000,0.567,-0.380,45.002,2.805,21.801,-0.300,-0.084,-0.300,-498.863,-499.728,-498.863
15.679,-0.000,0.567,-0.380,45.002,2.805,21.801,-0.300,-0.084,-0.300,-498.863,-499.728,-498.863
15.683,-0.000,0.567,-0.380,45.002,2.805,21.801,-0.300,-0.084,-0.300,-498.863,-499.728,-498.863
15.688,-0.000,0.567,-0.380,45.002,2.805,21.801,-0.300,-0.084,-0.300,-498.863,-499.728,-498.863
15.692,-0.000,0.567,-0.380,45.002,2.805,21.801,-0.300,-0.084,-0.300,-498.863,-499.728,-498.863
15.696,-0.000,0.567,-0.380,45.002,2.805,21.801,-0.300,-0.084,-0.300,-498.863,-499.728,-498.863
15.700,-0.000,0.567,-0.380,45.002,2.805,21.801,-0.300,-0.084,-0.300,-498.863,-499.728,-498.863
15.704,-0.000,0.567,-0.380,45.002,2.805,21.801,-0.300,-0.084,-0.300,-498.863,-499.728,-498.863
15.708,-0.000,0.567,-0.380,45.002,2.805,21.801,-0.300,-0.084,-0.300,-498.863,-499.728,-498.863
15.713,-0.000,0.567,-0.380,45.002,2.805,21.801,-0.300,-0.084,-0.300,-498.863,-499.728,-498.863
15.717,-0.000,0.567,-0.380,45.002,2.805,21.801,-0.300,-0.084,-0.300,-498.863,-499.728,-498.863
15.721,-0.000,0.567,-0.380,45.002,2.805,21.801,-0.300,-0.084,-0.300,-498.863,-499.728,-498.863
15.725,-0.000,0.567,-0.381,45.002,2.805,21.801,-0.300,-0.084,-0.300,-498.863,-499.728,-498.863
15.729,-0.000,0.567,-0.381,45.002,2.805,21.801,-0.300,-0.084,-0.300,-498.863,-499.728,-498.863
15.733,-0.000,0.567,-0.381,45.002,2.805,21.801,-0.300,-0.084,-0.300,-498.863,-499.728,-498.863
15.737,-0.000,0.567,-0.381,45.002,2.805,21.801,-0.300,-0.084,-0.300,-498.863,-499.728,-498.863
15.742,-0.000,0.567,-0.381,45.002,2.805,21.801,-0.300,-0.084,-0.300,-498.863,-499.728,-498.863
15.746,-0.000,0.567,-0.381,45.002,2.805,21.801,-0.300,-0.084,-0.300,-498.863,-499.728,-498.863
15.750,-0.000,0.567,-0.381,45.002,2.805,21.801,-0.300,-0.084,-0.300,-498.863,-499.728,-498.863
15.754,-0.000,0.567,-0.381,45.002,2.805,21.801,-0.300,-0.084,-0.300,-498.863,-499.728,-498.863
15.758,-0.000,0.567,-0.381,45.002,2.805,21.801,-0.300,-0.084,-0.300,-498.863,-499.728,-498.863
15.762,-0.000,0.567,-0.381,45.002,2.805,21.801,-0.300,-0.084,-0.300,-498.863,-499.728,-498.863
15.767,-0.000,0.567,-0.381,45.002,2.805,21.802,-0.300,-0.084,-0.300,-498.863,-499.728,-498.863
15.771,-0.000,0.567,-0.381,45.002,2.805,21.802,-0.300,-0.084,-0.300,-498.863,-499.728,-498.863
15.775,-0.000,0.567,-0.381,45.002,2.805,21.802,-0.300,-0.084,-0.300,-498.863,-499.728,-498.863
15.779,-0.000,0.567,-0.381,45.002,2.805,21.802,-0.300,-0.084,-0.300,-498.863,-499.728,-498.863
15.783,-0.000,0.567,-0.381,45.002,2.805,21.802,-0.300,-0.084,-0.300,-498.863,-499.728,-498.863
15.787,-0.000,0.567,-0.381,45.002,2.805,21.802,-0.300,-0.084,-0.300,-498.863,-499.728,-498.863
15.792,-0.000,0.567,-0.381,45.002,2.805,21.802,-0.300,-0.084,-0.300,-498.863,-499.728,-498.863
15.796,-0.000,0.567,-0.381,45.002,2.805,21.802,-0.300,-0.084,-0.300,-498.863,-499.728,-498.863
15.800,-0.000,0.567,-0.381,45.002,2.805,21.802,-0.300,-0.084,-0.300,-498.863,-499.728,-498.863
15.804,-0.000,0.567,-0.381,45.002,2.805,21.802,-0.300,-0.084,-0.300,-498.863,-499.728,-498.863
15.808,-0.000,0.567,-0.381,45.002,2.805,21.802,-0.300,-0.084,-0.300,-498.863,-499.728,-498.863
15.812,-0.000,0.567,-0.381,45.002,2.805,21.802,-0.300,-0.084,-0.300,-498.863,-499.728,-498.863
15.817,-0.000,0.567,-0.381,45.002,2.805,21.802,-0.300,-0.084,-0.300,-498.863,-499.728,-498.863
15.821,-0.000,0.567,-0.381,45.002,2.805,21.802,-0.300,-0.084,-0.300,-498.863,-499.728,-498.863
15.825,-0.000,0.567,-0.381,45.002,2.805,21.802,-0.300,-0.084,-0.300,-498.863,-499.728,-498.863
15.829,-0.000,0.567,-0.381,45.002,2.805,21.802,-0.300,-0.084,-0.300,-498.863,-499.728,-498.863
15.833,-0.000,0.567,-0.381,45.002,2.805,21.802,-0.300,-0.084,-0.300,-498.863,-499.728,-498.863
15.838,-0.000,0.567,-0.381,45.002,2.805,21.802,-0.300,-0.084,-0.300,-498.863,-499.728,-498.863
15.842,-0.000,0.567,-0.381,45.002,2.805,21.802,-0.300,-0.084,-0.300,-498.863,-499.728,-498.863
15.846,-0.000,0.567,-0.381,45.002,2.805,21.802,-0.300,-0.084,-0.300,-498.863,-499.728,-498.863
15.850,-0.000,0.567,-0.381,45.002,2.805,21.802,-0.300,-0.084,-0.300,-498.863,-499.728,-498.863
15.854,-0.000,0.567,-0.381,45.002,2.805,21.802,-0.300,-0.084,-0.300,-498.863,-499.728,-498.863
15.858,-0.000,0.567,-0.381,45.002,2.805,21.802,-0.300,-0.084,-0.300,-498.863,-499.728,-498.863
15.862,-0.000,0.567,-0.381,45.002,2.805,21.803,-0.300,-0.084,-0.300,-498.863,-499.728,-498.863
15.867,-0.000,0.567,-0.381,45.002,2.805,21.803,-0.300,-0.084,-0.300,-498.863,-499.728,-498.863
15.871,-0.000,0.567,-0.381,45.002,2.805,21.803,-0.300,-0.084,-0.300,-498.863,-499.728,-498.863
15.875,-0.000,0.567,-0.381,45.002,2.805,21.803,-0.300,-0.084,-0.300,-498.863,-499.728,-498.863
15.879,-0.000,0.567,-0.381,45.002,2.805,21.803,-0.300,-0.084,-0.300,-498.863,-499.728,-498.863
15.883,-0.000,0.567,-0.381,45.002,2.805,21.803,-0.300,-0.084,-0.300,-498.863,-499.728,-498.863
15.887,-0.000,0.567,-0.381,45.002,2.805,21.803,-0.300,-0.084,-0.300,-498.863,-499.728,-498.863
15.892,-0.000,0.567,-0.381,45.002,2.805,21.803,-0.300,-0.084,-0.300,-498.863,-499.728,-498.863
15.896,-0.000,0.567,-0.381,45.002,2.805,21.803,-0.300,-0.084,-0.300,-498.863,-499.728,-498.863
15.900,-0.000,0.567,-0.381,45.002,2.805,21.803,-0.300,-0.084,-0.300,-498.863,-499.728,-498.863
15.904,-0.000,0.567,-0.381,45.002,2.805,21.803,-0.300,-0.084,-0.300,-498.863,-499.728,-498.863
15.908,-0.000,0.567,-0.381,45.002,2.805,21.803,-0.300,-0.084,-0.300,-498.863,-499.728,-498.863
15.912,-0.000,0.567,-0.381,45.002,2.805,21.803,-0.300,-0.084,-0.300,-498.863,-499.728,-498.863
15.917,-0.000,0.567,-0.381,45.002,2.805,21.803,-0.300,-0.084,-0.300,-498.863,-499.728,-498.863
15.921,-0.000,0.567,-0.381,45.002,2.805,21.803,-0.300,-0.084,-0.300,-498.863,-499.728,-498.863
15.925,-0.000,0.567,-0.381,45.002,2.805,21.803,-0.300,-0.084,-0.300,-498.863,-499.728,-498.863
15.929,-0.000,0.567,-0.381,45.002,2.805,21.803,-0.300,-0.084,-0.300,-498.863,-499.728,-498.863
15.933,-0.000,0.567,-0.381,45.002,2.805,21.803,-0.300,-0.084,-0.300,-498.863,-499.728,-498.863
15.938,-0.000,0.567,-0.381,45.002,2.805,21.803,-0.300,-0.084,-0.300,-498.863,-499.728,-498.863
15.942,-0.000,0.567,-0.381,45.002,2.805,21.803,-0.300,-0.084,-0.300,-498.863,-499.728,-498.863
15.946,-0.000,0.567,-0.381,45.002,2.805,21.803,-0.300,-0.084,-0.300,-498.863,-499.728,-498.863
15.950,-0.000,0.567,-0.381,45.002,2.805,21.803,-0.300,-0.084,-0.300,-498.863,-499.728,-498.863
15.954,-0.000,0.567,-0.381,45.002,2.805,21.803,-0.300,-0.084,-0.300,-498.863,-499.728,-498.863
15.958,-0.000,0.567,-0.381,45.002,2.805,21.804,-0.300,-0.084,-0.300,-498.863,-499.728,-498.863
15.963,-0.000,0.567,-0.381,45.002,2.805,21.804,-0.300,-0.084,-0.300,-498.863,-499.728,-498.863
15.967,-0.000,0.567,-0.381,45.002,2.805,21.804,-0.300,-0.084,-0.300,-498.863,-499.728,-498.863
15.971,-0.000,0.567,-0.381,45.002,2.805,21.804,-0.300,-0.084,-0.300,-498.863,-499.728,-498.863
15.975,-0.000,0.567,-0.381,45.002,2.805,21.804,-0.300,-0.084,-0.300,-498.863,-499.728,-498.863
15.979,-0.000,0.567,-0.381,45.002,2.805,21.804,-0.300,-0.084,-0.300,-498.863,-499.728,-498.863
15.983,-0.000,0.567,-0.381,45.002,2.805,21.804,-0.300,-0.084,-0.300,-498.863,-499.728,-498.863
15.987,-0.000,0.567,-0.381,45.002,2.805,21.804,-0.300,-0.084,-0.300,-498.863,-499.728,-498.863
15.992,-0.000,0.567,-0.381,45.002,2.805,21.804,-0.300,-0.084,-0.300,-498.863,-499.728,-498.863
15.996,-0.000,0.567,-0.381,45.002,2.805,21.804,-0.300,-0.084,-0.300,-498.863,-499.728,-498.863
16.000,-0.000,0.567,-0.381,45.002,2.805,21.804,-0.300,-0.084,-0.300,-498.863,-499.728,-498.863
16.004,-0.000,0.567,-0.381,45.002,2.805,21.804,-0.300,-0.084,-0.300,-498.863,-499.728,-498.863
16.008,-0.000,0.567,-0.381,45.002,2.805,21.804,-0.300,-0.084,-0.300,-498.863,-499.728,-498.863
16.012,-0.000,0.567,-0.381,45.002,2.805,21.804,-0.300,-0.084,-0.300,-498.863,-499.728,-498.863
16.017,-0.000,0.567,-0.381,45.002,2.805,21.804,-0.300,-0.084,-0.300,-498.863,-499.728,-498.863
16.021,-0.000,0.567,-0.381,45.002,2.805,21.804,-0.300,-0.084,-0.300,-498.863,-499.728,-498.863
16.025,-0.000,0.567,-0.381,45.002,2.805,21.804,-0.300,-0.084,-0.300,-498.863,-499.728,-498.863
16.029,-0.000,0.567,-0.381,45.002,2.805,21.804,-0.300,-0.084,-0.300,-498.863,-499.728,-498.863
16.033,-0.000,0.567,-0.381,45.002,2.805,21.804,-0.300,-0.084,-0.300,-498.863,-499.728,-498.863
16.038,-0.000,0.567,-0.381,45.002,2.805,21.804,-0.300,-0.084,-0.300,-498.863,-499.728,-498.863
16.042,-0.000,0.567,-0.381,45.002,2.805,21.804,-0.300,-0.084,-0.300,-498.863,-499.728,-498.863
16.046,-0.000,0.567,-0.381,45.002,2.805,21.804,-0.300,-0.084,-0.300,-498.863,-499.728,-498.863
16.050,-0.000,0.567,-0.381,45.002,2.805,21.805,-0.300,-0.084,-0.300,-498.863,-499.728,-498.863
16.054,-0.000,0.567,-0.381,45.002,2.805,21.805,-0.300,-0.084,-0.300,-498.863,-499.728,-498.863
16.058,-0.000,0.567,-0.381,45.002,2.805,21.805,-0.300,-0.084,-0.300,-498.863,-499.728,-498.863
16.062,-0.000,0.567,-0.381,45.002,2.805,21.805,-0.300,-0.084,-0.300,-498.863,-499.728,-498.863
16.067,-0.000,0.567,-0.381,45.002,2.805,21.805,-0.300,-0.084,-0.300,-498.863,-499.728,-498.863
16.071,-0.000,0.567,-0.381,45.002,2.805,21.805,-0.300,-0.084,-0.300,-498.863,-499.728,-498.863
16.075,-0.000,0.567,-0.381,45.002,2.805,21.805,-0.300,-0.084,-0.300,-498.863,-499.728,-498.863
16.079,-0.000,0.567,-0.381,45.002,2.805,21.805,-0.300,-0.084,-0.300,-498.863,-499.728,-498.863
16.083,-0.000,0.567,-0.381,45.002,2.805,21.805,-0.300,-0.084,-0.300,-498.863,-499.728,-498.863
16.087,-0.000,0.567,-0.381,45.002,2.805,21.805,-0.300,-0.084,-0.300,-498.863,-499.728,-498.863
16.092,-0.000,0.567,-0.381,45.002,2.805,21.805,-0.300,-0.084,-0.300,-498.863,-499.728,-498.863
16.096,-0.000,0.567,-0.381,45.002,2.805,21.805,-0.300,-0.084,-0.300,-498.863,-499.728,-498.863
16.100,-0.000,0.567,-0.381,45.002,2.805,21.805,-0.300,-0.084,-0.300,-498.863,-499.728,-498.863
16.104,-0.000,0.567,-0.381,45.002,2.805,21.805,-0.300,-0.084,-0.300,-498.863,-499.728,-498.863
16.108,-0.000,0.567,-0.381,45.002,2.805,21.805,-0.300,-0.084,-0.300,-498.863,-499.728,-498.863
16.113,-0.000,0.567,-0.381,45.002,2.805,21.805,-0.300,-0.084,-0.300,-498.863,-499.728,-498.863
16.117,-0.000,0.567,-0.381,45.002,2.805,21.805,-0.300,-0.084,-0.300,-498.863,-499.728,-498.863
16.121,-0.000,0.567,-0.381,45.002,2.805,21.805,-0.300,-0.084,-0.300,-498.863,-499.728,-498.863
16.125,-0.000,0.567,-0.381,45.002,2.805,21.805,-0.300,-0.084,-0.300,-498.863,-499.728,-498.863
16.129,-0.000,0.567,-0.381,45.002,2.805,21.805,-0.300,-0.084,-0.300,-498.863,-499.728,-498.863
16.133,-0.000,0.567,-0.381,45.002,2.805,21.805,-0.300,-0.084,-0.300,-498.863,-499.728,-498.863
16.137,-0.000,0.567,-0.381,45.002,2.805,21.805,-0.300,-0.084,-0.300,-498.863,-499.728,-498.863
16.142,-0.000,0.567,-0.381,45.002,2.805,21.805,-0.300,-0.084,-0.300,-498.863,-499.728,-498.863
16.146,-0.000,0.567,-0.381,45.002,2.805,21.806,-0.300,-0.084,-0.300,-498.863,-499.728,-498.863
16.150,-0.000,0.567,-0.381,45.002,2.805,21.806,-0.300,-0.084,-0.300,-498.863,-499.728,-498.863
16.154,-0.000,0.567,-0.381,45.002,2.805,21.806,-0.300,-0.084,-0.300,-498.863,-499.728,-498.863
16.158,-0.000,0.567,-0.381,45.002,2.805,21.806,-0.300,-0.084,-0.300,-498.863,-499.728,-498.863
16.163,-0.000,0.567,-0.381,45.002,2.805,21.806,-0.300,-0.084,-0.300,-498.863,-499.728,-498.863
16.167,-0.000,0.567,-0.381,45.002,2.805,21.806,-0.300,-0.084,-0.300,-498.863,-499.728,-498.863
16.171,-0.000,0.567,-0.381,45.002,2.805,21.806,-0.300,-0.084,-0.300,-498.863,-499.728,-498.863
16.175,-0.000,0.567,-0.381,45.002,2.805,21.806,-0.300,-0.084,-0.300,-498.863,-499.728,-498.863
16.179,-0.000,0.567,-0.381,45.002,2.805,21.806,-0.300,-0.084,-0.300,-498.863,-499.728,-498.863
16.183,-0.000,0.567,-0.381,45.002,2.805,21.806,-0.300,-0.084,-0.300,-498.863,-499.728,-498.863
16.188,-0.000,0.567,-0.381,45.002,2.805,21.806,-0.300,-0.084,-0.300,-498.863,-499.728,-498.863
16.192,-0.000,0.567,-0.381,45.002,2.805,21.806,-0.300,-0.084,-0.300,-498.863,-499.728,-498.863
16.196,-0.000,0.567,-0.381,45.002,2.805,21.806,-0.300,-0.084,-0.300,-498.863,-499.728,-498.863
16.200,-0.000,0.567,-0.381,45.002,2.805,21.806,-0.300,-0.084,-0.300,-498.863,-499.728,-498.863
16.204,-0.000,0.567,-0.381,45.002,2.805,21.806,-0.300,-0.084,-0.300,-498.863,-499.728,-498.863
16.208,-0.000,0.567,-0.381,45.002,2.805,21.806,-0.300,-0.084,-0.300,-498.863,-499.728,-498.863
16.212,-0.000,0.567,-0.381,45.002,2.805,21.806,-0.300,-0.084,-0.300,-498.863,-499.728,-498.863
16.217,-0.000,0.567,-0.381,45.002,2.805,21.806,-0.300,-0.084,-0.300,-498.863,-499.728,-498.863
16.221,-0.000,0.567,-0.381,45.002,2.805,21.806,-0.300,-0.084,-0.300,-498.863,-499.728,-498.863
16.225,-0.000,0.567,-0.381,45.002,2.805,21.806,-0.300,-0.084,-0.300,-498.863,-499.728,-498.863
16.229,-0.000,0.567,-0.381,45.002,2.805,21.806,-0.300,-0.084,-0.300,-498.863,-499.728,-498.863
16.233,-0.000,0.567,-0.381,45.002,2.805,21.806,-0.300,-0.084,-0.300,-498.863,-499.728,-498.863
16.238,-0.000,0.567,-0.381,45.002,2.805,21.806,-0.300,-0.084,-0.300,-498.863,-499.728,-498.863
16.242,-0.000,0.567,-0.381,45.002,2.805,21.807,-0.300,-0.084,-0.300,-498.863,-499.728,-498.863
16.246,-0.000,0.567,-0.381,45.002,2.805,21.807,-0.300,-0.084,-0.300,-498.863,-499.728,-498.863
16.250,-0.000,0.567,-0.381,45.002,2.805,21.807,-0.300,-0.084,-0.300,-498.863,-499.728,-498.863
16.254,-0.000,0.567,-0.381,45.002,2.805,21.807,-0.300,-0.084,-0.300,-498.863,-499.728,-498.863
16.258,-0.000,0.567,-0.381,45.002,2.805,21.807,-0.300,-0.084,-0.300,-498.863,-499.728,-498.863
16.262,-0.000,0.567,-0.381,45.002,2.805,21.807,-0.300,-0.084,-0.300,-498.863,-499.728,-498.863
16.267,-0.000,0.567,-0.381,45.002,2.805,21.807,-0.300,-0.084,-0.300,-498.863,-499.728,-498.863
16.271,-0.000,0.567,-0.381,45.002,2.805,21.807,-0.300,-0.084,-0.300,-498.863,-499.728,-498.863
16.275,-0.000,0.567,-0.381,45.002,2.805,21.807,-0.300,-0.084,-0.300,-498.863,-499.728,-498.863
16.279,-0.000,0.567,-0.381,45.002,2.805,21.807,-0.300,-0.084,-0.300,-498.863,-499.728,-498.863
16.283,-0.000,0.567,-0.381,45.002,2.805,21.807,-0.300,-0.084,-0.300,-498.863,-499.728,-498.863
16.288,-0.000,0.567,-0.381,45.002,2.805,21.807,-0.300,-0.084,-0.300,-498.863,-499.728,-498.863
16.292,-0.000,0.567,-0.381,45.002,2.805,21.807,-0.300,-0.084,-0.300,-498.863,-499.728,-498.863
16.296,-0.000,0.567,-0.381,45.002,2.805,21.807,-0.300,-0.084,-0.300,-498.863,-499.728,-498.863
16.300,-0.000,0.567,-0.381,45.002,2.805,21.807,-0.300,-0.084,-0.300,-498.863,-499.728,-498.863
16.304,-0.000,0.567,-0.381,45.002,2.805,21.807,-0.300,-0.084,-0.300,-498.863,-499.728,-498.863
16.308,-0.000,0.567,-0.381,45.002,2.805,21.807,-0.300,-0.084,-0.300,-498.863,-499.728,-498.863
16.312,-0.000,0.567,-0.381,45.002,2.805,21.807,-0.300,-0.084,-0.300,-498.863,-499.728,-498.863
16.317,-0.000,0.567,-0.381,45.002,2.805,21.807,-0.300,-0.084,-0.300,-498.863,-499.728,-498.863
16.321,-0.000,0.567,-0.381,45.002,2.805,21.807,-0.300,-0.084,-0.300,-498.863,-499.728,-498.863
16.325,-0.000,0.567,-0.381,45.002,2.805,21.807,-0.300,-0.084,-0.300,-498.863,-499.728,-498.863
16.329,-0.000,0.567,-0.381,45.002,2.805,21.807,-0.300,-0.084,-0.300,-498.863,-499.728,-498.863
16.333,-0.000,0.567,-0.381,45.002,2.805,21.808,-0.300,-0.084,-0.300,-498.863,-499.728,-498.863
16.337,-0.000,0.567,-0.381,45.002,2.805,21.808,-0.300,-0.084,-0.300,-498.863,-499.728,-498.863
16.342,-0.000,0.567,-0.381,45.002,2.805,21.808,-0.300,-0.084,-0.300,-498.863,-499.728,-498.863
16.346,-0.000,0.567,-0.381,45.002,2.805,21.808,-0.300,-0.084,-0.300,-498.863,-499.728,-498.863
16.350,-0.000,0.567,-0.381,45.002,2.805,21.808,-0.300,-0.084,-0.300,-498.863,-499.728,-498.863
16.354,-0.000,0.567,-0.381,45.002,2.805,21.808,-0.300,-0.084,-0.300,-498.863,-499.728,-498.863
16.358,-0.000,0.567,-0.381,45.002,2.805,21.808,-0.300,-0.084,-0.300,-498.863,-499.728,-498.863
16.363,-0.000,0.567,-0.381,45.002,2.805,21.808,-0.300,-0.084,-0.300,-498.863,-499.728,-498.863
16.367,-0.000,0.567,-0.381,45.002,2.805,21.808,-0.300,-0.084,-0.300,-498.863,-499.728,-498.863
16.371,-0.000,0.567,-0.381,45.002,2.805,21.808,-0.300,-0.084,-0.300,-498.863,-499.728,-498.863
16.375,-0.000,0.567,-0.381,45.002,2.805,21.808,-0.300,-0.084,-0.300,-498.863,-499.728,-498.863
16.379,-0.000,0.567,-0.381,45.002,2.805,21.808,-0.300,-0.084,-0.300,-498.863,-499.728,-498.863
16.383,-0.000,0.567,-0.381,45.002,2.805,21.808,-0.300,-0.084,-0.300,-498.863,-499.728,-498.863
16.387,-0.000,0.567,-0.381,45.002,2.805,21.808,-0.300,-0.084,-0.300,-498.863,-499.728,-498.863
16.392,-0.000,0.567,-0.381,45.002,2.805,21.808,-0.300,-0.084,-0.300,-498.863,-499.728,-498.863
16.396,-0.000,0.567,-0.381,45.002,2.805,21.808,-0.300,-0.084,-0.300,-498.863,-499.728,-498.863
16.400,-0.000,0.567,-0.381,45.002,2.805,21.808,-0.300,-0.084,-0.300,-498.863,-499.728,-498.863
16.404,-0.000,0.567,-0.381,45.002,2.805,21.808,-0.300,-0.084,-0.300,-498.863,-499.728,-498.863
16.408,-0.000,0.567,-0.381,45.002,2.805,21.808,-0.300,-0.084,-0.300,-498.863,-499.728,-498.863
16.413,-0.000,0.567,-0.381,45.002,2.805,21.808,-0.300,-0.084,-0.300,-498.863,-499.728,-498.863
16.417,-0.000,0.567,-0.381,45.002,2.805,21.808,-0.300,-0.084,-0.300,-498.863,-499.728,-498.863
16.421,-0.000,0.567,-0.381,45.002,2.805,21.808,-0.300,-0.084,-0.300,-498.863,-499.728,-498.863
16.425,-0.000,0.567,-0.381,45.002,2.805,21.808,-0.300,-0.084,-0.300,-498.863,-499.728,-498.863
16.429,-0.000,0.567,-0.381,45.002,2.805,21.809,-0.300,-0.084,-0.300,-498.863,-499.728,-498.863
16.433,-0.000,0.567,-0.381,45.002,2.805,21.809,-0.300,-0.084,-0.300,-498.863,-499.728,-498.863
16.438,-0.000,0.567,-0.381,45.002,2.805,21.809,-0.300,-0.084,-0.300,-498.863,-499.728,-498.863
16.442,-0.000,0.567,-0.381,45.002,2.805,21.809,-0.300,-0.084,-0.300,-498.863,-499.728,-498.863
16.446,-0.000,0.567,-0.381,45.002,2.805,21.809,-0.300,-0.084,-0.300,-498.863,-499.728,-498.863
16.450,-0.000,0.567,-0.381,45.002,2.805,21.809,-0.300,-0.084,-0.300,-498.863,-499.728,-498.863
16.454,-0.000,0.567,-0.381,45.002,2.805,21.809,-0.300,-0.084,-0.300,-498.863,-499.728,-498.863
16.458,-0.000,0.567,-0.381,45.002,2.805,21.809,-0.300,-0.084,-0.300,-498.863,-499.728,-498.863
16.462,-0.000,0.567,-0.381,45.002,2.805,21.809,-0.300,-0.084,-0.300,-498.863,-499.728,-498.863
16.467,-0.000,0.567,-0.381,45.002,2.805,21.809,-0.300,-0.084,-0.300,-498.863,-499.728,-498.863
16.471,-0.000,0.567,-0.381,45.002,2.805,21.809,-0.300,-0.084,-0.300,-498.863,-499.728,-498.863
16.475,-0.000,0.567,-0.381,45.002,2.805,21.809,-0.300,-0.084,-0.300,-498.863,-499.728,-498.863
16.479,-0.000,0.567,-0.381,45.002,2.805,21.809,-0.300,-0.084,-0.300,-498.863,-499.728,-498.863
16.483,-0.000,0.567,-0.381,45.002,2.805,21.809,-0.300,-0.084,-0.300,-498.863,-499.728,-498.863
16.488,-0.000,0.567,-0.381,45.002,2.805,21.809,-0.300,-0.084,-0.300,-498.863,-499.728,-498.863
16.492,-0.000,0.567,-0.381,45.002,2.805,21.809,-0.300,-0.084,-0.300,-498.863,-499.728,-498.863
16.496,-0.000,0.567,-0.381,45.002,2.805,21.809,-0.300,-0.084,-0.300,-498.863,-499.728,-498.863
16.500,-0.000,0.567,-0.381,45.002,2.805,21.809,-0.300,-0.084,-0.300,-498.863,-499.728,-498.863
16.504,-0.000,0.567,-0.381,45.002,2.805,21.809,-0.300,-0.084,-0.300,-498.863,-499.728,-498.863
16.508,-0.000,0.567,-0.381,45.002,2.805,21.809,-0.300,-0.084,-0.300,-498.863,-499.728,-498.863
16.512,-0.000,0.567,-0.381,45.002,2.805,21.809,-0.300,-0.084,-0.300,-498.863,-499.728,-498.863
16.517,-0.000,0.567,-0.381,45.002,2.805,21.809,-0.300,-0.084,-0.300,-498.863,-499.728,-498.863
16.521,-0.000,0.567,-0.381,45.002,2.805,21.810,-0.300,-0.084,-0.300,-498.863,-499.728,-498.863
16.525,-0.000,0.567,-0.381,45.002,2.805,21.810,-0.300,-0.084,-0.300,-498.863,-499.728,-498.863
16.529,-0.000,0.567,-0.381,45.002,2.805,21.810,-0.300,-0.084,-0.300,-498.863,-499.728,-498.863
16.533,-0.000,0.567,-0.381,45.002,2.805,21.810,-0.300,-0.084,-0.300,-498.863,-499.728,-498.863
16.538,-0.000,0.567,-0.381,45.002,2.805,21.810,-0.300,-0.084,-0.300,-498.863,-499.728,-498.863
16.542,-0.000,0.567,-0.381,45.002,2.805,21.810,-0.300,-0.084,-0.300,-498.863,-499.728,-498.863
16.546,-0.000,0.567,-0.381,45.002,2.805,21.810,-0.300,-0.084,-0.300,-498.863,-499.728,-498.863
16.550,-0.000,0.567,-0.381,45.002,2.805,21.810,-0.300,-0.084,-0.300,-498.863,-499.728,-498.863
16.554,-0.000,0.567,-0.381,45.002,2.805,21.810,-0.300,-0.084,-0.300,-498.863,-499.728,-498.863
16.558,-0.000,0.567,-0.381,45.002,2.805,21.810,-0.300,-0.084,-0.300,-498.863,-499.728,-498.863
16.562,-0.000,0.567,-0.381,45.002,2.805,21.810,-0.300,-0.084,-0.300,-498.863,-499.728,-498.863
16.567,-0.000,0.567,-0.381,45.002,2.805,21.810,-0.300,-0.084,-0.300,-498.863,-499.728,-498.863
16.571,-0.000,0.567,-0.381,45.002,2.805,21.810,-0.300,-0.084,-0.300,-498.863,-499.728,-498.863
16.575,-0.000,0.567,-0.381,45.002,2.805,21.810,-0.300,-0.084,-0.300,-498.863,-499.728,-498.863
16.579,-0.000,0.567,-0.381,45.002,2.805,21.810,-0.300,-0.084,-0.300,-498.863,-499.728,-498.863
16.583,-0.000,0.567,-0.381,45.002,2.805,21.810,-0.300,-0.084,-0.300,-498.863,-499.728,-498.863
16.587,-0.000,0.567,-0.381,45.002,2.805,21.810,-0.300,-0.084,-0.300,-498.863,-499.728,-498.863
16.592,-0.000,0.567,-0.381,45.002,2.805,21.810,-0.300,-0.084,-0.300,-498.863,-499.728,-498.863
16.596,-0.000,0.567,-0.381,45.002,2.805,21.810,-0.300,-0.084,-0.300,-498.863,-499.728,-498.863
16.600,-0.000,0.567,-0.381,45.002,2.805,21.810,-0.300,-0.084,-0.300,-498.863,-499.728,-498.863
16.604,-0.000,0.567,-0.381,45.002,2.805,21.810,-0.300,-0.084,-0.300,-498.863,-499.728,-498.863
16.608,-0.000,0.567,-0.381,45.002,2.805,21.810,-0.300,-0.084,-0.300,-498.863,-499.728,-498.863
16.613,-0.000,0.567,-0.381,45.002,2.805,21.810,-0.300,-0.084,-0.300,-498.863,-499.728,-498.863
16.617,-0.000,0.567,-0.381,45.002,2.805,21.811,-0.300,-0.084,-0.300,-498.863,-499.728,-498.863
16.621,-0.000,0.567,-0.381,45.002,2.805,21.811,-0.300,-0.084,-0.300,-498.863,-499.728,-498.863
16.625,-0.000,0.567,-0.381,45.002,2.805,21.811,-0.300,-0.084,-0.300,-498.863,-499.728,-498.863
16.629,-0.000,0.567,-0.381,45.002,2.805,21.811,-0.300,-0.084,-0.300,-498.863,-499.728,-498.863
16.633,-0.000,0.567,-0.381,45.002,2.805,21.811,-0.300,-0.084,-0.300,-498.863,-499.728,-498.863
16.637,-0.000,0.567,-0.381,45.002,2.805,21.811,-0.300,-0.084,-0.300,-498.863,-499.728,-498.863
16.642,-0.000,0.567,-0.381,45.002,2.805,21.811,-0.300,-0.084,-0.300,-498.863,-499.728,-498.863
16.646,-0.000,0.567,-0.381,45.002,2.805,21.811,-0.300,-0.084,-0.300,-498.863,-499.728,-498.863
16.650,-0.000,0.567,-0.381,45.002,2.805,21.811,-0.300,-0.084,-0.300,-498.863,-499.728,-498.863
16.654,-0.000,0.567,-0.381,45.002,2.805,21.811,-0.300,-0.084,-0.300,-498.863,-499.728,-498.863
16.658,-0.000,0.567,-0.381,45.002,2.805,21.811,-0.300,-0.084,-0.300,-498.863,-499.728,-498.863
16.663,-0.000,0.567,-0.381,45.002,2.805,21.811,-0.300,-0.084,-0.300,-498.863,-499.728,-498.863
16.667,-0.000,0.567,-0.381,45.002,2.805,21.811,-0.300,-0.084,-0.300,-498.863,-499.728,-498.863
16.671,-0.000,0.567,-0.381,45.002,2.805,21.811,-0.300,-0.084,-0.300,-498.863,-499.728,-498.863
16.675,-0.000,0.567,-0.381,45.002,2.805,21.811,-0.300,-0.084,-0.300,-498.863,-499.728,-498.863
16.679,-0.000,0.567,-0.381,45.002,2.805,21.811,-0.300,-0.084,-0.300,-498.863,-499.728,-498.863
16.683,-0.000,0.567,-0.381,45.002,2.805,21.811,-0.300,-0.084,-0.300,-498.863,-499.728,-498.863
16.688,-0.000,0.567,-0.381,45.002,2.805,21.811,-0.300,-0.084,-0.300,-498.863,-499.728,-498.863
16.692,-0.000,0.567,-0.381,45.002,2.805,21.811,-0.300,-0.084,-0.300,-498.863,-499.728,-498.863
16.696,-0.000,0.567,-0.381,45.002,2.805,21.811,-0.300,-0.084,-0.300,-498.863,-499.728,-498.863
16.700,-0.000,0.567,-0.381,45.002,2.805,21.811,-0.300,-0.084,-0.300,-498.863,-499.728,-498.863
16.704,-0.000,0.567,-0.381,45.002,2.805,21.811,-0.300,-0.084,-0.300,-498.863,-499.728,-498.863
16.708,-0.000,0.567,-0.381,45.002,2.805,21.811,-0.300,-0.084,-0.300,-498.863,-499.728,-498.863
16.712,-0.000,0.567,-0.381,45.002,2.805,21.812,-0.300,-0.084,-0.300,-498.863,-499.728,-498.863
16.717,-0.000,0.567,-0.381,45.002,2.805,21.812,-0.300,-0.084,-0.300,-498.863,-499.728,-498.863
16.721,-0.000,0.567,-0.381,45.002,2.805,21.812,-0.300,-0.084,-0.300,-498.863,-499.728,-498.863
16.725,-0.000,0.567,-0.381,45.002,2.805,21.812,-0.300,-0.084,-0.300,-498.863,-499.728,-498.863
16.729,-0.000,0.567,-0.381,45.002,2.805,21.812,-0.300,-0.084,-0.300,-498.863,-499.728,-498.863
16.733,-0.000,0.567,-0.381,45.002,2.805,21.812,-0.300,-0.084,-0.300,-498.863,-499.728,-498.863
16.738,-0.000,0.567,-0.381,45.002,2.805,21.812,-0.300,-0.084,-0.300,-498.863,-499.728,-498.863
16.742,-0.000,0.567,-0.381,45.002,2.805,21.812,-0.300,-0.084,-0.300,-498.863,-499.728,-498.863
16.746,-0.000,0.567,-0.381,45.002,2.805,21.812,-0.300,-0.084,-0.300,-498.863,-499.728,-498.863
16.750,-0.000,0.567,-0.381,45.002,2.805,21.812,-0.300,-0.084,-0.300,-498.863,-499.728,-498.863
16.754,-0.000,0.567,-0.381,45.002,2.805,21.812,-0.300,-0.084,-0.300,-498.863,-499.728,-498.863
16.758,-0.000,0.567,-0.381,45.002,2.805,21.812,-0.300,-0.084,-0.300,-498.863,-499.728,-498.863
16.762,-0.000,0.567,-0.381,45.002,2.805,21.812,-0.300,-0.084,-0.300,-498.863,-499.728,-498.863
16.767,-0.000,0.567,-0.381,45.002,2.805,21.812,-0.300,-0.084,-0.300,-498.863,-499.728,-498.863
16.771,-0.000,0.567,-0.381,45.002,2.805,21.812,-0.300,-0.084,-0.300,-498.863,-499.728,-498.863
16.775,-0.000,0.567,-0.381,45.002,2.805,21.812,-0.300,-0.084,-0.300,-498.863,-499.728,-498.863
16.779,-0.000,0.567,-0.381,45.002,2.805,21.812,-0.300,-0.084,-0.300,-498.863,-499.728,-498.863
16.783,-0.000,0.567,-0.381,45.002,2.805,21.812,-0.300,-0.084,-0.300,-498.863,-499.728,-498.863
16.788,-0.000,0.567,-0.381,45.002,2.805,21.812,-0.300,-0.084,-0.300,-498.863,-499.728,-498.863
16.792,-0.000,0.567,-0.381,45.002,2.805,21.812,-0.300,-0.084,-0.300,-498.863,-499.728,-498.863
16.796,-0.000,0.567,-0.381,45.002,2.805,21.812,-0.300,-0.084,-0.300,-498.863,-499.728,-498.863
16.800,-0.000,0.567,-0.381,45.002,2.805,21.812,-0.300,-0.084,-0.300,-498.863,-499.728,-498.863
16.804,-0.000,0.567,-0.381,45.002,2.805,21.813,-0.300,-0.084,-0.300,-498.863,-499.728,-498.863
16.808,-0.000,0.567,-0.381,45.002,2.805,21.813,-0.300,-0.084,-0.300,-498.863,-499.728,-498.863
16.812,-0.000,0.567,-0.381,45.002,2.805,21.813,-0.300,-0.084,-0.300,-498.863,-499.728,-498.863
16.817,-0.000,0.567,-0.381,45.002,2.805,21.813,-0.300,-0.084,-0.300,-498.863,-499.728,-498.863
16.821,-0.000,0.567,-0.381,45.002,2.805,21.813,-0.300,-0.084,-0.300,-498.863,-499.728,-498.863
16.825,-0.000,0.567,-0.381,45.002,2.805,21.813,-0.300,-0.084,-0.300,-498.863,-499.728,-498.863
16.829,-0.000,0.567,-0.381,45.002,2.805,21.813,-0.300,-0.084,-0.300,-498.863,-499.728,-498.863
16.833,-0.000,0.567,-0.381,45.002,2.805,21.813,-0.300,-0.084,-0.300,-498.863,-499.728,-498.863
16.837,-0.000,0.567,-0.381,45.002,2.805,21.813,-0.300,-0.084,-0.300,-498.863,-499.728,-498.863
16.842,-0.000,0.567,-0.381,45.002,2.805,21.813,-0.300,-0.084,-0.300,-498.863,-499.728,-498.863
16.846,-0.000,0.567,-0.381,45.002,2.805,21.813,-0.300,-0.084,-0.300,-498.863,-499.728,-498.863
16.850,-0.000,0.567,-0.381,45.002,2.805,21.813,-0.300,-0.084,-0.300,-498.863,-499.728,-498.863
16.854,-0.000,0.567,-0.381,45.002,2.805,21.813,-0.300,-0.084,-0.300,-498.863,-499.728,-498.863
16.858,-0.000,0.567,-0.381,45.002,2.805,21.813,-0.300,-0.084,-0.300,-498.863,-499.728,-498.863
16.863,-0.000,0.567,-0.381,45.002,2.805,21.813,-0.300,-0.084,-0.300,-498.863,-499.728,-498.863
16.867,-0.000,0.567,-0.381,45.002,2.805,21.813,-0.300,-0.084,-0.300,-498.863,-499.728,-498.863
16.871,-0.000,0.567,-0.381,45.002,2.805,21.813,-0.300,-0.084,-0.300,-498.863,-499.728,-498.863
16.875,-0.000,0.567,-0.381,45.002,2.805,21.813,-0.300,-0.084,-0.300,-498.863,-499.728,-498.863
16.879,-0.000,0.567,-0.381,45.002,2.805,21.813,-0.300,-0.084,-0.300,-498.863,-499.728,-498.863
16.883,-0.000,0.567,-0.381,45.002,2.805,21.813,-0.300,-0.084,-0.300,-498.863,-499.728,-498.863
16.887,-0.000,0.567,-0.381,45.002,2.805,21.813,-0.300,-0.084,-0.300,-498.863,-499.728,-498.863
16.892,-0.000,0.567,-0.381,45.002,2.805,21.813,-0.300,-0.084,-0.300,-498.863,-499.728,-498.863
16.896,-0.000,0.567,-0.381,45.002,2.805,21.813,-0.300,-0.084,-0.300,-498.863,-499.728,-498.863
16.900,-0.000,0.567,-0.381,45.002,2.805,21.814,-0.300,-0.084,-0.300,-498.863,-499.728,-498.863
16.904,-0.000,0.567,-0.381,45.002,2.805,21.814,-0.300,-0.084,-0.300,-498.863,-499.728,-498.863
16.908,-0.000,0.567,-0.381,45.002,2.805,21.814,-0.300,-0.084,-0.300,-498.863,-499.728,-498.863
16.913,-0.000,0.567,-0.381,45.002,2.805,21.814,-0.300,-0.084,-0.300,-498.863,-499.728,-498.863
16.917,-0.000,0.567,-0.381,45.002,2.805,21.814,-0.300,-0.084,-0.300,-498.863,-499.728,-498.863
16.921,-0.000,0.567,-0.381,45.002,2.805,21.814,-0.300,-0.084,-0.300,-498.863,-499.728,-498.863
16.925,-0.000,0.567,-0.381,45.002,2.805,21.814,-0.300,-0.084,-0.300,-498.863,-499.728,-498.863
16.929,-0.000,0.567,-0.381,45.002,2.805,21.814,-0.300,-0.084,-0.300,-498.863,-499.728,-498.863
16.933,-0.000,0.567,-0.381,45.002,2.805,21.814,-0.300,-0.084,-0.300,-498.863,-499.728,-498.863
16.938,-0.000,0.567,-0.381,45.002,2.805,21.814,-0.300,-0.084,-0.300,-498.863,-499.728,-498.863
16.942,-0.000,0.567,-0.381,45.002,2.805,21.814,-0.300,-0.084,-0.300,-498.863,-499.728,-498.863
16.946,-0.000,0.567,-0.381,45.002,2.805,21.814,-0.300,-0.084,-0.300,-498.863,-499.728,-498.863
16.950,-0.000,0.567,-0.381,45.002,2.805,21.814,-0.300,-0.084,-0.300,-498.863,-499.728,-498.863
16.954,-0.000,0.567,-0.381,45.002,2.805,21.814,-0.300,-0.084,-0.300,-498.863,-499.728,-498.863
16.958,-0.000,0.567,-0.381,45.002,2.805,21.814,-0.300,-0.084,-0.300,-498.863,-499.728,-498.863
16.962,-0.000,0.567,-0.381,45.002,2.805,21.814,-0.300,-0.084,-0.300,-498.863,-499.728,-498.863
16.967,-0.000,0.567,-0.381,45.002,2.805,21.814,-0.300,-0.084,-0.300,-498.863,-499.728,-498.863
16.971,-0.000,0.567,-0.381,45.002,2.805,21.814,-0.300,-0.084,-0.300,-498.863,-499.728,-498.863
16.975,-0.000,0.567,-0.381,45.002,2.805,21.814,-0.300,-0.084,-0.300,-498.863,-499.728,-498.863
16.979,-0.000,0.567,-0.381,45.002,2.805,21.814,-0.300,-0.084,-0.300,-498.863,-499.728,-498.863
16.983,-0.000,0.567,-0.381,45.002,2.805,21.814,-0.300,-0.084,-0.300,-498.863,-499.728,-498.863
16.988,-0.000,0.567,-0.381,45.002,2.805,21.814,-0.300,-0.084,-0.300,-498.863,-499.728,-498.863
16.992,-0.000,0.567,-0.381,45.002,2.805,21.814,-0.300,-0.084,-0.300,-498.863,-499.728,-498.863
16.996,-0.000,0.567,-0.381,45.002,2.805,21.815,-0.300,-0.084,-0.300,-498.863,-499.728,-498.863
17.000,-0.000,0.567,-0.381,45.002,2.805,21.815,-0.300,-0.084,-0.300,-498.863,-499.728,-498.863
17.004,-0.000,0.567,-0.381,45.002,2.805,21.815,-0.300,-0.084,-0.300,-498.863,-499.728,-498.863
17.008,-0.000,0.567,-0.381,45.002,2.805,21.815,-0.300,-0.084,-0.300,-498.863,-499.728,-498.863
17.012,-0.000,0.567,-0.381,45.002,2.805,21.815,-0.300,-0.084,-0.300,-498.863,-499.728,-498.863
17.017,-0.000,0.567,-0.381,45.002,2.805,21.815,-0.300,-0.084,-0.300,-498.863,-499.728,-498.863
17.021,-0.000,0.567,-0.381,45.002,2.805,21.815,-0.300,-0.084,-0.300,-498.863,-499.728,-498.863
17.025,-0.000,0.567,-0.381,45.002,2.805,21.815,-0.300,-0.084,-0.300,-498.863,-499.728,-498.863
17.029,-0.000,0.567,-0.381,45.002,2.805,21.815,-0.300,-0.084,-0.300,-498.863,-499.728,-498.863
17.033,-0.000,0.567,-0.381,45.002,2.805,21.815,-0.300,-0.084,-0.300,-498.863,-499.728,-498.863
17.038,-0.000,0.567,-0.381,45.002,2.805,21.815,-0.300,-0.084,-0.300,-498.863,-499.728,-498.863
17.042,-0.000,0.567,-0.381,45.002,2.805,21.815,-0.300,-0.084,-0.300,-498.863,-499.728,-498.863
17.046,-0.000,0.567,-0.381,45.002,2.805,21.815,-0.300,-0.084,-0.300,-498.863,-499.728,-498.863
17.050,-0.000,0.567,-0.381,45.002,2.805,21.815,-0.300,-0.084,-0.300,-498.863,-499.728,-498.863
17.054,-0.000,0.567,-0.381,45.002,2.805,21.815,-0.300,-0.084,-0.300,-498.863,-499.728,-498.863
17.058,-0.000,0.567,-0.381,45.002,2.805,21.815,-0.300,-0.084,-0.300,-498.863,-499.728,-498.863
17.062,-0.000,0.567,-0.381,45.002,2.805,21.815,-0.300,-0.084,-0.300,-498.863,-499.728,-498.863
17.067,-0.000,0.567,-0.381,45.002,2.805,21.815,-0.300,-0.084,-0.300,-498.863,-499.728,-498.863
17.071,-0.000,0.567,-0.381,45.002,2.805,21.815,-0.300,-0.084,-0.300,-498.863,-499.728,-498.863
17.075,-0.000,0.567,-0.381,45.002,2.805,21.815,-0.300,-0.084,-0.300,-498.863,-499.728,-498.863
17.079,-0.000,0.567,-0.381,45.002,2.805,21.815,-0.300,-0.084,-0.300,-498.863,-499.728,-498.863
17.083,-0.000,0.567,-0.381,45.002,2.805,21.815,-0.300,-0.084,-0.300,-498.863,-499.728,-498.863
17.087,-0.000,0.567,-0.381,45.002,2.805,21.816,-0.300,-0.084,-0.300,-498.863,-499.728,-498.863
17.092,-0.000,0.567,-0.381,45.002,2.805,21.816,-0.300,-0.084,-0.300,-498.863,-499.728,-498.863
17.096,-0.000,0.567,-0.381,45.002,2.805,21.816,-0.300,-0.084,-0.300,-498.863,-499.728,-498.863
17.100,-0.000,0.567,-0.381,45.002,2.805,21.816,-0.300,-0.084,-0.300,-498.863,-499.728,-498.863
17.104,-0.000,0.567,-0.381,45.002,2.805,21.816,-0.300,-0.084,-0.300,-498.863,-499.728,-498.863
17.108,-0.000,0.567,-0.381,45.002,2.805,21.816,-0.300,-0.084,-0.300,-498.863,-499.728,-498.863
17.113,-0.000,0.567,-0.381,45.002,2.805,21.816,-0.300,-0.084,-0.300,-498.863,-499.728,-498.863
17.117,-0.000,0.567,-0.381,45.002,2.805,21.816,-0.300,-0.084,-0.300,-498.863,-499.728,-498.863
17.121,-0.000,0.567,-0.381,45.002,2.805,21.816,-0.300,-0.084,-0.300,-498.863,-499.728,-498.863
17.125,-0.000,0.567,-0.381,45.002,2.805,21.816,-0.300,-0.084,-0.300,-498.863,-499.728,-498.863
17.129,-0.000,0.567,-0.381,45.002,2.805,21.816,-0.300,-0.084,-0.300,-498.863,-499.728,-498.863
17.133,-0.000,0.567,-0.381,45.002,2.805,21.816,-0.300,-0.084,-0.300,-498.863,-499.728,-498.863
17.137,-0.000,0.567,-0.381,45.002,2.805,21.816,-0.300,-0.084,-0.300,-498.863,-499.728,-498.863
17.142,-0.000,0.567,-0.381,45.002,2.805,21.816,-0.300,-0.084,-0.300,-498.863,-499.728,-498.863
17.146,-0.000,0.567,-0.381,45.002,2.805,21.816,-0.300,-0.084,-0.300,-498.863,-499.728,-498.863
17.150,-0.000,0.567,-0.381,45.002,2.805,21.816,-0.300,-0.084,-0.300,-498.863,-499.728,-498.863
17.154,-0.000,0.567,-0.381,45.002,2.805,21.816,-0.300,-0.084,-0.300,-498.863,-499.728,-498.863
17.158,-0.000,0.567,-0.381,45.002,2.805,21.816,-0.300,-0.084,-0.300,-498.863,-499.728,-498.863
17.163,-0.000,0.567,-0.381,45.002,2.805,21.816,-0.300,-0.084,-0.300,-498.863,-499.728,-498.863
17.167,-0.000,0.567,-0.381,45.002,2.805,21.816,-0.300,-0.084,-0.300,-498.863,-499.728,-498.863
17.171,-0.000,0.567,-0.381,45.002,2.805,21.816,-0.300,-0.084,-0.300,-498.863,-499.728,-498.863
17.175,-0.000,0.567,-0.381,45.002,2.805,21.816,-0.300,-0.084,-0.300,-498.863,-499.728,-498.863
17.179,-0.000,0.567,-0.381,45.002,2.805,21.816,-0.300,-0.084,-0.300,-498.863,-499.728,-498.863
17.183,-0.000,0.567,-0.381,45.002,2.805,21.817,-0.300,-0.084,-0.300,-498.863,-499.728,-498.863
17.188,-0.000,0.567,-0.381,45.002,2.805,21.817,-0.300,-0.084,-0.300,-498.863,-499.728,-498.863
17.192,-0.000,0.567,-0.381,45.002,2.805,21.817,-0.300,-0.084,-0.300,-498.863,-499.728,-498.863
17.196,-0.000,0.567,-0.381,45.002,2.805,21.817,-0.300,-0.084,-0.300,-498.863,-499.728,-498.863
17.200,-0.000,0.567,-0.381,45.002,2.805,21.817,-0.300,-0.084,-0.300,-498.863,-499.728,-498.863
17.204,-0.000,0.567,-0.381,45.002,2.805,21.817,-0.300,-0.084,-0.300,-498.863,-499.728,-498.863
17.208,-0.000,0.567,-0.381,45.002,2.805,21.817,-0.300,-0.084,-0.300,-498.863,-499.728,-498.863
17.212,-0.000,0.567,-0.381,45.002,2.805,21.817,-0.300,-0.084,-0.300,-498.863,-499.728,-498.863
17.217,-0.000,0.567,-0.381,45.002,2.805,21.817,-0.300,-0.084,-0.300,-498.863,-499.728,-498.863
17.221,-0.000,0.567,-0.381,45.002,2.805,21.817,-0.300,-0.084,-0.300,-498.863,-499.728,-498.863
17.225,-0.000,0.567,-0.381,45.002,2.805,21.817,-0.300,-0.084,-0.300,-498.863,-499.728,-498.863
17.229,-0.000,0.567,-0.381,45.002,2.805,21.817,-0.300,-0.084,-0.300,-498.863,-499.728,-498.863
17.233,-0.000,0.567,-0.381,45.002,2.805,21.817,-0.300,-0.084,-0.300,-498.863,-499.728,-498.863
17.238,-0.000,0.567,-0.381,45.002,2.805,21.817,-0.300,-0.084,-0.300,-498.863,-499.728,-498.863
17.242,-0.000,0.567,-0.381,45.002,2.805,21.817,-0.300,-0.084,-0.300,-498.863,-499.728,-498.863
17.246,-0.000,0.567,-0.381,45.002,2.805,21.817,-0.300,-0.084,-0.300,-498.863,-499.728,-498.863
17.250,-0.000,0.567,-0.381,45.002,2.805,21.817,-0.300,-0.084,-0.300,-498.863,-499.728,-498.863
17.254,-0.000,0.567,-0.381,45.002,2.805,21.817,-0.300,-0.084,-0.300,-498.863,-499.728,-498.863
17.258,-0.000,0.567,-0.381,45.002,2.805,21.817,-0.300,-0.084,-0.300,-498.863,-499.728,-498.863
17.262,-0.000,0.567,-0.381,45.002,2.805,21.817,-0.300,-0.084,-0.300,-498.863,-499.728,-498.863
17.267,-0.000,0.567,-0.381,45.002,2.805,21.817,-0.300,-0.084,-0.300,-498.863,-499.728,-498.863
17.271,-0.000,0.567,-0.381,45.002,2.805,21.817,-0.300,-0.084,-0.300,-498.863,-499.728,-498.863
17.275,-0.000,0.567,-0.381,45.002,2.805,21.817,-0.300,-0.084,-0.300,-498.863,-499.728,-498.863
17.279,-0.000,0.567,-0.381,45.002,2.805,21.818,-0.300,-0.084,-0.300,-498.863,-499.728,-498.863
17.283,-0.000,0.567,-0.381,45.002,2.805,21.818,-0.300,-0.084,-0.300,-498.863,-499.728,-498.863
17.288,-0.000,0.567,-0.381,45.002,2.805,21.818,-0.300,-0.084,-0.300,-498.863,-499.728,-498.863
17.292,-0.000,0.567,-0.381,45.002,2.805,21.818,-0.300,-0.084,-0.300,-498.863,-499.728,-498.863
17.296,-0.000,0.567,-0.381,45.002,2.805,21.818,-0.300,-0.084,-0.300,-498.863,-499.728,-498.863
17.300,-0.000,0.567,-0.381,45.002,2.805,21.818,-0.300,-0.084,-0.300,-498.863,-499.728,-498.863
17.304,-0.000,0.567,-0.381,45.002,2.805,21.818,-0.300,-0.084,-0.300,-498.863,-499.728,-498.863
17.308,-0.000,0.567,-0.381,45.002,2.805,21.818,-0.300,-0.084,-0.300,-498.863,-499.728,-498.863
17.312,-0.000,0.567,-0.381,45.002,2.805,21.818,-0.300,-0.084,-0.300,-498.863,-499.728,-498.863
17.317,-0.000,0.567,-0.381,45.002,2.805,21.818,-0.300,-0.084,-0.300,-498.863,-499.728,-498.863
17.321,-0.000,0.567,-0.381,45.002,2.805,21.818,-0.300,-0.084,-0.300,-498.863,-499.728,-498.863
17.325,-0.000,0.567,-0.381,45.002,2.805,21.818,-0.300,-0.084,-0.300,-498.863,-499.728,-498.863
17.329,-0.000,0.567,-0.381,45.002,2.805,21.818,-0.300,-0.084,-0.300,-498.863,-499.728,-498.863
17.333,-0.000,0.567,-0.381,45.002,2.805,21.818,-0.300,-0.084,-0.300,-498.863,-499.728,-498.863
17.337,-0.000,0.567,-0.381,45.002,2.805,21.818,-0.300,-0.084,-0.300,-498.863,-499.728,-498.863
17.342,-0.000,0.567,-0.381,45.002,2.805,21.818,-0.300,-0.084,-0.300,-498.863,-499.728,-498.863
17.346,-0.000,0.567,-0.381,45.002,2.805,21.818,-0.300,-0.084,-0.300,-498.863,-499.728,-498.863
17.350,-0.000,0.567,-0.381,45.002,2.805,21.818,-0.300,-0.084,-0.300,-498.863,-499.728,-498.863
17.354,-0.000,0.567,-0.381,45.002,2.805,21.818,-0.300,-0.084,-0.300,-498.863,-499.728,-498.863
17.358,-0.000,0.567,-0.381,45.002,2.805,21.818,-0.300,-0.084,-0.300,-498.863,-499.728,-498.863
17.363,-0.000,0.567,-0.381,45.002,2.805,21.818,-0.300,-0.084,-0.300,-498.863,-499.728,-498.863
17.367,-0.000,0.567,-0.381,45.002,2.805,21.818,-0.300,-0.084,-0.300,-498.863,-499.728,-498.863
17.371,-0.000,0.567,-0.381,45.002,2.805,21.819,-0.300,-0.084,-0.300,-498.863,-499.728,-498.863
17.375,-0.000,0.567,-0.381,45.002,2.805,21.819,-0.300,-0.084,-0.300,-498.863,-499.728,-498.863
17.379,-0.000,0.567,-0.381,45.002,2.805,21.819,-0.300,-0.084,-0.300,-498.863,-499.728,-498.863
17.383,-0.000,0.567,-0.381,45.002,2.805,21.819,-0.300,-0.084,-0.300,-498.863,-499.728,-498.863
17.387,-0.000,0.567,-0.381,45.002,2.805,21.819,-0.300,-0.084,-0.300,-498.863,-499.728,-498.863
17.392,-0.000,0.567,-0.381,45.002,2.805,21.819,-0.300,-0.084,-0.300,-498.863,-499.728,-498.863
17.396,-0.000,0.567,-0.381,45.002,2.805,21.819,-0.300,-0.084,-0.300,-498.863,-499.728,-498.863
17.400,-0.000,0.567,-0.381,45.002,2.805,21.819,-0.300,-0.084,-0.300,-498.863,-499.728,-498.863
17.404,-0.000,0.567,-0.381,45.002,2.805,21.819,-0.300,-0.084,-0.300,-498.863,-499.728,-498.863
17.408,-0.000,0.567,-0.381,45.002,2.805,21.819,-0.300,-0.084,-0.300,-498.863,-499.728,-498.863
17.413,-0.000,0.567,-0.381,45.002,2.805,21.819,-0.300,-0.084,-0.300,-498.863,-499.728,-498.863
17.417,-0.000,0.567,-0.381,45.002,2.805,21.819,-0.300,-0.084,-0.300,-498.863,-499.728,-498.863
17.421,-0.000,0.567,-0.381,45.002,2.805,21.819,-0.300,-0.084,-0.300,-498.863,-499.728,-498.863
17.425,-0.000,0.567,-0.381,45.002,2.805,21.819,-0.300,-0.084,-0.300,-498.863,-499.728,-498.863
17.429,-0.000,0.567,-0.381,45.002,2.805,21.819,-0.300,-0.084,-0.300,-498.863,-499.728,-498.863
17.433,-0.000,0.567,-0.381,45.002,2.805,21.819,-0.300,-0.084,-0.300,-498.863,-499.728,-498.863
17.438,-0.000,0.567,-0.381,45.002,2.805,21.819,-0.300,-0.084,-0.300,-498.863,-499.728,-498.863
17.442,-0.000,0.567,-0.381,45.002,2.805,21.819,-0.300,-0.084,-0.300,-498.863,-499.728,-498.863
17.446,-0.000,0.567,-0.381,45.002,2.805,21.819,-0.300,-0.084,-0.300,-498.863,-499.728,-498.863
17.450,-0.000,0.567,-0.381,45.002,2.805,21.819,-0.300,-0.084,-0.300,-498.863,-499.728,-498.863
17.454,-0.000,0.567,-0.381,45.002,2.805,21.819,-0.300,-0.084,-0.300,-498.863,-499.728,-498.863
17.458,-0.000,0.567,-0.381,45.002,2.805,21.819,-0.300,-0.084,-0.300,-498.863,-499.728,-498.863
17.462,-0.000,0.567,-0.381,45.002,2.805,21.819,-0.300,-0.084,-0.300,-498.863,-499.728,-498.863
17.467,-0.000,0.567,-0.381,45.002,2.805,21.820,-0.300,-0.084,-0.300,-498.863,-499.728,-498.863
17.471,-0.000,0.567,-0.381,45.002,2.805,21.820,-0.300,-0.084,-0.300,-498.863,-499.728,-498.863
17.475,-0.000,0.567,-0.381,45.002,2.805,21.820,-0.300,-0.084,-0.300,-498.863,-499.728,-498.863
17.479,-0.000,0.567,-0.381,45.002,2.805,21.820,-0.300,-0.084,-0.300,-498.863,-499.728,-498.863
17.483,-0.000,0.567,-0.381,45.002,2.805,21.820,-0.300,-0.084,-0.300,-498.863,-499.728,-498.863
17.488,-0.000,0.567,-0.381,45.002,2.805,21.820,-0.300,-0.084,-0.300,-498.863,-499.728,-498.863
17.492,-0.000,0.567,-0.381,45.002,2.805,21.820,-0.300,-0.084,-0.300,-498.863,-499.728,-498.863
17.496,-0.000,0.567,-0.381,45.002,2.805,21.820,-0.300,-0.084,-0.300,-498.863,-499.728,-498.863
17.500,-0.000,0.567,-0.381,45.002,2.805,21.820,-0.300,-0.084,-0.300,-498.863,-499.728,-498.863
17.504,-0.000,0.567,-0.381,45.002,2.805,21.820,-0.300,-0.084,-0.300,-498.863,-499.728,-498.863
17.508,-0.000,0.567,-0.381,45.002,2.805,21.820,-0.300,-0.084,-0.300,-498.863,-499.728,-498.863
17.512,-0.000,0.567,-0.381,45.002,2.805,21.820,-0.300,-0.084,-0.300,-498.863,-499.728,-498.863
17.517,-0.000,0.567,-0.381,45.002,2.805,21.820,-0.300,-0.084,-0.300,-498.863,-499.728,-498.863
17.521,-0.000,0.567,-0.381,45.002,2.805,21.820,-0.300,-0.084,-0.300,-498.863,-499.728,-498.863
17.525,-0.000,0.567,-0.381,45.002,2.805,21.820,-0.300,-0.084,-0.300,-498.863,-499.728,-498.863
17.529,-0.000,0.567,-0.381,45.002,2.805,21.820,-0.300,-0.084,-0.300,-498.863,-499.728,-498.863
17.533,-0.000,0.567,-0.381,45.002,2.805,21.820,-0.300,-0.084,-0.300,-498.863,-499.728,-498.863
17.538,-0.000,0.567,-0.381,45.002,2.805,21.820,-0.300,-0.084,-0.300,-498.863,-499.728,-498.863
17.542,-0.000,0.567,-0.381,45.002,2.805,21.820,-0.300,-0.084,-0.300,-498.863,-499.728,-498.863
17.546,-0.000,0.567,-0.381,45.002,2.805,21.820,-0.300,-0.084,-0.300,-498.863,-499.728,-498.863
17.550,-0.000,0.567,-0.381,45.002,2.805,21.820,-0.300,-0.084,-0.300,-498.863,-499.728,-498.863
17.554,-0.000,0.567,-0.381,45.002,2.805,21.820,-0.300,-0.084,-0.300,-498.863,-499.728,-498.863
17.558,-0.000,0.567,-0.381,45.002,2.805,21.821,-0.300,-0.084,-0.300,-498.863,-499.728,-498.863
17.562,-0.000,0.567,-0.381,45.002,2.805,21.821,-0.300,-0.084,-0.300,-498.863,-499.728,-498.863
17.567,-0.000,0.567,-0.381,45.002,2.805,21.821,-0.300,-0.084,-0.300,-498.863,-499.728,-498.863
17.571,-0.000,0.567,-0.381,45.002,2.805,21.821,-0.300,-0.084,-0.300,-498.863,-499.728,-498.863
17.575,-0.000,0.567,-0.381,45.002,2.805,21.821,-0.300,-0.084,-0.300,-498.863,-499.728,-498.863
17.579,-0.000,0.567,-0.381,45.002,2.805,21.821,-0.300,-0.084,-0.300,-498.863,-499.728,-498.863
17.583,-0.000,0.567,-0.381,45.002,2.805,21.821,-0.300,-0.084,-0.300,-498.863,-499.728,-498.863
17.587,-0.000,0.567,-0.381,45.002,2.805,21.821,-0.300,-0.084,-0.300,-498.863,-499.728,-498.863
17.592,-0.000,0.567,-0.381,45.002,2.805,21.821,-0.300,-0.084,-0.300,-498.863,-499.728,-498.863
17.596,-0.000,0.567,-0.381,45.002,2.805,21.821,-0.300,-0.084,-0.300,-498.863,-499.728,-498.863
17.600,-0.000,0.567,-0.381,45.002,2.805,21.821,-0.300,-0.084,-0.300,-498.863,-499.728,-498.863
17.604,-0.000,0.567,-0.381,45.002,2.805,21.821,-0.300,-0.084,-0.300,-498.863,-499.728,-498.863
17.608,-0.000,0.567,-0.381,45.002,2.805,21.821,-0.300,-0.084,-0.300,-498.863,-499.728,-498.863
17.613,-0.000,0.567,-0.381,45.002,2.805,21.821,-0.300,-0.084,-0.300,-498.863,-499.728,-498.863
17.617,-0.000,0.567,-0.381,45.002,2.805,21.821,-0.300,-0.084,-0.300,-498.863,-499.728,-498.863
17.621,-0.000,0.567,-0.381,45.002,2.805,21.821,-0.300,-0.084,-0.300,-498.863,-499.728,-498.863
17.625,-0.000,0.567,-0.381,45.002,2.805,21.821,-0.300,-0.084,-0.300,-498.863,-499.728,-498.863
17.629,-0.000,0.567,-0.381,45.002,2.805,21.821,-0.300,-0.084,-0.300,-498.863,-499.728,-498.863
17.633,-0.000,0.567,-0.381,45.002,2.805,21.821,-0.300,-0.084,-0.300,-498.863,-499.728,-498.863
17.637,-0.000,0.567,-0.381,45.002,2.805,21.821,-0.300,-0.084,-0.300,-498.863,-499.728,-498.863
17.642,-0.000,0.567,-0.381,45.002,2.805,21.821,-0.300,-0.084,-0.300,-498.863,-499.728,-498.863
17.646,-0.000,0.567,-0.381,45.002,2.805,21.821,-0.300,-0.084,-0.300,-498.863,-499.728,-498.863
17.650,-0.000,0.567,-0.381,45.002,2.805,21.821,-0.300,-0.084,-0.300,-498.863,-499.728,-498.863
17.654,-0.000,0.567,-0.381,45.002,2.805,21.822,-0.300,-0.084,-0.300,-498.863,-499.728,-498.863
17.658,-0.000,0.567,-0.381,45.002,2.805,21.822,-0.300,-0.084,-0.300,-498.863,-499.728,-498.863
17.663,-0.000,0.567,-0.381,45.002,2.805,21.822,-0.300,-0.084,-0.300,-498.863,-499.728,-498.863
17.667,-0.000,0.567,-0.381,45.002,2.805,21.822,-0.300,-0.084,-0.300,-498.863,-499.728,-498.863
17.671,-0.000,0.567,-0.381,45.002,2.805,21.822,-0.300,-0.084,-0.300,-498.863,-499.728,-498.863
17.675,-0.000,0.567,-0.381,45.002,2.805,21.822,-0.300,-0.084,-0.300,-498.863,-499.728,-498.863
17.679,-0.000,0.567,-0.381,45.002,2.805,21.822,-0.300,-0.084,-0.300,-498.863,-499.728,-498.863
17.683,-0.000,0.567,-0.381,45.002,2.805,21.822,-0.300,-0.084,-0.300,-498.863,-499.728,-498.863
17.688,-0.000,0.567,-0.381,45.002,2.805,21.822,-0.300,-0.084,-0.300,-498.863,-499.728,-498.863
17.692,-0.000,0.567,-0.381,45.002,2.805,21.822,-0.300,-0.084,-0.300,-498.863,-499.728,-498.863
17.696,-0.000,0.567,-0.381,45.002,2.805,21.822,-0.300,-0.084,-0.300,-498.863,-499.728,-498.863
17.700,-0.000,0.567,-0.381,45.002,2.805,21.822,-0.300,-0.084,-0.300,-498.863,-499.728,-498.863
17.704,-0.000,0.567,-0.381,45.002,2.805,21.822,-0.300,-0.084,-0.300,-498.863,-499.728,-498.863
17.708,-0.000,0.567,-0.381,45.002,2.805,21.822,-0.300,-0.084,-0.300,-498.863,-499.728,-498.863
17.712,-0.000,0.567,-0.381,45.002,2.805,21.822,-0.300,-0.084,-0.300,-498.863,-499.728,-498.863
17.717,-0.000,0.567,-0.381,45.002,2.805,21.822,-0.300,-0.084,-0.300,-498.863,-499.728,-498.863
17.721,-0.000,0.567,-0.381,45.002,2.805,21.822,-0.300,-0.084,-0.300,-498.863,-499.728,-498.863
17.725,-0.000,0.567,-0.381,45.002,2.805,21.822,-0.300,-0.084,-0.300,-498.863,-499.728,-498.863
17.729,-0.000,0.567,-0.381,45.002,2.805,21.822,-0.300,-0.084,-0.300,-498.863,-499.728,-498.863
17.733,-0.000,0.567,-0.381,45.002,2.805,21.822,-0.300,-0.084,-0.300,-498.863,-499.728,-498.863
17.738,-0.000,0.567,-0.381,45.002,2.805,21.822,-0.300,-0.084,-0.300,-498.863,-499.728,-498.863
17.742,-0.000,0.567,-0.381,45.002,2.805,21.822,-0.300,-0.084,-0.300,-498.863,-499.728,-498.863
17.746,-0.000,0.567,-0.381,45.002,2.805,21.822,-0.300,-0.084,-0.300,-498.863,-499.728,-498.863
17.750,-0.000,0.567,-0.381,45.002,2.805,21.823,-0.300,-0.084,-0.300,-498.863,-499.728,-498.863
17.754,-0.000,0.567,-0.381,45.002,2.805,21.823,-0.300,-0.084,-0.300,-498.863,-499.728,-498.863
17.758,-0.000,0.567,-0.381,45.002,2.805,21.823,-0.300,-0.084,-0.300,-498.863,-499.728,-498.863
17.762,-0.000,0.567,-0.381,45.002,2.805,21.823,-0.300,-0.084,-0.300,-498.863,-499.728,-498.863
17.767,-0.000,0.567,-0.381,45.002,2.805,21.823,-0.300,-0.084,-0.300,-498.863,-499.728,-498.863
17.771,-0.000,0.567,-0.381,45.002,2.805,21.823,-0.300,-0.084,-0.300,-498.863,-499.728,-498.863
17.775,-0.000,0.567,-0.381,45.002,2.805,21.823,-0.300,-0.084,-0.300,-498.863,-499.728,-498.863
17.779,-0.000,0.567,-0.381,45.002,2.805,21.823,-0.300,-0.084,-0.300,-498.863,-499.728,-498.863
17.783,-0.000,0.567,-0.381,45.002,2.805,21.823,-0.300,-0.084,-0.300,-498.863,-499.728,-498.863
17.788,-0.000,0.567,-0.381,45.002,2.805,21.823,-0.300,-0.084,-0.300,-498.863,-499.728,-498.863
17.792,-0.000,0.567,-0.381,45.002,2.805,21.823,-0.300,-0.084,-0.300,-498.863,-499.728,-498.863
17.796,-0.000,0.567,-0.381,45.002,2.805,21.823,-0.300,-0.084,-0.300,-498.863,-499.728,-498.863
17.800,-0.000,0.567,-0.381,45.002,2.805,21.823,-0.300,-0.084,-0.300,-498.863,-499.728,-498.863
17.804,-0.000,0.567,-0.381,45.002,2.805,21.823,-0.300,-0.084,-0.300,-498.863,-499.728,-498.863
17.808,-0.000,0.567,-0.381,45.002,2.805,21.823,-0.300,-0.084,-0.300,-498.863,-499.728,-498.863
17.812,-0.000,0.567,-0.381,45.002,2.805,21.823,-0.300,-0.084,-0.300,-498.863,-499.728,-498.863
17.817,-0.000,0.567,-0.381,45.002,2.805,21.823,-0.300,-0.084,-0.300,-498.863,-499.728,-498.863
17.821,-0.000,0.567,-0.381,45.002,2.805,21.823,-0.300,-0.084,-0.300,-498.863,-499.728,-498.863
17.825,-0.000,0.567,-0.381,45.002,2.805,21.823,-0.300,-0.084,-0.300,-498.863,-499.728,-498.863
17.829,-0.000,0.567,-0.381,45.002,2.805,21.823,-0.300,-0.084,-0.300,-498.863,-499.728,-498.863
17.833,-0.000,0.567,-0.381,45.002,2.805,21.823,-0.300,-0.084,-0.300,-498.863,-499.728,-498.863
17.837,-0.000,0.567,-0.381,45.002,2.805,21.823,-0.300,-0.084,-0.300,-498.863,-499.728,-498.863
17.842,-0.000,0.567,-0.381,45.002,2.805,21.824,-0.300,-0.084,-0.300,-498.863,-499.728,-498.863
17.846,-0.000,0.567,-0.381,45.002,2.805,21.824,-0.300,-0.084,-0.300,-498.863,-499.728,-498.863
17.850,-0.000,0.567,-0.381,45.002,2.805,21.824,-0.300,-0.084,-0.300,-498.863,-499.728,-498.863
17.854,-0.000,0.567,-0.381,45.002,2.805,21.824,-0.300,-0.084,-0.300,-498.863,-499.728,-498.863
17.858,-0.000,0.567,-0.381,45.002,2.805,21.824,-0.300,-0.084,-0.300,-498.863,-499.728,-498.863
17.863,-0.000,0.567,-0.381,45.002,2.805,21.824,-0.300,-0.084,-0.300,-498.863,-499.728,-498.863
17.867,-0.000,0.567,-0.381,45.002,2.805,21.824,-0.300,-0.084,-0.300,-498.863,-499.728,-498.863
17.871,-0.000,0.567,-0.381,45.002,2.805,21.824,-0.300,-0.084,-0.300,-498.863,-499.728,-498.863
17.875,-0.000,0.567,-0.381,45.002,2.805,21.824,-0.300,-0.084,-0.300,-498.863,-499.728,-498.863
17.879,-0.000,0.567,-0.381,45.002,2.805,21.824,-0.300,-0.084,-0.300,-498.863,-499.728,-498.863
17.883,-0.000,0.567,-0.381,45.002,2.805,21.824,-0.300,-0.084,-0.300,-498.863,-499.728,-498.863
17.887,-0.000,0.567,-0.381,45.002,2.805,21.824,-0.300,-0.084,-0.300,-498.863,-499.728,-498.863
17.892,-0.000,0.567,-0.381,45.002,2.805,21.824,-0.300,-0.084,-0.300,-498.863,-499.728,-498.863
17.896,-0.000,0.567,-0.381,45.002,2.805,21.824,-0.300,-0.084,-0.300,-498.863,-499.728,-498.863
17.900,-0.000,0.567,-0.381,45.002,2.805,21.824,-0.300,-0.084,-0.300,-498.863,-499.728,-498.863
17.904,-0.000,0.567,-0.381,45.002,2.805,21.824,-0.300,-0.084,-0.300,-498.863,-499.728,-498.863
17.908,-0.000,0.567,-0.381,45.002,2.805,21.824,-0.300,-0.084,-0.300,-498.863,-499.728,-498.863
17.913,-0.000,0.567,-0.381,45.002,2.805,21.824,-0.300,-0.084,-0.300,-498.863,-499.728,-498.863
17.917,-0.000,0.567,-0.381,45.002,2.805,21.824,-0.300,-0.084,-0.300,-498.863,-499.728,-498.863
17.921,-0.000,0.567,-0.381,45.002,2.805,21.824,-0.300,-0.084,-0.300,-498.863,-499.728,-498.863
17.925,-0.000,0.567,-0.381,45.002,2.805,21.824,-0.300,-0.084,-0.300,-498.863,-499.728,-498.863
17.929,-0.000,0.567,-0.381,45.002,2.805,21.824,-0.300,-0.084,-0.300,-498.863,-499.728,-498.863
17.933,-0.000,0.567,-0.381,45.002,2.805,21.824,-0.300,-0.084,-0.300,-498.863,-499.728,-498.863
17.938,-0.000,0.567,-0.381,45.002,2.805,21.825,-0.300,-0.084,-0.300,-498.863,-499.728,-498.863
17.942,-0.000,0.567,-0.381,45.002,2.805,21.825,-0.300,-0.084,-0.300,-498.863,-499.728,-498.863
17.946,-0.000,0.567,-0.381,45.002,2.805,21.825,-0.300,-0.084,-0.300,-498.863,-499.728,-498.863
17.950,-0.000,0.567,-0.381,45.002,2.805,21.825,-0.300,-0.084,-0.300,-498.863,-499.728,-498.863
17.954,-0.000,0.567,-0.381,45.002,2.805,21.825,-0.300,-0.084,-0.300,-498.863,-499.728,-498.863
17.958,-0.000,0.567,-0.381,45.002,2.805,21.825,-0.300,-0.084,-0.300,-498.863,-499.728,-498.863
17.962,-0.000,0.567,-0.381,45.002,2.805,21.825,-0.300,-0.084,-0.300,-498.863,-499.728,-498.863
17.967,-0.000,0.567,-0.381,45.002,2.805,21.825,-0.300,-0.084,-0.300,-498.863,-499.728,-498.863
17.971,-0.000,0.567,-0.381,45.002,2.805,21.825,-0.300,-0.084,-0.300,-498.863,-499.728,-498.863
17.975,-0.000,0.567,-0.381,45.002,2.805,21.825,-0.300,-0.084,-0.300,-498.863,-499.728,-498.863
17.979,-0.000,0.567,-0.381,45.002,2.805,21.825,-0.300,-0.084,-0.300,-498.863,-499.728,-498.863
17.983,-0.000,0.567,-0.381,45.002,2.805,21.825,-0.300,-0.084,-0.300,-498.863,-499.728,-498.863
17.988,-0.000,0.567,-0.381,45.002,2.805,21.825,-0.300,-0.084,-0.300,-498.863,-499.728,-498.863
17.992,-0.000,0.567,-0.381,45.002,2.805,21.825,-0.300,-0.084,-0.300,-498.863,-499.728,-498.863
17.996,-0.000,0.567,-0.381,45.002,2.805,21.825,-0.300,-0.084,-0.300,-498.863,-499.728,-498.863
18.000,-0.000,0.567,-0.381,45.002,2.805,21.825,-0.300,-0.084,-0.300,-498.863,-499.728,-498.863
18.004,-0.000,0.567,-0.381,45.002,2.805,21.825,-0.300,-0.084,-0.300,-498.863,-499.728,-498.863
18.008,-0.000,0.567,-0.381,45.002,2.805,21.825,-0.300,-0.084,-0.300,-498.863,-499.728,-498.863
18.012,-0.000,0.567,-0.381,45.002,2.805,21.825,-0.300,-0.084,-0.300,-498.863,-499.728,-498.863
18.017,-0.000,0.567,-0.381,45.002,2.805,21.825,-0.300,-0.084,-0.300,-498.863,-499.728,-498.863
18.021,-0.000,0.567,-0.381,45.002,2.805,21.825,-0.300,-0.084,-0.300,-498.863,-499.728,-498.863
18.025,-0.000,0.567,-0.381,45.002,2.805,21.825,-0.300,-0.084,-0.300,-498.863,-499.728,-498.863
18.029,-0.000,0.567,-0.381,45.002,2.805,21.825,-0.300,-0.084,-0.300,-498.863,-499.728,-498.863
18.033,-0.000,0.567,-0.381,45.002,2.805,21.826,-0.300,-0.084,-0.300,-498.863,-499.728,-498.863
18.038,-0.000,0.567,-0.381,45.002,2.805,21.826,-0.300,-0.084,-0.300,-498.863,-499.728,-498.863
18.042,-0.000,0.567,-0.381,45.002,2.805,21.826,-0.300,-0.084,-0.300,-498.863,-499.728,-498.863
18.046,-0.000,0.567,-0.381,45.002,2.805,21.826,-0.300,-0.084,-0.300,-498.863,-499.728,-498.863
18.050,-0.000,0.567,-0.381,45.002,2.805,21.826,-0.300,-0.084,-0.300,-498.863,-499.728,-498.863
18.054,-0.000,0.567,-0.381,45.002,2.805,21.826,-0.300,-0.084,-0.300,-498.863,-499.728,-498.863
18.058,-0.000,0.567,-0.381,45.002,2.805,21.826,-0.300,-0.084,-0.300,-498.863,-499.728,-498.863
18.062,-0.000,0.567,-0.381,45.002,2.805,21.826,-0.300,-0.084,-0.300,-498.863,-499.728,-498.863
18.067,-0.000,0.567,-0.381,45.002,2.805,21.826,-0.300,-0.084,-0.300,-498.863,-499.728,-498.863
18.071,-0.000,0.567,-0.381,45.002,2.805,21.826,-0.300,-0.084,-0.300,-498.863,-499.728,-498.863
18.075,-0.000,0.567,-0.381,45.002,2.805,21.826,-0.300,-0.084,-0.300,-498.863,-499.728,-498.863
18.079,-0.000,0.567,-0.381,45.002,2.805,21.826,-0.300,-0.084,-0.300,-498.863,-499.728,-498.863
18.083,-0.000,0.567,-0.381,45.002,2.805,21.826,-0.300,-0.084,-0.300,-498.863,-499.728,-498.863
18.087,-0.000,0.567,-0.381,45.002,2.805,21.826,-0.300,-0.084,-0.300,-498.863,-499.728,-498.863
18.092,-0.000,0.567,-0.381,45.002,2.805,21.826,-0.300,-0.084,-0.300,-498.863,-499.728,-498.863
18.096,-0.000,0.567,-0.381,45.002,2.805,21.826,-0.300,-0.084,-0.300,-498.863,-499.728,-498.863
18.100,-0.000,0.567,-0.381,45.002,2.805,21.826,-0.300,-0.084,-0.300,-498.863,-499.728,-498.863
18.104,-0.000,0.567,-0.381,45.002,2.805,21.826,-0.300,-0.084,-0.300,-498.863,-499.728,-498.863
18.108,-0.000,0.567,-0.381,45.002,2.805,21.826,-0.300,-0.084,-0.300,-498.863,-499.728,-498.863
18.113,-0.000,0.567,-0.381,45.002,2.805,21.826,-0.300,-0.084,-0.300,-498.863,-499.728,-498.863
18.117,-0.000,0.567,-0.381,45.002,2.805,21.826,-0.300,-0.084,-0.300,-498.863,-499.728,-498.863
18.121,-0.000,0.567,-0.381,45.002,2.805,21.826,-0.300,-0.084,-0.300,-498.863,-499.728,-498.863
18.125,-0.000,0.567,-0.381,45.002,2.805,21.827,-0.300,-0.084,-0.300,-498.863,-499.728,-498.863
18.129,-0.000,0.567,-0.381,45.002,2.805,21.827,-0.300,-0.084,-0.300,-498.863,-499.728,-498.863
18.133,-0.000,0.567,-0.381,45.002,2.805,21.827,-0.300,-0.084,-0.300,-498.863,-499.728,-498.863
18.137,-0.000,0.567,-0.381,45.002,2.805,21.827,-0.300,-0.084,-0.300,-498.863,-499.728,-498.863
18.142,-0.000,0.567,-0.381,45.002,2.805,21.827,-0.300,-0.084,-0.300,-498.863,-499.728,-498.863
18.146,-0.000,0.567,-0.381,45.002,2.805,21.827,-0.300,-0.084,-0.300,-498.863,-499.728,-498.863
18.150,-0.000,0.567,-0.381,45.002,2.805,21.827,-0.300,-0.084,-0.300,-498.863,-499.728,-498.863
18.154,-0.000,0.567,-0.381,45.002,2.805,21.827,-0.300,-0.084,-0.300,-498.863,-499.728,-498.863
18.158,-0.000,0.567,-0.381,45.002,2.805,21.827,-0.300,-0.084,-0.300,-498.863,-499.728,-498.863
18.163,-0.000,0.567,-0.381,45.002,2.805,21.827,-0.300,-0.084,-0.300,-498.863,-499.728,-498.863
18.167,-0.000,0.567,-0.381,45.002,2.805,21.827,-0.300,-0.084,-0.300,-498.863,-499.728,-498.863
18.171,-0.000,0.567,-0.381,45.002,2.805,21.827,-0.300,-0.084,-0.300,-498.863,-499.728,-498.863
18.175,-0.000,0.567,-0.381,45.002,2.805,21.827,-0.300,-0.084,-0.300,-498.863,-499.728,-498.863
18.179,-0.000,0.567,-0.381,45.002,2.805,21.827,-0.300,-0.084,-0.300,-498.863,-499.728,-498.863
18.183,-0.000,0.567,-0.381,45.002,2.805,21.827,-0.300,-0.084,-0.300,-498.863,-499.728,-498.863
18.188,-0.000,0.567,-0.381,45.002,2.805,21.827,-0.300,-0.084,-0.300,-498.863,-499.728,-498.863
18.192,-0.000,0.567,-0.381,45.002,2.805,21.827,-0.300,-0.084,-0.300,-498.863,-499.728,-498.863
18.196,-0.000,0.567,-0.381,45.002,2.805,21.827,-0.300,-0.084,-0.300,-498.863,-499.728,-498.863
18.200,-0.000,0.567,-0.381,45.002,2.805,21.827,-0.300,-0.084,-0.300,-498.863,-499.728,-498.863
18.204,-0.000,0.567,-0.381,45.002,2.805,21.827,-0.300,-0.084,-0.300,-498.863,-499.728,-498.863
18.208,-0.000,0.567,-0.381,45.002,2.805,21.827,-0.300,-0.084,-0.300,-498.863,-499.728,-498.863
18.212,-0.000,0.567,-0.381,45.002,2.805,21.827,-0.300,-0.084,-0.300,-498.863,-499.728,-498.863
18.217,-0.000,0.567,-0.381,45.002,2.805,21.827,-0.300,-0.084,-0.300,-498.863,-499.728,-498.863
18.221,-0.000,0.567,-0.381,45.002,2.805,21.828,-0.300,-0.084,-0.300,-498.863,-499.728,-498.863
18.225,-0.000,0.567,-0.381,45.002,2.805,21.828,-0.300,-0.084,-0.300,-498.863,-499.728,-498.863
18.229,-0.000,0.567,-0.381,45.002,2.805,21.828,-0.300,-0.084,-0.300,-498.863,-499.728,-498.863
18.233,-0.000,0.567,-0.381,45.002,2.805,21.828,-0.300,-0.084,-0.300,-498.863,-499.728,-498.863
18.238,-0.000,0.567,-0.381,45.002,2.805,21.828,-0.300,-0.084,-0.300,-498.863,-499.728,-498.863
18.242,-0.000,0.567,-0.381,45.002,2.805,21.828,-0.300,-0.084,-0.300,-498.863,-499.728,-498.863
18.246,-0.000,0.567,-0.381,45.002,2.805,21.828,-0.300,-0.084,-0.300,-498.863,-499.728,-498.863
18.250,-0.000,0.567,-0.381,45.002,2.805,21.828,-0.300,-0.084,-0.300,-498.863,-499.728,-498.863
18.254,-0.000,0.567,-0.381,45.002,2.805,21.828,-0.300,-0.084,-0.300,-498.863,-499.728,-498.863
18.258,-0.000,0.567,-0.381,45.002,2.805,21.828,-0.300,-0.084,-0.300,-498.863,-499.728,-498.863
18.262,-0.000,0.567,-0.381,45.002,2.805,21.828,-0.300,-0.084,-0.300,-498.863,-499.728,-498.863
18.267,-0.000,0.567,-0.381,45.002,2.805,21.828,-0.300,-0.084,-0.300,-498.863,-499.728,-498.863
18.271,-0.000,0.567,-0.381,45.002,2.805,21.828,-0.300,-0.084,-0.300,-498.863,-499.728,-498.863
18.275,-0.000,0.567,-0.381,45.002,2.805,21.828,-0.300,-0.084,-0.300,-498.863,-499.728,-498.863
18.279,-0.000,0.567,-0.381,45.002,2.805,21.828,-0.300,-0.084,-0.300,-498.863,-499.728,-498.863
18.283,-0.000,0.567,-0.381,45.002,2.805,21.828,-0.300,-0.084,-0.300,-498.863,-499.728,-498.863
18.288,-0.000,0.567,-0.381,45.002,2.805,21.828,-0.300,-0.084,-0.300,-498.863,-499.728,-498.863
18.292,-0.000,0.567,-0.381,45.002,2.805,21.828,-0.300,-0.084,-0.300,-498.863,-499.728,-498.863
18.296,-0.000,0.567,-0.381,45.002,2.805,21.828,-0.300,-0.084,-0.300,-498.863,-499.728,-498.863
18.300,-0.000,0.567,-0.381,45.002,2.805,21.828,-0.300,-0.084,-0.300,-498.863,-499.728,-498.863
18.304,-0.000,0.567,-0.381,45.002,2.805,21.828,-0.300,-0.084,-0.300,-498.863,-499.728,-498.863
18.308,-0.000,0.567,-0.381,45.002,2.805,21.828,-0.300,-0.084,-0.300,-498.863,-499.728,-498.863
18.312,-0.000,0.567,-0.381,45.002,2.805,21.828,-0.300,-0.084,-0.300,-498.863,-499.728,-498.863
18.317,-0.000,0.567,-0.381,45.002,2.805,21.829,-0.300,-0.084,-0.300,-498.863,-499.728,-498.863
18.321,-0.000,0.567,-0.381,45.002,2.805,21.829,-0.300,-0.084,-0.300,-498.863,-499.728,-498.863
18.325,-0.000,0.567,-0.381,45.002,2.805,21.829,-0.300,-0.084,-0.300,-498.863,-499.728,-498.863
18.329,-0.000,0.567,-0.381,45.002,2.805,21.829,-0.300,-0.084,-0.300,-498.863,-499.728,-498.863
18.333,-0.000,0.567,-0.381,45.002,2.805,21.829,-0.300,-0.084,-0.300,-498.863,-499.728,-498.863
18.337,-0.000,0.567,-0.381,45.002,2.805,21.829,-0.300,-0.084,-0.300,-498.863,-499.728,-498.863
18.342,-0.000,0.567,-0.381,45.002,2.805,21.829,-0.300,-0.084,-0.300,-498.863,-499.728,-498.863
18.346,-0.000,0.567,-0.381,45.002,2.805,21.829,-0.300,-0.084,-0.300,-498.863,-499.728,-498.863
18.350,-0.000,0.567,-0.381,45.002,2.805,21.829,-0.300,-0.084,-0.300,-498.863,-499.728,-498.863
18.354,-0.000,0.567,-0.381,45.002,2.805,21.829,-0.300,-0.084,-0.300,-498.863,-499.728,-498.863
18.358,-0.000,0.567,-0.381,45.002,2.805,21.829,-0.300,-0.084,-0.300,-498.863,-499.728,-498.863
18.363,-0.000,0.567,-0.381,45.002,2.805,21.829,-0.300,-0.084,-0.300,-498.863,-499.728,-498.863
18.367,-0.000,0.567,-0.381,45.002,2.805,21.829,-0.300,-0.084,-0.300,-498.863,-499.728,-498.863
18.371,-0.000,0.567,-0.381,45.002,2.805,21.829,-0.300,-0.084,-0.300,-498.863,-499.728,-498.863
18.375,-0.000,0.567,-0.381,45.002,2.805,21.829,-0.300,-0.084,-0.300,-498.863,-499.728,-498.863
18.379,-0.000,0.567,-0.381,45.002,2.805,21.829,-0.300,-0.084,-0.300,-498.863,-499.728,-498.863
18.383,-0.000,0.567,-0.381,45.002,2.805,21.829,-0.300,-0.084,-0.300,-498.863,-499.728,-498.863
18.387,-0.000,0.567,-0.381,45.002,2.805,21.829,-0.300,-0.084,-0.300,-498.863,-499.728,-498.863
18.392,-0.000,0.567,-0.381,45.002,2.805,21.829,-0.300,-0.084,-0.300,-498.863,-499.728,-498.863
18.396,-0.000,0.567,-0.381,45.002,2.805,21.829,-0.300,-0.084,-0.300,-498.863,-499.728,-498.863
18.400,-0.000,0.567,-0.381,45.002,2.805,21.829,-0.300,-0.084,-0.300,-498.863,-499.728,-498.863
18.404,-0.000,0.567,-0.381,45.002,2.805,21.829,-0.300,-0.084,-0.300,-498.863,-499.728,-498.863
18.408,-0.000,0.567,-0.381,45.002,2.805,21.830,-0.300,-0.084,-0.300,-498.863,-499.728,-498.863
18.413,-0.000,0.567,-0.381,45.002,2.805,21.830,-0.300,-0.084,-0.300,-498.863,-499.728,-498.863
18.417,-0.000,0.567,-0.381,45.002,2.805,21.830,-0.300,-0.084,-0.300,-498.863,-499.728,-498.863
18.421,-0.000,0.567,-0.381,45.002,2.805,21.830,-0.300,-0.084,-0.300,-498.863,-499.728,-498.863
18.425,-0.000,0.567,-0.381,45.002,2.805,21.830,-0.300,-0.084,-0.300,-498.863,-499.728,-498.863
18.429,-0.000,0.567,-0.381,45.002,2.805,21.830,-0.300,-0.084,-0.300,-498.863,-499.728,-498.863
18.433,-0.000,0.567,-0.381,45.002,2.805,21.830,-0.300,-0.084,-0.300,-498.863,-499.728,-498.863
18.438,-0.000,0.567,-0.381,45.002,2.805,21.830,-0.300,-0.084,-0.300,-498.863,-499.728,-498.863
18.442,-0.000,0.567,-0.381,45.002,2.805,21.830,-0.300,-0.084,-0.300,-498.863,-499.728,-498.863
18.446,-0.000,0.567,-0.381,45.002,2.805,21.830,-0.300,-0.084,-0.300,-498.863,-499.728,-498.863
18.450,-0.000,0.567,-0.381,45.002,2.805,21.830,-0.300,-0.084,-0.300,-498.863,-499.728,-498.863
18.454,-0.000,0.567,-0.381,45.002,2.805,21.830,-0.300,-0.084,-0.300,-498.863,-499.728,-498.863
18.458,-0.000,0.567,-0.381,45.002,2.805,21.830,-0.300,-0.084,-0.300,-498.863,-499.728,-498.863
18.462,-0.000,0.567,-0.381,45.002,2.805,21.830,-0.300,-0.084,-0.300,-498.863,-499.728,-498.863
18.467,-0.000,0.567,-0.381,45.002,2.805,21.830,-0.300,-0.084,-0.300,-498.863,-499.728,-498.863
18.471,-0.000,0.567,-0.381,45.002,2.805,21.830,-0.300,-0.084,-0.300,-498.863,-499.728,-498.863
18.475,-0.000,0.567,-0.381,45.002,2.805,21.830,-0.300,-0.084,-0.300,-498.863,-499.728,-498.863
18.479,-0.000,0.567,-0.381,45.002,2.805,21.830,-0.300,-0.084,-0.300,-498.863,-499.728,-498.863
18.483,-0.000,0.567,-0.381,45.002,2.805,21.830,-0.300,-0.084,-0.300,-498.863,-499.728,-498.863
18.488,-0.000,0.567,-0.381,45.002,2.805,21.830,-0.300,-0.084,-0.300,-498.863,-499.728,-498.863
18.492,-0.000,0.567,-0.381,45.002,2.805,21.830,-0.300,-0.084,-0.300,-498.863,-499.728,-498.863
18.496,-0.000,0.567,-0.381,45.002,2.805,21.830,-0.300,-0.084,-0.300,-498.863,-499.728,-498.863
18.500,-0.000,0.567,-0.381,45.002,2.805,21.830,-0.300,-0.084,-0.300,-498.863,-499.728,-498.863
18.504,-0.000,0.567,-0.381,45.002,2.805,21.831,-0.300,-0.084,-0.300,-498.863,-499.728,-498.863
18.508,-0.000,0.567,-0.381,45.002,2.805,21.831,-0.300,-0.084,-0.300,-498.863,-499.728,-498.863
18.512,-0.000,0.567,-0.381,45.002,2.805,21.831,-0.300,-0.084,-0.300,-498.863,-499.728,-498.863
18.517,-0.000,0.567,-0.381,45.002,2.805,21.831,-0.300,-0.084,-0.300,-498.863,-499.728,-498.863
18.521,-0.000,0.567,-0.381,45.002,2.805,21.831,-0.300,-0.084,-0.300,-498.863,-499.728,-498.863
18.525,-0.000,0.567,-0.381,45.002,2.805,21.831,-0.300,-0.084,-0.300,-498.863,-499.728,-498.863
18.529,-0.000,0.567,-0.381,45.002,2.805,21.831,-0.300,-0.084,-0.300,-498.863,-499.728,-498.863
18.533,-0.000,0.567,-0.381,45.002,2.805,21.831,-0.300,-0.084,-0.300,-498.863,-499.728,-498.863
18.538,-0.000,0.567,-0.381,45.002,2.805,21.831,-0.300,-0.084,-0.300,-498.863,-499.728,-498.863
18.542,-0.000,0.567,-0.381,45.002,2.805,21.831,-0.300,-0.084,-0.300,-498.863,-499.728,-498.863
18.546,-0.000,0.567,-0.381,45.002,2.805,21.831,-0.300,-0.084,-0.300,-498.863,-499.728,-498.863
18.550,-0.000,0.567,-0.381,45.002,2.805,21.831,-0.300,-0.084,-0.300,-498.863,-499.728,-498.863
18.554,-0.000,0.567,-0.381,45.002,2.805,21.831,-0.300,-0.084,-0.300,-498.863,-499.728,-498.863
18.558,-0.000,0.567,-0.381,45.002,2.805,21.831,-0.300,-0.084,-0.300,-498.863,-499.728,-498.863
18.562,-0.000,0.567,-0.381,45.002,2.805,21.831,-0.300,-0.084,-0.300,-498.863,-499.728,-498.863
18.567,-0.000,0.567,-0.381,45.002,2.805,21.831,-0.300,-0.084,-0.300,-498.863,-499.728,-498.863
18.571,-0.000,0.567,-0.381,45.002,2.805,21.831,-0.300,-0.084,-0.300,-498.863,-499.728,-498.863
18.575,-0.000,0.567,-0.381,45.002,2.805,21.831,-0.300,-0.084,-0.300,-498.863,-499.728,-498.863
18.579,-0.000,0.567,-0.381,45.002,2.805,21.831,-0.300,-0.084,-0.300,-498.863,-499.728,-498.863
18.583,-0.000,0.567,-0.381,45.002,2.805,21.831,-0.300,-0.084,-0.300,-498.863,-499.728,-498.863
18.587,-0.000,0.567,-0.381,45.002,2.805,21.831,-0.300,-0.084,-0.300,-498.863,-499.728,-498.863
18.592,-0.000,0.567,-0.381,45.002,2.805,21.831,-0.300,-0.084,-0.300,-498.863,-499.728,-498.863
18.596,-0.000,0.567,-0.381,45.002,2.805,21.832,-0.300,-0.084,-0.300,-498.863,-499.728,-498.863
18.600,-0.000,0.567,-0.381,45.002,2.805,21.832,-0.300,-0.084,-0.300,-498.863,-499.728,-498.863
18.604,-0.000,0.567,-0.381,45.002,2.805,21.832,-0.300,-0.084,-0.300,-498.863,-499.728,-498.863
18.608,-0.000,0.567,-0.381,45.002,2.805,21.832,-0.300,-0.084,-0.300,-498.863,-499.728,-498.863
18.613,-0.000,0.567,-0.381,45.002,2.805,21.832,-0.300,-0.084,-0.300,-498.863,-499.728,-498.863
18.617,-0.000,0.567,-0.381,45.002,2.805,21.832,-0.300,-0.084,-0.300,-498.863,-499.728,-498.863
18.621,-0.000,0.567,-0.381,45.002,2.805,21.832,-0.300,-0.084,-0.300,-498.863,-499.728,-498.863
18.625,-0.000,0.567,-0.381,45.002,2.805,21.832,-0.300,-0.084,-0.300,-498.863,-499.728,-498.863
18.629,-0.000,0.567,-0.381,45.002,2.805,21.832,-0.300,-0.084,-0.300,-498.863,-499.728,-498.863
18.633,-0.000,0.567,-0.381,45.002,2.805,21.832,-0.300,-0.084,-0.300,-498.863,-499.728,-498.863
18.637,-0.000,0.567,-0.381,45.002,2.805,21.832,-0.300,-0.084,-0.300,-498.863,-499.728,-498.863
18.642,-0.000,0.567,-0.381,45.002,2.805,21.832,-0.300,-0.084,-0.300,-498.863,-499.728,-498.863
18.646,-0.000,0.567,-0.381,45.002,2.805,21.832,-0.300,-0.084,-0.300,-498.863,-499.728,-498.863
18.650,-0.000,0.567,-0.381,45.002,2.805,21.832,-0.300,-0.084,-0.300,-498.863,-499.728,-498.863
18.654,-0.000,0.567,-0.381,45.002,2.805,21.832,-0.300,-0.084,-0.300,-498.863,-499.728,-498.863
18.658,-0.000,0.567,-0.381,45.002,2.805,21.832,-0.300,-0.084,-0.300,-498.863,-499.728,-498.863
18.663,-0.000,0.567,-0.381,45.002,2.805,21.832,-0.300,-0.084,-0.300,-498.863,-499.728,-498.863
18.667,-0.000,0.567,-0.381,45.002,2.805,21.832,-0.300,-0.084,-0.300,-498.863,-499.728,-498.863
18.671,-0.000,0.567,-0.381,45.002,2.805,21.832,-0.300,-0.084,-0.300,-498.863,-499.728,-498.863
18.675,-0.000,0.567,-0.381,45.002,2.805,21.832,-0.300,-0.084,-0.300,-498.863,-499.728,-498.863
18.679,-0.000,0.567,-0.381,45.002,2.805,21.832,-0.300,-0.084,-0.300,-498.863,-499.728,-498.863
18.683,-0.000,0.567,-0.381,45.002,2.805,21.832,-0.300,-0.084,-0.300,-498.863,-499.728,-498.863
18.688,-0.000,0.567,-0.381,45.002,2.805,21.832,-0.300,-0.084,-0.300,-498.863,-499.728,-498.863
18.692,-0.000,0.567,-0.381,45.002,2.805,21.833,-0.300,-0.084,-0.300,-498.863,-499.728,-498.863
18.696,-0.000,0.567,-0.381,45.002,2.805,21.833,-0.300,-0.084,-0.300,-498.863,-499.728,-498.863
18.700,-0.000,0.567,-0.381,45.002,2.805,21.833,-0.300,-0.084,-0.300,-498.863,-499.728,-498.863
18.704,-0.000,0.567,-0.381,45.002,2.805,21.833,-0.300,-0.084,-0.300,-498.863,-499.728,-498.863
18.708,-0.000,0.567,-0.381,45.002,2.805,21.833,-0.300,-0.084,-0.300,-498.863,-499.728,-498.863
18.712,-0.000,0.567,-0.381,45.002,2.805,21.833,-0.300,-0.084,-0.300,-498.863,-499.728,-498.863
18.717,-0.000,0.567,-0.381,45.002,2.805,21.833,-0.300,-0.084,-0.300,-498.863,-499.728,-498.863
18.721,-0.000,0.567,-0.381,45.002,2.805,21.833,-0.300,-0.084,-0.300,-498.863,-499.728,-498.863
18.725,-0.000,0.567,-0.381,45.002,2.805,21.833,-0.300,-0.084,-0.300,-498.863,-499.728,-498.863
18.729,-0.000,0.567,-0.381,45.002,2.805,21.833,-0.300,-0.084,-0.300,-498.863,-499.728,-498.863
18.733,-0.000,0.567,-0.381,45.002,2.805,21.833,-0.300,-0.084,-0.300,-498.863,-499.728,-498.863
18.738,-0.000,0.567,-0.381,45.002,2.805,21.833,-0.300,-0.084,-0.300,-498.863,-499.728,-498.863
18.742,-0.000,0.567,-0.381,45.002,2.805,21.833,-0.300,-0.084,-0.300,-498.863,-499.728,-498.863
18.746,-0.000,0.567,-0.381,45.002,2.805,21.833,-0.300,-0.084,-0.300,-498.863,-499.728,-498.863
18.750,-0.000,0.567,-0.381,45.002,2.805,21.833,-0.300,-0.084,-0.300,-498.863,-499.728,-498.863
18.754,-0.000,0.567,-0.381,45.002,2.805,21.833,-0.300,-0.084,-0.300,-498.863,-499.728,-498.863
18.758,-0.000,0.567,-0.381,45.002,2.805,21.833,-0.300,-0.084,-0.300,-498.863,-499.728,-498.863
18.762,-0.000,0.567,-0.381,45.002,2.805,21.833,-0.300,-0.084,-0.300,-498.863,-499.728,-498.863
18.767,-0.000,0.567,-0.381,45.002,2.805,21.833,-0.300,-0.084,-0.300,-498.863,-499.728,-498.863
18.771,-0.000,0.567,-0.381,45.002,2.805,21.833,-0.300,-0.084,-0.300,-498.863,-499.728,-498.863
18.775,-0.000,0.567,-0.381,45.002,2.805,21.833,-0.300,-0.084,-0.300,-498.863,-499.728,-498.863
18.779,-0.000,0.567,-0.381,45.002,2.805,21.833,-0.300,-0.084,-0.300,-498.863,-499.728,-498.863
18.783,-0.000,0.567,-0.381,45.002,2.805,21.833,-0.300,-0.084,-0.300,-498.863,-499.728,-498.863
18.788,-0.000,0.567,-0.381,45.002,2.805,21.834,-0.300,-0.084,-0.300,-498.863,-499.728,-498.863
18.792,-0.000,0.567,-0.381,45.002,2.805,21.834,-0.300,-0.084,-0.300,-498.863,-499.728,-498.863
18.796,-0.000,0.567,-0.381,45.002,2.805,21.834,-0.300,-0.084,-0.300,-498.863,-499.728,-498.863
18.800,-0.000,0.567,-0.381,45.002,2.805,21.834,-0.300,-0.084,-0.300,-498.863,-499.728,-498.863
18.804,-0.000,0.567,-0.381,45.002,2.805,21.834,-0.300,-0.084,-0.300,-498.863,-499.728,-498.863
18.808,-0.000,0.567,-0.381,45.002,2.805,21.834,-0.300,-0.084,-0.300,-498.863,-499.728,-498.863
18.812,-0.000,0.567,-0.381,45.002,2.805,21.834,-0.300,-0.084,-0.300,-498.863,-499.728,-498.863
18.817,-0.000,0.567,-0.381,45.002,2.805,21.834,-0.300,-0.084,-0.300,-498.863,-499.728,-498.863
18.821,-0.000,0.567,-0.381,45.002,2.805,21.834,-0.300,-0.084,-0.300,-498.863,-499.728,-498.863
18.825,-0.000,0.567,-0.381,45.002,2.805,21.834,-0.300,-0.084,-0.300,-498.863,-499.728,-498.863
18.829,-0.000,0.567,-0.381,45.002,2.805,21.834,-0.300,-0.084,-0.300,-498.863,-499.728,-498.863
18.833,-0.000,0.567,-0.381,45.002,2.805,21.834,-0.300,-0.084,-0.300,-498.863,-499.728,-498.863
18.837,-0.000,0.567,-0.381,45.002,2.805,21.834,-0.300,-0.084,-0.300,-498.863,-499.728,-498.863
18.842,-0.000,0.567,-0.381,45.002,2.805,21.834,-0.300,-0.084,-0.300,-498.863,-499.728,-498.863
18.846,-0.000,0.567,-0.381,45.002,2.805,21.834,-0.300,-0.084,-0.300,-498.863,-499.728,-498.863
18.850,-0.000,0.567,-0.381,45.002,2.805,21.834,-0.300,-0.084,-0.300,-498.863,-499.728,-498.863
18.854,-0.000,0.567,-0.381,45.002,2.805,21.834,-0.300,-0.084,-0.300,-498.863,-499.728,-498.863
18.858,-0.000,0.567,-0.381,45.002,2.805,21.834,-0.300,-0.084,-0.300,-498.863,-499.728,-498.863
18.863,-0.000,0.567,-0.381,45.002,2.805,21.834,-0.300,-0.084,-0.300,-498.863,-499.728,-498.863
18.867,-0.000,0.567,-0.381,45.002,2.805,21.834,-0.300,-0.084,-0.300,-498.863,-499.728,-498.863
18.871,-0.000,0.567,-0.381,45.002,2.805,21.834,-0.300,-0.084,-0.300,-498.863,-499.728,-498.863
18.875,-0.000,0.567,-0.381,45.002,2.805,21.834,-0.300,-0.084,-0.300,-498.863,-499.728,-498.863
18.879,-0.000,0.567,-0.381,45.002,2.805,21.835,-0.300,-0.084,-0.300,-498.863,-499.728,-498.863
18.883,-0.000,0.567,-0.381,45.002,2.805,21.835,-0.300,-0.084,-0.300,-498.863,-499.728,-498.863
18.887,-0.000,0.567,-0.381,45.002,2.805,21.835,-0.300,-0.084,-0.300,-498.863,-499.728,-498.863
18.892,-0.000,0.567,-0.381,45.002,2.805,21.835,-0.300,-0.084,-0.300,-498.863,-499.728,-498.863
18.896,-0.000,0.567,-0.381,45.002,2.805,21.835,-0.300,-0.084,-0.300,-498.863,-499.728,-498.863
18.900,-0.000,0.567,-0.381,45.002,2.805,21.835,-0.300,-0.084,-0.300,-498.863,-499.728,-498.863
18.904,-0.000,0.567,-0.381,45.002,2.805,21.835,-0.300,-0.084,-0.300,-498.863,-499.728,-498.863
18.908,-0.000,0.567,-0.381,45.002,2.805,21.835,-0.300,-0.084,-0.300,-498.863,-499.728,-498.863
18.913,-0.000,0.567,-0.381,45.002,2.805,21.835,-0.300,-0.084,-0.300,-498.863,-499.728,-498.863
18.917,-0.000,0.567,-0.381,45.002,2.805,21.835,-0.300,-0.084,-0.300,-498.863,-499.728,-498.863
18.921,-0.000,0.567,-0.381,45.002,2.805,21.835,-0.300,-0.084,-0.300,-498.863,-499.728,-498.863
18.925,-0.000,0.567,-0.381,45.002,2.805,21.835,-0.300,-0.084,-0.300,-498.863,-499.728,-498.863
18.929,-0.000,0.567,-0.381,45.002,2.805,21.835,-0.300,-0.084,-0.300,-498.863,-499.728,-498.863
18.933,-0.000,0.567,-0.381,45.002,2.805,21.835,-0.300,-0.084,-0.300,-498.863,-499.728,-498.863
18.938,-0.000,0.567,-0.381,45.002,2.805,21.835,-0.300,-0.084,-0.300,-498.863,-499.728,-498.863
18.942,-0.000,0.567,-0.381,45.002,2.805,21.835,-0.300,-0.084,-0.300,-498.863,-499.728,-498.863
18.946,-0.000,0.567,-0.381,45.002,2.805,21.835,-0.300,-0.084,-0.300,-498.863,-499.728,-498.863
18.950,-0.000,0.567,-0.381,45.002,2.805,21.835,-0.300,-0.084,-0.300,-498.863,-499.728,-498.863
18.954,-0.000,0.567,-0.381,45.002,2.805,21.835,-0.300,-0.084,-0.300,-498.863,-499.728,-498.863
18.958,-0.000,0.567,-0.381,45.002,2.805,21.835,-0.300,-0.084,-0.300,-498.863,-499.728,-498.863
18.962,-0.000,0.567,-0.381,45.002,2.805,21.835,-0.300,-0.084,-0.300,-498.863,-499.728,-498.863
18.967,-0.000,0.567,-0.381,45.002,2.805,21.835,-0.300,-0.084,-0.300,-498.863,-499.728,-498.863
18.971,-0.000,0.567,-0.381,45.002,2.805,21.835,-0.300,-0.084,-0.300,-498.863,-499.728,-498.863
18.975,-0.000,0.567,-0.381,45.002,2.805,21.836,-0.300,-0.084,-0.300,-498.863,-499.728,-498.863
18.979,-0.000,0.567,-0.381,45.002,2.805,21.836,-0.300,-0.084,-0.300,-498.863,-499.728,-498.863
18.983,-0.000,0.567,-0.381,45.002,2.805,21.836,-0.300,-0.084,-0.300,-498.863,-499.728,-498.863
18.988,-0.000,0.567,-0.381,45.002,2.805,21.836,-0.300,-0.084,-0.300,-498.863,-499.728,-498.863
18.992,-0.000,0.567,-0.381,45.002,2.805,21.836,-0.300,-0.084,-0.300,-498.863,-499.728,-498.863
18.996,-0.000,0.567,-0.381,45.002,2.805,21.836,-0.300,-0.084,-0.300,-498.863,-499.728,-498.863
19.000,-0.000,0.567,-0.381,45.002,2.805,21.836,-0.300,-0.084,-0.300,-498.863,-499.728,-498.863
19.004,-0.000,0.567,-0.381,45.002,2.805,21.836,-0.300,-0.084,-0.300,-498.863,-499.728,-498.863
19.008,-0.000,0.567,-0.381,45.002,2.805,21.836,-0.300,-0.084,-0.300,-498.863,-499.728,-498.863
19.012,-0.000,0.567,-0.381,45.002,2.805,21.836,-0.300,-0.084,-0.300,-498.863,-499.728,-498.863
19.017,-0.000,0.567,-0.381,45.002,2.805,21.836,-0.300,-0.084,-0.300,-498.863,-499.728,-498.863
19.021,-0.000,0.567,-0.381,45.002,2.805,21.836,-0.300,-0.084,-0.300,-498.863,-499.728,-498.863
19.025,-0.000,0.567,-0.381,45.002,2.805,21.836,-0.300,-0.084,-0.300,-498.863,-499.728,-498.863
19.029,-0.000,0.567,-0.381,45.002,2.805,21.836,-0.300,-0.084,-0.300,-498.863,-499.728,-498.863
19.033,-0.000,0.567,-0.381,45.002,2.805,21.836,-0.300,-0.084,-0.300,-498.863,-499.728,-498.863
19.038,-0.000,0.567,-0.381,45.002,2.805,21.836,-0.300,-0.084,-0.300,-498.863,-499.728,-498.863
19.042,-0.000,0.567,-0.381,45.002,2.805,21.836,-0.300,-0.084,-0.300,-498.863,-499.728,-498.863
19.046,-0.000,0.567,-0.381,45.002,2.805,21.836,-0.300,-0.084,-0.300,-498.863,-499.728,-498.863
19.050,-0.000,0.567,-0.381,45.002,2.805,21.836,-0.300,-0.084,-0.300,-498.863,-499.728,-498.863
19.054,-0.000,0.567,-0.381,45.002,2.805,21.836,-0.300,-0.084,-0.300,-498.863,-499.728,-498.863
19.058,-0.000,0.567,-0.381,45.002,2.805,21.836,-0.300,-0.084,-0.300,-498.863,-499.728,-498.863
19.062,-0.000,0.567,-0.381,45.002,2.805,21.836,-0.300,-0.084,-0.300,-498.863,-499.728,-498.863
19.067,-0.000,0.567,-0.381,45.002,2.805,21.836,-0.300,-0.084,-0.300,-498.863,-499.728,-498.863
19.071,-0.000,0.567,-0.381,45.002,2.805,21.837,-0.300,-0.084,-0.300,-498.863,-499.728,-498.863
19.075,-0.000,0.567,-0.381,45.002,2.805,21.837,-0.300,-0.084,-0.300,-498.863,-499.728,-498.863
19.079,-0.000,0.567,-0.381,45.002,2.805,21.837,-0.300,-0.084,-0.300,-498.863,-499.728,-498.863
19.083,-0.000,0.567,-0.381,45.002,2.805,21.837,-0.300,-0.084,-0.300,-498.863,-499.728,-498.863
19.087,-0.000,0.567,-0.381,45.002,2.805,21.837,-0.300,-0.084,-0.300,-498.863,-499.728,-498.863
19.092,-0.000,0.567,-0.381,45.002,2.805,21.837,-0.300,-0.084,-0.300,-498.863,-499.728,-498.863
19.096,-0.000,0.567,-0.381,45.002,2.805,21.837,-0.300,-0.084,-0.300,-498.863,-499.728,-498.863
19.100,-0.000,0.567,-0.381,45.002,2.805,21.837,-0.300,-0.084,-0.300,-498.863,-499.728,-498.863
19.104,-0.000,0.567,-0.381,45.002,2.805,21.837,-0.300,-0.084,-0.300,-498.863,-499.728,-498.863
19.108,-0.000,0.567,-0.381,45.002,2.805,21.837,-0.300,-0.084,-0.300,-498.863,-499.728,-498.863
19.113,-0.000,0.567,-0.381,45.002,2.805,21.837,-0.300,-0.084,-0.300,-498.863,-499.728,-498.863
19.117,-0.000,0.567,-0.381,45.002,2.805,21.837,-0.300,-0.084,-0.300,-498.863,-499.728,-498.863
19.121,-0.000,0.567,-0.381,45.002,2.805,21.837,-0.300,-0.084,-0.300,-498.863,-499.728,-498.863
19.125,-0.000,0.567,-0.381,45.002,2.805,21.837,-0.300,-0.084,-0.300,-498.863,-499.728,-498.863
19.129,-0.000,0.567,-0.381,45.002,2.805,21.837,-0.300,-0.084,-0.300,-498.863,-499.728,-498.863
19.133,-0.000,0.567,-0.381,45.002,2.805,21.837,-0.300,-0.084,-0.300,-498.863,-499.728,-498.863
19.137,-0.000,0.567,-0.381,45.002,2.805,21.837,-0.300,-0.084,-0.300,-498.863,-499.728,-498.863
19.142,-0.000,0.567,-0.381,45.002,2.805,21.837,-0.300,-0.084,-0.300,-498.863,-499.728,-498.863
19.146,-0.000,0.567,-0.381,45.002,2.805,21.837,-0.300,-0.084,-0.300,-498.863,-499.728,-498.863
19.150,-0.000,0.567,-0.381,45.002,2.805,21.837,-0.300,-0.084,-0.300,-498.863,-499.728,-498.863
19.154,-0.000,0.567,-0.381,45.002,2.805,21.837,-0.300,-0.084,-0.300,-498.863,-499.728,-498.863
19.158,-0.000,0.567,-0.381,45.002,2.805,21.837,-0.300,-0.084,-0.300,-498.863,-499.728,-498.863
19.163,-0.000,0.567,-0.381,45.002,2.805,21.838,-0.300,-0.084,-0.300,-498.863,-499.728,-498.863
19.167,-0.000,0.567,-0.381,45.002,2.805,21.838,-0.300,-0.084,-0.300,-498.863,-499.728,-498.863
19.171,-0.000,0.567,-0.381,45.002,2.805,21.838,-0.300,-0.084,-0.300,-498.863,-499.728,-498.863
19.175,-0.000,0.567,-0.381,45.002,2.805,21.838,-0.300,-0.084,-0.300,-498.863,-499.728,-498.863
19.179,-0.000,0.567,-0.381,45.002,2.805,21.838,-0.300,-0.084,-0.300,-498.863,-499.728,-498.863
19.183,-0.000,0.567,-0.381,45.002,2.805,21.838,-0.300,-0.084,-0.300,-498.863,-499.728,-498.863
19.188,-0.000,0.567,-0.381,45.002,2.805,21.838,-0.300,-0.084,-0.300,-498.863,-499.728,-498.863
19.192,-0.000,0.567,-0.381,45.002,2.805,21.838,-0.300,-0.084,-0.300,-498.863,-499.728,-498.863
19.196,-0.000,0.567,-0.381,45.002,2.805,21.838,-0.300,-0.084,-0.300,-498.863,-499.728,-498.863
19.200,-0.000,0.567,-0.381,45.002,2.805,21.838,-0.300,-0.084,-0.300,-498.863,-499.728,-498.863
19.204,-0.000,0.567,-0.381,45.002,2.805,21.838,-0.300,-0.084,-0.300,-498.863,-499.728,-498.863
19.208,-0.000,0.567,-0.381,45.002,2.805,21.838,-0.300,-0.084,-0.300,-498.863,-499.728,-498.863
19.212,-0.000,0.567,-0.381,45.002,2.805,21.838,-0.300,-0.084,-0.300,-498.863,-499.728,-498.863
19.217,-0.000,0.567,-0.381,45.002,2.805,21.838,-0.300,-0.084,-0.300,-498.863,-499.728,-498.863
19.221,-0.000,0.567,-0.381,45.002,2.805,21.838,-0.300,-0.084,-0.300,-498.863,-499.728,-498.863
19.225,-0.000,0.567,-0.381,45.002,2.805,21.838,-0.300,-0.084,-0.300,-498.863,-499.728,-498.863
19.229,-0.000,0.567,-0.381,45.002,2.805,21.838,-0.300,-0.084,-0.300,-498.863,-499.728,-498.863
19.233,-0.000,0.567,-0.381,45.002,2.805,21.838,-0.300,-0.084,-0.300,-498.863,-499.728,-498.863
19.238,-0.000,0.567,-0.381,45.002,2.805,21.838,-0.300,-0.084,-0.300,-498.863,-499.728,-498.863
19.242,-0.000,0.567,-0.381,45.002,2.805,21.838,-0.300,-0.084,-0.300,-498.863,-499.728,-498.863
19.246,-0.000,0.567,-0.381,45.002,2.805,21.838,-0.300,-0.084,-0.300,-498.863,-499.728,-498.863
19.250,-0.000,0.567,-0.381,45.002,2.805,21.838,-0.300,-0.084,-0.300,-498.863,-499.728,-498.863
19.254,-0.000,0.567,-0.381,45.002,2.805,21.838,-0.300,-0.084,-0.300,-498.863,-499.728,-498.863
19.258,-0.000,0.567,-0.381,45.002,2.805,21.839,-0.300,-0.084,-0.300,-498.863,-499.728,-498.863
19.262,-0.000,0.567,-0.381,45.002,2.805,21.839,-0.300,-0.084,-0.300,-498.863,-499.728,-498.863
19.267,-0.000,0.567,-0.381,45.002,2.805,21.839,-0.300,-0.084,-0.300,-498.863,-499.728,-498.863
19.271,-0.000,0.567,-0.381,45.002,2.805,21.839,-0.300,-0.084,-0.300,-498.863,-499.728,-498.863
19.275,-0.000,0.567,-0.381,45.002,2.805,21.839,-0.300,-0.084,-0.300,-498.863,-499.728,-498.863
19.279,-0.000,0.567,-0.381,45.002,2.805,21.839,-0.300,-0.084,-0.300,-498.863,-499.728,-498.863
19.283,-0.000,0.567,-0.381,45.002,2.805,21.839,-0.300,-0.084,-0.300,-498.863,-499.728,-498.863
19.288,-0.000,0.567,-0.381,45.002,2.805,21.839,-0.300,-0.084,-0.300,-498.863,-499.728,-498.863
19.292,-0.000,0.567,-0.381,45.002,2.805,21.839,-0.300,-0.084,-0.300,-498.863,-499.728,-498.863
19.296,-0.000,0.567,-0.381,45.002,2.805,21.839,-0.300,-0.084,-0.300,-498.863,-499.728,-498.863
19.300,-0.000,0.567,-0.381,45.002,2.805,21.839,-0.300,-0.084,-0.300,-498.863,-499.728,-498.863
19.304,-0.000,0.567,-0.381,45.002,2.805,21.839,-0.300,-0.084,-0.300,-498.863,-499.728,-498.863
19.308,-0.000,0.567,-0.381,45.002,2.805,21.839,-0.300,-0.084,-0.300,-498.863,-499.728,-498.863
19.312,-0.000,0.567,-0.381,45.002,2.805,21.839,-0.300,-0.084,-0.300,-498.863,-499.728,-498.863
19.317,-0.000,0.567,-0.381,45.002,2.805,21.839,-0.300,-0.084,-0.300,-498.863,-499.728,-498.863
19.321,-0.000,0.567,-0.381,45.002,2.805,21.839,-0.300,-0.084,-0.300,-498.863,-499.728,-498.863
19.325,-0.000,0.567,-0.381,45.002,2.805,21.839,-0.300,-0.084,-0.300,-498.863,-499.728,-498.863
19.329,-0.000,0.567,-0.381,45.002,2.805,21.839,-0.300,-0.084,-0.300,-498.863,-499.728,-498.863
19.333,-0.000,0.567,-0.381,45.002,2.805,21.839,-0.300,-0.084,-0.300,-498.863,-499.728,-498.863
19.337,-0.000,0.567,-0.381,45.002,2.805,21.839,-0.300,-0.084,-0.300,-498.863,-499.728,-498.863
19.342,-0.000,0.567,-0.381,45.002,2.805,21.839,-0.300,-0.084,-0.300,-498.863,-499.728,-498.863
19.346,-0.000,0.567,-0.381,45.002,2.805,21.839,-0.300,-0.084,-0.300,-498.863,-499.728,-498.863
19.350,-0.000,0.567,-0.381,45.002,2.805,21.839,-0.300,-0.084,-0.300,-498.863,-499.728,-498.863
19.354,-0.000,0.567,-0.381,45.002,2.805,21.840,-0.300,-0.084,-0.300,-498.863,-499.728,-498.863
19.358,-0.000,0.567,-0.381,45.002,2.805,21.840,-0.300,-0.084,-0.300,-498.863,-499.728,-498.863
19.363,-0.000,0.567,-0.381,45.002,2.805,21.840,-0.300,-0.084,-0.300,-498.863,-499.728,-498.863
19.367,-0.000,0.567,-0.381,45.002,2.805,21.840,-0.300,-0.084,-0.300,-498.863,-499.728,-498.863
19.371,-0.000,0.567,-0.381,45.002,2.805,21.840,-0.300,-0.084,-0.300,-498.863,-499.728,-498.863
19.375,-0.000,0.567,-0.381,45.002,2.805,21.840,-0.300,-0.084,-0.300,-498.863,-499.728,-498.863
19.379,-0.000,0.567,-0.381,45.002,2.805,21.840,-0.300,-0.084,-0.300,-498.863,-499.728,-498.863
19.383,-0.000,0.567,-0.381,45.002,2.805,21.840,-0.300,-0.084,-0.300,-498.863,-499.728,-498.863
19.387,-0.000,0.567,-0.381,45.002,2.805,21.840,-0.300,-0.084,-0.300,-498.863,-499.728,-498.863
19.392,-0.000,0.567,-0.381,45.002,2.805,21.840,-0.300,-0.084,-0.300,-498.863,-499.728,-498.863
19.396,-0.000,0.567,-0.381,45.002,2.805,21.840,-0.300,-0.084,-0.300,-498.863,-499.728,-498.863
19.400,-0.000,0.567,-0.381,45.002,2.805,21.840,-0.300,-0.084,-0.300,-498.863,-499.728,-498.863
19.404,-0.000,0.567,-0.381,45.002,2.805,21.840,-0.300,-0.084,-0.300,-498.863,-499.728,-498.863
19.408,-0.000,0.567,-0.381,45.002,2.805,21.840,-0.300,-0.084,-0.300,-498.863,-499.728,-498.863
19.413,-0.000,0.567,-0.381,45.002,2.805,21.840,-0.300,-0.084,-0.300,-498.863,-499.728,-498.863
19.417,-0.000,0.567,-0.381,45.002,2.805,21.840,-0.300,-0.084,-0.300,-498.863,-499.728,-498.863
19.421,-0.000,0.567,-0.381,45.002,2.805,21.840,-0.300,-0.084,-0.300,-498.863,-499.728,-498.863
19.425,-0.000,0.567,-0.381,45.002,2.805,21.840,-0.300,-0.084,-0.300,-498.863,-499.728,-498.863
19.429,-0.000,0.567,-0.381,45.002,2.805,21.840,-0.300,-0.084,-0.300,-498.863,-499.728,-498.863
19.433,-0.000,0.567,-0.381,45.002,2.805,21.840,-0.300,-0.084,-0.300,-498.863,-499.728,-498.863
19.438,-0.000,0.567,-0.381,45.002,2.805,21.840,-0.300,-0.084,-0.300,-498.863,-499.728,-498.863
19.442,-0.000,0.567,-0.381,45.002,2.805,21.840,-0.300,-0.084,-0.300,-498.863,-499.728,-498.863
19.446,-0.000,0.567,-0.381,45.002,2.805,21.841,-0.300,-0.084,-0.300,-498.863,-499.728,-498.863
19.450,-0.000,0.567,-0.381,45.002,2.805,21.841,-0.300,-0.084,-0.300,-498.863,-499.728,-498.863
19.454,-0.000,0.567,-0.381,45.002,2.805,21.841,-0.300,-0.084,-0.300,-498.863,-499.728,-498.863
19.458,-0.000,0.567,-0.381,45.002,2.805,21.841,-0.300,-0.084,-0.300,-498.863,-499.728,-498.863
19.462,-0.000,0.567,-0.381,45.002,2.805,21.841,-0.300,-0.084,-0.300,-498.863,-499.728,-498.863
19.467,-0.000,0.567,-0.381,45.002,2.805,21.841,-0.300,-0.084,-0.300,-498.863,-499.728,-498.863
19.471,-0.000,0.567,-0.381,45.002,2.805,21.841,-0.300,-0.084,-0.300,-498.863,-499.728,-498.863
19.475,-0.000,0.567,-0.381,45.002,2.805,21.841,-0.300,-0.084,-0.300,-498.863,-499.728,-498.863
19.479,-0.000,0.567,-0.381,45.002,2.805,21.841,-0.300,-0.084,-0.300,-498.863,-499.728,-498.863
19.483,-0.000,0.567,-0.381,45.002,2.805,21.841,-0.300,-0.084,-0.300,-498.863,-499.728,-498.863
19.488,-0.000,0.567,-0.381,45.002,2.805,21.841,-0.300,-0.084,-0.300,-498.863,-499.728,-498.863
19.492,-0.000,0.567,-0.381,45.002,2.805,21.841,-0.300,-0.084,-0.300,-498.863,-499.728,-498.863
19.496,-0.000,0.567,-0.381,45.002,2.805,21.841,-0.300,-0.084,-0.300,-498.863,-499.728,-498.863
19.500,-0.000,0.567,-0.381,45.002,2.805,21.841,-0.300,-0.084,-0.300,-498.863,-499.728,-498.863
19.504,-0.000,0.567,-0.381,45.002,2.805,21.841,-0.300,-0.084,-0.300,-498.863,-499.728,-498.863
19.508,-0.000,0.567,-0.381,45.002,2.805,21.841,-0.300,-0.084,-0.300,-498.863,-499.728,-498.863
19.512,-0.000,0.567,-0.381,45.002,2.805,21.841,-0.300,-0.084,-0.300,-498.863,-499.728,-498.863
19.517,-0.000,0.567,-0.381,45.002,2.805,21.841,-0.300,-0.084,-0.300,-498.863,-499.728,-498.863
19.521,-0.000,0.567,-0.381,45.002,2.805,21.841,-0.300,-0.084,-0.300,-498.863,-499.728,-498.863
19.525,-0.000,0.567,-0.381,45.002,2.805,21.841,-0.300,-0.084,-0.300,-498.863,-499.728,-498.863
19.529,-0.000,0.567,-0.381,45.002,2.805,21.841,-0.300,-0.084,-0.300,-498.863,-499.728,-498.863
19.533,-0.000,0.567,-0.381,45.002,2.805,21.841,-0.300,-0.084,-0.300,-498.863,-499.728,-498.863
19.538,-0.000,0.567,-0.381,45.002,2.805,21.841,-0.300,-0.084,-0.300,-498.863,-499.728,-498.863
19.542,-0.000,0.567,-0.381,45.002,2.805,21.842,-0.300,-0.084,-0.300,-498.863,-499.728,-498.863
19.546,-0.000,0.567,-0.381,45.002,2.805,21.842,-0.300,-0.084,-0.300,-498.863,-499.728,-498.863
19.550,-0.000,0.567,-0.381,45.002,2.805,21.842,-0.300,-0.084,-0.300,-498.863,-499.728,-498.863
19.554,-0.000,0.567,-0.381,45.002,2.805,21.842,-0.300,-0.084,-0.300,-498.863,-499.728,-498.863
19.558,-0.000,0.567,-0.381,45.002,2.805,21.842,-0.300,-0.084,-0.300,-498.863,-499.728,-498.863
19.562,-0.000,0.567,-0.381,45.002,2.805,21.842,-0.300,-0.084,-0.300,-498.863,-499.728,-498.863
19.567,-0.000,0.567,-0.381,45.002,2.805,21.842,-0.300,-0.084,-0.300,-498.863,-499.728,-498.863
19.571,-0.000,0.567,-0.381,45.002,2.805,21.842,-0.300,-0.084,-0.300,-498.863,-499.728,-498.863
19.575,-0.000,0.567,-0.381,45.002,2.805,21.842,-0.300,-0.084,-0.300,-498.863,-499.728,-498.863
19.579,-0.000,0.567,-0.381,45.002,2.805,21.842,-0.300,-0.084,-0.300,-498.863,-499.728,-498.863
19.583,-0.000,0.567,-0.381,45.002,2.805,21.842,-0.300,-0.084,-0.300,-498.863,-499.728,-498.863
19.587,-0.000,0.567,-0.381,45.002,2.805,21.842,-0.300,-0.084,-0.300,-498.863,-499.728,-498.863
19.592,-0.000,0.567,-0.381,45.002,2.805,21.842,-0.300,-0.084,-0.300,-498.863,-499.728,-498.863
19.596,-0.000,0.567,-0.381,45.002,2.805,21.842,-0.300,-0.084,-0.300,-498.863,-499.728,-498.863
19.600,-0.000,0.567,-0.381,45.002,2.805,21.842,-0.300,-0.084,-0.300,-498.863,-499.728,-498.863
19.604,-0.000,0.567,-0.381,45.002,2.805,21.842,-0.300,-0.084,-0.300,-498.863,-499.728,-498.863
19.608,-0.000,0.567,-0.381,45.002,2.805,21.842,-0.300,-0.084,-0.300,-498.863,-499.728,-498.863
19.613,-0.000,0.567,-0.381,45.002,2.805,21.842,-0.300,-0.084,-0.300,-498.863,-499.728,-498.863
19.617,-0.000,0.567,-0.381,45.002,2.805,21.842,-0.300,-0.084,-0.300,-498.863,-499.728,-498.863
19.621,-0.000,0.567,-0.381,45.002,2.805,21.842,-0.300,-0.084,-0.300,-498.863,-499.728,-498.863
19.625,-0.000,0.567,-0.381,45.002,2.805,21.842,-0.300,-0.084,-0.300,-498.863,-499.728,-498.863
19.629,-0.000,0.567,-0.381,45.002,2.805,21.842,-0.300,-0.084,-0.300,-498.863,-499.728,-498.863
19.633,-0.000,0.567,-0.381,45.002,2.805,21.842,-0.300,-0.084,-0.300,-498.863,-499.728,-498.863
19.637,-0.000,0.567,-0.381,45.002,2.805,21.843,-0.300,-0.084,-0.300,-498.863,-499.728,-498.863
19.642,-0.000,0.567,-0.381,45.002,2.805,21.843,-0.300,-0.084,-0.300,-498.863,-499.728,-498.863
19.646,-0.000,0.567,-0.381,45.002,2.805,21.843,-0.300,-0.084,-0.300,-498.863,-499.728,-498.863
19.650,-0.000,0.567,-0.381,45.002,2.805,21.843,-0.300,-0.084,-0.300,-498.863,-499.728,-498.863
19.654,-0.000,0.567,-0.381,45.002,2.805,21.843,-0.300,-0.084,-0.300,-498.863,-499.728,-498.863
19.658,-0.000,0.567,-0.381,45.002,2.805,21.843,-0.300,-0.084,-0.300,-498.863,-499.728,-498.863
19.663,-0.000,0.567,-0.381,45.002,2.805,21.843,-0.300,-0.084,-0.300,-498.863,-499.728,-498.863
19.667,-0.000,0.567,-0.381,45.002,2.805,21.843,-0.300,-0.084,-0.300,-498.863,-499.728,-498.863
19.671,-0.000,0.567,-0.381,45.002,2.805,21.843,-0.300,-0.084,-0.300,-498.863,-499.728,-498.863
19.675,-0.000,0.567,-0.381,45.002,2.805,21.843,-0.300,-0.084,-0.300,-498.863,-499.728,-498.863
19.679,-0.000,0.567,-0.381,45.002,2.805,21.843,-0.300,-0.084,-0.300,-498.863,-499.728,-498.863
19.683,-0.000,0.567,-0.381,45.002,2.805,21.843,-0.300,-0.084,-0.300,-498.863,-499.728,-498.863
19.688,-0.000,0.567,-0.381,45.002,2.805,21.843,-0.300,-0.084,-0.300,-498.863,-499.728,-498.863
19.692,-0.000,0.567,-0.381,45.002,2.805,21.843,-0.300,-0.084,-0.300,-498.863,-499.728,-498.863
19.696,-0.000,0.567,-0.381,45.002,2.805,21.843,-0.300,-0.084,-0.300,-498.863,-499.728,-498.863
19.700,-0.000,0.567,-0.381,45.002,2.805,21.843,-0.300,-0.084,-0.300,-498.863,-499.728,-498.863
19.704,-0.000,0.567,-0.381,45.002,2.805,21.843,-0.300,-0.084,-0.300,-498.863,-499.728,-498.863
19.708,-0.000,0.567,-0.381,45.002,2.805,21.843,-0.300,-0.084,-0.300,-498.863,-499.728,-498.863
19.712,-0.000,0.567,-0.381,45.002,2.805,21.843,-0.300,-0.084,-0.300,-498.863,-499.728,-498.863
19.717,-0.000,0.567,-0.381,45.002,2.805,21.843,-0.300,-0.084,-0.300,-498.863,-499.728,-498.863
19.721,-0.000,0.567,-0.381,45.002,2.805,21.843,-0.300,-0.084,-0.300,-498.863,-499.728,-498.863
19.725,-0.000,0.567,-0.381,45.002,2.805,21.843,-0.300,-0.084,-0.300,-498.863,-499.728,-498.863
19.729,-0.000,0.567,-0.381,45.002,2.805,21.844,-0.300,-0.084,-0.300,-498.863,-499.728,-498.863
19.733,-0.000,0.567,-0.381,45.002,2.805,21.844,-0.300,-0.084,-0.300,-498.863,-499.728,-498.863
19.738,-0.000,0.567,-0.381,45.002,2.805,21.844,-0.300,-0.084,-0.300,-498.863,-499.728,-498.863
19.742,-0.000,0.567,-0.381,45.002,2.805,21.844,-0.300,-0.084,-0.300,-498.863,-499.728,-498.863
19.746,-0.000,0.567,-0.381,45.002,2.805,21.844,-0.300,-0.084,-0.300,-498.863,-499.728,-498.863
19.750,-0.000,0.567,-0.381,45.002,2.805,21.844,-0.300,-0.084,-0.300,-498.863,-499.728,-498.863
19.754,-0.000,0.567,-0.381,45.002,2.805,21.844,-0.300,-0.084,-0.300,-498.863,-499.728,-498.863
19.758,-0.000,0.567,-0.381,45.002,2.805,21.844,-0.300,-0.084,-0.300,-498.863,-499.728,-498.863
19.762,-0.000,0.567,-0.381,45.002,2.805,21.844,-0.300,-0.084,-0.300,-498.863,-499.728,-498.863
19.767,-0.000,0.567,-0.381,45.002,2.805,21.844,-0.300,-0.084,-0.300,-498.863,-499.728,-498.863
19.771,-0.000,0.567,-0.381,45.002,2.805,21.844,-0.300,-0.084,-0.300,-498.863,-499.728,-498.863
19.775,-0.000,0.567,-0.381,45.002,2.805,21.844,-0.300,-0.084,-0.300,-498.863,-499.728,-498.863
19.779,-0.000,0.567,-0.381,45.002,2.805,21.844,-0.300,-0.084,-0.300,-498.863,-499.728,-498.863
19.783,-0.000,0.567,-0.381,45.002,2.805,21.844,-0.300,-0.084,-0.300,-498.863,-499.728,-498.863
19.788,-0.000,0.567,-0.381,45.002,2.805,21.844,-0.300,-0.084,-0.300,-498.863,-499.728,-498.863
19.792,-0.000,0.567,-0.381,45.002,2.805,21.844,-0.300,-0.084,-0.300,-498.863,-499.728,-498.863
19.796,-0.000,0.567,-0.381,45.002,2.805,21.844,-0.300,-0.084,-0.300,-498.863,-499.728,-498.863
19.800,-0.000,0.567,-0.381,45.002,2.805,21.844,-0.300,-0.084,-0.300,-498.863,-499.728,-498.863
19.804,-0.000,0.567,-0.381,45.002,2.805,21.844,-0.300,-0.084,-0.300,-498.863,-499.728,-498.863
19.808,-0.000,0.567,-0.381,45.002,2.805,21.844,-0.300,-0.084,-0.300,-498.863,-499.728,-498.863
19.812,-0.000,0.567,-0.381,45.002,2.805,21.844,-0.300,-0.084,-0.300,-498.863,-499.728,-498.863
19.817,-0.000,0.567,-0.381,45.002,2.805,21.844,-0.300,-0.084,-0.300,-498.863,-499.728,-498.863
19.821,-0.000,0.567,-0.381,45.002,2.805,21.844,-0.300,-0.084,-0.300,-498.863,-499.728,-498.863
19.825,-0.000,0.567,-0.381,45.002,2.805,21.845,-0.300,-0.084,-0.300,-498.863,-499.728,-498.863
19.829,-0.000,0.567,-0.381,45.002,2.805,21.845,-0.300,-0.084,-0.300,-498.863,-499.728,-498.863
19.833,-0.000,0.567,-0.381,45.002,2.805,21.845,-0.300,-0.084,-0.300,-498.863,-499.728,-498.863
19.837,-0.000,0.567,-0.381,45.002,2.805,21.845,-0.300,-0.084,-0.300,-498.863,-499.728,-498.863
19.842,-0.000,0.567,-0.381,45.002,2.805,21.845,-0.300,-0.084,-0.300,-498.863,-499.728,-498.863
19.846,-0.000,0.567,-0.381,45.002,2.805,21.845,-0.300,-0.084,-0.300,-498.863,-499.728,-498.863
19.850,-0.000,0.567,-0.381,45.002,2.805,21.845,-0.300,-0.084,-0.300,-498.863,-499.728,-498.863
19.854,-0.000,0.567,-0.381,45.002,2.805,21.845,-0.300,-0.084,-0.300,-498.863,-499.728,-498.863
19.858,-0.000,0.567,-0.381,45.002,2.805,21.845,-0.300,-0.084,-0.300,-498.863,-499.728,-498.863
19.863,-0.000,0.567,-0.381,45.002,2.805,21.845,-0.300,-0.084,-0.300,-498.863,-499.728,-498.863
19.867,-0.000,0.567,-0.381,45.002,2.805,21.845,-0.300,-0.084,-0.300,-498.863,-499.728,-498.863
19.871,-0.000,0.567,-0.381,45.002,2.805,21.845,-0.300,-0.084,-0.300,-498.863,-499.728,-498.863
19.875,-0.000,0.567,-0.381,45.002,2.805,21.845,-0.300,-0.084,-0.300,-498.863,-499.728,-498.863
19.879,-0.000,0.567,-0.381,45.002,2.805,21.845,-0.300,-0.084,-0.300,-498.863,-499.728,-498.863
19.883,-0.000,0.567,-0.381,45.002,2.805,21.845,-0.300,-0.084,-0.300,-498.863,-499.728,-498.863
19.887,-0.000,0.567,-0.381,45.002,2.805,21.845,-0.300,-0.084,-0.300,-498.863,-499.728,-498.863
19.892,-0.000,0.567,-0.381,45.002,2.805,21.845,-0.300,-0.084,-0.300,-498.863,-499.728,-498.863
19.896,-0.000,0.567,-0.381,45.002,2.805,21.845,-0.300,-0.084,-0.300,-498.863,-499.728,-498.863
19.900,-0.000,0.567,-0.381,45.002,2.805,21.845,-0.300,-0.084,-0.300,-498.863,-499.728,-498.863
19.904,-0.000,0.567,-0.381,45.002,2.805,21.845,-0.300,-0.084,-0.300,-498.863,-499.728,-498.863
19.908,-0.000,0.567,-0.381,45.002,2.805,21.845,-0.300,-0.084,-0.300,-498.863,-499.728,-498.863
19.913,-0.000,0.567,-0.381,45.002,2.805,21.845,-0.300,-0.084,-0.300,-498.863,-499.728,-498.863
19.917,-0.000,0.567,-0.381,45.002,2.805,21.845,-0.300,-0.084,-0.300,-498.863,-499.728,-498.863
19.921,-0.000,0.567,-0.381,45.002,2.805,21.846,-0.300,-0.084,-0.300,-498.863,-499.728,-498.863
19.925,-0.000,0.567,-0.381,45.002,2.805,21.846,-0.300,-0.084,-0.300,-498.863,-499.728,-498.863
19.929,-0.000,0.567,-0.381,45.002,2.805,21.846,-0.300,-0.084,-0.300,-498.863,-499.728,-498.863
19.933,-0.000,0.567,-0.381,45.002,2.805,21.846,-0.300,-0.084,-0.300,-498.863,-499.728,-498.863
19.938,-0.000,0.567,-0.381,45.002,2.805,21.846,-0.300,-0.084,-0.300,-498.863,-499.728,-498.863
19.942,-0.000,0.567,-0.381,45.002,2.805,21.846,-0.300,-0.084,-0.300,-498.863,-499.728,-498.863
19.946,-0.000,0.567,-0.381,45.002,2.805,21.846,-0.300,-0.084,-0.300,-498.863,-499.728,-498.863
19.950,-0.000,0.567,-0.381,45.002,2.805,21.846,-0.300,-0.084,-0.300,-498.863,-499.728,-498.863
19.954,-0.000,0.567,-0.381,45.002,2.805,21.846,-0.300,-0.084,-0.300,-498.863,-499.728,-498.863
19.958,-0.000,0.567,-0.381,45.002,2.805,21.846,-0.300,-0.084,-0.300,-498.863,-499.728,-498.863
19.962,-0.000,0.567,-0.381,45.002,2.805,21.846,-0.300,-0.084,-0.300,-498.863,-499.728,-498.863
19.967,-0.000,0.567,-0.381,45.002,2.805,21.846,-0.300,-0.084,-0.300,-498.863,-499.728,-498.863
19.971,-0.000,0.567,-0.381,45.002,2.805,21.846,-0.300,-0.084,-0.300,-498.863,-499.728,-498.863
19.975,-0.000,0.567,-0.381,45.002,2.805,21.846,-0.300,-0.084,-0.300,-498.863,-499.728,-498.863
19.979,-0.000,0.567,-0.381,45.002,2.805,21.846,-0.300,-0.084,-0.300,-498.863,-499.728,-498.863
19.983,-0.000,0.567,-0.381,45.002,2.805,21.846,-0.300,-0.084,-0.300,-498.863,-499.728,-498.863
19.988,-0.000,0.567,-0.381,45.002,2.805,21.846,-0.300,-0.084,-0.300,-498.863,-499.728,-498.863
19.992,-0.000,0.567,-0.381,45.002,2.805,21.846,-0.300,-0.084,-0.300,-498.863,-499.728,-498.863
19.996,-0.000,0.567,-0.381,45.002,2.805,21.846,-0.300,-0.084,-0.300,-498.863,-499.728,-498.863
20.000,-0.000,0.567,-0.381,45.002,2.805,21.846,-0.300,-0.084,-0.300,-498.863,-499.728,-498.863
20.004,-0.000,0.567,-0.381,45.002,2.805,21.846,-0.300,-0.084,-0.300,-498.863,-499.728,-498.863
20.008,-0.000,0.567,-0.381,45.002,2.805,21.846,-0.300,-0.084,-0.300,-498.863,-499.728,-498.863
20.012,-0.000,0.567,-0.381,45.002,2.805,21.847,-0.300,-0.084,-0.300,-498.863,-499.728,-498.863
20.017,-0.000,0.567,-0.381,45.002,2.805,21.847,-0.300,-0.084,-0.300,-498.863,-499.728,-498.863
20.021,-0.000,0.567,-0.381,45.002,2.805,21.847,-0.300,-0.084,-0.300,-498.863,-499.728,-498.863
20.025,-0.000,0.567,-0.381,45.002,2.805,21.847,-0.300,-0.084,-0.300,-498.863,-499.728,-498.863
20.029,-0.000,0.567,-0.381,45.002,2.805,21.847,-0.300,-0.084,-0.300,-498.863,-499.728,-498.863
20.033,-0.000,0.567,-0.381,45.002,2.805,21.847,-0.300,-0.084,-0.300,-498.863,-499.728,-498.863
20.038,-0.000,0.567,-0.381,45.002,2.805,21.847,-0.300,-0.084,-0.300,-498.863,-499.728,-498.863
20.042,-0.000,0.567,-0.381,45.002,2.805,21.847,-0.300,-0.084,-0.300,-498.863,-499.728,-498.863
20.046,-0.000,0.567,-0.381,45.002,2.805,21.847,-0.300,-0.084,-0.300,-498.863,-499.728,-498.863
20.050,-0.000,0.567,-0.381,45.002,2.805,21.847,-0.300,-0.084,-0.300,-498.863,-499.728,-498.863
20.054,-0.000,0.567,-0.381,45.002,2.805,21.847,-0.300,-0.084,-0.300,-498.863,-499.728,-498.863
20.058,-0.000,0.567,-0.381,45.002,2.805,21.847,-0.300,-0.084,-0.300,-498.863,-499.728,-498.863
20.062,-0.000,0.567,-0.381,45.002,2.805,21.847,-0.300,-0.084,-0.300,-498.863,-499.728,-498.863
20.067,-0.000,0.567,-0.381,45.002,2.805,21.847,-0.300,-0.084,-0.300,-498.863,-499.728,-498.863
20.071,-0.000,0.567,-0.381,45.002,2.805,21.847,-0.300,-0.084,-0.300,-498.863,-499.728,-498.863
20.075,-0.000,0.567,-0.381,45.002,2.805,21.847,-0.300,-0.084,-0.300,-498.863,-499.728,-498.863
20.079,-0.000,0.567,-0.381,45.002,2.805,21.847,-0.300,-0.084,-0.300,-498.863,-499.728,-498.863
20.083,-0.000,0.567,-0.381,45.002,2.805,21.847,-0.300,-0.084,-0.300,-498.863,-499.728,-498.863
20.087,-0.000,0.567,-0.381,45.002,2.805,21.847,-0.300,-0.084,-0.300,-498.863,-499.728,-498.863
20.092,-0.000,0.567,-0.381,45.002,2.805,21.847,-0.300,-0.084,-0.300,-498.863,-499.728,-498.863
20.096,-0.000,0.567,-0.381,45.002,2.805,21.847,-0.300,-0.084,-0.300,-498.863,-499.728,-498.863
20.100,-0.000,0.567,-0.381,45.002,2.805,21.847,-0.300,-0.084,-0.300,-498.863,-499.728,-498.863
20.104,-0.000,0.567,-0.381,45.002,2.805,21.847,-0.300,-0.084,-0.300,-498.863,-499.728,-498.863
20.108,-0.000,0.567,-0.381,45.002,2.805,21.848,-0.300,-0.084,-0.300,-498.863,-499.728,-498.863
20.113,-0.000,0.567,-0.381,45.002,2.805,21.848,-0.300,-0.084,-0.300,-498.863,-499.728,-498.863
20.117,-0.000,0.567,-0.381,45.002,2.805,21.848,-0.300,-0.084,-0.300,-498.863,-499.728,-498.863
20.121,-0.000,0.567,-0.381,45.002,2.805,21.848,-0.300,-0.084,-0.300,-498.863,-499.728,-498.863
20.125,-0.000,0.567,-0.381,45.002,2.805,21.848,-0.300,-0.084,-0.300,-498.863,-499.728,-498.863
20.129,-0.000,0.567,-0.381,45.002,2.805,21.848,-0.300,-0.084,-0.300,-498.863,-499.728,-498.863
20.133,-0.000,0.567,-0.381,45.002,2.805,21.848,-0.300,-0.084,-0.300,-498.863,-499.728,-498.863
20.137,-0.000,0.567,-0.381,45.002,2.805,21.848,-0.300,-0.084,-0.300,-498.863,-499.728,-498.863
20.142,-0.000,0.567,-0.381,45.002,2.805,21.848,-0.300,-0.084,-0.300,-498.863,-499.728,-498.863
20.146,-0.000,0.567,-0.381,45.002,2.805,21.848,-0.300,-0.084,-0.300,-498.863,-499.728,-498.863
20.150,-0.000,0.567,-0.381,45.002,2.805,21.848,-0.300,-0.084,-0.300,-498.863,-499.728,-498.863
20.154,-0.000,0.567,-0.381,45.002,2.805,21.848,-0.300,-0.084,-0.300,-498.863,-499.728,-498.863
20.158,-0.000,0.567,-0.381,45.002,2.805,21.848,-0.300,-0.084,-0.300,-498.863,-499.728,-498.863
20.163,-0.000,0.567,-0.381,45.002,2.805,21.848,-0.300,-0.084,-0.300,-498.863,-499.728,-498.863
20.167,-0.000,0.567,-0.381,45.002,2.805,21.848,-0.300,-0.084,-0.300,-498.863,-499.728,-498.863
20.171,-0.000,0.567,-0.381,45.002,2.805,21.848,-0.300,-0.084,-0.300,-498.863,-499.728,-498.863
20.175,-0.000,0.567,-0.381,45.002,2.805,21.848,-0.300,-0.084,-0.300,-498.863,-499.728,-498.863
20.179,-0.000,0.567,-0.381,45.002,2.805,21.848,-0.300,-0.084,-0.300,-498.863,-499.728,-498.863
20.183,-0.000,0.567,-0.381,45.002,2.805,21.848,-0.300,-0.084,-0.300,-498.863,-499.728,-498.863
20.188,-0.000,0.567,-0.381,45.002,2.805,21.848,-0.300,-0.084,-0.300,-498.863,-499.728,-498.863
20.192,-0.000,0.567,-0.381,45.002,2.805,21.848,-0.300,-0.084,-0.300,-498.863,-499.728,-498.863
20.196,-0.000,0.567,-0.381,45.002,2.805,21.848,-0.300,-0.084,-0.300,-498.863,-499.728,-498.863
20.200,-0.000,0.567,-0.381,45.002,2.805,21.849,-0.300,-0.084,-0.300,-498.863,-499.728,-498.863
20.204,-0.000,0.567,-0.381,45.002,2.805,21.849,-0.300,-0.084,-0.300,-498.863,-499.728,-498.863
20.208,-0.000,0.567,-0.381,45.002,2.805,21.849,-0.300,-0.084,-0.300,-498.863,-499.728,-498.863
20.212,-0.000,0.567,-0.381,45.002,2.805,21.849,-0.300,-0.084,-0.300,-498.863,-499.728,-498.863
20.217,-0.000,0.567,-0.381,45.002,2.805,21.849,-0.300,-0.084,-0.300,-498.863,-499.728,-498.863
20.221,-0.000,0.567,-0.381,45.002,2.805,21.849,-0.300,-0.084,-0.300,-498.863,-499.728,-498.863
20.225,-0.000,0.567,-0.381,45.002,2.805,21.849,-0.300,-0.084,-0.300,-498.863,-499.728,-498.863
20.229,-0.000,0.567,-0.381,45.002,2.805,21.849,-0.300,-0.084,-0.300,-498.863,-499.728,-498.863
20.233,-0.000,0.567,-0.381,45.002,2.805,21.849,-0.300,-0.084,-0.300,-498.863,-499.728,-498.863
20.238,-0.000,0.567,-0.381,45.002,2.805,21.849,-0.300,-0.084,-0.300,-498.863,-499.728,-498.863
20.242,-0.000,0.567,-0.381,45.002,2.805,21.849,-0.300,-0.084,-0.300,-498.863,-499.728,-498.863
20.246,-0.000,0.567,-0.381,45.002,2.805,21.849,-0.300,-0.084,-0.300,-498.863,-499.728,-498.863
20.250,-0.000,0.567,-0.381,45.002,2.805,21.849,-0.300,-0.084,-0.300,-498.863,-499.728,-498.863
20.254,-0.000,0.567,-0.381,45.002,2.805,21.849,-0.300,-0.084,-0.300,-498.863,-499.728,-498.863
20.258,-0.000,0.567,-0.381,45.002,2.805,21.849,-0.300,-0.084,-0.300,-498.863,-499.728,-498.863
20.262,-0.000,0.567,-0.381,45.002,2.805,21.849,-0.300,-0.084,-0.300,-498.863,-499.728,-498.863
20.267,-0.000,0.567,-0.381,45.002,2.805,21.849,-0.300,-0.084,-0.300,-498.863,-499.728,-498.863
20.271,-0.000,0.567,-0.381,45.002,2.805,21.849,-0.300,-0.084,-0.300,-498.863,-499.728,-498.863
20.275,-0.000,0.567,-0.381,45.002,2.805,21.849,-0.300,-0.084,-0.300,-498.863,-499.728,-498.863
20.279,-0.000,0.567,-0.381,45.002,2.805,21.849,-0.300,-0.084,-0.300,-498.863,-499.728,-498.863
20.283,-0.000,0.567,-0.381,45.002,2.805,21.849,-0.300,-0.084,-0.300,-498.863,-499.728,-498.863
20.288,-0.000,0.567,-0.381,45.002,2.805,21.849,-0.300,-0.084,-0.300,-498.863,-499.728,-498.863
20.292,-0.000,0.567,-0.381,45.002,2.805,21.849,-0.300,-0.084,-0.300,-498.863,-499.728,-498.863
20.296,-0.000,0.567,-0.381,45.002,2.805,21.850,-0.300,-0.084,-0.300,-498.863,-499.728,-498.863
20.300,-0.000,0.567,-0.381,45.002,2.805,21.850,-0.300,-0.084,-0.300,-498.863,-499.728,-498.863
20.304,-0.000,0.567,-0.381,45.002,2.805,21.850,-0.300,-0.084,-0.300,-498.863,-499.728,-498.863
20.308,-0.000,0.567,-0.381,45.002,2.805,21.850,-0.300,-0.084,-0.300,-498.863,-499.728,-498.863
20.312,-0.000,0.567,-0.381,45.002,2.805,21.850,-0.300,-0.084,-0.300,-498.863,-499.728,-498.863
20.317,-0.000,0.567,-0.381,45.002,2.805,21.850,-0.300,-0.084,-0.300,-498.863,-499.728,-498.863
20.321,-0.000,0.567,-0.381,45.002,2.805,21.850,-0.300,-0.084,-0.300,-498.863,-499.728,-498.863
20.325,-0.000,0.567,-0.381,45.002,2.805,21.850,-0.300,-0.084,-0.300,-498.863,-499.728,-498.863
20.329,-0.000,0.567,-0.381,45.002,2.805,21.850,-0.300,-0.084,-0.300,-498.863,-499.728,-498.863
20.333,-0.000,0.567,-0.381,45.002,2.805,21.850,-0.300,-0.084,-0.300,-498.863,-499.728,-498.863
20.337,-0.000,0.567,-0.381,45.002,2.805,21.850,-0.300,-0.084,-0.300,-498.863,-499.728,-498.863
20.342,-0.000,0.567,-0.381,45.002,2.805,21.850,-0.300,-0.084,-0.300,-498.863,-499.728,-498.863
20.346,-0.000,0.567,-0.381,45.002,2.805,21.850,-0.300,-0.084,-0.300,-498.863,-499.728,-498.863
20.350,-0.000,0.567,-0.381,45.002,2.805,21.850,-0.300,-0.084,-0.300,-498.863,-499.728,-498.863
20.354,-0.000,0.567,-0.381,45.002,2.805,21.850,-0.300,-0.084,-0.300,-498.863,-499.728,-498.863
20.358,-0.000,0.567,-0.381,45.002,2.805,21.850,-0.300,-0.084,-0.300,-498.863,-499.728,-498.863
20.363,-0.000,0.567,-0.381,45.002,2.805,21.850,-0.300,-0.084,-0.300,-498.863,-499.728,-498.863
20.367,-0.000,0.567,-0.381,45.002,2.805,21.850,-0.300,-0.084,-0.300,-498.863,-499.728,-498.863
20.371,-0.000,0.567,-0.381,45.002,2.805,21.850,-0.300,-0.084,-0.300,-498.863,-499.728,-498.863
20.375,-0.000,0.567,-0.381,45.002,2.805,21.850,-0.300,-0.084,-0.300,-498.863,-499.728,-498.863
20.379,-0.000,0.567,-0.381,45.002,2.805,21.850,-0.300,-0.084,-0.300,-498.863,-499.728,-498.863
20.383,-0.000,0.567,-0.381,45.002,2.805,21.850,-0.300,-0.084,-0.300,-498.863,-499.728,-498.863
20.387,-0.000,0.567,-0.381,45.002,2.805,21.850,-0.300,-0.084,-0.300,-498.863,-499.728,-498.863
20.392,-0.000,0.567,-0.381,45.002,2.805,21.851,-0.300,-0.084,-0.300,-498.863,-499.728,-498.863
20.396,-0.000,0.567,-0.381,45.002,2.805,21.851,-0.300,-0.084,-0.300,-498.863,-499.728,-498.863
20.400,-0.000,0.567,-0.381,45.002,2.805,21.851,-0.300,-0.084,-0.300,-498.863,-499.728,-498.863
20.404,-0.000,0.567,-0.381,45.002,2.805,21.851,-0.300,-0.084,-0.300,-498.863,-499.728,-498.863
20.408,-0.000,0.567,-0.381,45.002,2.805,21.851,-0.300,-0.084,-0.300,-498.863,-499.728,-498.863
20.413,-0.000,0.567,-0.381,45.002,2.805,21.851,-0.300,-0.084,-0.300,-498.863,-499.728,-498.863
20.417,-0.000,0.567,-0.381,45.002,2.805,21.851,-0.300,-0.084,-0.300,-498.863,-499.728,-498.863
20.421,-0.000,0.567,-0.381,45.002,2.805,21.851,-0.300,-0.084,-0.300,-498.863,-499.728,-498.863
20.425,-0.000,0.567,-0.381,45.002,2.805,21.851,-0.300,-0.084,-0.300,-498.863,-499.728,-498.863
20.429,-0.000,0.567,-0.381,45.002,2.805,21.851,-0.300,-0.084,-0.300,-498.863,-499.728,-498.863
20.433,-0.000,0.567,-0.381,45.002,2.805,21.851,-0.300,-0.084,-0.300,-498.863,-499.728,-498.863
20.438,-0.000,0.567,-0.381,45.002,2.805,21.851,-0.300,-0.084,-0.300,-498.863,-499.728,-498.863
20.442,-0.000,0.567,-0.381,45.002,2.805,21.851,-0.300,-0.084,-0.300,-498.863,-499.728,-498.863
20.446,-0.000,0.567,-0.381,45.002,2.805,21.851,-0.300,-0.084,-0.300,-498.863,-499.728,-498.863
20.450,-0.000,0.567,-0.381,45.002,2.805,21.851,-0.300,-0.084,-0.300,-498.863,-499.728,-498.863
20.454,-0.000,0.567,-0.381,45.002,2.805,21.851,-0.300,-0.084,-0.300,-498.863,-499.728,-498.863
20.458,-0.000,0.567,-0.381,45.002,2.805,21.851,-0.300,-0.084,-0.300,-498.863,-499.728,-498.863
20.462,-0.000,0.567,-0.381,45.002,2.805,21.851,-0.300,-0.084,-0.300,-498.863,-499.728,-498.863
20.467,-0.000,0.567,-0.381,45.002,2.805,21.851,-0.300,-0.084,-0.300,-498.863,-499.728,-498.863
20.471,-0.000,0.567,-0.381,45.002,2.805,21.851,-0.300,-0.084,-0.300,-498.863,-499.728,-498.863
20.475,-0.000,0.567,-0.381,45.002,2.805,21.851,-0.300,-0.084,-0.300,-498.863,-499.728,-498.863
20.479,-0.000,0.567,-0.381,45.002,2.805,21.851,-0.300,-0.084,-0.300,-498.863,-499.728,-498.863
20.483,-0.000,0.567,-0.381,45.002,2.805,21.852,-0.300,-0.084,-0.300,-498.863,-499.728,-498.863
20.488,-0.000,0.567,-0.381,45.002,2.805,21.852,-0.300,-0.084,-0.300,-498.863,-499.728,-498.863
20.492,-0.000,0.567,-0.381,45.002,2.805,21.852,-0.300,-0.084,-0.300,-498.863,-499.728,-498.863
20.496,-0.000,0.567,-0.381,45.002,2.805,21.852,-0.300,-0.084,-0.300,-498.863,-499.728,-498.863
20.500,-0.000,0.567,-0.381,45.002,2.805,21.852,-0.300,-0.084,-0.300,-498.863,-499.728,-498.863
20.504,-0.000,0.567,-0.381,45.002,2.805,21.852,-0.300,-0.084,-0.300,-498.863,-499.728,-498.863
20.508,-0.000,0.567,-0.381,45.002,2.805,21.852,-0.300,-0.084,-0.300,-498.863,-499.728,-498.863
20.512,-0.000,0.567,-0.381,45.002,2.805,21.852,-0.300,-0.084,-0.300,-498.863,-499.728,-498.863
20.517,-0.000,0.567,-0.381,45.002,2.805,21.852,-0.300,-0.084,-0.300,-498.863,-499.728,-498.863
20.521,-0.000,0.567,-0.381,45.002,2.805,21.852,-0.300,-0.084,-0.300,-498.863,-499.728,-498.863
20.525,-0.000,0.567,-0.381,45.002,2.805,21.852,-0.300,-0.084,-0.300,-498.863,-499.728,-498.863
20.529,-0.000,0.567,-0.381,45.002,2.805,21.852,-0.300,-0.084,-0.300,-498.863,-499.728,-498.863
20.533,-0.000,0.567,-0.381,45.002,2.805,21.852,-0.300,-0.084,-0.300,-498.863,-499.728,-498.863
20.538,-0.000,0.567,-0.381,45.002,2.805,21.852,-0.300,-0.084,-0.300,-498.863,-499.728,-498.863
20.542,-0.000,0.567,-0.381,45.002,2.805,21.852,-0.300,-0.084,-0.300,-498.863,-499.728,-498.863
20.546,-0.000,0.567,-0.381,45.002,2.805,21.852,-0.300,-0.084,-0.300,-498.863,-499.728,-498.863
20.550,-0.000,0.567,-0.381,45.002,2.805,21.852,-0.300,-0.084,-0.300,-498.863,-499.728,-498.863
20.554,-0.000,0.567,-0.381,45.002,2.805,21.852,-0.300,-0.084,-0.300,-498.863,-499.728,-498.863
20.558,-0.000,0.567,-0.381,45.002,2.805,21.852,-0.300,-0.084,-0.300,-498.863,-499.728,-498.863
20.562,-0.000,0.567,-0.381,45.002,2.805,21.852,-0.300,-0.084,-0.300,-498.863,-499.728,-498.863
20.567,-0.000,0.567,-0.381,45.002,2.805,21.852,-0.300,-0.084,-0.300,-498.863,-499.728,-498.863
20.571,-0.000,0.567,-0.381,45.002,2.805,21.852,-0.300,-0.084,-0.300,-498.863,-499.728,-498.863
20.575,-0.000,0.567,-0.381,45.002,2.805,21.852,-0.300,-0.084,-0.300,-498.863,-499.728,-498.863
20.579,-0.000,0.567,-0.381,45.002,2.805,21.853,-0.300,-0.084,-0.300,-498.863,-499.728,-498.863
20.583,-0.000,0.567,-0.381,45.002,2.805,21.853,-0.300,-0.084,-0.300,-498.863,-499.728,-498.863
20.587,-0.000,0.567,-0.381,45.002,2.805,21.853,-0.300,-0.084,-0.300,-498.863,-499.728,-498.863
20.592,-0.000,0.567,-0.381,45.002,2.805,21.853,-0.300,-0.084,-0.300,-498.863,-499.728,-498.863
20.596,-0.000,0.567,-0.381,45.002,2.805,21.853,-0.300,-0.084,-0.300,-498.863,-499.728,-498.863
20.600,-0.000,0.567,-0.381,45.002,2.805,21.853,-0.300,-0.084,-0.300,-498.863,-499.728,-498.863
20.604,-0.000,0.567,-0.381,45.002,2.805,21.853,-0.300,-0.084,-0.300,-498.863,-499.728,-498.863
20.608,-0.000,0.567,-0.381,45.002,2.805,21.853,-0.300,-0.084,-0.300,-498.863,-499.728,-498.863
20.613,-0.000,0.567,-0.381,45.002,2.805,21.853,-0.300,-0.084,-0.300,-498.863,-499.728,-498.863
20.617,-0.000,0.567,-0.381,45.002,2.805,21.853,-0.300,-0.084,-0.300,-498.863,-499.728,-498.863
20.621,-0.000,0.567,-0.381,45.002,2.805,21.853,-0.300,-0.084,-0.300,-498.863,-499.728,-498.863
20.625,-0.000,0.567,-0.381,45.002,2.805,21.853,-0.300,-0.084,-0.300,-498.863,-499.728,-498.863
20.629,-0.000,0.567,-0.381,45.002,2.805,21.853,-0.300,-0.084,-0.300,-498.863,-499.728,-498.863
20.633,-0.000,0.567,-0.381,45.002,2.805,21.853,-0.300,-0.084,-0.300,-498.863,-499.728,-498.863
20.637,-0.000,0.567,-0.381,45.002,2.805,21.853,-0.300,-0.084,-0.300,-498.863,-499.728,-498.863
20.642,-0.000,0.567,-0.381,45.002,2.805,21.853,-0.300,-0.084,-0.300,-498.863,-499.728,-498.863
20.646,-0.000,0.567,-0.381,45.002,2.805,21.853,-0.300,-0.084,-0.300,-498.863,-499.728,-498.863
20.650,-0.000,0.567,-0.381,45.002,2.805,21.853,-0.300,-0.084,-0.300,-498.863,-499.728,-498.863
20.654,-0.000,0.567,-0.381,45.002,2.805,21.853,-0.300,-0.084,-0.300,-498.863,-499.728,-498.863
20.658,-0.000,0.567,-0.381,45.002,2.805,21.853,-0.300,-0.084,-0.300,-498.863,-499.728,-498.863
20.663,-0.000,0.567,-0.381,45.002,2.805,21.853,-0.300,-0.084,-0.300,-498.863,-499.728,-498.863
20.667,-0.000,0.567,-0.381,45.002,2.805,21.853,-0.300,-0.084,-0.300,-498.863,-499.728,-498.863
20.671,-0.000,0.567,-0.381,45.002,2.805,21.853,-0.300,-0.084,-0.300,-498.863,-499.728,-498.863
20.675,-0.000,0.567,-0.381,45.002,2.805,21.854,-0.300,-0.084,-0.300,-498.863,-499.728,-498.863
20.679,-0.000,0.567,-0.381,45.002,2.805,21.854,-0.300,-0.084,-0.300,-498.863,-499.728,-498.863
20.683,-0.000,0.567,-0.381,45.002,2.805,21.854,-0.300,-0.084,-0.300,-498.863,-499.728,-498.863
20.688,-0.000,0.567,-0.381,45.002,2.805,21.854,-0.300,-0.084,-0.300,-498.863,-499.728,-498.863
20.692,-0.000,0.567,-0.381,45.002,2.805,21.854,-0.300,-0.084,-0.300,-498.863,-499.728,-498.863
20.696,-0.000,0.567,-0.381,45.002,2.805,21.854,-0.300,-0.084,-0.300,-498.863,-499.728,-498.863
20.700,-0.000,0.567,-0.381,45.002,2.805,21.854,-0.300,-0.084,-0.300,-498.863,-499.728,-498.863
20.704,-0.000,0.567,-0.381,45.002,2.805,21.854,-0.300,-0.084,-0.300,-498.863,-499.728,-498.863
20.708,-0.000,0.567,-0.381,45.002,2.805,21.854,-0.300,-0.084,-0.300,-498.863,-499.728,-498.863
20.712,-0.000,0.567,-0.381,45.002,2.805,21.854,-0.300,-0.084,-0.300,-498.863,-499.728,-498.863
20.717,-0.000,0.567,-0.381,45.002,2.805,21.854,-0.300,-0.084,-0.300,-498.863,-499.728,-498.863
20.721,-0.000,0.567,-0.381,45.002,2.805,21.854,-0.300,-0.084,-0.300,-498.863,-499.728,-498.863
20.725,-0.000,0.567,-0.381,45.002,2.805,21.854,-0.300,-0.084,-0.300,-498.863,-499.728,-498.863
20.729,-0.000,0.567,-0.381,45.002,2.805,21.854,-0.300,-0.084,-0.300,-498.863,-499.728,-498.863
20.733,-0.000,0.567,-0.381,45.002,2.805,21.854,-0.300,-0.084,-0.300,-498.863,-499.728,-498.863
20.738,-0.000,0.567,-0.381,45.002,2.805,21.854,-0.300,-0.084,-0.300,-498.863,-499.728,-498.863
20.742,-0.000,0.567,-0.381,45.002,2.805,21.854,-0.300,-0.084,-0.300,-498.863,-499.728,-498.863
20.746,-0.000,0.567,-0.381,45.002,2.805,21.854,-0.300,-0.084,-0.300,-498.863,-499.728,-498.863
20.750,-0.000,0.567,-0.381,45.002,2.805,21.854,-0.300,-0.084,-0.300,-498.863,-499.728,-498.863
20.754,-0.000,0.567,-0.381,45.002,2.805,21.854,-0.300,-0.084,-0.300,-498.863,-499.728,-498.863
20.758,-0.000,0.567,-0.381,45.002,2.805,21.854,-0.300,-0.084,-0.300,-498.863,-499.728,-498.863
20.762,-0.000,0.567,-0.381,45.002,2.805,21.854,-0.300,-0.084,-0.300,-498.863,-499.728,-498.863
20.767,-0.000,0.567,-0.381,45.002,2.805,21.855,-0.300,-0.084,-0.300,-498.863,-499.728,-498.863
20.771,-0.000,0.567,-0.381,45.002,2.805,21.855,-0.300,-0.084,-0.300,-498.863,-499.728,-498.863
20.775,-0.000,0.567,-0.381,45.002,2.805,21.855,-0.300,-0.084,-0.300,-498.863,-499.728,-498.863
20.779,-0.000,0.567,-0.381,45.002,2.805,21.855,-0.300,-0.084,-0.300,-498.863,-499.728,-498.863
20.783,-0.000,0.567,-0.381,45.002,2.805,21.855,-0.300,-0.084,-0.300,-498.863,-499.728,-498.863
20.788,-0.000,0.567,-0.381,45.002,2.805,21.855,-0.300,-0.084,-0.300,-498.863,-499.728,-498.863
20.792,-0.000,0.567,-0.381,45.002,2.805,21.855,-0.300,-0.084,-0.300,-498.863,-499.728,-498.863
20.796,-0.000,0.567,-0.381,45.002,2.805,21.855,-0.300,-0.084,-0.300,-498.863,-499.728,-498.863
20.800,-0.000,0.567,-0.381,45.002,2.805,21.855,-0.300,-0.084,-0.300,-498.863,-499.728,-498.863
20.804,-0.000,0.567,-0.381,45.002,2.805,21.855,-0.300,-0.084,-0.300,-498.863,-499.728,-498.863
20.808,-0.000,0.567,-0.381,45.002,2.805,21.855,-0.300,-0.084,-0.300,-498.863,-499.728,-498.863
20.812,-0.000,0.567,-0.381,45.002,2.805,21.855,-0.300,-0.084,-0.300,-498.863,-499.728,-498.863
20.817,-0.000,0.567,-0.381,45.002,2.805,21.855,-0.300,-0.084,-0.300,-498.863,-499.728,-498.863
20.821,-0.000,0.567,-0.381,45.002,2.805,21.855,-0.300,-0.084,-0.300,-498.863,-499.728,-498.863
20.825,-0.000,0.567,-0.381,45.002,2.805,21.855,-0.300,-0.084,-0.300,-498.863,-499.728,-498.863
20.829,-0.000,0.567,-0.381,45.002,2.805,21.855,-0.300,-0.084,-0.300,-498.863,-499.728,-498.863
20.833,-0.000,0.567,-0.381,45.002,2.805,21.855,-0.300,-0.084,-0.300,-498.863,-499.728,-498.863
20.837,-0.000,0.567,-0.381,45.002,2.805,21.855,-0.300,-0.084,-0.300,-498.863,-499.728,-498.863
20.842,-0.000,0.567,-0.381,45.002,2.805,21.855,-0.300,-0.084,-0.300,-498.863,-499.728,-498.863
20.846,-0.000,0.567,-0.381,45.002,2.805,21.855,-0.300,-0.084,-0.300,-498.863,-499.728,-498.863
20.850,-0.000,0.567,-0.381,45.002,2.805,21.855,-0.300,-0.084,-0.300,-498.863,-499.728,-498.863
20.854,-0.000,0.567,-0.381,45.002,2.805,21.855,-0.300,-0.084,-0.300,-498.863,-499.728,-498.863
20.858,-0.000,0.567,-0.381,45.002,2.805,21.855,-0.300,-0.084,-0.300,-498.863,-499.728,-498.863
20.863,-0.000,0.567,-0.381,45.002,2.805,21.856,-0.300,-0.084,-0.300,-498.863,-499.728,-498.863
20.867,-0.000,0.567,-0.381,45.002,2.805,21.856,-0.300,-0.084,-0.300,-498.863,-499.728,-498.863
20.871,-0.000,0.567,-0.381,45.002,2.805,21.856,-0.300,-0.084,-0.300,-498.863,-499.728,-498.863
20.875,-0.000,0.567,-0.381,45.002,2.805,21.856,-0.300,-0.084,-0.300,-498.863,-499.728,-498.863
20.879,-0.000,0.567,-0.381,45.002,2.805,21.856,-0.300,-0.084,-0.300,-498.863,-499.728,-498.863
20.883,-0.000,0.567,-0.381,45.002,2.805,21.856,-0.300,-0.084,-0.300,-498.863,-499.728,-498.863
20.887,-0.000,0.567,-0.381,45.002,2.805,21.856,-0.300,-0.084,-0.300,-498.863,-499.728,-498.863
20.892,-0.000,0.567,-0.381,45.002,2.805,21.856,-0.300,-0.084,-0.300,-498.863,-499.728,-498.863
20.896,-0.000,0.567,-0.381,45.002,2.805,21.856,-0.300,-0.084,-0.300,-498.863,-499.728,-498.863
20.900,-0.000,0.567,-0.381,45.002,2.805,21.856,-0.300,-0.084,-0.300,-498.863,-499.728,-498.863
20.904,-0.000,0.567,-0.381,45.002,2.805,21.856,-0.300,-0.084,-0.300,-498.863,-499.728,-498.863
20.908,-0.000,0.567,-0.381,45.002,2.805,21.856,-0.300,-0.084,-0.300,-498.863,-499.728,-498.863
20.913,-0.000,0.567,-0.381,45.002,2.805,21.856,-0.300,-0.084,-0.300,-498.863,-499.728,-498.863
20.917,-0.000,0.567,-0.381,45.002,2.805,21.856,-0.300,-0.084,-0.300,-498.863,-499.728,-498.863
20.921,-0.000,0.567,-0.381,45.002,2.805,21.856,-0.300,-0.084,-0.300,-498.863,-499.728,-498.863
20.925,-0.000,0.567,-0.381,45.002,2.805,21.856,-0.300,-0.084,-0.300,-498.863,-499.728,-498.863
20.929,-0.000,0.567,-0.381,45.002,2.805,21.856,-0.300,-0.084,-0.300,-498.863,-499.728,-498.863
20.933,-0.000,0.567,-0.381,45.002,2.805,21.856,-0.300,-0.084,-0.300,-498.863,-499.728,-498.863
20.938,-0.000,0.567,-0.381,45.002,2.805,21.856,-0.300,-0.084,-0.300,-498.863,-499.728,-498.863
20.942,-0.000,0.567,-0.381,45.002,2.805,21.856,-0.300,-0.084,-0.300,-498.863,-499.728,-498.863
20.946,-0.000,0.567,-0.381,45.002,2.805,21.856,-0.300,-0.084,-0.300,-498.863,-499.728,-498.863
20.950,-0.000,0.567,-0.381,45.002,2.805,21.856,-0.300,-0.084,-0.300,-498.863,-499.728,-498.863
20.954,-0.000,0.567,-0.381,45.002,2.805,21.856,-0.300,-0.084,-0.300,-498.863,-499.728,-498.863
20.958,-0.000,0.567,-0.381,45.002,2.805,21.857,-0.300,-0.084,-0.300,-498.863,-499.728,-498.863
20.962,-0.000,0.567,-0.381,45.002,2.805,21.857,-0.300,-0.084,-0.300,-498.863,-499.728,-498.863
20.967,-0.000,0.567,-0.381,45.002,2.805,21.857,-0.300,-0.084,-0.300,-498.863,-499.728,-498.863
20.971,-0.000,0.567,-0.381,45.002,2.805,21.857,-0.300,-0.084,-0.300,-498.863,-499.728,-498.863
20.975,-0.000,0.567,-0.381,45.002,2.805,21.857,-0.300,-0.084,-0.300,-498.863,-499.728,-498.863
20.979,-0.000,0.567,-0.381,45.002,2.805,21.857,-0.300,-0.084,-0.300,-498.863,-499.728,-498.863
20.983,-0.000,0.567,-0.381,45.002,2.805,21.857,-0.300,-0.084,-0.300,-498.863,-499.728,-498.863
20.988,-0.000,0.567,-0.381,45.002,2.805,21.857,-0.300,-0.084,-0.300,-498.863,-499.728,-498.863
20.992,-0.000,0.567,-0.381,45.002,2.805,21.857,-0.300,-0.084,-0.300,-498.863,-499.728,-498.863
20.996,-0.000,0.567,-0.381,45.002,2.805,21.857,-0.300,-0.084,-0.300,-498.863,-499.728,-498.863
21.000,-0.000,0.567,-0.381,45.002,2.805,21.857,-0.300,-0.084,-0.300,-498.863,-499.728,-498.863
21.004,-0.000,0.567,-0.381,45.002,2.805,21.857,-0.300,-0.084,-0.300,-498.863,-499.728,-498.863
21.008,-0.000,0.567,-0.381,45.002,2.805,21.857,-0.300,-0.084,-0.300,-498.863,-499.728,-498.863
21.012,-0.000,0.567,-0.381,45.002,2.805,21.857,-0.300,-0.084,-0.300,-498.863,-499.728,-498.863
21.017,-0.000,0.567,-0.381,45.002,2.805,21.857,-0.300,-0.084,-0.300,-498.863,-499.728,-498.863
21.021,-0.000,0.567,-0.381,45.002,2.805,21.857,-0.300,-0.084,-0.300,-498.863,-499.728,-498.863
21.025,-0.000,0.567,-0.381,45.002,2.805,21.857,-0.300,-0.084,-0.300,-498.863,-499.728,-498.863
21.029,-0.000,0.567,-0.381,45.002,2.805,21.857,-0.300,-0.084,-0.300,-498.863,-499.728,-498.863
21.033,-0.000,0.567,-0.381,45.002,2.805,21.857,-0.300,-0.084,-0.300,-498.863,-499.728,-498.863
21.038,-0.000,0.567,-0.381,45.002,2.805,21.857,-0.300,-0.084,-0.300,-498.863,-499.728,-498.863
21.042,-0.000,0.567,-0.381,45.002,2.805,21.857,-0.300,-0.084,-0.300,-498.863,-499.728,-498.863
21.046,-0.000,0.567,-0.381,45.002,2.805,21.857,-0.300,-0.084,-0.300,-498.863,-499.728,-498.863
21.050,-0.000,0.567,-0.381,45.002,2.805,21.858,-0.300,-0.084,-0.300,-498.863,-499.728,-498.863
21.054,-0.000,0.567,-0.381,45.002,2.805,21.858,-0.300,-0.084,-0.300,-498.863,-499.728,-498.863
21.058,-0.000,0.567,-0.381,45.002,2.805,21.858,-0.300,-0.084,-0.300,-498.863,-499.728,-498.863
21.062,-0.000,0.567,-0.381,45.002,2.805,21.858,-0.300,-0.084,-0.300,-498.863,-499.728,-498.863
21.067,-0.000,0.567,-0.381,45.002,2.805,21.858,-0.300,-0.084,-0.300,-498.863,-499.728,-498.863
21.071,-0.000,0.567,-0.381,45.002,2.805,21.858,-0.300,-0.084,-0.300,-498.863,-499.728,-498.863
21.075,-0.000,0.567,-0.381,45.002,2.805,21.858,-0.300,-0.084,-0.300,-498.863,-499.728,-498.863
21.079,-0.000,0.567,-0.381,45.002,2.805,21.858,-0.300,-0.084,-0.300,-498.863,-499.728,-498.863
21.083,-0.000,0.567,-0.381,45.002,2.805,21.858,-0.300,-0.084,-0.300,-498.863,-499.728,-498.863
21.087,-0.000,0.567,-0.381,45.002,2.805,21.858,-0.300,-0.084,-0.300,-498.863,-499.728,-498.863
21.092,-0.000,0.567,-0.381,45.002,2.805,21.858,-0.300,-0.084,-0.300,-498.863,-499.728,-498.863
21.096,-0.000,0.567,-0.381,45.002,2.805,21.858,-0.300,-0.084,-0.300,-498.863,-499.728,-498.863
21.100,-0.000,0.567,-0.381,45.002,2.805,21.858,-0.300,-0.084,-0.300,-498.863,-499.728,-498.863
21.104,-0.000,0.567,-0.381,45.002,2.805,21.858,-0.300,-0.084,-0.300,-498.863,-499.728,-498.863
21.108,-0.000,0.567,-0.381,45.002,2.805,21.858,-0.300,-0.084,-0.300,-498.863,-499.728,-498.863
21.113,-0.000,0.567,-0.381,45.002,2.805,21.858,-0.300,-0.084,-0.300,-498.863,-499.728,-498.863
21.117,-0.000,0.567,-0.381,45.002,2.805,21.858,-0.300,-0.084,-0.300,-498.863,-499.728,-498.863
21.121,-0.000,0.567,-0.381,45.002,2.805,21.858,-0.300,-0.084,-0.300,-498.863,-499.728,-498.863
21.125,-0.000,0.567,-0.381,45.002,2.805,21.858,-0.300,-0.084,-0.300,-498.863,-499.728,-498.863
21.129,-0.000,0.567,-0.382,45.002,2.805,21.858,-0.300,-0.084,-0.300,-498.863,-499.728,-498.863
21.133,-0.000,0.567,-0.382,45.002,2.805,21.858,-0.300,-0.084,-0.300,-498.863,-499.728,-498.863
21.137,-0.000,0.567,-0.382,45.002,2.805,21.858,-0.300,-0.084,-0.300,-498.863,-499.728,-498.863
21.142,-0.000,0.567,-0.382,45.002,2.805,21.858,-0.300,-0.084,-0.300,-498.863,-499.728,-498.863
21.146,-0.000,0.567,-0.382,45.002,2.805,21.859,-0.300,-0.084,-0.300,-498.863,-499.728,-498.863
21.150,-0.000,0.567,-0.382,45.002,2.805,21.859,-0.300,-0.084,-0.300,-498.863,-499.728,-498.863
21.154,-0.000,0.567,-0.382,45.002,2.805,21.859,-0.300,-0.084,-0.300,-498.863,-499.728,-498.863
21.158,-0.000,0.567,-0.382,45.002,2.805,21.859,-0.300,-0.084,-0.300,-498.863,-499.728,-498.863
21.163,-0.000,0.567,-0.382,45.002,2.805,21.859,-0.300,-0.084,-0.300,-498.863,-499.728,-498.863
21.167,-0.000,0.567,-0.382,45.002,2.805,21.859,-0.300,-0.084,-0.300,-498.863,-499.728,-498.863
21.171,-0.000,0.567,-0.382,45.002,2.805,21.859,-0.300,-0.084,-0.300,-498.863,-499.728,-498.863
21.175,-0.000,0.567,-0.382,45.002,2.805,21.859,-0.300,-0.084,-0.300,-498.863,-499.728,-498.863
21.179,-0.000,0.567,-0.382,45.002,2.805,21.859,-0.300,-0.084,-0.300,-498.863,-499.728,-498.863
21.183,-0.000,0.567,-0.382,45.002,2.805,21.859,-0.300,-0.084,-0.300,-498.863,-499.728,-498.863
21.188,-0.000,0.567,-0.382,45.002,2.805,21.859,-0.300,-0.084,-0.300,-498.863,-499.728,-498.863
21.192,-0.000,0.567,-0.382,45.002,2.805,21.859,-0.300,-0.084,-0.300,-498.863,-499.728,-498.863
21.196,-0.000,0.567,-0.382,45.002,2.805,21.859,-0.300,-0.084,-0.300,-498.863,-499.728,-498.863
21.200,-0.000,0.567,-0.382,45.002,2.805,21.859,-0.300,-0.084,-0.300,-498.863,-499.728,-498.863
21.204,-0.000,0.567,-0.382,45.002,2.805,21.859,-0.300,-0.084,-0.300,-498.863,-499.728,-498.863
21.208,-0.000,0.567,-0.382,45.002,2.805,21.859,-0.300,-0.084,-0.300,-498.863,-499.728,-498.863
21.212,-0.000,0.567,-0.382,45.002,2.805,21.859,-0.300,-0.084,-0.300,-498.863,-499.728,-498.863
21.217,-0.000,0.567,-0.382,45.002,2.805,21.859,-0.300,-0.084,-0.300,-498.863,-499.728,-498.863
21.221,-0.000,0.567,-0.382,45.002,2.805,21.859,-0.300,-0.084,-0.300,-498.863,-499.728,-498.863
21.225,-0.000,0.567,-0.382,45.002,2.805,21.859,-0.300,-0.084,-0.300,-498.863,-499.728,-498.863
21.229,-0.000,0.567,-0.382,45.002,2.805,21.859,-0.300,-0.084,-0.300,-498.863,-499.728,-498.863
21.233,-0.000,0.567,-0.382,45.002,2.805,21.859,-0.300,-0.084,-0.300,-498.863,-499.728,-498.863
21.238,-0.000,0.567,-0.382,45.002,2.805,21.859,-0.300,-0.084,-0.300,-498.863,-499.728,-498.863
21.242,-0.000,0.567,-0.382,45.002,2.805,21.860,-0.300,-0.084,-0.300,-498.863,-499.728,-498.863
21.246,-0.000,0.567,-0.382,45.002,2.805,21.860,-0.300,-0.084,-0.300,-498.863,-499.728,-498.863
21.250,-0.000,0.567,-0.382,45.002,2.805,21.860,-0.300,-0.084,-0.300,-498.863,-499.728,-498.863
21.254,-0.000,0.567,-0.382,45.002,2.805,21.860,-0.300,-0.084,-0.300,-498.863,-499.728,-498.863
21.258,-0.000,0.567,-0.382,45.002,2.805,21.860,-0.300,-0.084,-0.300,-498.863,-499.728,-498.863
21.262,-0.000,0.567,-0.382,45.002,2.805,21.860,-0.300,-0.084,-0.300,-498.863,-499.728,-498.863
21.267,-0.000,0.567,-0.382,45.002,2.805,21.860,-0.300,-0.084,-0.300,-498.863,-499.728,-498.863
21.271,-0.000,0.567,-0.382,45.002,2.805,21.860,-0.300,-0.084,-0.300,-498.863,-499.728,-498.863
21.275,-0.000,0.567,-0.382,45.002,2.805,21.860,-0.300,-0.084,-0.300,-498.863,-499.728,-498.863
21.279,-0.000,0.567,-0.382,45.002,2.805,21.860,-0.300,-0.084,-0.300,-498.863,-499.728,-498.863
21.283,-0.000,0.567,-0.382,45.002,2.805,21.860,-0.300,-0.084,-0.300,-498.863,-499.728,-498.863
21.288,-0.000,0.567,-0.382,45.002,2.805,21.860,-0.300,-0.084,-0.300,-498.863,-499.728,-498.863
21.292,-0.000,0.567,-0.382,45.002,2.805,21.860,-0.300,-0.084,-0.300,-498.863,-499.728,-498.863
21.296,-0.000,0.567,-0.382,45.002,2.805,21.860,-0.300,-0.084,-0.300,-498.863,-499.728,-498.863
21.300,-0.000,0.567,-0.382,45.002,2.805,21.860,-0.300,-0.084,-0.300,-498.863,-499.728,-498.863
21.304,-0.000,0.567,-0.382,45.002,2.805,21.860,-0.300,-0.084,-0.300,-498.863,-499.728,-498.863
21.308,-0.000,0.567,-0.382,45.002,2.805,21.860,-0.300,-0.084,-0.300,-498.863,-499.728,-498.863
21.312,-0.000,0.567,-0.382,45.002,2.805,21.860,-0.300,-0.084,-0.300,-498.863,-499.728,-498.863
21.317,-0.000,0.567,-0.382,45.002,2.805,21.860,-0.300,-0.084,-0.300,-498.863,-499.728,-498.863
21.321,-0.000,0.567,-0.382,45.002,2.805,21.860,-0.300,-0.084,-0.300,-498.863,-499.728,-498.863
21.325,-0.000,0.567,-0.382,45.002,2.805,21.860,-0.300,-0.084,-0.300,-498.863,-499.728,-498.863
21.329,-0.000,0.567,-0.382,45.002,2.805,21.860,-0.300,-0.084,-0.300,-498.863,-499.728,-498.863
21.333,-0.000,0.567,-0.382,45.002,2.805,21.861,-0.300,-0.084,-0.300,-498.863,-499.728,-498.863
21.337,-0.000,0.567,-0.382,45.002,2.805,21.861,-0.300,-0.084,-0.300,-498.863,-499.728,-498.863
21.342,-0.000,0.567,-0.382,45.002,2.805,21.861,-0.300,-0.084,-0.300,-498.863,-499.728,-498.863
21.346,-0.000,0.567,-0.382,45.002,2.805,21.861,-0.300,-0.084,-0.300,-498.863,-499.728,-498.863
21.350,-0.000,0.567,-0.382,45.002,2.805,21.861,-0.300,-0.084,-0.300,-498.863,-499.728,-498.863
21.354,-0.000,0.567,-0.382,45.002,2.805,21.861,-0.300,-0.084,-0.300,-498.863,-499.728,-498.863
21.358,-0.000,0.567,-0.382,45.002,2.805,21.861,-0.300,-0.084,-0.300,-498.863,-499.728,-498.863
21.363,-0.000,0.567,-0.382,45.002,2.805,21.861,-0.300,-0.084,-0.300,-498.863,-499.728,-498.863
21.367,-0.000,0.567,-0.382,45.002,2.805,21.861,-0.300,-0.084,-0.300,-498.863,-499.728,-498.863
21.371,-0.000,0.567,-0.382,45.002,2.805,21.861,-0.300,-0.084,-0.300,-498.863,-499.728,-498.863
21.375,-0.000,0.567,-0.382,45.002,2.805,21.861,-0.300,-0.084,-0.300,-498.863,-499.728,-498.863
21.379,-0.000,0.567,-0.382,45.002,2.805,21.861,-0.300,-0.084,-0.300,-498.863,-499.728,-498.863
21.383,-0.000,0.567,-0.382,45.002,2.805,21.861,-0.300,-0.084,-0.300,-498.863,-499.728,-498.863
21.387,-0.000,0.567,-0.382,45.002,2.805,21.861,-0.300,-0.084,-0.300,-498.863,-499.728,-498.863
21.392,-0.000,0.567,-0.382,45.002,2.805,21.861,-0.300,-0.084,-0.300,-498.863,-499.728,-498.863
21.396,-0.000,0.567,-0.382,45.002,2.805,21.861,-0.300,-0.084,-0.300,-498.863,-499.728,-498.863
21.400,-0.000,0.567,-0.382,45.002,2.805,21.861,-0.300,-0.084,-0.300,-498.863,-499.728,-498.863
21.404,-0.000,0.567,-0.382,45.002,2.805,21.861,-0.300,-0.084,-0.300,-498.863,-499.728,-498.863
21.408,-0.000,0.567,-0.382,45.002,2.805,21.861,-0.300,-0.084,-0.300,-498.863,-499.728,-498.863
21.413,-0.000,0.567,-0.382,45.002,2.805,21.861,-0.300,-0.084,-0.300,-498.863,-499.728,-498.863
21.417,-0.000,0.567,-0.382,45.002,2.805,21.861,-0.300,-0.084,-0.300,-498.863,-499.728,-498.863
21.421,-0.000,0.567,-0.382,45.002,2.805,21.861,-0.300,-0.084,-0.300,-498.863,-499.728,-498.863
21.425,-0.000,0.567,-0.382,45.002,2.805,21.861,-0.300,-0.084,-0.300,-498.863,-499.728,-498.863
21.429,-0.000,0.567,-0.382,45.002,2.805,21.862,-0.300,-0.084,-0.300,-498.863,-499.728,-498.863
21.433,-0.000,0.567,-0.382,45.002,2.805,21.862,-0.300,-0.084,-0.300,-498.863,-499.728,-498.863
21.438,-0.000,0.567,-0.382,45.002,2.805,21.862,-0.300,-0.084,-0.300,-498.863,-499.728,-498.863
21.442,-0.000,0.567,-0.382,45.002,2.805,21.862,-0.300,-0.084,-0.300,-498.863,-499.728,-498.863
21.446,-0.000,0.567,-0.382,45.002,2.805,21.862,-0.300,-0.084,-0.300,-498.863,-499.728,-498.863
21.450,-0.000,0.567,-0.382,45.002,2.805,21.862,-0.300,-0.084,-0.300,-498.863,-499.728,-498.863
21.454,-0.000,0.567,-0.382,45.002,2.805,21.862,-0.300,-0.084,-0.300,-498.863,-499.728,-498.863
21.458,-0.000,0.567,-0.382,45.002,2.805,21.862,-0.300,-0.084,-0.300,-498.863,-499.728,-498.863
21.462,-0.000,0.567,-0.382,45.002,2.805,21.862,-0.300,-0.084,-0.300,-498.863,-499.728,-498.863
21.467,-0.000,0.567,-0.382,45.002,2.805,21.862,-0.300,-0.084,-0.300,-498.863,-499.728,-498.863
21.471,-0.000,0.567,-0.382,45.002,2.805,21.862,-0.300,-0.084,-0.300,-498.863,-499.728,-498.863
21.475,-0.000,0.567,-0.382,45.002,2.805,21.862,-0.300,-0.084,-0.300,-498.863,-499.728,-498.863
21.479,-0.000,0.567,-0.382,45.002,2.805,21.862,-0.300,-0.084,-0.300,-498.863,-499.728,-498.863
21.483,-0.000,0.567,-0.382,45.002,2.805,21.862,-0.300,-0.084,-0.300,-498.863,-499.728,-498.863
21.488,-0.000,0.567,-0.382,45.002,2.805,21.862,-0.300,-0.084,-0.300,-498.863,-499.728,-498.863
21.492,-0.000,0.567,-0.382,45.002,2.805,21.862,-0.300,-0.084,-0.300,-498.863,-499.728,-498.863
21.496,-0.000,0.567,-0.382,45.002,2.805,21.862,-0.300,-0.084,-0.300,-498.863,-499.728,-498.863
21.500,-0.000,0.567,-0.382,45.002,2.805,21.862,-0.300,-0.084,-0.300,-498.863,-499.728,-498.863
21.504,-0.000,0.567,-0.382,45.002,2.805,21.862,-0.300,-0.084,-0.300,-498.863,-499.728,-498.863
21.508,-0.000,0.567,-0.382,45.002,2.805,21.862,-0.300,-0.084,-0.300,-498.863,-499.728,-498.863
21.512,-0.000,0.567,-0.382,45.002,2.805,21.862,-0.300,-0.084,-0.300,-498.863,-499.728,-498.863
21.517,-0.000,0.567,-0.382,45.002,2.805,21.862,-0.300,-0.084,-0.300,-498.863,-499.728,-498.863
21.521,-0.000,0.567,-0.382,45.002,2.805,21.862,-0.300,-0.084,-0.300,-498.863,-499.728,-498.863
21.525,-0.000,0.567,-0.382,45.002,2.805,21.863,-0.300,-0.084,-0.300,-498.863,-499.728,-498.863
21.529,-0.000,0.567,-0.382,45.002,2.805,21.863,-0.300,-0.084,-0.300,-498.863,-499.728,-498.863
21.533,-0.000,0.567,-0.382,45.002,2.805,21.863,-0.300,-0.084,-0.300,-498.863,-499.728,-498.863
21.538,-0.000,0.567,-0.382,45.002,2.805,21.863,-0.300,-0.084,-0.300,-498.863,-499.728,-498.863
21.542,-0.000,0.567,-0.382,45.002,2.805,21.863,-0.300,-0.084,-0.300,-498.863,-499.728,-498.863
21.546,-0.000,0.567,-0.382,45.002,2.805,21.863,-0.300,-0.084,-0.300,-498.863,-499.728,-498.863
21.550,-0.000,0.567,-0.382,45.002,2.805,21.863,-0.300,-0.084,-0.300,-498.863,-499.728,-498.863
21.554,-0.000,0.567,-0.382,45.002,2.805,21.863,-0.300,-0.084,-0.300,-498.863,-499.728,-498.863
21.558,-0.000,0.567,-0.382,45.002,2.805,21.863,-0.300,-0.084,-0.300,-498.863,-499.728,-498.863
21.562,-0.000,0.567,-0.382,45.002,2.805,21.863,-0.300,-0.084,-0.300,-498.863,-499.728,-498.863
21.567,-0.000,0.567,-0.382,45.002,2.805,21.863,-0.300,-0.084,-0.300,-498.863,-499.728,-498.863
21.571,-0.000,0.567,-0.382,45.002,2.805,21.863,-0.300,-0.084,-0.300,-498.863,-499.728,-498.863
21.575,-0.000,0.567,-0.382,45.002,2.805,21.863,-0.300,-0.084,-0.300,-498.863,-499.728,-498.863
21.579,-0.000,0.567,-0.382,45.002,2.805,21.863,-0.300,-0.084,-0.300,-498.863,-499.728,-498.863
21.583,-0.000,0.567,-0.382,45.002,2.805,21.863,-0.300,-0.084,-0.300,-498.863,-499.728,-498.863
21.587,-0.000,0.567,-0.382,45.002,2.805,21.863,-0.300,-0.084,-0.300,-498.863,-499.728,-498.863
21.592,-0.000,0.567,-0.382,45.002,2.805,21.863,-0.300,-0.084,-0.300,-498.863,-499.728,-498.863
21.596,-0.000,0.567,-0.382,45.002,2.805,21.863,-0.300,-0.084,-0.300,-498.863,-499.728,-498.863
21.600,-0.000,0.567,-0.382,45.002,2.805,21.863,-0.300,-0.084,-0.300,-498.863,-499.728,-498.863
21.604,-0.000,0.567,-0.382,45.002,2.805,21.863,-0.300,-0.084,-0.300,-498.863,-499.728,-498.863
21.608,-0.000,0.567,-0.382,45.002,2.805,21.863,-0.300,-0.084,-0.300,-498.863,-499.728,-498.863
21.613,-0.000,0.567,-0.382,45.002,2.805,21.863,-0.300,-0.084,-0.300,-498.863,-499.728,-498.863
21.617,-0.000,0.567,-0.382,45.002,2.805,21.864,-0.300,-0.084,-0.300,-498.863,-499.728,-498.863
21.621,-0.000,0.567,-0.382,45.002,2.805,21.864,-0.300,-0.084,-0.300,-498.863,-499.728,-498.863
21.625,-0.000,0.567,-0.382,45.002,2.805,21.864,-0.300,-0.084,-0.300,-498.863,-499.728,-498.863
21.629,-0.000,0.567,-0.382,45.002,2.805,21.864,-0.300,-0.084,-0.300,-498.863,-499.728,-498.863
21.633,-0.000,0.567,-0.382,45.002,2.805,21.864,-0.300,-0.084,-0.300,-498.863,-499.728,-498.863
21.637,-0.000,0.567,-0.382,45.002,2.805,21.864,-0.300,-0.084,-0.300,-498.863,-499.728,-498.863
21.642,-0.000,0.567,-0.382,45.002,2.805,21.864,-0.300,-0.084,-0.300,-498.863,-499.728,-498.863
21.646,-0.000,0.567,-0.382,45.002,2.805,21.864,-0.300,-0.084,-0.300,-498.863,-499.728,-498.863
21.650,-0.000,0.567,-0.382,45.002,2.805,21.864,-0.300,-0.084,-0.300,-498.863,-499.728,-498.863
21.654,-0.000,0.567,-0.382,45.002,2.805,21.864,-0.300,-0.084,-0.300,-498.863,-499.728,-498.863
21.658,-0.000,0.567,-0.382,45.002,2.805,21.864,-0.300,-0.084,-0.300,-498.863,-499.728,-498.863
21.663,-0.000,0.567,-0.382,45.002,2.805,21.864,-0.300,-0.084,-0.300,-498.863,-499.728,-498.863
21.667,-0.000,0.567,-0.382,45.002,2.805,21.864,-0.300,-0.084,-0.300,-498.863,-499.728,-498.863
21.671,-0.000,0.567,-0.382,45.002,2.805,21.864,-0.300,-0.084,-0.300,-498.863,-499.728,-498.863
21.675,-0.000,0.567,-0.382,45.002,2.805,21.864,-0.300,-0.084,-0.300,-498.863,-499.728,-498.863
21.679,-0.000,0.567,-0.382,45.002,2.805,21.864,-0.300,-0.084,-0.300,-498.863,-499.728,-498.863
21.683,-0.000,0.567,-0.382,45.002,2.805,21.864,-0.300,-0.084,-0.300,-498.863,-499.728,-498.863
21.688,-0.000,0.567,-0.382,45.002,2.805,21.864,-0.300,-0.084,-0.300,-498.863,-499.728,-498.863
21.692,-0.000,0.567,-0.382,45.002,2.805,21.864,-0.300,-0.084,-0.300,-498.863,-499.728,-498.863
21.696,-0.000,0.567,-0.382,45.002,2.805,21.864,-0.300,-0.084,-0.300,-498.863,-499.728,-498.863
21.700,-0.000,0.567,-0.382,45.002,2.805,21.864,-0.300,-0.084,-0.300,-498.863,-499.728,-498.863
21.704,-0.000,0.567,-0.382,45.002,2.805,21.864,-0.300,-0.084,-0.300,-498.863,-499.728,-498.863
21.708,-0.000,0.567,-0.382,45.002,2.805,21.864,-0.300,-0.084,-0.300,-498.863,-499.728,-498.863
21.712,-0.000,0.567,-0.382,45.002,2.805,21.865,-0.300,-0.084,-0.300,-498.863,-499.728,-498.863
21.717,-0.000,0.567,-0.382,45.002,2.805,21.865,-0.300,-0.084,-0.300,-498.863,-499.728,-498.863
21.721,-0.000,0.567,-0.382,45.002,2.805,21.865,-0.300,-0.084,-0.300,-498.863,-499.728,-498.863
21.725,-0.000,0.567,-0.382,45.002,2.805,21.865,-0.300,-0.084,-0.300,-498.863,-499.728,-498.863
21.729,-0.000,0.567,-0.382,45.002,2.805,21.865,-0.300,-0.084,-0.300,-498.863,-499.728,-498.863
21.733,-0.000,0.567,-0.382,45.002,2.805,21.865,-0.300,-0.084,-0.300,-498.863,-499.728,-498.863
21.738,-0.000,0.567,-0.382,45.002,2.805,21.865,-0.300,-0.084,-0.300,-498.863,-499.728,-498.863
21.742,-0.000,0.567,-0.382,45.002,2.805,21.865,-0.300,-0.084,-0.300,-498.863,-499.728,-498.863
21.746,-0.000,0.567,-0.382,45.002,2.805,21.865,-0.300,-0.084,-0.300,-498.863,-499.728,-498.863
21.750,-0.000,0.567,-0.382,45.002,2.805,21.865,-0.300,-0.084,-0.300,-498.863,-499.728,-498.863
21.754,-0.000,0.567,-0.382,45.002,2.805,21.865,-0.300,-0.084,-0.300,-498.863,-499.728,-498.863
21.758,-0.000,0.567,-0.382,45.002,2.805,21.865,-0.300,-0.084,-0.300,-498.863,-499.728,-498.863
21.762,-0.000,0.567,-0.382,45.002,2.805,21.865,-0.300,-0.084,-0.300,-498.863,-499.728,-498.863
21.767,-0.000,0.567,-0.382,45.002,2.805,21.865,-0.300,-0.084,-0.300,-498.863,-499.728,-498.863
21.771,-0.000,0.567,-0.382,45.002,2.805,21.865,-0.300,-0.084,-0.300,-498.863,-499.728,-498.863
21.775,-0.000,0.567,-0.382,45.002,2.805,21.865,-0.300,-0.084,-0.300,-498.863,-499.728,-498.863
21.779,-0.000,0.567,-0.382,45.002,2.805,21.865,-0.300,-0.084,-0.300,-498.863,-499.728,-498.863
21.783,-0.000,0.567,-0.382,45.002,2.805,21.865,-0.300,-0.084,-0.300,-498.863,-499.728,-498.863
21.788,-0.000,0.567,-0.382,45.002,2.805,21.865,-0.300,-0.084,-0.300,-498.863,-499.728,-498.863
21.792,-0.000,0.567,-0.382,45.002,2.805,21.865,-0.300,-0.084,-0.300,-498.863,-499.728,-498.863
21.796,-0.000,0.567,-0.382,45.002,2.805,21.865,-0.300,-0.084,-0.300,-498.863,-499.728,-498.863
21.800,-0.000,0.567,-0.382,45.002,2.805,21.865,-0.300,-0.084,-0.300,-498.863,-499.728,-498.863
21.804,-0.000,0.567,-0.382,45.002,2.805,21.865,-0.300,-0.084,-0.300,-498.863,-499.728,-498.863
21.808,-0.000,0.567,-0.382,45.002,2.805,21.866,-0.300,-0.084,-0.300,-498.863,-499.728,-498.863
21.812,-0.000,0.567,-0.382,45.002,2.805,21.866,-0.300,-0.084,-0.300,-498.863,-499.728,-498.863
21.817,-0.000,0.567,-0.382,45.002,2.805,21.866,-0.300,-0.084,-0.300,-498.863,-499.728,-498.863
21.821,-0.000,0.567,-0.382,45.002,2.805,21.866,-0.300,-0.084,-0.300,-498.863,-499.728,-498.863
21.825,-0.000,0.567,-0.382,45.002,2.805,21.866,-0.300,-0.084,-0.300,-498.863,-499.728,-498.863
21.829,-0.000,0.567,-0.382,45.002,2.805,21.866,-0.300,-0.084,-0.300,-498.863,-499.728,-498.863
21.833,-0.000,0.567,-0.382,45.002,2.805,21.866,-0.300,-0.084,-0.300,-498.863,-499.728,-498.863
21.837,-0.000,0.567,-0.382,45.002,2.805,21.866,-0.300,-0.084,-0.300,-498.863,-499.728,-498.863
21.842,-0.000,0.567,-0.382,45.002,2.805,21.866,-0.300,-0.084,-0.300,-498.863,-499.728,-498.863
21.846,-0.000,0.567,-0.382,45.002,2.805,21.866,-0.300,-0.084,-0.300,-498.863,-499.728,-498.863
21.850,-0.000,0.567,-0.382,45.002,2.805,21.866,-0.300,-0.084,-0.300,-498.863,-499.728,-498.863
21.854,-0.000,0.567,-0.382,45.002,2.805,21.866,-0.300,-0.084,-0.300,-498.863,-499.728,-498.863
21.858,-0.000,0.567,-0.382,45.002,2.805,21.866,-0.300,-0.084,-0.300,-498.863,-499.728,-498.863
21.863,-0.000,0.567,-0.382,45.002,2.805,21.866,-0.300,-0.084,-0.300,-498.863,-499.728,-498.863
21.867,-0.000,0.567,-0.382,45.002,2.805,21.866,-0.300,-0.084,-0.300,-498.863,-499.728,-498.863
21.871,-0.000,0.567,-0.382,45.002,2.805,21.866,-0.300,-0.084,-0.300,-498.863,-499.728,-498.863
21.875,-0.000,0.567,-0.382,45.002,2.805,21.866,-0.300,-0.084,-0.300,-498.863,-499.728,-498.863
21.879,-0.000,0.567,-0.382,45.002,2.805,21.866,-0.300,-0.084,-0.300,-498.863,-499.728,-498.863
21.883,-0.000,0.567,-0.382,45.002,2.805,21.866,-0.300,-0.084,-0.300,-498.863,-499.728,-498.863
21.887,-0.000,0.567,-0.382,45.002,2.805,21.866,-0.300,-0.084,-0.300,-498.863,-499.728,-498.863
21.892,-0.000,0.567,-0.382,45.002,2.805,21.866,-0.300,-0.084,-0.300,-498.863,-499.728,-498.863
21.896,-0.000,0.567,-0.382,45.002,2.805,21.866,-0.300,-0.084,-0.300,-498.863,-499.728,-498.863
21.900,-0.000,0.567,-0.382,45.002,2.805,21.867,-0.300,-0.084,-0.300,-498.863,-499.728,-498.863
21.904,-0.000,0.567,-0.382,45.002,2.805,21.867,-0.300,-0.084,-0.300,-498.863,-499.728,-498.863
21.908,-0.000,0.567,-0.382,45.002,2.805,21.867,-0.300,-0.084,-0.300,-498.863,-499.728,-498.863
21.913,-0.000,0.567,-0.382,45.002,2.805,21.867,-0.300,-0.084,-0.300,-498.863,-499.728,-498.863
21.917,-0.000,0.567,-0.382,45.002,2.805,21.867,-0.300,-0.084,-0.300,-498.863,-499.728,-498.863
21.921,-0.000,0.567,-0.382,45.002,2.805,21.867,-0.300,-0.084,-0.300,-498.863,-499.728,-498.863
21.925,-0.000,0.567,-0.382,45.002,2.805,21.867,-0.300,-0.084,-0.300,-498.863,-499.728,-498.863
21.929,-0.000,0.567,-0.382,45.002,2.805,21.867,-0.300,-0.084,-0.300,-498.863,-499.728,-498.863
21.933,-0.000,0.567,-0.382,45.002,2.805,21.867,-0.300,-0.084,-0.300,-498.863,-499.728,-498.863
21.938,-0.000,0.567,-0.382,45.002,2.805,21.867,-0.300,-0.084,-0.300,-498.863,-499.728,-498.863
21.942,-0.000,0.567,-0.382,45.002,2.805,21.867,-0.300,-0.084,-0.300,-498.863,-499.728,-498.863
21.946,-0.000,0.567,-0.382,45.002,2.805,21.867,-0.300,-0.084,-0.300,-498.863,-499.728,-498.863
21.950,-0.000,0.567,-0.382,45.002,2.805,21.867,-0.300,-0.084,-0.300,-498.863,-499.728,-498.863
21.954,-0.000,0.567,-0.382,45.002,2.805,21.867,-0.300,-0.084,-0.300,-498.863,-499.728,-498.863
21.958,-0.000,0.567,-0.382,45.002,2.805,21.867,-0.300,-0.084,-0.300,-498.863,-499.728,-498.863
21.962,-0.000,0.567,-0.382,45.002,2.805,21.867,-0.300,-0.084,-0.300,-498.863,-499.728,-498.863
21.967,-0.000,0.567,-0.382,45.002,2.805,21.867,-0.300,-0.084,-0.300,-498.863,-499.728,-498.863
21.971,-0.000,0.567,-0.382,45.002,2.805,21.867,-0.300,-0.084,-0.300,-498.863,-499.728,-498.863
21.975,-0.000,0.567,-0.382,45.002,2.805,21.867,-0.300,-0.084,-0.300,-498.863,-499.728,-498.863
21.979,-0.000,0.567,-0.382,45.002,2.805,21.867,-0.300,-0.084,-0.300,-498.863,-499.728,-498.863
21.983,-0.000,0.567,-0.382,45.002,2.805,21.867,-0.300,-0.084,-0.300,-498.863,-499.728,-498.863
21.988,-0.000,0.567,-0.382,45.002,2.805,21.867,-0.300,-0.084,-0.300,-498.863,-499.728,-498.863
21.992,-0.000,0.567,-0.382,45.002,2.805,21.867,-0.300,-0.084,-0.300,-498.863,-499.728,-498.863
21.996,-0.000,0.567,-0.382,45.002,2.805,21.868,-0.300,-0.084,-0.300,-498.863,-499.728,-498.863
22.000,-0.000,0.567,-0.382,45.002,2.805,21.868,-0.300,-0.084,-0.300,-498.863,-499.728,-498.863
22.004,-0.000,0.567,-0.382,45.002,2.805,21.868,-0.300,-0.084,-0.300,-498.863,-499.728,-498.863
22.008,-0.000,0.567,-0.382,45.002,2.805,21.868,-0.300,-0.084,-0.300,-498.863,-499.728,-498.863
22.012,-0.000,0.567,-0.382,45.002,2.805,21.868,-0.300,-0.084,-0.300,-498.863,-499.728,-498.863
22.017,-0.000,0.567,-0.382,45.002,2.805,21.868,-0.300,-0.084,-0.300,-498.863,-499.728,-498.863
22.021,-0.000,0.567,-0.382,45.002,2.805,21.868,-0.300,-0.084,-0.300,-498.863,-499.728,-498.863
22.025,-0.000,0.567,-0.382,45.002,2.805,21.868,-0.300,-0.084,-0.300,-498.863,-499.728,-498.863
22.029,-0.000,0.567,-0.382,45.002,2.805,21.868,-0.300,-0.084,-0.300,-498.863,-499.728,-498.863
22.033,-0.000,0.567,-0.382,45.002,2.805,21.868,-0.300,-0.084,-0.300,-498.863,-499.728,-498.863
22.038,-0.000,0.567,-0.382,45.002,2.805,21.868,-0.300,-0.084,-0.300,-498.863,-499.728,-498.863
22.042,-0.000,0.567,-0.382,45.002,2.805,21.868,-0.300,-0.084,-0.300,-498.863,-499.728,-498.863
22.046,-0.000,0.567,-0.382,45.002,2.805,21.868,-0.300,-0.084,-0.300,-498.863,-499.728,-498.863
22.050,-0.000,0.567,-0.382,45.002,2.805,21.868,-0.300,-0.084,-0.300,-498.863,-499.728,-498.863
22.054,-0.000,0.567,-0.382,45.002,2.805,21.868,-0.300,-0.084,-0.300,-498.863,-499.728,-498.863
22.058,-0.000,0.567,-0.382,45.002,2.805,21.868,-0.300,-0.084,-0.300,-498.863,-499.728,-498.863
22.062,-0.000,0.567,-0.382,45.002,2.805,21.868,-0.300,-0.084,-0.300,-498.863,-499.728,-498.863
22.067,-0.000,0.567,-0.382,45.002,2.805,21.868,-0.300,-0.084,-0.300,-498.863,-499.728,-498.863
22.071,-0.000,0.567,-0.382,45.002,2.805,21.868,-0.300,-0.084,-0.300,-498.863,-499.728,-498.863
22.075,-0.000,0.567,-0.382,45.002,2.805,21.868,-0.300,-0.084,-0.300,-498.863,-499.728,-498.863
22.079,-0.000,0.567,-0.382,45.002,2.805,21.868,-0.300,-0.084,-0.300,-498.863,-499.728,-498.863
22.083,-0.000,0.567,-0.382,45.002,2.805,21.868,-0.300,-0.084,-0.300,-498.863,-499.728,-498.863
22.087,-0.000,0.567,-0.382,45.002,2.805,21.868,-0.300,-0.084,-0.300,-498.863,-499.728,-498.863
22.092,-0.000,0.567,-0.382,45.002,2.805,21.869,-0.300,-0.084,-0.300,-498.863,-499.728,-498.863
22.096,-0.000,0.567,-0.382,45.002,2.805,21.869,-0.300,-0.084,-0.300,-498.863,-499.728,-498.863
22.100,-0.000,0.567,-0.382,45.002,2.805,21.869,-0.300,-0.084,-0.300,-498.863,-499.728,-498.863
22.104,-0.000,0.567,-0.382,45.002,2.805,21.869,-0.300,-0.084,-0.300,-498.863,-499.728,-498.863
22.108,-0.000,0.567,-0.382,45.002,2.805,21.869,-0.300,-0.084,-0.300,-498.863,-499.728,-498.863
22.113,-0.000,0.567,-0.382,45.002,2.805,21.869,-0.300,-0.084,-0.300,-498.863,-499.728,-498.863
22.117,-0.000,0.567,-0.382,45.002,2.805,21.869,-0.300,-0.084,-0.300,-498.863,-499.728,-498.863
22.121,-0.000,0.567,-0.382,45.002,2.805,21.869,-0.300,-0.084,-0.300,-498.863,-499.728,-498.863
22.125,-0.000,0.567,-0.382,45.002,2.805,21.869,-0.300,-0.084,-0.300,-498.863,-499.728,-498.863
22.129,-0.000,0.567,-0.382,45.002,2.805,21.869,-0.300,-0.084,-0.300,-498.863,-499.728,-498.863
22.133,-0.000,0.567,-0.382,45.002,2.805,21.869,-0.300,-0.084,-0.300,-498.863,-499.728,-498.863
22.137,-0.000,0.567,-0.382,45.002,2.805,21.869,-0.300,-0.084,-0.300,-498.863,-499.728,-498.863
22.142,-0.000,0.567,-0.382,45.002,2.805,21.869,-0.300,-0.084,-0.300,-498.863,-499.728,-498.863
22.146,-0.000,0.567,-0.382,45.002,2.805,21.869,-0.300,-0.084,-0.300,-498.863,-499.728,-498.863
22.150,-0.000,0.567,-0.382,45.002,2.805,21.869,-0.300,-0.084,-0.300,-498.863,-499.728,-498.863
22.154,-0.000,0.567,-0.382,45.002,2.805,21.869,-0.300,-0.084,-0.300,-498.863,-499.728,-498.863
22.158,-0.000,0.567,-0.382,45.002,2.805,21.869,-0.300,-0.084,-0.300,-498.863,-499.728,-498.863
22.163,-0.000,0.567,-0.382,45.002,2.805,21.869,-0.300,-0.084,-0.300,-498.863,-499.728,-498.863
22.167,-0.000,0.567,-0.382,45.002,2.805,21.869,-0.300,-0.084,-0.300,-498.863,-499.728,-498.863
22.171,-0.000,0.567,-0.382,45.002,2.805,21.869,-0.300,-0.084,-0.300,-498.863,-499.728,-498.863
22.175,-0.000,0.567,-0.382,45.002,2.805,21.869,-0.300,-0.084,-0.300,-498.863,-499.728,-498.863
22.179,-0.000,0.567,-0.382,45.002,2.805,21.869,-0.300,-0.084,-0.300,-498.863,-499.728,-498.863
22.183,-0.000,0.567,-0.382,45.002,2.805,21.870,-0.300,-0.084,-0.300,-498.863,-499.728,-498.863
22.188,-0.000,0.567,-0.382,45.002,2.805,21.870,-0.300,-0.084,-0.300,-498.863,-499.728,-498.863
22.192,-0.000,0.567,-0.382,45.002,2.805,21.870,-0.300,-0.084,-0.300,-498.863,-499.728,-498.863
22.196,-0.000,0.567,-0.382,45.002,2.805,21.870,-0.300,-0.084,-0.300,-498.863,-499.728,-498.863
22.200,-0.000,0.567,-0.382,45.002,2.805,21.870,-0.300,-0.084,-0.300,-498.863,-499.728,-498.863
22.204,-0.000,0.567,-0.382,45.002,2.805,21.870,-0.300,-0.084,-0.300,-498.863,-499.728,-498.863
22.208,-0.000,0.567,-0.382,45.002,2.805,21.870,-0.300,-0.084,-0.300,-498.863,-499.728,-498.863
22.212,-0.000,0.567,-0.382,45.002,2.805,21.870,-0.300,-0.084,-0.300,-498.863,-499.728,-498.863
22.217,-0.000,0.567,-0.382,45.002,2.805,21.870,-0.300,-0.084,-0.300,-498.863,-499.728,-498.863
22.221,-0.000,0.567,-0.382,45.002,2.805,21.870,-0.300,-0.084,-0.300,-498.863,-499.728,-498.863
22.225,-0.000,0.567,-0.382,45.002,2.805,21.870,-0.300,-0.084,-0.300,-498.863,-499.728,-498.863
22.229,-0.000,0.567,-0.382,45.002,2.805,21.870,-0.300,-0.084,-0.300,-498.863,-499.728,-498.863
22.233,-0.000,0.567,-0.382,45.002,2.805,21.870,-0.300,-0.084,-0.300,-498.863,-499.728,-498.863
22.238,-0.000,0.567,-0.382,45.002,2.805,21.870,-0.300,-0.084,-0.300,-498.863,-499.728,-498.863
22.242,-0.000,0.567,-0.382,45.002,2.805,21.870,-0.300,-0.084,-0.300,-498.863,-499.728,-498.863
22.246,-0.000,0.567,-0.382,45.002,2.805,21.870,-0.300,-0.084,-0.300,-498.863,-499.728,-498.863
22.250,-0.000,0.567,-0.382,45.002,2.805,21.870,-0.300,-0.084,-0.300,-498.863,-499.728,-498.863
22.254,-0.000,0.567,-0.382,45.002,2.805,21.870,-0.300,-0.084,-0.300,-498.863,-499.728,-498.863
22.258,-0.000,0.567,-0.382,45.002,2.805,21.870,-0.300,-0.084,-0.300,-498.863,-499.728,-498.863
22.262,-0.000,0.567,-0.382,45.002,2.805,21.870,-0.300,-0.084,-0.300,-498.863,-499.728,-498.863
22.267,-0.000,0.567,-0.382,45.002,2.805,21.870,-0.300,-0.084,-0.300,-498.863,-499.728,-498.863
22.271,-0.000,0.567,-0.382,45.002,2.805,21.870,-0.300,-0.084,-0.300,-498.863,-499.728,-498.863
22.275,-0.000,0.567,-0.382,45.002,2.805,21.870,-0.300,-0.084,-0.300,-498.863,-499.728,-498.863
22.279,-0.000,0.567,-0.382,45.002,2.805,21.871,-0.300,-0.084,-0.300,-498.863,-499.728,-498.863
22.283,-0.000,0.567,-0.382,45.002,2.805,21.871,-0.300,-0.084,-0.300,-498.863,-499.728,-498.863
22.288,-0.000,0.567,-0.382,45.002,2.805,21.871,-0.300,-0.084,-0.300,-498.863,-499.728,-498.863
22.292,-0.000,0.567,-0.382,45.002,2.805,21.871,-0.300,-0.084,-0.300,-498.863,-499.728,-498.863
22.296,-0.000,0.567,-0.382,45.002,2.805,21.871,-0.300,-0.084,-0.300,-498.863,-499.728,-498.863
22.300,-0.000,0.567,-0.382,45.002,2.805,21.871,-0.300,-0.084,-0.300,-498.863,-499.728,-498.863
22.304,-0.000,0.567,-0.382,45.002,2.805,21.871,-0.300,-0.084,-0.300,-498.863,-499.728,-498.863
22.308,-0.000,0.567,-0.382,45.002,2.805,21.871,-0.300,-0.084,-0.300,-498.863,-499.728,-498.863
22.312,-0.000,0.567,-0.382,45.002,2.805,21.871,-0.300,-0.084,-0.300,-498.863,-499.728,-498.863
22.317,-0.000,0.567,-0.382,45.002,2.805,21.871,-0.300,-0.084,-0.300,-498.863,-499.728,-498.863
22.321,-0.000,0.567,-0.382,45.002,2.805,21.871,-0.300,-0.084,-0.300,-498.863,-499.728,-498.863
22.325,-0.000,0.567,-0.382,45.002,2.805,21.871,-0.300,-0.084,-0.300,-498.863,-499.728,-498.863
22.329,-0.000,0.567,-0.382,45.002,2.805,21.871,-0.300,-0.084,-0.300,-498.863,-499.728,-498.863
22.333,-0.000,0.567,-0.382,45.002,2.805,21.871,-0.300,-0.084,-0.300,-498.863,-499.728,-498.863
22.337,-0.000,0.567,-0.382,45.002,2.805,21.871,-0.300,-0.084,-0.300,-498.863,-499.728,-498.863
22.342,-0.000,0.567,-0.382,45.002,2.805,21.871,-0.300,-0.084,-0.300,-498.863,-499.728,-498.863
22.346,-0.000,0.567,-0.382,45.002,2.805,21.871,-0.300,-0.084,-0.300,-498.863,-499.728,-498.863
22.350,-0.000,0.567,-0.382,45.002,2.805,21.871,-0.300,-0.084,-0.300,-498.863,-499.728,-498.863
22.354,-0.000,0.567,-0.382,45.002,2.805,21.871,-0.300,-0.084,-0.300,-498.863,-499.728,-498.863
22.358,-0.000,0.567,-0.382,45.002,2.805,21.871,-0.300,-0.084,-0.300,-498.863,-499.728,-498.863
22.363,-0.000,0.567,-0.382,45.002,2.805,21.871,-0.300,-0.084,-0.300,-498.863,-499.728,-498.863
22.367,-0.000,0.567,-0.382,45.002,2.805,21.871,-0.300,-0.084,-0.300,-498.863,-499.728,-498.863
22.371,-0.000,0.567,-0.382,45.002,2.805,21.871,-0.300,-0.084,-0.300,-498.863,-499.728,-498.863
22.375,-0.000,0.567,-0.382,45.002,2.805,21.872,-0.300,-0.084,-0.300,-498.863,-499.728,-498.863
22.379,-0.000,0.567,-0.382,45.002,2.805,21.872,-0.300,-0.084,-0.300,-498.863,-499.728,-498.863
22.383,-0.000,0.567,-0.382,45.002,2.805,21.872,-0.300,-0.084,-0.300,-498.863,-499.728,-498.863
22.387,-0.000,0.567,-0.382,45.002,2.805,21.872,-0.300,-0.084,-0.300,-498.863,-499.728,-498.863
22.392,-0.000,0.567,-0.382,45.002,2.805,21.872,-0.300,-0.084,-0.300,-498.863,-499.728,-498.863
22.396,-0.000,0.567,-0.382,45.002,2.805,21.872,-0.300,-0.084,-0.300,-498.863,-499.728,-498.863
22.400,-0.000,0.567,-0.382,45.002,2.805,21.872,-0.300,-0.084,-0.300,-498.863,-499.728,-498.863
22.404,-0.000,0.567,-0.382,45.002,2.805,21.872,-0.300,-0.084,-0.300,-498.863,-499.728,-498.863
22.408,-0.000,0.567,-0.382,45.002,2.805,21.872,-0.300,-0.084,-0.300,-498.863,-499.728,-498.863
22.413,-0.000,0.567,-0.382,45.002,2.805,21.872,-0.300,-0.084,-0.300,-498.863,-499.728,-498.863
22.417,-0.000,0.567,-0.382,45.002,2.805,21.872,-0.300,-0.084,-0.300,-498.863,-499.728,-498.863
22.421,-0.000,0.567,-0.382,45.002,2.805,21.872,-0.300,-0.084,-0.300,-498.863,-499.728,-498.863
22.425,-0.000,0.567,-0.382,45.002,2.805,21.872,-0.300,-0.084,-0.300,-498.863,-499.728,-498.863
22.429,-0.000,0.567,-0.382,45.002,2.805,21.872,-0.300,-0.084,-0.300,-498.863,-499.728,-498.863
22.433,-0.000,0.567,-0.382,45.002,2.805,21.872,-0.300,-0.084,-0.300,-498.863,-499.728,-498.863
22.438,-0.000,0.567,-0.382,45.002,2.805,21.872,-0.300,-0.084,-0.300,-498.863,-499.728,-498.863
22.442,-0.000,0.567,-0.382,45.002,2.805,21.872,-0.300,-0.084,-0.300,-498.863,-499.728,-498.863
22.446,-0.000,0.567,-0.382,45.002,2.805,21.872,-0.300,-0.084,-0.300,-498.863,-499.728,-498.863
22.450,-0.000,0.567,-0.382,45.002,2.805,21.872,-0.300,-0.084,-0.300,-498.863,-499.728,-498.863
22.454,-0.000,0.567,-0.382,45.002,2.805,21.872,-0.300,-0.084,-0.300,-498.863,-499.728,-498.863
22.458,-0.000,0.567,-0.382,45.002,2.805,21.872,-0.300,-0.084,-0.300,-498.863,-499.728,-498.863
22.462,-0.000,0.567,-0.382,45.002,2.805,21.872,-0.300,-0.084,-0.300,-498.863,-499.728,-498.863
22.467,-0.000,0.567,-0.382,45.002,2.805,21.873,-0.300,-0.084,-0.300,-498.863,-499.728,-498.863
22.471,-0.000,0.567,-0.382,45.002,2.805,21.873,-0.300,-0.084,-0.300,-498.863,-499.728,-498.863
22.475,-0.000,0.567,-0.382,45.002,2.805,21.873,-0.300,-0.084,-0.300,-498.863,-499.728,-498.863
22.479,-0.000,0.567,-0.382,45.002,2.805,21.873,-0.300,-0.084,-0.300,-498.863,-499.728,-498.863
22.483,-0.000,0.567,-0.382,45.002,2.805,21.873,-0.300,-0.084,-0.300,-498.863,-499.728,-498.863
22.488,-0.000,0.567,-0.382,45.002,2.805,21.873,-0.300,-0.084,-0.300,-498.863,-499.728,-498.863
22.492,-0.000,0.567,-0.382,45.002,2.805,21.873,-0.300,-0.084,-0.300,-498.863,-499.728,-498.863
22.496,-0.000,0.567,-0.382,45.002,2.805,21.873,-0.300,-0.084,-0.300,-498.863,-499.728,-498.863
22.500,-0.000,0.567,-0.382,45.002,2.805,21.873,-0.300,-0.084,-0.300,-498.863,-499.728,-498.863
22.504,-0.000,0.567,-0.382,45.002,2.805,21.873,-0.300,-0.084,-0.300,-498.863,-499.728,-498.863
22.508,-0.000,0.567,-0.382,45.002,2.805,21.873,-0.300,-0.084,-0.300,-498.863,-499.728,-498.863
22.512,-0.000,0.567,-0.382,45.002,2.805,21.873,-0.300,-0.084,-0.300,-498.863,-499.728,-498.863
22.517,-0.000,0.567,-0.382,45.002,2.805,21.873,-0.300,-0.084,-0.300,-498.863,-499.728,-498.863
22.521,-0.000,0.567,-0.382,45.002,2.805,21.873,-0.300,-0.084,-0.300,-498.863,-499.728,-498.863
22.525,-0.000,0.567,-0.382,45.002,2.805,21.873,-0.300,-0.084,-0.300,-498.863,-499.728,-498.863
22.529,-0.000,0.567,-0.382,45.002,2.805,21.873,-0.300,-0.084,-0.300,-498.863,-499.728,-498.863
22.533,-0.000,0.567,-0.382,45.002,2.805,21.873,-0.300,-0.084,-0.300,-498.863,-499.728,-498.863
22.538,-0.000,0.567,-0.382,45.002,2.805,21.873,-0.300,-0.084,-0.300,-498.863,-499.728,-498.863
22.542,-0.000,0.567,-0.382,45.002,2.805,21.873,-0.300,-0.084,-0.300,-498.863,-499.728,-498.863
22.546,-0.000,0.567,-0.382,45.002,2.805,21.873,-0.300,-0.084,-0.300,-498.863,-499.728,-498.863
22.550,-0.000,0.567,-0.382,45.002,2.805,21.873,-0.300,-0.084,-0.300,-498.863,-499.728,-498.863
22.554,-0.000,0.567,-0.382,45.002,2.805,21.873,-0.300,-0.084,-0.300,-498.863,-499.728,-498.863
22.558,-0.000,0.567,-0.382,45.002,2.805,21.873,-0.300,-0.084,-0.300,-498.863,-499.728,-498.863
22.562,-0.000,0.567,-0.382,45.002,2.805,21.874,-0.300,-0.084,-0.300,-498.863,-499.728,-498.863
22.567,-0.000,0.567,-0.382,45.002,2.805,21.874,-0.300,-0.084,-0.300,-498.863,-499.728,-498.863
22.571,-0.000,0.567,-0.382,45.002,2.805,21.874,-0.300,-0.084,-0.300,-498.863,-499.728,-498.863
22.575,-0.000,0.567,-0.382,45.002,2.805,21.874,-0.300,-0.084,-0.300,-498.863,-499.728,-498.863
22.579,-0.000,0.567,-0.382,45.002,2.805,21.874,-0.300,-0.084,-0.300,-498.863,-499.728,-498.863
22.583,-0.000,0.567,-0.382,45.002,2.805,21.874,-0.300,-0.084,-0.300,-498.863,-499.728,-498.863
22.587,-0.000,0.567,-0.382,45.002,2.805,21.874,-0.300,-0.084,-0.300,-498.863,-499.728,-498.863
22.592,-0.000,0.567,-0.382,45.002,2.805,21.874,-0.300,-0.084,-0.300,-498.863,-499.728,-498.863
22.596,-0.000,0.567,-0.382,45.002,2.805,21.874,-0.300,-0.084,-0.300,-498.863,-499.728,-498.863
22.600,-0.000,0.567,-0.382,45.002,2.805,21.874,-0.300,-0.084,-0.300,-498.863,-499.728,-498.863
22.604,-0.000,0.567,-0.382,45.002,2.805,21.874,-0.300,-0.084,-0.300,-498.863,-499.728,-498.863
22.608,-0.000,0.567,-0.382,45.002,2.805,21.874,-0.300,-0.084,-0.300,-498.863,-499.728,-498.863
22.613,-0.000,0.567,-0.382,45.002,2.805,21.874,-0.300,-0.084,-0.300,-498.863,-499.728,-498.863
22.617,-0.000,0.567,-0.382,45.002,2.805,21.874,-0.300,-0.084,-0.300,-498.863,-499.728,-498.863
22.621,-0.000,0.567,-0.382,45.002,2.805,21.874,-0.300,-0.084,-0.300,-498.863,-499.728,-498.863
22.625,-0.000,0.567,-0.382,45.002,2.805,21.874,-0.300,-0.084,-0.300,-498.863,-499.728,-498.863
22.629,-0.000,0.567,-0.382,45.002,2.805,21.874,-0.300,-0.084,-0.300,-498.863,-499.728,-498.863
22.633,-0.000,0.567,-0.382,45.002,2.805,21.874,-0.300,-0.084,-0.300,-498.863,-499.728,-498.863
22.637,-0.000,0.567,-0.382,45.002,2.805,21.874,-0.300,-0.084,-0.300,-498.863,-499.728,-498.863
22.642,-0.000,0.567,-0.382,45.002,2.805,21.874,-0.300,-0.084,-0.300,-498.863,-499.728,-498.863
22.646,-0.000,0.567,-0.382,45.002,2.805,21.874,-0.300,-0.084,-0.300,-498.863,-499.728,-498.863
22.650,-0.000,0.567,-0.382,45.002,2.805,21.874,-0.300,-0.084,-0.300,-498.863,-499.728,-498.863
22.654,-0.000,0.567,-0.382,45.002,2.805,21.874,-0.300,-0.084,-0.300,-498.863,-499.728,-498.863
22.658,-0.000,0.567,-0.382,45.002,2.805,21.875,-0.300,-0.084,-0.300,-498.863,-499.728,-498.863
22.663,-0.000,0.567,-0.382,45.002,2.805,21.875,-0.300,-0.084,-0.300,-498.863,-499.728,-498.863
22.667,-0.000,0.567,-0.382,45.002,2.805,21.875,-0.300,-0.084,-0.300,-498.863,-499.728,-498.863
22.671,-0.000,0.567,-0.382,45.002,2.805,21.875,-0.300,-0.084,-0.300,-498.863,-499.728,-498.863
22.675,-0.000,0.567,-0.382,45.002,2.805,21.875,-0.300,-0.084,-0.300,-498.863,-499.728,-498.863
22.679,-0.000,0.567,-0.382,45.002,2.805,21.875,-0.300,-0.084,-0.300,-498.863,-499.728,-498.863
22.683,-0.000,0.567,-0.382,45.002,2.805,21.875,-0.300,-0.084,-0.300,-498.863,-499.728,-498.863
22.688,-0.000,0.567,-0.382,45.002,2.805,21.875,-0.300,-0.084,-0.300,-498.863,-499.728,-498.863
22.692,-0.000,0.567,-0.382,45.002,2.805,21.875,-0.300,-0.084,-0.300,-498.863,-499.728,-498.863
22.696,-0.000,0.567,-0.382,45.002,2.805,21.875,-0.300,-0.084,-0.300,-498.863,-499.728,-498.863
22.700,-0.000,0.567,-0.382,45.002,2.805,21.875,-0.300,-0.084,-0.300,-498.863,-499.728,-498.863
22.704,-0.000,0.567,-0.382,45.002,2.805,21.875,-0.300,-0.084,-0.300,-498.863,-499.728,-498.863
22.708,-0.000,0.567,-0.382,45.002,2.805,21.875,-0.300,-0.084,-0.300,-498.863,-499.728,-498.863
22.712,-0.000,0.567,-0.382,45.002,2.805,21.875,-0.300,-0.084,-0.300,-498.863,-499.728,-498.863
22.717,-0.000,0.567,-0.382,45.002,2.805,21.875,-0.300,-0.084,-0.300,-498.863,-499.728,-498.863
22.721,-0.000,0.567,-0.382,45.002,2.805,21.875,-0.300,-0.084,-0.300,-498.863,-499.728,-498.863
22.725,-0.000,0.567,-0.382,45.002,2.805,21.875,-0.300,-0.084,-0.300,-498.863,-499.728,-498.863
22.729,-0.000,0.567,-0.382,45.002,2.805,21.875,-0.300,-0.084,-0.300,-498.863,-499.728,-498.863
22.733,-0.000,0.567,-0.382,45.002,2.805,21.875,-0.300,-0.084,-0.300,-498.863,-499.728,-498.863
22.738,-0.000,0.567,-0.382,45.002,2.805,21.875,-0.300,-0.084,-0.300,-498.863,-499.728,-498.863
22.742,-0.000,0.567,-0.382,45.002,2.805,21.875,-0.300,-0.084,-0.300,-498.863,-499.728,-498.863
22.746,-0.000,0.567,-0.382,45.002,2.805,21.875,-0.300,-0.084,-0.300,-498.863,-499.728,-498.863
22.750,-0.000,0.567,-0.382,45.002,2.805,21.876,-0.300,-0.084,-0.300,-498.863,-499.728,-498.863
22.754,-0.000,0.567,-0.382,45.002,2.805,21.876,-0.300,-0.084,-0.300,-498.863,-499.728,-498.863
22.758,-0.000,0.567,-0.382,45.002,2.805,21.876,-0.300,-0.084,-0.300,-498.863,-499.728,-498.863
22.762,-0.000,0.567,-0.382,45.002,2.805,21.876,-0.300,-0.084,-0.300,-498.863,-499.728,-498.863
22.767,-0.000,0.567,-0.382,45.002,2.805,21.876,-0.300,-0.084,-0.300,-498.863,-499.728,-498.863
22.771,-0.000,0.567,-0.382,45.002,2.805,21.876,-0.300,-0.084,-0.300,-498.863,-499.728,-498.863
22.775,-0.000,0.567,-0.382,45.002,2.805,21.876,-0.300,-0.084,-0.300,-498.863,-499.728,-498.863
22.779,-0.000,0.567,-0.382,45.002,2.805,21.876,-0.300,-0.084,-0.300,-498.863,-499.728,-498.863
22.783,-0.000,0.567,-0.382,45.002,2.805,21.876,-0.300,-0.084,-0.300,-498.863,-499.728,-498.863
22.788,-0.000,0.567,-0.382,45.002,2.805,21.876,-0.300,-0.084,-0.300,-498.863,-499.728,-498.863
22.792,-0.000,0.567,-0.382,45.002,2.805,21.876,-0.300,-0.084,-0.300,-498.863,-499.728,-498.863
22.796,-0.000,0.567,-0.382,45.002,2.805,21.876,-0.300,-0.084,-0.300,-498.863,-499.728,-498.863
22.800,-0.000,0.567,-0.382,45.002,2.805,21.876,-0.300,-0.084,-0.300,-498.863,-499.728,-498.863
22.804,-0.000,0.567,-0.382,45.002,2.805,21.876,-0.300,-0.084,-0.300,-498.863,-499.728,-498.863
22.808,-0.000,0.567,-0.382,45.002,2.805,21.876,-0.300,-0.084,-0.300,-498.863,-499.728,-498.863
22.812,-0.000,0.567,-0.382,45.002,2.805,21.876,-0.300,-0.084,-0.300,-498.863,-499.728,-498.863
22.817,-0.000,0.567,-0.382,45.002,2.805,21.876,-0.300,-0.084,-0.300,-498.863,-499.728,-498.863
22.821,-0.000,0.567,-0.382,45.002,2.805,21.876,-0.300,-0.084,-0.300,-498.863,-499.728,-498.863
22.825,-0.000,0.567,-0.382,45.002,2.805,21.876,-0.300,-0.084,-0.300,-498.863,-499.728,-498.863
22.829,-0.000,0.567,-0.382,45.002,2.805,21.876,-0.300,-0.084,-0.300,-498.863,-499.728,-498.863
22.833,-0.000,0.567,-0.382,45.002,2.805,21.876,-0.300,-0.084,-0.300,-498.863,-499.728,-498.863
22.837,-0.000,0.567,-0.382,45.002,2.805,21.876,-0.300,-0.084,-0.300,-498.863,-499.728,-498.863
22.842,-0.000,0.567,-0.382,45.002,2.805,21.876,-0.300,-0.084,-0.300,-498.863,-499.728,-498.863
22.846,-0.000,0.567,-0.382,45.002,2.805,21.877,-0.300,-0.084,-0.300,-498.863,-499.728,-498.863
22.850,-0.000,0.567,-0.382,45.002,2.805,21.877,-0.300,-0.084,-0.300,-498.863,-499.728,-498.863
22.854,-0.000,0.567,-0.382,45.002,2.805,21.877,-0.300,-0.084,-0.300,-498.863,-499.728,-498.863
22.858,-0.000,0.567,-0.382,45.002,2.805,21.877,-0.300,-0.084,-0.300,-498.863,-499.728,-498.863
22.863,-0.000,0.567,-0.382,45.002,2.805,21.877,-0.300,-0.084,-0.300,-498.863,-499.728,-498.863
22.867,-0.000,0.567,-0.382,45.002,2.805,21.877,-0.300,-0.084,-0.300,-498.863,-499.728,-498.863
22.871,-0.000,0.567,-0.382,45.002,2.805,21.877,-0.300,-0.084,-0.300,-498.863,-499.728,-498.863
22.875,-0.000,0.567,-0.382,45.002,2.805,21.877,-0.300,-0.084,-0.300,-498.863,-499.728,-498.863
22.879,-0.000,0.567,-0.382,45.002,2.805,21.877,-0.300,-0.084,-0.300,-498.863,-499.728,-498.863
22.883,-0.000,0.567,-0.382,45.002,2.805,21.877,-0.300,-0.084,-0.300,-498.863,-499.728,-498.863
22.887,-0.000,0.567,-0.382,45.002,2.805,21.877,-0.300,-0.084,-0.300,-498.863,-499.728,-498.863
22.892,-0.000,0.567,-0.382,45.002,2.805,21.877,-0.300,-0.084,-0.300,-498.863,-499.728,-498.863
22.896,-0.000,0.567,-0.382,45.002,2.805,21.877,-0.300,-0.084,-0.300,-498.863,-499.728,-498.863
22.900,-0.000,0.567,-0.382,45.002,2.805,21.877,-0.300,-0.084,-0.300,-498.863,-499.728,-498.863
22.904,-0.000,0.567,-0.382,45.002,2.805,21.877,-0.300,-0.084,-0.300,-498.863,-499.728,-498.863
22.908,-0.000,0.567,-0.382,45.002,2.805,21.877,-0.300,-0.084,-0.300,-498.863,-499.728,-498.863
22.913,-0.000,0.567,-0.382,45.002,2.805,21.877,-0.300,-0.084,-0.300,-498.863,-499.728,-498.863
22.917,-0.000,0.567,-0.382,45.002,2.805,21.877,-0.300,-0.084,-0.300,-498.863,-499.728,-498.863
22.921,-0.000,0.567,-0.382,45.002,2.805,21.877,-0.300,-0.084,-0.300,-498.863,-499.728,-498.863
22.925,-0.000,0.567,-0.382,45.002,2.805,21.877,-0.300,-0.084,-0.300,-498.863,-499.728,-498.863
22.929,-0.000,0.567,-0.382,45.002,2.805,21.877,-0.300,-0.084,-0.300,-498.863,-499.728,-498.863
22.933,-0.000,0.567,-0.382,45.002,2.805,21.877,-0.300,-0.084,-0.300,-498.863,-499.728,-498.863
22.938,-0.000,0.567,-0.382,45.002,2.805,21.877,-0.300,-0.084,-0.300,-498.863,-499.728,-498.863
22.942,-0.000,0.567,-0.382,45.002,2.805,21.878,-0.300,-0.084,-0.300,-498.863,-499.728,-498.863
22.946,-0.000,0.567,-0.382,45.002,2.805,21.878,-0.300,-0.084,-0.300,-498.863,-499.728,-498.863
22.950,-0.000,0.567,-0.382,45.002,2.805,21.878,-0.300,-0.084,-0.300,-498.863,-499.728,-498.863
22.954,-0.000,0.567,-0.382,45.002,2.805,21.878,-0.300,-0.084,-0.300,-498.863,-499.728,-498.863
22.958,-0.000,0.567,-0.382,45.002,2.805,21.878,-0.300,-0.084,-0.300,-498.863,-499.728,-498.863
22.962,-0.000,0.567,-0.382,45.002,2.805,21.878,-0.300,-0.084,-0.300,-498.863,-499.728,-498.863
22.967,-0.000,0.567,-0.382,45.002,2.805,21.878,-0.300,-0.084,-0.300,-498.863,-499.728,-498.863
22.971,-0.000,0.567,-0.382,45.002,2.805,21.878,-0.300,-0.084,-0.300,-498.863,-499.728,-498.863
22.975,-0.000,0.567,-0.382,45.002,2.805,21.878,-0.300,-0.084,-0.300,-498.863,-499.728,-498.863
22.979,-0.000,0.567,-0.382,45.002,2.805,21.878,-0.300,-0.084,-0.300,-498.863,-499.728,-498.863
22.983,-0.000,0.567,-0.382,45.002,2.805,21.878,-0.300,-0.084,-0.300,-498.863,-499.728,-498.863
22.988,-0.000,0.567,-0.382,45.002,2.805,21.878,-0.300,-0.084,-0.300,-498.863,-499.728,-498.863
22.992,-0.000,0.567,-0.382,45.002,2.805,21.878,-0.300,-0.084,-0.300,-498.863,-499.728,-498.863
22.996,-0.000,0.567,-0.382,45.002,2.805,21.878,-0.300,-0.084,-0.300,-498.863,-499.728,-498.863
23.000,-0.000,0.567,-0.382,45.002,2.805,21.878,-0.300,-0.084,-0.300,-498.863,-499.728,-498.863
23.004,-0.000,0.567,-0.382,45.002,2.805,21.878,-0.300,-0.084,-0.300,-498.863,-499.728,-498.863
23.008,-0.000,0.567,-0.382,45.002,2.805,21.878,-0.300,-0.084,-0.300,-498.863,-499.728,-498.863
23.012,-0.000,0.567,-0.382,45.002,2.805,21.878,-0.300,-0.084,-0.300,-498.863,-499.728,-498.863
23.017,-0.000,0.567,-0.382,45.002,2.805,21.878,-0.300,-0.084,-0.300,-498.863,-499.728,-498.863
23.021,-0.000,0.567,-0.382,45.002,2.805,21.878,-0.300,-0.084,-0.300,-498.863,-499.728,-498.863
23.025,-0.000,0.567,-0.382,45.002,2.805,21.878,-0.300,-0.084,-0.300,-498.863,-499.728,-498.863
23.029,-0.000,0.567,-0.382,45.002,2.805,21.878,-0.300,-0.084,-0.300,-498.863,-499.728,-498.863
23.033,-0.000,0.567,-0.382,45.002,2.805,21.879,-0.300,-0.084,-0.300,-498.863,-499.728,-498.863
23.038,-0.000,0.567,-0.382,45.002,2.805,21.879,-0.300,-0.084,-0.300,-498.863,-499.728,-498.863
23.042,-0.000,0.567,-0.382,45.002,2.805,21.879,-0.300,-0.084,-0.300,-498.863,-499.728,-498.863
23.046,-0.000,0.567,-0.382,45.002,2.805,21.879,-0.300,-0.084,-0.300,-498.863,-499.728,-498.863
23.050,-0.000,0.567,-0.382,45.002,2.805,21.879,-0.300,-0.084,-0.300,-498.863,-499.728,-498.863
23.054,-0.000,0.567,-0.382,45.002,2.805,21.879,-0.300,-0.084,-0.300,-498.863,-499.728,-498.863
23.058,-0.000,0.567,-0.382,45.002,2.805,21.879,-0.300,-0.084,-0.300,-498.863,-499.728,-498.863
23.062,-0.000,0.567,-0.382,45.002,2.805,21.879,-0.300,-0.084,-0.300,-498.863,-499.728,-498.863
23.067,-0.000,0.567,-0.382,45.002,2.805,21.879,-0.300,-0.084,-0.300,-498.863,-499.728,-498.863
23.071,-0.000,0.567,-0.382,45.002,2.805,21.879,-0.300,-0.084,-0.300,-498.863,-499.728,-498.863
23.075,-0.000,0.567,-0.382,45.002,2.805,21.879,-0.300,-0.084,-0.300,-498.863,-499.728,-498.863
23.079,-0.000,0.567,-0.382,45.002,2.805,21.879,-0.300,-0.084,-0.300,-498.863,-499.728,-498.863
23.083,-0.000,0.567,-0.382,45.002,2.805,21.879,-0.300,-0.084,-0.300,-498.863,-499.728,-498.863
23.087,-0.000,0.567,-0.382,45.002,2.805,21.879,-0.300,-0.084,-0.300,-498.863,-499.728,-498.863
23.092,-0.000,0.567,-0.382,45.002,2.805,21.879,-0.300,-0.084,-0.300,-498.863,-499.728,-498.863
23.096,-0.000,0.567,-0.382,45.002,2.805,21.879,-0.300,-0.084,-0.300,-498.863,-499.728,-498.863
23.100,-0.000,0.567,-0.382,45.002,2.805,21.879,-0.300,-0.084,-0.300,-498.863,-499.728,-498.863
23.104,-0.000,0.567,-0.382,45.002,2.805,21.879,-0.300,-0.084,-0.300,-498.863,-499.728,-498.863
23.108,-0.000,0.567,-0.382,45.002,2.805,21.879,-0.300,-0.084,-0.300,-498.863,-499.728,-498.863
23.113,-0.000,0.567,-0.382,45.002,2.805,21.879,-0.300,-0.084,-0.300,-498.863,-499.728,-498.863
23.117,-0.000,0.567,-0.382,45.002,2.805,21.879,-0.300,-0.084,-0.300,-498.863,-499.728,-498.863
23.121,-0.000,0.567,-0.382,45.002,2.805,21.879,-0.300,-0.084,-0.300,-498.863,-499.728,-498.863
23.125,-0.000,0.567,-0.382,45.002,2.805,21.879,-0.300,-0.084,-0.300,-498.863,-499.728,-498.863
23.129,-0.000,0.567,-0.382,45.002,2.805,21.880,-0.300,-0.084,-0.300,-498.863,-499.728,-498.863
23.133,-0.000,0.567,-0.382,45.002,2.805,21.880,-0.300,-0.084,-0.300,-498.863,-499.728,-498.863
23.137,-0.000,0.567,-0.382,45.002,2.805,21.880,-0.300,-0.084,-0.300,-498.863,-499.728,-498.863
23.142,-0.000,0.567,-0.382,45.002,2.805,21.880,-0.300,-0.084,-0.300,-498.863,-499.728,-498.863
23.146,-0.000,0.567,-0.382,45.002,2.805,21.880,-0.300,-0.084,-0.300,-498.863,-499.728,-498.863
23.150,-0.000,0.567,-0.382,45.002,2.805,21.880,-0.300,-0.084,-0.300,-498.863,-499.728,-498.863
23.154,-0.000,0.567,-0.382,45.002,2.805,21.880,-0.300,-0.084,-0.300,-498.863,-499.728,-498.863
23.158,-0.000,0.567,-0.382,45.002,2.805,21.880,-0.300,-0.084,-0.300,-498.863,-499.728,-498.863
23.163,-0.000,0.567,-0.382,45.002,2.805,21.880,-0.300,-0.084,-0.300,-498.863,-499.728,-498.863
23.167,-0.000,0.567,-0.382,45.002,2.805,21.880,-0.300,-0.084,-0.300,-498.863,-499.728,-498.863
23.171,-0.000,0.567,-0.382,45.002,2.805,21.880,-0.300,-0.084,-0.300,-498.863,-499.728,-498.863
23.175,-0.000,0.567,-0.382,45.002,2.805,21.880,-0.300,-0.084,-0.300,-498.863,-499.728,-498.863
23.179,-0.000,0.567,-0.382,45.002,2.805,21.880,-0.300,-0.084,-0.300,-498.863,-499.728,-498.863
23.183,-0.000,0.567,-0.382,45.002,2.805,21.880,-0.300,-0.084,-0.300,-498.863,-499.728,-498.863
23.188,-0.000,0.567,-0.382,45.002,2.805,21.880,-0.300,-0.084,-0.300,-498.863,-499.728,-498.863
23.192,-0.000,0.567,-0.382,45.002,2.805,21.880,-0.300,-0.084,-0.300,-498.863,-499.728,-498.863
23.196,-0.000,0.567,-0.382,45.002,2.805,21.880,-0.300,-0.084,-0.300,-498.863,-499.728,-498.863
23.200,-0.000,0.567,-0.382,45.002,2.805,21.880,-0.300,-0.084,-0.300,-498.863,-499.728,-498.863
23.204,-0.000,0.567,-0.382,45.002,2.805,21.880,-0.300,-0.084,-0.300,-498.863,-499.728,-498.863
23.208,-0.000,0.567,-0.382,45.002,2.805,21.880,-0.300,-0.084,-0.300,-498.863,-499.728,-498.863
23.212,-0.000,0.567,-0.382,45.002,2.805,21.880,-0.300,-0.084,-0.300,-498.863,-499.728,-498.863
23.217,-0.000,0.567,-0.382,45.002,2.805,21.880,-0.300,-0.084,-0.300,-498.863,-499.728,-498.863
23.221,-0.000,0.567,-0.382,45.002,2.805,21.880,-0.300,-0.084,-0.300,-498.863,-499.728,-498.863
23.225,-0.000,0.567,-0.382,45.002,2.805,21.881,-0.300,-0.084,-0.300,-498.863,-499.728,-498.863
23.229,-0.000,0.567,-0.382,45.002,2.805,21.881,-0.300,-0.084,-0.300,-498.863,-499.728,-498.863
23.233,-0.000,0.567,-0.382,45.002,2.805,21.881,-0.300,-0.084,-0.300,-498.863,-499.728,-498.863
23.238,-0.000,0.567,-0.382,45.002,2.805,21.881,-0.300,-0.084,-0.300,-498.863,-499.728,-498.863
23.242,-0.000,0.567,-0.382,45.002,2.805,21.881,-0.300,-0.084,-0.300,-498.863,-499.728,-498.863
23.246,-0.000,0.567,-0.382,45.002,2.805,21.881,-0.300,-0.084,-0.300,-498.863,-499.728,-498.863
23.250,-0.000,0.567,-0.382,45.002,2.805,21.881,-0.300,-0.084,-0.300,-498.863,-499.728,-498.863
23.254,-0.000,0.567,-0.382,45.002,2.805,21.881,-0.300,-0.084,-0.300,-498.863,-499.728,-498.863
23.258,-0.000,0.567,-0.382,45.002,2.805,21.881,-0.300,-0.084,-0.300,-498.863,-499.728,-498.863
23.262,-0.000,0.567,-0.382,45.002,2.805,21.881,-0.300,-0.084,-0.300,-498.863,-499.728,-498.863
23.267,-0.000,0.567,-0.382,45.002,2.805,21.881,-0.300,-0.084,-0.300,-498.863,-499.728,-498.863
23.271,-0.000,0.567,-0.382,45.002,2.805,21.881,-0.300,-0.084,-0.300,-498.863,-499.728,-498.863
23.275,-0.000,0.567,-0.382,45.002,2.805,21.881,-0.300,-0.084,-0.300,-498.863,-499.728,-498.863
23.279,-0.000,0.567,-0.382,45.002,2.805,21.881,-0.300,-0.084,-0.300,-498.863,-499.728,-498.863
23.283,-0.000,0.567,-0.382,45.002,2.805,21.881,-0.300,-0.084,-0.300,-498.863,-499.728,-498.863
23.288,-0.000,0.567,-0.382,45.002,2.805,21.881,-0.300,-0.084,-0.300,-498.863,-499.728,-498.863
23.292,-0.000,0.567,-0.382,45.002,2.805,21.881,-0.300,-0.084,-0.300,-498.863,-499.728,-498.863
23.296,-0.000,0.567,-0.382,45.002,2.805,21.881,-0.300,-0.084,-0.300,-498.863,-499.728,-498.863
23.300,-0.000,0.567,-0.382,45.002,2.805,21.881,-0.300,-0.084,-0.300,-498.863,-499.728,-498.863
23.304,-0.000,0.567,-0.382,45.002,2.805,21.881,-0.300,-0.084,-0.300,-498.863,-499.728,-498.863
23.308,-0.000,0.567,-0.382,45.002,2.805,21.881,-0.300,-0.084,-0.300,-498.863,-499.728,-498.863
23.312,-0.000,0.567,-0.382,45.002,2.805,21.881,-0.300,-0.084,-0.300,-498.863,-499.728,-498.863
23.317,-0.000,0.567,-0.382,45.002,2.805,21.882,-0.300,-0.084,-0.300,-498.863,-499.728,-498.863
23.321,-0.000,0.567,-0.382,45.002,2.805,21.882,-0.300,-0.084,-0.300,-498.863,-499.728,-498.863
23.325,-0.000,0.567,-0.382,45.002,2.805,21.882,-0.300,-0.084,-0.300,-498.863,-499.728,-498.863
23.329,-0.000,0.567,-0.382,45.002,2.805,21.882,-0.300,-0.084,-0.300,-498.863,-499.728,-498.863
23.333,-0.000,0.567,-0.382,45.002,2.805,21.882,-0.300,-0.084,-0.300,-498.863,-499.728,-498.863
23.337,-0.000,0.567,-0.382,45.002,2.805,21.882,-0.300,-0.084,-0.300,-498.863,-499.728,-498.863
23.342,-0.000,0.567,-0.382,45.002,2.805,21.882,-0.300,-0.084,-0.300,-498.863,-499.728,-498.863
23.346,-0.000,0.567,-0.382,45.002,2.805,21.882,-0.300,-0.084,-0.300,-498.863,-499.728,-498.863
23.350,-0.000,0.567,-0.382,45.002,2.805,21.882,-0.300,-0.084,-0.300,-498.863,-499.728,-498.863
23.354,-0.000,0.567,-0.382,45.002,2.805,21.882,-0.300,-0.084,-0.300,-498.863,-499.728,-498.863
23.358,-0.000,0.567,-0.382,45.002,2.805,21.882,-0.300,-0.084,-0.300,-498.863,-499.728,-498.863
23.363,-0.000,0.567,-0.382,45.002,2.805,21.882,-0.300,-0.084,-0.300,-498.863,-499.728,-498.863
23.367,-0.000,0.567,-0.382,45.002,2.805,21.882,-0.300,-0.084,-0.300,-498.863,-499.728,-498.863
23.371,-0.000,0.567,-0.382,45.002,2.805,21.882,-0.300,-0.084,-0.300,-498.863,-499.728,-498.863
23.375,-0.000,0.567,-0.382,45.002,2.805,21.882,-0.300,-0.084,-0.300,-498.863,-499.728,-498.863
23.379,-0.000,0.567,-0.382,45.002,2.805,21.882,-0.300,-0.084,-0.300,-498.863,-499.728,-498.863
23.383,-0.000,0.567,-0.382,45.002,2.805,21.882,-0.300,-0.084,-0.300,-498.863,-499.728,-498.863
23.387,-0.000,0.567,-0.382,45.002,2.805,21.882,-0.300,-0.084,-0.300,-498.863,-499.728,-498.863
23.392,-0.000,0.567,-0.382,45.002,2.805,21.882,-0.300,-0.084,-0.300,-498.863,-499.728,-498.863
23.396,-0.000,0.567,-0.382,45.002,2.805,21.882,-0.300,-0.084,-0.300,-498.863,-499.728,-498.863
23.400,-0.000,0.567,-0.382,45.002,2.805,21.882,-0.300,-0.084,-0.300,-498.863,-499.728,-498.863
23.404,-0.000,0.567,-0.382,45.002,2.805,21.882,-0.300,-0.084,-0.300,-498.863,-499.728,-498.863
23.408,-0.000,0.567,-0.382,45.002,2.805,21.882,-0.300,-0.084,-0.300,-498.863,-499.728,-498.863
23.413,-0.000,0.567,-0.382,45.002,2.805,21.883,-0.300,-0.084,-0.300,-498.863,-499.728,-498.863
23.417,-0.000,0.567,-0.382,45.002,2.805,21.883,-0.300,-0.084,-0.300,-498.863,-499.728,-498.863
23.421,-0.000,0.567,-0.382,45.002,2.805,21.883,-0.300,-0.084,-0.300,-498.863,-499.728,-498.863
23.425,-0.000,0.567,-0.382,45.002,2.805,21.883,-0.300,-0.084,-0.300,-498.863,-499.728,-498.863
23.429,-0.000,0.567,-0.382,45.002,2.805,21.883,-0.300,-0.084,-0.300,-498.863,-499.728,-498.863
23.433,-0.000,0.567,-0.382,45.002,2.805,21.883,-0.300,-0.084,-0.300,-498.863,-499.728,-498.863
23.438,-0.000,0.567,-0.382,45.002,2.805,21.883,-0.300,-0.084,-0.300,-498.863,-499.728,-498.863
23.442,-0.000,0.567,-0.382,45.002,2.805,21.883,-0.300,-0.084,-0.300,-498.863,-499.728,-498.863
23.446,-0.000,0.567,-0.382,45.002,2.805,21.883,-0.300,-0.084,-0.300,-498.863,-499.728,-498.863
23.450,-0.000,0.567,-0.382,45.002,2.805,21.883,-0.300,-0.084,-0.300,-498.863,-499.728,-498.863
23.454,-0.000,0.567,-0.382,45.002,2.805,21.883,-0.300,-0.084,-0.300,-498.863,-499.728,-498.863
23.458,-0.000,0.567,-0.382,45.002,2.805,21.883,-0.300,-0.084,-0.300,-498.863,-499.728,-498.863
23.462,-0.000,0.567,-0.382,45.002,2.805,21.883,-0.300,-0.084,-0.300,-498.863,-499.728,-498.863
23.467,-0.000,0.567,-0.382,45.002,2.805,21.883,-0.300,-0.084,-0.300,-498.863,-499.728,-498.863
23.471,-0.000,0.567,-0.382,45.002,2.805,21.883,-0.300,-0.084,-0.300,-498.863,-499.728,-498.863
23.475,-0.000,0.567,-0.382,45.002,2.805,21.883,-0.300,-0.084,-0.300,-498.863,-499.728,-498.863
23.479,-0.000,0.567,-0.382,45.002,2.805,21.883,-0.300,-0.084,-0.300,-498.863,-499.728,-498.863
23.483,-0.000,0.567,-0.382,45.002,2.805,21.883,-0.300,-0.084,-0.300,-498.863,-499.728,-498.863
23.488,-0.000,0.567,-0.382,45.002,2.805,21.883,-0.300,-0.084,-0.300,-498.863,-499.728,-498.863
23.492,-0.000,0.567,-0.382,45.002,2.805,21.883,-0.300,-0.084,-0.300,-498.863,-499.728,-498.863
23.496,-0.000,0.567,-0.382,45.002,2.805,21.883,-0.300,-0.084,-0.300,-498.863,-499.728,-498.863
23.500,-0.000,0.567,-0.382,45.002,2.805,21.883,-0.300,-0.084,-0.300,-498.863,-499.728,-498.863
23.504,-0.000,0.567,-0.382,45.002,2.805,21.883,-0.300,-0.084,-0.300,-498.863,-499.728,-498.863
23.508,-0.000,0.567,-0.382,45.002,2.805,21.884,-0.300,-0.084,-0.300,-498.863,-499.728,-498.863
23.512,-0.000,0.567,-0.382,45.002,2.805,21.884,-0.300,-0.084,-0.300,-498.863,-499.728,-498.863
23.517,-0.000,0.567,-0.382,45.002,2.805,21.884,-0.300,-0.084,-0.300,-498.863,-499.728,-498.863
23.521,-0.000,0.567,-0.382,45.002,2.805,21.884,-0.300,-0.084,-0.300,-498.863,-499.728,-498.863
23.525,-0.000,0.567,-0.382,45.002,2.805,21.884,-0.300,-0.084,-0.300,-498.863,-499.728,-498.863
23.529,-0.000,0.567,-0.382,45.002,2.805,21.884,-0.300,-0.084,-0.300,-498.863,-499.728,-498.863
23.533,-0.000,0.567,-0.382,45.002,2.805,21.884,-0.300,-0.084,-0.300,-498.863,-499.728,-498.863
23.538,-0.000,0.567,-0.382,45.002,2.805,21.884,-0.300,-0.084,-0.300,-498.863,-499.728,-498.863
23.542,-0.000,0.567,-0.382,45.002,2.805,21.884,-0.300,-0.084,-0.300,-498.863,-499.728,-498.863
23.546,-0.000,0.567,-0.382,45.002,2.805,21.884,-0.300,-0.084,-0.300,-498.863,-499.728,-498.863
23.550,-0.000,0.567,-0.382,45.002,2.805,21.884,-0.300,-0.084,-0.300,-498.863,-499.728,-498.863
23.554,-0.000,0.567,-0.382,45.002,2.805,21.884,-0.300,-0.084,-0.300,-498.863,-499.728,-498.863
23.558,-0.000,0.567,-0.382,45.002,2.805,21.884,-0.300,-0.084,-0.300,-498.863,-499.728,-498.863
23.562,-0.000,0.567,-0.382,45.002,2.805,21.884,-0.300,-0.084,-0.300,-498.863,-499.728,-498.863
23.567,-0.000,0.567,-0.382,45.002,2.805,21.884,-0.300,-0.084,-0.300,-498.863,-499.728,-498.863
23.571,-0.000,0.567,-0.382,45.002,2.805,21.884,-0.300,-0.084,-0.300,-498.863,-499.728,-498.863
23.575,-0.000,0.567,-0.382,45.002,2.805,21.884,-0.300,-0.084,-0.300,-498.863,-499.728,-498.863
23.579,-0.000,0.567,-0.382,45.002,2.805,21.884,-0.300,-0.084,-0.300,-498.863,-499.728,-498.863
23.583,-0.000,0.567,-0.382,45.002,2.805,21.884,-0.300,-0.084,-0.300,-498.863,-499.728,-498.863
23.587,-0.000,0.567,-0.382,45.002,2.805,21.884,-0.300,-0.084,-0.300,-498.863,-499.728,-498.863
23.592,-0.000,0.567,-0.382,45.002,2.805,21.884,-0.300,-0.084,-0.300,-498.863,-499.728,-498.863
23.596,-0.000,0.567,-0.382,45.002,2.805,21.884,-0.300,-0.084,-0.300,-498.863,-499.728,-498.863
23.600,-0.000,0.567,-0.382,45.002,2.805,21.885,-0.300,-0.084,-0.300,-498.863,-499.728,-498.863
23.604,-0.000,0.567,-0.382,45.002,2.805,21.885,-0.300,-0.084,-0.300,-498.863,-499.728,-498.863
23.608,-0.000,0.567,-0.382,45.002,2.805,21.885,-0.300,-0.084,-0.300,-498.863,-499.728,-498.863
23.613,-0.000,0.567,-0.382,45.002,2.805,21.885,-0.300,-0.084,-0.300,-498.863,-499.728,-498.863
23.617,-0.000,0.567,-0.382,45.002,2.805,21.885,-0.300,-0.084,-0.300,-498.863,-499.728,-498.863
23.621,-0.000,0.567,-0.382,45.002,2.805,21.885,-0.300,-0.084,-0.300,-498.863,-499.728,-498.863
23.625,-0.000,0.567,-0.382,45.002,2.805,21.885,-0.300,-0.084,-0.300,-498.863,-499.728,-498.863
23.629,-0.000,0.567,-0.382,45.002,2.805,21.885,-0.300,-0.084,-0.300,-498.863,-499.728,-498.863
23.633,-0.000,0.567,-0.382,45.002,2.805,21.885,-0.300,-0.084,-0.300,-498.863,-499.728,-498.863
23.637,-0.000,0.567,-0.382,45.002,2.805,21.885,-0.300,-0.084,-0.300,-498.863,-499.728,-498.863
23.642,-0.000,0.567,-0.382,45.002,2.805,21.885,-0.300,-0.084,-0.300,-498.863,-499.728,-498.863
23.646,-0.000,0.567,-0.382,45.002,2.805,21.885,-0.300,-0.084,-0.300,-498.863,-499.728,-498.863
23.650,-0.000,0.567,-0.382,45.002,2.805,21.885,-0.300,-0.084,-0.300,-498.863,-499.728,-498.863
23.654,-0.000,0.567,-0.382,45.002,2.805,21.885,-0.300,-0.084,-0.300,-498.863,-499.728,-498.863
23.658,-0.000,0.567,-0.382,45.002,2.805,21.885,-0.300,-0.084,-0.300,-498.863,-499.728,-498.863
23.663,-0.000,0.567,-0.382,45.002,2.805,21.885,-0.300,-0.084,-0.300,-498.863,-499.728,-498.863
23.667,-0.000,0.567,-0.382,45.002,2.805,21.885,-0.300,-0.084,-0.300,-498.863,-499.728,-498.863
23.671,-0.000,0.567,-0.382,45.002,2.805,21.885,-0.300,-0.084,-0.300,-498.863,-499.728,-498.863
23.675,-0.000,0.567,-0.382,45.002,2.805,21.885,-0.300,-0.084,-0.300,-498.863,-499.728,-498.863
23.679,-0.000,0.567,-0.382,45.002,2.805,21.885,-0.300,-0.084,-0.300,-498.863,-499.728,-498.863
23.683,-0.000,0.567,-0.382,45.002,2.805,21.885,-0.300,-0.084,-0.300,-498.863,-499.728,-498.863
23.688,-0.000,0.567,-0.382,45.002,2.805,21.885,-0.300,-0.084,-0.300,-498.863,-499.728,-498.863
23.692,-0.000,0.567,-0.382,45.002,2.805,21.885,-0.300,-0.084,-0.300,-498.863,-499.728,-498.863
23.696,-0.000,0.567,-0.382,45.002,2.805,21.886,-0.300,-0.084,-0.300,-498.863,-499.728,-498.863
23.700,-0.000,0.567,-0.382,45.002,2.805,21.886,-0.300,-0.084,-0.300,-498.863,-499.728,-498.863
23.704,-0.000,0.567,-0.382,45.002,2.805,21.886,-0.300,-0.084,-0.300,-498.863,-499.728,-498.863
23.708,-0.000,0.567,-0.382,45.002,2.805,21.886,-0.300,-0.084,-0.300,-498.863,-499.728,-498.863
23.712,-0.000,0.567,-0.382,45.002,2.805,21.886,-0.300,-0.084,-0.300,-498.863,-499.728,-498.863
23.717,-0.000,0.567,-0.382,45.002,2.805,21.886,-0.300,-0.084,-0.300,-498.863,-499.728,-498.863
23.721,-0.000,0.567,-0.382,45.002,2.805,21.886,-0.300,-0.084,-0.300,-498.863,-499.728,-498.863
23.725,-0.000,0.567,-0.382,45.002,2.805,21.886,-0.300,-0.084,-0.300,-498.863,-499.728,-498.863
23.729,-0.000,0.567,-0.382,45.002,2.805,21.886,-0.300,-0.084,-0.300,-498.863,-499.728,-498.863
23.733,-0.000,0.567,-0.382,45.002,2.805,21.886,-0.300,-0.084,-0.300,-498.863,-499.728,-498.863
23.738,-0.000,0.567,-0.382,45.002,2.805,21.886,-0.300,-0.084,-0.300,-498.863,-499.728,-498.863
23.742,-0.000,0.567,-0.382,45.002,2.805,21.886,-0.300,-0.084,-0.300,-498.863,-499.728,-498.863
23.746,-0.000,0.567,-0.382,45.002,2.805,21.886,-0.300,-0.084,-0.300,-498.863,-499.728,-498.863
23.750,-0.000,0.567,-0.382,45.002,2.805,21.886,-0.300,-0.084,-0.300,-498.863,-499.728,-498.863
23.754,-0.000,0.567,-0.382,45.002,2.805,21.886,-0.300,-0.084,-0.300,-498.863,-499.728,-498.863
23.758,-0.000,0.567,-0.382,45.002,2.805,21.886,-0.300,-0.084,-0.300,-498.863,-499.728,-498.863
23.762,-0.000,0.567,-0.382,45.002,2.805,21.886,-0.300,-0.084,-0.300,-498.863,-499.728,-498.863
23.767,-0.000,0.567,-0.382,45.002,2.805,21.886,-0.300,-0.084,-0.300,-498.863,-499.728,-498.863
23.771,-0.000,0.567,-0.382,45.002,2.805,21.886,-0.300,-0.084,-0.300,-498.863,-499.728,-498.863
23.775,-0.000,0.567,-0.382,45.002,2.805,21.886,-0.300,-0.084,-0.300,-498.863,-499.728,-498.863
23.779,-0.000,0.567,-0.382,45.002,2.805,21.886,-0.300,-0.084,-0.300,-498.863,-499.728,-498.863
23.783,-0.000,0.567,-0.382,45.002,2.805,21.886,-0.300,-0.084,-0.300,-498.863,-499.728,-498.863
23.788,-0.000,0.567,-0.382,45.002,2.805,21.886,-0.300,-0.084,-0.300,-498.863,-499.728,-498.863
23.792,-0.000,0.567,-0.382,45.002,2.805,21.887,-0.300,-0.084,-0.300,-498.863,-499.728,-498.863
23.796,-0.000,0.567,-0.382,45.002,2.805,21.887,-0.300,-0.084,-0.300,-498.863,-499.728,-498.863
23.800,-0.000,0.567,-0.382,45.002,2.805,21.887,-0.300,-0.084,-0.300,-498.863,-499.728,-498.863
23.804,-0.000,0.567,-0.382,45.002,2.805,21.887,-0.300,-0.084,-0.300,-498.863,-499.728,-498.863
23.808,-0.000,0.567,-0.382,45.002,2.805,21.887,-0.300,-0.084,-0.300,-498.863,-499.728,-498.863
23.812,-0.000,0.567,-0.382,45.002,2.805,21.887,-0.300,-0.084,-0.300,-498.863,-499.728,-498.863
23.817,-0.000,0.567,-0.382,45.002,2.805,21.887,-0.300,-0.084,-0.300,-498.863,-499.728,-498.863
23.821,-0.000,0.567,-0.382,45.002,2.805,21.887,-0.300,-0.084,-0.300,-498.863,-499.728,-498.863
23.825,-0.000,0.567,-0.382,45.002,2.805,21.887,-0.300,-0.084,-0.300,-498.863,-499.728,-498.863
23.829,-0.000,0.567,-0.382,45.002,2.805,21.887,-0.300,-0.084,-0.300,-498.863,-499.728,-498.863
23.833,-0.000,0.567,-0.382,45.002,2.805,21.887,-0.300,-0.084,-0.300,-498.863,-499.728,-498.863
23.837,-0.000,0.567,-0.382,45.002,2.805,21.887,-0.300,-0.084,-0.300,-498.863,-499.728,-498.863
23.842,-0.000,0.567,-0.382,45.002,2.805,21.887,-0.300,-0.084,-0.300,-498.863,-499.728,-498.863
23.846,-0.000,0.567,-0.382,45.002,2.805,21.887,-0.300,-0.084,-0.300,-498.863,-499.728,-498.863
23.850,-0.000,0.567,-0.382,45.002,2.805,21.887,-0.300,-0.084,-0.300,-498.863,-499.728,-498.863
23.854,-0.000,0.567,-0.382,45.002,2.805,21.887,-0.300,-0.084,-0.300,-498.863,-499.728,-498.863
23.858,-0.000,0.567,-0.382,45.002,2.805,21.887,-0.300,-0.084,-0.300,-498.863,-499.728,-498.863
23.863,-0.000,0.567,-0.382,45.002,2.805,21.887,-0.300,-0.084,-0.300,-498.863,-499.728,-498.863
23.867,-0.000,0.567,-0.382,45.002,2.805,21.887,-0.300,-0.084,-0.300,-498.863,-499.728,-498.863
23.871,-0.000,0.567,-0.382,45.002,2.805,21.887,-0.300,-0.084,-0.300,-498.863,-499.728,-498.863
23.875,-0.000,0.567,-0.382,45.002,2.805,21.887,-0.300,-0.084,-0.300,-498.863,-499.728,-498.863
23.879,-0.000,0.567,-0.382,45.002,2.805,21.887,-0.300,-0.084,-0.300,-498.863,-499.728,-498.863
23.883,-0.000,0.567,-0.382,45.002,2.805,21.888,-0.300,-0.084,-0.300,-498.863,-499.728,-498.863
23.887,-0.000,0.567,-0.382,45.002,2.805,21.888,-0.300,-0.084,-0.300,-498.863,-499.728,-498.863
23.892,-0.000,0.567,-0.382,45.002,2.805,21.888,-0.300,-0.084,-0.300,-498.863,-499.728,-498.863
23.896,-0.000,0.567,-0.382,45.002,2.805,21.888,-0.300,-0.084,-0.300,-498.863,-499.728,-498.863
23.900,-0.000,0.567,-0.382,45.002,2.805,21.888,-0.300,-0.084,-0.300,-498.863,-499.728,-498.863
23.904,-0.000,0.567,-0.382,45.002,2.805,21.888,-0.300,-0.084,-0.300,-498.863,-499.728,-498.863
23.908,-0.000,0.567,-0.382,45.002,2.805,21.888,-0.300,-0.084,-0.300,-498.863,-499.728,-498.863
23.913,-0.000,0.567,-0.382,45.002,2.805,21.888,-0.300,-0.084,-0.300,-498.863,-499.728,-498.863
23.917,-0.000,0.567,-0.382,45.002,2.805,21.888,-0.300,-0.084,-0.300,-498.863,-499.728,-498.863
23.921,-0.000,0.567,-0.382,45.002,2.805,21.888,-0.300,-0.084,-0.300,-498.863,-499.728,-498.863
23.925,-0.000,0.567,-0.382,45.002,2.805,21.888,-0.300,-0.084,-0.300,-498.863,-499.728,-498.863
23.929,-0.000,0.567,-0.382,45.002,2.805,21.888,-0.300,-0.084,-0.300,-498.863,-499.728,-498.863
23.933,-0.000,0.567,-0.382,45.002,2.805,21.888,-0.300,-0.084,-0.300,-498.863,-499.728,-498.863
23.938,-0.000,0.567,-0.382,45.002,2.805,21.888,-0.300,-0.084,-0.300,-498.863,-499.728,-498.863
23.942,-0.000,0.567,-0.382,45.002,2.805,21.888,-0.300,-0.084,-0.300,-498.863,-499.728,-498.863
23.946,-0.000,0.567,-0.382,45.002,2.805,21.888,-0.300,-0.084,-0.300,-498.863,-499.728,-498.863
23.950,-0.000,0.567,-0.382,45.002,2.805,21.888,-0.300,-0.084,-0.300,-498.863,-499.728,-498.863
23.954,-0.000,0.567,-0.382,45.002,2.805,21.888,-0.300,-0.084,-0.300,-498.863,-499.728,-498.863
23.958,-0.000,0.567,-0.382,45.002,2.805,21.888,-0.300,-0.084,-0.300,-498.863,-499.728,-498.863
23.962,-0.000,0.567,-0.382,45.002,2.805,21.888,-0.300,-0.084,-0.300,-498.863,-499.728,-498.863
23.967,-0.000,0.567,-0.382,45.002,2.805,21.888,-0.300,-0.084,-0.300,-498.863,-499.728,-498.863
23.971,-0.000,0.567,-0.382,45.002,2.805,21.888,-0.300,-0.084,-0.300,-498.863,-499.728,-498.863
23.975,-0.000,0.567,-0.382,45.002,2.805,21.888,-0.300,-0.084,-0.300,-498.863,-499.728,-498.863
23.979,-0.000,0.567,-0.382,45.002,2.805,21.889,-0.300,-0.084,-0.300,-498.863,-499.728,-498.863
23.983,-0.000,0.567,-0.382,45.002,2.805,21.889,-0.300,-0.084,-0.300,-498.863,-499.728,-498.863
23.988,-0.000,0.567,-0.382,45.002,2.805,21.889,-0.300,-0.084,-0.300,-498.863,-499.728,-498.863
23.992,-0.000,0.567,-0.382,45.002,2.805,21.889,-0.300,-0.084,-0.300,-498.863,-499.728,-498.863
23.996,-0.000,0.567,-0.382,45.002,2.805,21.889,-0.300,-0.084,-0.300,-498.863,-499.728,-498.863
24.000,-0.000,0.567,-0.382,45.002,2.805,21.889,-0.300,-0.084,-0.300,-498.863,-499.728,-498.863
24.004,-0.000,0.567,-0.382,45.002,2.805,21.889,-0.300,-0.084,-0.300,-498.863,-499.728,-498.863
24.008,-0.000,0.567,-0.382,45.002,2.805,21.889,-0.300,-0.084,-0.300,-498.863,-499.728,-498.863
24.012,-0.000,0.567,-0.382,45.002,2.805,21.889,-0.300,-0.084,-0.300,-498.863,-499.728,-498.863
24.017,-0.000,0.567,-0.382,45.002,2.805,21.889,-0.300,-0.084,-0.300,-498.863,-499.728,-498.863
24.021,-0.000,0.567,-0.382,45.002,2.805,21.889,-0.300,-0.084,-0.300,-498.863,-499.728,-498.863
24.025,-0.000,0.567,-0.382,45.002,2.805,21.889,-0.300,-0.084,-0.300,-498.863,-499.728,-498.863
24.029,-0.000,0.567,-0.382,45.002,2.805,21.889,-0.300,-0.084,-0.300,-498.863,-499.728,-498.863
24.033,-0.000,0.567,-0.382,45.002,2.805,21.889,-0.300,-0.084,-0.300,-498.863,-499.728,-498.863
24.038,-0.000,0.567,-0.382,45.002,2.805,21.889,-0.300,-0.084,-0.300,-498.863,-499.728,-498.863
24.042,-0.000,0.567,-0.382,45.002,2.805,21.889,-0.300,-0.084,-0.300,-498.863,-499.728,-498.863
24.046,-0.000,0.567,-0.382,45.002,2.805,21.889,-0.300,-0.084,-0.300,-498.863,-499.728,-498.863
24.050,-0.000,0.567,-0.382,45.002,2.805,21.889,-0.300,-0.084,-0.300,-498.863,-499.728,-498.863
24.054,-0.000,0.567,-0.382,45.002,2.805,21.889,-0.300,-0.084,-0.300,-498.863,-499.728,-498.863
24.058,-0.000,0.567,-0.382,45.002,2.805,21.889,-0.300,-0.084,-0.300,-498.863,-499.728,-498.863
24.062,-0.000,0.567,-0.382,45.002,2.805,21.889,-0.300,-0.084,-0.300,-498.863,-499.728,-498.863
24.067,-0.000,0.567,-0.382,45.002,2.805,21.889,-0.300,-0.084,-0.300,-498.863,-499.728,-498.863
24.071,-0.000,0.567,-0.382,45.002,2.805,21.889,-0.300,-0.084,-0.300,-498.863,-499.728,-498.863
24.075,-0.000,0.567,-0.382,45.002,2.805,21.890,-0.300,-0.084,-0.300,-498.863,-499.728,-498.863
24.079,-0.000,0.567,-0.382,45.002,2.805,21.890,-0.300,-0.084,-0.300,-498.863,-499.728,-498.863
24.083,-0.000,0.567,-0.382,45.002,2.805,21.890,-0.300,-0.084,-0.300,-498.863,-499.728,-498.863
24.087,-0.000,0.567,-0.382,45.002,2.805,21.890,-0.300,-0.084,-0.300,-498.863,-499.728,-498.863
24.092,-0.000,0.567,-0.382,45.002,2.805,21.890,-0.300,-0.084,-0.300,-498.863,-499.728,-498.863
24.096,-0.000,0.567,-0.382,45.002,2.805,21.890,-0.300,-0.084,-0.300,-498.863,-499.728,-498.863
24.100,-0.000,0.567,-0.382,45.002,2.805,21.890,-0.300,-0.084,-0.300,-498.863,-499.728,-498.863
24.104,-0.000,0.567,-0.382,45.002,2.805,21.890,-0.300,-0.084,-0.300,-498.863,-499.728,-498.863
24.108,-0.000,0.567,-0.382,45.002,2.805,21.890,-0.300,-0.084,-0.300,-498.863,-499.728,-498.863
24.113,-0.000,0.567,-0.382,45.002,2.805,21.890,-0.300,-0.084,-0.300,-498.863,-499.728,-498.863
24.117,-0.000,0.567,-0.382,45.002,2.805,21.890,-0.300,-0.084,-0.300,-498.863,-499.728,-498.863
24.121,-0.000,0.567,-0.382,45.002,2.805,21.890,-0.300,-0.084,-0.300,-498.863,-499.728,-498.863
24.125,-0.000,0.567,-0.382,45.002,2.805,21.890,-0.300,-0.084,-0.300,-498.863,-499.728,-498.863
24.129,-0.000,0.567,-0.382,45.002,2.805,21.890,-0.300,-0.084,-0.300,-498.863,-499.728,-498.863
24.133,-0.000,0.567,-0.382,45.002,2.805,21.890,-0.300,-0.084,-0.300,-498.863,-499.728,-498.863
24.137,-0.000,0.567,-0.382,45.002,2.805,21.890,-0.300,-0.084,-0.300,-498.863,-499.728,-498.863
24.142,-0.000,0.567,-0.382,45.002,2.805,21.890,-0.300,-0.084,-0.300,-498.863,-499.728,-498.863
24.146,-0.000,0.567,-0.382,45.002,2.805,21.890,-0.300,-0.084,-0.300,-498.863,-499.728,-498.863
24.150,-0.000,0.567,-0.382,45.002,2.805,21.890,-0.300,-0.084,-0.300,-498.863,-499.728,-498.863
24.154,-0.000,0.567,-0.382,45.002,2.805,21.890,-0.300,-0.084,-0.300,-498.863,-499.728,-498.863
24.158,-0.000,0.567,-0.382,45.002,2.805,21.890,-0.300,-0.084,-0.300,-498.863,-499.728,-498.863
24.163,-0.000,0.567,-0.382,45.002,2.805,21.890,-0.300,-0.084,-0.300,-498.863,-499.728,-498.863
24.167,-0.000,0.567,-0.382,45.002,2.805,21.891,-0.300,-0.084,-0.300,-498.863,-499.728,-498.863
24.171,-0.000,0.567,-0.382,45.002,2.805,21.891,-0.300,-0.084,-0.300,-498.863,-499.728,-498.863
24.175,-0.000,0.567,-0.382,45.002,2.805,21.891,-0.300,-0.084,-0.300,-498.863,-499.728,-498.863
24.179,-0.000,0.567,-0.382,45.002,2.805,21.891,-0.300,-0.084,-0.300,-498.863,-499.728,-498.863
24.183,-0.000,0.567,-0.382,45.002,2.805,21.891,-0.300,-0.084,-0.300,-498.863,-499.728,-498.863
24.188,-0.000,0.567,-0.382,45.002,2.805,21.891,-0.300,-0.084,-0.300,-498.863,-499.728,-498.863
24.192,-0.000,0.567,-0.382,45.002,2.805,21.891,-0.300,-0.084,-0.300,-498.863,-499.728,-498.863
24.196,-0.000,0.567,-0.382,45.002,2.805,21.891,-0.300,-0.084,-0.300,-498.863,-499.728,-498.863
24.200,-0.000,0.567,-0.382,45.002,2.805,21.891,-0.300,-0.084,-0.300,-498.863,-499.728,-498.863
24.204,-0.000,0.567,-0.382,45.002,2.805,21.891,-0.300,-0.084,-0.300,-498.863,-499.728,-498.863
24.208,-0.000,0.567,-0.382,45.002,2.805,21.891,-0.300,-0.084,-0.300,-498.863,-499.728,-498.863
24.212,-0.000,0.567,-0.382,45.002,2.805,21.891,-0.300,-0.084,-0.300,-498.863,-499.728,-498.863
24.217,-0.000,0.567,-0.382,45.002,2.805,21.891,-0.300,-0.084,-0.300,-498.863,-499.728,-498.863
24.221,-0.000,0.567,-0.382,45.002,2.805,21.891,-0.300,-0.084,-0.300,-498.863,-499.728,-498.863
24.225,-0.000,0.567,-0.382,45.002,2.805,21.891,-0.300,-0.084,-0.300,-498.863,-499.728,-498.863
24.229,-0.000,0.567,-0.382,45.002,2.805,21.891,-0.300,-0.084,-0.300,-498.863,-499.728,-498.863
24.233,-0.000,0.567,-0.382,45.002,2.805,21.891,-0.300,-0.084,-0.300,-498.863,-499.728,-498.863
24.238,-0.000,0.567,-0.382,45.002,2.805,21.891,-0.300,-0.084,-0.300,-498.863,-499.728,-498.863
24.242,-0.000,0.567,-0.382,45.002,2.805,21.891,-0.300,-0.084,-0.300,-498.863,-499.728,-498.863
24.246,-0.000,0.567,-0.382,45.002,2.805,21.891,-0.300,-0.084,-0.300,-498.863,-499.728,-498.863
24.250,-0.000,0.567,-0.382,45.002,2.805,21.891,-0.300,-0.084,-0.300,-498.863,-499.728,-498.863
24.254,-0.000,0.567,-0.382,45.002,2.805,21.891,-0.300,-0.084,-0.300,-498.863,-499.728,-498.863
24.258,-0.000,0.567,-0.382,45.002,2.805,21.891,-0.300,-0.084,-0.300,-498.863,-499.728,-498.863
24.262,-0.000,0.567,-0.382,45.002,2.805,21.892,-0.300,-0.084,-0.300,-498.863,-499.728,-498.863
24.267,-0.000,0.567,-0.382,45.002,2.805,21.892,-0.300,-0.084,-0.300,-498.863,-499.728,-498.863
24.271,-0.000,0.567,-0.382,45.002,2.805,21.892,-0.300,-0.084,-0.300,-498.863,-499.728,-498.863
24.275,-0.000,0.567,-0.382,45.002,2.805,21.892,-0.300,-0.084,-0.300,-498.863,-499.728,-498.863
24.279,-0.000,0.567,-0.382,45.002,2.805,21.892,-0.300,-0.084,-0.300,-498.863,-499.728,-498.863
24.283,-0.000,0.567,-0.382,45.002,2.805,21.892,-0.300,-0.084,-0.300,-498.863,-499.728,-498.863
24.288,-0.000,0.567,-0.382,45.002,2.805,21.892,-0.300,-0.084,-0.300,-498.863,-499.728,-498.863
24.292,-0.000,0.567,-0.382,45.002,2.805,21.892,-0.300,-0.084,-0.300,-498.863,-499.728,-498.863
24.296,-0.000,0.567,-0.382,45.002,2.805,21.892,-0.300,-0.084,-0.300,-498.863,-499.728,-498.863
24.300,-0.000,0.567,-0.382,45.002,2.805,21.892,-0.300,-0.084,-0.300,-498.863,-499.728,-498.863
24.304,-0.000,0.567,-0.382,45.002,2.805,21.892,-0.300,-0.084,-0.300,-498.863,-499.728,-498.863
24.308,-0.000,0.567,-0.382,45.002,2.805,21.892,-0.300,-0.084,-0.300,-498.863,-499.728,-498.863
24.312,-0.000,0.567,-0.382,45.002,2.805,21.892,-0.300,-0.084,-0.300,-498.863,-499.728,-498.863
24.317,-0.000,0.567,-0.382,45.002,2.805,21.892,-0.300,-0.084,-0.300,-498.863,-499.728,-498.863
24.321,-0.000,0.567,-0.382,45.002,2.805,21.892,-0.300,-0.084,-0.300,-498.863,-499.728,-498.863
24.325,-0.000,0.567,-0.382,45.002,2.805,21.892,-0.300,-0.084,-0.300,-498.863,-499.728,-498.863
24.329,-0.000,0.567,-0.382,45.002,2.805,21.892,-0.300,-0.084,-0.300,-498.863,-499.728,-498.863
24.333,-0.000,0.567,-0.382,45.002,2.805,21.892,-0.300,-0.084,-0.300,-498.863,-499.728,-498.863
24.337,-0.000,0.567,-0.382,45.002,2.805,21.892,-0.300,-0.084,-0.300,-498.863,-499.728,-498.863
24.342,-0.000,0.567,-0.382,45.002,2.805,21.892,-0.300,-0.084,-0.300,-498.863,-499.728,-498.863
24.346,-0.000,0.567,-0.382,45.002,2.805,21.892,-0.300,-0.084,-0.300,-498.863,-499.728,-498.863
24.350,-0.000,0.567,-0.382,45.002,2.805,21.892,-0.300,-0.084,-0.300,-498.863,-499.728,-498.863
24.354,-0.000,0.567,-0.382,45.002,2.805,21.892,-0.300,-0.084,-0.300,-498.863,-499.728,-498.863
24.358,-0.000,0.567,-0.382,45.002,2.805,21.893,-0.300,-0.084,-0.300,-498.863,-499.728,-498.863
24.363,-0.000,0.567,-0.382,45.002,2.805,21.893,-0.300,-0.084,-0.300,-498.863,-499.728,-498.863
24.367,-0.000,0.567,-0.382,45.002,2.805,21.893,-0.300,-0.084,-0.300,-498.863,-499.728,-498.863
24.371,-0.000,0.567,-0.382,45.002,2.805,21.893,-0.300,-0.084,-0.300,-498.863,-499.728,-498.863
24.375,-0.000,0.567,-0.382,45.002,2.805,21.893,-0.300,-0.084,-0.300,-498.863,-499.728,-498.863
24.379,-0.000,0.567,-0.382,45.002,2.805,21.893,-0.300,-0.084,-0.300,-498.863,-499.728,-498.863
24.383,-0.000,0.567,-0.382,45.002,2.805,21.893,-0.300,-0.084,-0.300,-498.863,-499.728,-498.863
24.387,-0.000,0.567,-0.382,45.002,2.805,21.893,-0.300,-0.084,-0.300,-498.863,-499.728,-498.863
24.392,-0.000,0.567,-0.382,45.002,2.805,21.893,-0.300,-0.084,-0.300,-498.863,-499.728,-498.863
24.396,-0.000,0.567,-0.382,45.002,2.805,21.893,-0.300,-0.084,-0.300,-498.863,-499.728,-498.863
24.400,-0.000,0.567,-0.382,45.002,2.805,21.893,-0.300,-0.084,-0.300,-498.863,-499.728,-498.863
24.404,-0.000,0.567,-0.382,45.002,2.805,21.893,-0.300,-0.084,-0.300,-498.863,-499.728,-498.863
24.408,-0.000,0.567,-0.382,45.002,2.805,21.893,-0.300,-0.084,-0.300,-498.863,-499.728,-498.863
24.413,-0.000,0.567,-0.382,45.002,2.805,21.893,-0.300,-0.084,-0.300,-498.863,-499.728,-498.863
24.417,-0.000,0.567,-0.382,45.002,2.805,21.893,-0.300,-0.084,-0.300,-498.863,-499.728,-498.863
24.421,-0.000,0.567,-0.382,45.002,2.805,21.893,-0.300,-0.084,-0.300,-498.863,-499.728,-498.863
24.425,-0.000,0.567,-0.382,45.002,2.805,21.893,-0.300,-0.084,-0.300,-498.863,-499.728,-498.863
24.429,-0.000,0.567,-0.382,45.002,2.805,21.893,-0.300,-0.084,-0.300,-498.863,-499.728,-498.863
24.433,-0.000,0.567,-0.382,45.002,2.805,21.893,-0.300,-0.084,-0.300,-498.863,-499.728,-498.863
24.438,-0.000,0.567,-0.382,45.002,2.805,21.893,-0.300,-0.084,-0.300,-498.863,-499.728,-498.863
24.442,-0.000,0.567,-0.382,45.002,2.805,21.893,-0.300,-0.084,-0.300,-498.863,-499.728,-498.863
24.446,-0.000,0.567,-0.382,45.002,2.805,21.893,-0.300,-0.084,-0.300,-498.863,-499.728,-498.863
24.450,-0.000,0.567,-0.382,45.002,2.805,21.894,-0.300,-0.084,-0.300,-498.863,-499.728,-498.863
24.454,-0.000,0.567,-0.382,45.002,2.805,21.894,-0.300,-0.084,-0.300,-498.863,-499.728,-498.863
24.458,-0.000,0.567,-0.382,45.002,2.805,21.894,-0.300,-0.084,-0.300,-498.863,-499.728,-498.863
24.462,-0.000,0.567,-0.382,45.002,2.805,21.894,-0.300,-0.084,-0.300,-498.863,-499.728,-498.863
24.467,-0.000,0.567,-0.382,45.002,2.805,21.894,-0.300,-0.084,-0.300,-498.863,-499.728,-498.863
24.471,-0.000,0.567,-0.382,45.002,2.805,21.894,-0.300,-0.084,-0.300,-498.863,-499.728,-498.863
24.475,-0.000,0.567,-0.382,45.002,2.805,21.894,-0.300,-0.084,-0.300,-498.863,-499.728,-498.863
24.479,-0.000,0.567,-0.382,45.002,2.805,21.894,-0.300,-0.084,-0.300,-498.863,-499.728,-498.863
24.483,-0.000,0.567,-0.382,45.002,2.805,21.894,-0.300,-0.084,-0.300,-498.863,-499.728,-498.863
24.488,-0.000,0.567,-0.382,45.002,2.805,21.894,-0.300,-0.084,-0.300,-498.863,-499.728,-498.863
24.492,-0.000,0.567,-0.382,45.002,2.805,21.894,-0.300,-0.084,-0.300,-498.863,-499.728,-498.863
24.496,-0.000,0.567,-0.382,45.002,2.805,21.894,-0.300,-0.084,-0.300,-498.863,-499.728,-498.863
24.500,-0.000,0.567,-0.382,45.002,2.805,21.894,-0.300,-0.084,-0.300,-498.863,-499.728,-498.863
24.504,-0.000,0.567,-0.382,45.002,2.805,21.894,-0.300,-0.084,-0.300,-498.863,-499.728,-498.863
24.508,-0.000,0.567,-0.382,45.002,2.805,21.894,-0.300,-0.084,-0.300,-498.863,-499.728,-498.863
24.512,-0.000,0.567,-0.382,45.002,2.805,21.894,-0.300,-0.084,-0.300,-498.863,-499.728,-498.863
24.517,-0.000,0.567,-0.382,45.002,2.805,21.894,-0.300,-0.084,-0.300,-498.863,-499.728,-498.863
24.521,-0.000,0.567,-0.382,45.002,2.805,21.894,-0.300,-0.084,-0.300,-498.863,-499.728,-498.863
24.525,-0.000,0.567,-0.382,45.002,2.805,21.894,-0.300,-0.084,-0.300,-498.863,-499.728,-498.863
24.529,-0.000,0.567,-0.382,45.002,2.805,21.894,-0.300,-0.084,-0.300,-498.863,-499.728,-498.863
24.533,-0.000,0.567,-0.382,45.002,2.805,21.894,-0.300,-0.084,-0.300,-498.863,-499.728,-498.863
24.538,-0.000,0.567,-0.382,45.002,2.805,21.894,-0.300,-0.084,-0.300,-498.863,-499.728,-498.863
24.542,-0.000,0.567,-0.382,45.002,2.805,21.894,-0.300,-0.084,-0.300,-498.863,-499.728,-498.863
24.546,-0.000,0.567,-0.382,45.002,2.805,21.895,-0.300,-0.084,-0.300,-498.863,-499.728,-498.863
24.550,-0.000,0.567,-0.382,45.002,2.805,21.895,-0.300,-0.084,-0.300,-498.863,-499.728,-498.863
24.554,-0.000,0.567,-0.382,45.002,2.805,21.895,-0.300,-0.084,-0.300,-498.863,-499.728,-498.863
24.558,-0.000,0.567,-0.382,45.002,2.805,21.895,-0.300,-0.084,-0.300,-498.863,-499.728,-498.863
24.562,-0.000,0.567,-0.382,45.002,2.805,21.895,-0.300,-0.084,-0.300,-498.863,-499.728,-498.863
24.567,-0.000,0.567,-0.382,45.002,2.805,21.895,-0.300,-0.084,-0.300,-498.863,-499.728,-498.863
24.571,-0.000,0.567,-0.382,45.002,2.805,21.895,-0.300,-0.084,-0.300,-498.863,-499.728,-498.863
24.575,-0.000,0.567,-0.382,45.002,2.805,21.895,-0.300,-0.084,-0.300,-498.863,-499.728,-498.863
24.579,-0.000,0.567,-0.382,45.002,2.805,21.895,-0.300,-0.084,-0.300,-498.863,-499.728,-498.863
24.583,-0.000,0.567,-0.382,45.002,2.805,21.895,-0.300,-0.084,-0.300,-498.863,-499.728,-498.863
24.587,-0.000,0.567,-0.382,45.002,2.805,21.895,-0.300,-0.084,-0.300,-498.863,-499.728,-498.863
24.592,-0.000,0.567,-0.382,45.002,2.805,21.895,-0.300,-0.084,-0.300,-498.863,-499.728,-498.863
24.596,-0.000,0.567,-0.382,45.002,2.805,21.895,-0.300,-0.084,-0.300,-498.863,-499.728,-498.863
24.600,-0.000,0.567,-0.382,45.002,2.805,21.895,-0.300,-0.084,-0.300,-498.863,-499.728,-498.863
24.604,-0.000,0.567,-0.382,45.002,2.805,21.895,-0.300,-0.084,-0.300,-498.863,-499.728,-498.863
24.608,-0.000,0.567,-0.382,45.002,2.805,21.895,-0.300,-0.084,-0.300,-498.863,-499.728,-498.863
24.613,-0.000,0.567,-0.382,45.002,2.805,21.895,-0.300,-0.084,-0.300,-498.863,-499.728,-498.863
24.617,-0.000,0.567,-0.382,45.002,2.805,21.895,-0.300,-0.084,-0.300,-498.863,-499.728,-498.863
24.621,-0.000,0.567,-0.382,45.002,2.805,21.895,-0.300,-0.084,-0.300,-498.863,-499.728,-498.863
24.625,-0.000,0.567,-0.382,45.002,2.805,21.895,-0.300,-0.084,-0.300,-498.863,-499.728,-498.863
24.629,-0.000,0.567,-0.382,45.002,2.805,21.895,-0.300,-0.084,-0.300,-498.863,-499.728,-498.863
24.633,-0.000,0.567,-0.382,45.002,2.805,21.895,-0.300,-0.084,-0.300,-498.863,-499.728,-498.863
24.637,-0.000,0.567,-0.382,45.002,2.805,21.895,-0.300,-0.084,-0.300,-498.863,-499.728,-498.863
24.642,-0.000,0.567,-0.382,45.002,2.805,21.896,-0.300,-0.084,-0.300,-498.863,-499.728,-498.863
24.646,-0.000,0.567,-0.382,45.002,2.805,21.896,-0.300,-0.084,-0.300,-498.863,-499.728,-498.863
24.650,-0.000,0.567,-0.382,45.002,2.805,21.896,-0.300,-0.084,-0.300,-498.863,-499.728,-498.863
24.654,-0.000,0.567,-0.382,45.002,2.805,21.896,-0.300,-0.084,-0.300,-498.863,-499.728,-498.863
24.658,-0.000,0.567,-0.382,45.002,2.805,21.896,-0.300,-0.084,-0.300,-498.863,-499.728,-498.863
24.663,-0.000,0.567,-0.382,45.002,2.805,21.896,-0.300,-0.084,-0.300,-498.863,-499.728,-498.863
24.667,-0.000,0.567,-0.382,45.002,2.805,21.896,-0.300,-0.084,-0.300,-498.863,-499.728,-498.863
24.671,-0.000,0.567,-0.382,45.002,2.805,21.896,-0.300,-0.084,-0.300,-498.863,-499.728,-498.863
24.675,-0.000,0.567,-0.382,45.002,2.805,21.896,-0.300,-0.084,-0.300,-498.863,-499.728,-498.863
24.679,-0.000,0.567,-0.382,45.002,2.805,21.896,-0.300,-0.084,-0.300,-498.863,-499.728,-498.863
24.683,-0.000,0.567,-0.382,45.002,2.805,21.896,-0.300,-0.084,-0.300,-498.863,-499.728,-498.863
24.688,-0.000,0.567,-0.382,45.002,2.805,21.896,-0.300,-0.084,-0.300,-498.863,-499.728,-498.863
24.692,-0.000,0.567,-0.382,45.002,2.805,21.896,-0.300,-0.084,-0.300,-498.863,-499.728,-498.863
24.696,-0.000,0.567,-0.382,45.002,2.805,21.896,-0.300,-0.084,-0.300,-498.863,-499.728,-498.863
24.700,-0.000,0.567,-0.382,45.002,2.805,21.896,-0.300,-0.084,-0.300,-498.863,-499.728,-498.863
24.704,-0.000,0.567,-0.382,45.002,2.805,21.896,-0.300,-0.084,-0.300,-498.863,-499.728,-498.863
24.708,-0.000,0.567,-0.382,45.002,2.805,21.896,-0.300,-0.084,-0.300,-498.863,-499.728,-498.863
24.712,-0.000,0.567,-0.382,45.002,2.805,21.896,-0.300,-0.084,-0.300,-498.863,-499.728,-498.863
24.717,-0.000,0.567,-0.382,45.002,2.805,21.896,-0.300,-0.084,-0.300,-498.863,-499.728,-498.863
24.721,-0.000,0.567,-0.382,45.002,2.805,21.896,-0.300,-0.084,-0.300,-498.863,-499.728,-498.863
24.725,-0.000,0.567,-0.382,45.002,2.805,21.896,-0.300,-0.084,-0.300,-498.863,-499.728,-498.863
24.729,-0.000,0.567,-0.382,45.002,2.805,21.896,-0.300,-0.084,-0.300,-498.863,-499.728,-498.863
24.733,-0.000,0.567,-0.382,45.002,2.805,21.897,-0.300,-0.084,-0.300,-498.863,-499.728,-498.863
24.738,-0.000,0.567,-0.382,45.002,2.805,21.897,-0.300,-0.084,-0.300,-498.863,-499.728,-498.863
24.742,-0.000,0.567,-0.382,45.002,2.805,21.897,-0.300,-0.084,-0.300,-498.863,-499.728,-498.863
24.746,-0.000,0.567,-0.382,45.002,2.805,21.897,-0.300,-0.084,-0.300,-498.863,-499.728,-498.863
24.750,-0.000,0.567,-0.382,45.002,2.805,21.897,-0.300,-0.084,-0.300,-498.863,-499.728,-498.863
24.754,-0.000,0.567,-0.382,45.002,2.805,21.897,-0.300,-0.084,-0.300,-498.863,-499.728,-498.863
24.758,-0.000,0.567,-0.382,45.002,2.805,21.897,-0.300,-0.084,-0.300,-498.863,-499.728,-498.863
24.762,-0.000,0.567,-0.382,45.002,2.805,21.897,-0.300,-0.084,-0.300,-498.863,-499.728,-498.863
24.767,-0.000,0.567,-0.382,45.002,2.805,21.897,-0.300,-0.084,-0.300,-498.863,-499.728,-498.863
24.771,-0.000,0.567,-0.382,45.002,2.805,21.897,-0.300,-0.084,-0.300,-498.863,-499.728,-498.863
24.775,-0.000,0.567,-0.382,45.002,2.805,21.897,-0.300,-0.084,-0.300,-498.863,-499.728,-498.863
24.779,-0.000,0.567,-0.382,45.002,2.805,21.897,-0.300,-0.084,-0.300,-498.863,-499.728,-498.863
24.783,-0.000,0.567,-0.382,45.002,2.805,21.897,-0.300,-0.084,-0.300,-498.863,-499.728,-498.863
24.788,-0.000,0.567,-0.382,45.002,2.805,21.897,-0.300,-0.084,-0.300,-498.863,-499.728,-498.863
24.792,-0.000,0.567,-0.382,45.002,2.805,21.897,-0.300,-0.084,-0.300,-498.863,-499.728,-498.863
24.796,-0.000,0.567,-0.382,45.002,2.805,21.897,-0.300,-0.084,-0.300,-498.863,-499.728,-498.863
24.800,-0.000,0.567,-0.382,45.002,2.805,21.897,-0.300,-0.084,-0.300,-498.863,-499.728,-498.863
24.804,-0.000,0.567,-0.382,45.002,2.805,21.897,-0.300,-0.084,-0.300,-498.863,-499.728,-498.863
24.808,-0.000,0.567,-0.382,45.002,2.805,21.897,-0.300,-0.084,-0.300,-498.863,-499.728,-498.863
24.812,-0.000,0.567,-0.382,45.002,2.805,21.897,-0.300,-0.084,-0.300,-498.863,-499.728,-498.863
24.817,-0.000,0.567,-0.382,45.002,2.805,21.897,-0.300,-0.084,-0.300,-498.863,-499.728,-498.863
24.821,-0.000,0.567,-0.382,45.002,2.805,21.897,-0.300,-0.084,-0.300,-498.863,-499.728,-498.863
24.825,-0.000,0.567,-0.382,45.002,2.805,21.897,-0.300,-0.084,-0.300,-498.863,-499.728,-498.863
24.829,-0.000,0.567,-0.382,45.002,2.805,21.898,-0.300,-0.084,-0.300,-498.863,-499.728,-498.863
24.833,-0.000,0.567,-0.382,45.002,2.805,21.898,-0.300,-0.084,-0.300,-498.863,-499.728,-498.863
24.837,-0.000,0.567,-0.382,45.002,2.805,21.898,-0.300,-0.084,-0.300,-498.863,-499.728,-498.863
24.842,-0.000,0.567,-0.382,45.002,2.805,21.898,-0.300,-0.084,-0.300,-498.863,-499.728,-498.863
24.846,-0.000,0.567,-0.382,45.002,2.805,21.898,-0.300,-0.084,-0.300,-498.863,-499.728,-498.863
24.850,-0.000,0.567,-0.382,45.002,2.805,21.898,-0.300,-0.084,-0.300,-498.863,-499.728,-498.863
24.854,-0.000,0.567,-0.382,45.002,2.805,21.898,-0.300,-0.084,-0.300,-498.863,-499.728,-498.863
24.858,-0.000,0.567,-0.382,45.002,2.805,21.898,-0.300,-0.084,-0.300,-498.863,-499.728,-498.863
24.863,-0.000,0.567,-0.382,45.002,2.805,21.898,-0.300,-0.084,-0.300,-498.863,-499.728,-498.863
24.867,-0.000,0.567,-0.382,45.002,2.805,21.898,-0.300,-0.084,-0.300,-498.863,-499.728,-498.863
24.871,-0.000,0.567,-0.382,45.002,2.805,21.898,-0.300,-0.084,-0.300,-498.863,-499.728,-498.863
24.875,-0.000,0.567,-0.382,45.002,2.805,21.898,-0.300,-0.084,-0.300,-498.863,-499.728,-498.863
24.879,-0.000,0.567,-0.382,45.002,2.805,21.898,-0.300,-0.084,-0.300,-498.863,-499.728,-498.863
24.883,-0.000,0.567,-0.382,45.002,2.805,21.898,-0.300,-0.084,-0.300,-498.863,-499.728,-498.863
24.887,-0.000,0.567,-0.382,45.002,2.805,21.898,-0.300,-0.084,-0.300,-498.863,-499.728,-498.863
24.892,-0.000,0.567,-0.382,45.002,2.805,21.898,-0.300,-0.084,-0.300,-498.863,-499.728,-498.863
24.896,-0.000,0.567,-0.382,45.002,2.805,21.898,-0.300,-0.084,-0.300,-498.863,-499.728,-498.863
24.900,-0.000,0.567,-0.382,45.002,2.805,21.898,-0.300,-0.084,-0.300,-498.863,-499.728,-498.863
24.904,-0.000,0.567,-0.382,45.002,2.805,21.898,-0.300,-0.084,-0.300,-498.863,-499.728,-498.863
24.908,-0.000,0.567,-0.382,45.002,2.805,21.898,-0.300,-0.084,-0.300,-498.863,-499.728,-498.863
24.913,-0.000,0.567,-0.382,45.002,2.805,21.898,-0.300,-0.084,-0.300,-498.863,-499.728,-498.863
24.917,-0.000,0.567,-0.382,45.002,2.805,21.898,-0.300,-0.084,-0.300,-498.863,-499.728,-498.863
24.921,-0.000,0.567,-0.382,45.002,2.805,21.898,-0.300,-0.084,-0.300,-498.863,-499.728,-498.863
24.925,-0.000,0.567,-0.382,45.002,2.805,21.899,-0.300,-0.084,-0.300,-498.863,-499.728,-498.863
24.929,-0.000,0.567,-0.382,45.002,2.805,21.899,-0.300,-0.084,-0.300,-498.863,-499.728,-498.863
24.933,-0.000,0.567,-0.382,45.002,2.805,21.899,-0.300,-0.084,-0.300,-498.863,-499.728,-498.863
24.938,-0.000,0.567,-0.382,45.002,2.805,21.899,-0.300,-0.084,-0.300,-498.863,-499.728,-498.863
24.942,-0.000,0.567,-0.382,45.002,2.805,21.899,-0.300,-0.084,-0.300,-498.863,-499.728,-498.863
24.946,-0.000,0.567,-0.382,45.002,2.805,21.899,-0.300,-0.084,-0.300,-498.863,-499.728,-498.863
24.950,-0.000,0.567,-0.382,45.002,2.805,21.899,-0.300,-0.084,-0.300,-498.863,-499.728,-498.863
24.954,-0.000,0.567,-0.382,45.002,2.805,21.899,-0.300,-0.084,-0.300,-498.863,-499.728,-498.863
24.958,-0.000,0.567,-0.382,45.002,2.805,21.899,-0.300,-0.084,-0.300,-498.863,-499.728,-498.863
24.962,-0.000,0.567,-0.382,45.002,2.805,21.899,-0.300,-0.084,-0.300,-498.863,-499.728,-498.863
24.967,-0.000,0.567,-0.382,45.002,2.805,21.899,-0.300,-0.084,-0.300,-498.863,-499.728,-498.863
24.971,-0.000,0.567,-0.382,45.002,2.805,21.899,-0.300,-0.084,-0.300,-498.863,-499.728,-498.863
24.975,-0.000,0.567,-0.382,45.002,2.805,21.899,-0.300,-0.084,-0.300,-498.863,-499.728,-498.863
24.979,-0.000,0.567,-0.382,45.002,2.805,21.899,-0.300,-0.084,-0.300,-498.863,-499.728,-498.863
24.983,-0.000,0.567,-0.382,45.002,2.805,21.899,-0.300,-0.084,-0.300,-498.863,-499.728,-498.863
24.988,-0.000,0.567,-0.382,45.002,2.805,21.899,-0.300,-0.084,-0.300,-498.863,-499.728,-498.863
24.992,-0.000,0.567,-0.382,45.002,2.805,21.899,-0.300,-0.084,-0.300,-498.863,-499.728,-498.863
24.996,-0.000,0.567,-0.382,45.002,2.805,21.899,-0.300,-0.084,-0.300,-498.863,-499.728,-498.863
25.000,-0.000,0.567,-0.382,45.002,2.805,21.899,-0.300,-0.084,-0.300,-498.863,-499.728,-498.863
25.004,-0.000,0.567,-0.382,45.002,2.805,21.899,-0.300,-0.084,-0.300,-498.863,-499.728,-498.863
25.008,-0.000,0.567,-0.382,45.002,2.805,21.899,-0.300,-0.084,-0.300,-498.863,-499.728,-498.863
25.012,-0.000,0.567,-0.382,45.002,2.805,21.899,-0.300,-0.084,-0.300,-498.863,-499.728,-498.863
25.017,-0.000,0.567,-0.382,45.002,2.805,21.900,-0.300,-0.084,-0.300,-498.863,-499.728,-498.863
25.021,-0.000,0.567,-0.382,45.002,2.805,21.900,-0.300,-0.084,-0.300,-498.863,-499.728,-498.863
25.025,-0.000,0.567,-0.382,45.002,2.805,21.900,-0.300,-0.084,-0.300,-498.863,-499.728,-498.863
25.029,-0.000,0.567,-0.382,45.002,2.805,21.900,-0.300,-0.084,-0.300,-498.863,-499.728,-498.863
25.033,-0.000,0.567,-0.382,45.002,2.805,21.900,-0.300,-0.084,-0.300,-498.863,-499.728,-498.863
25.038,-0.000,0.567,-0.382,45.002,2.805,21.900,-0.300,-0.084,-0.300,-498.863,-499.728,-498.863
25.042,-0.000,0.567,-0.382,45.002,2.805,21.900,-0.300,-0.084,-0.300,-498.863,-499.728,-498.863
25.046,-0.000,0.567,-0.382,45.002,2.805,21.900,-0.300,-0.084,-0.300,-498.863,-499.728,-498.863
25.050,-0.000,0.567,-0.382,45.002,2.805,21.900,-0.300,-0.084,-0.300,-498.863,-499.728,-498.863
25.054,-0.000,0.567,-0.382,45.002,2.805,21.900,-0.300,-0.084,-0.300,-498.863,-499.728,-498.863
25.058,-0.000,0.567,-0.382,45.002,2.805,21.900,-0.300,-0.084,-0.300,-498.863,-499.728,-498.863
25.062,-0.000,0.567,-0.382,45.002,2.805,21.900,-0.300,-0.084,-0.300,-498.863,-499.728,-498.863
25.067,-0.000,0.567,-0.382,45.002,2.805,21.900,-0.300,-0.084,-0.300,-498.863,-499.728,-498.863
25.071,-0.000,0.567,-0.382,45.002,2.805,21.900,-0.300,-0.084,-0.300,-498.863,-499.728,-498.863
25.075,-0.000,0.567,-0.382,45.002,2.805,21.900,-0.300,-0.084,-0.300,-498.863,-499.728,-498.863
25.079,-0.000,0.567,-0.382,45.002,2.805,21.900,-0.300,-0.084,-0.300,-498.863,-499.728,-498.863
25.083,-0.000,0.567,-0.382,45.002,2.805,21.900,-0.300,-0.084,-0.300,-498.863,-499.728,-498.863
25.087,-0.000,0.567,-0.382,45.002,2.805,21.900,-0.300,-0.084,-0.300,-498.863,-499.728,-498.863
25.092,-0.000,0.567,-0.382,45.002,2.805,21.900,-0.300,-0.084,-0.300,-498.863,-499.728,-498.863
25.096,-0.000,0.567,-0.382,45.002,2.805,21.900,-0.300,-0.084,-0.300,-498.863,-499.728,-498.863
25.100,-0.000,0.567,-0.382,45.002,2.805,21.900,-0.300,-0.084,-0.300,-498.863,-499.728,-498.863
25.104,-0.000,0.567,-0.382,45.002,2.805,21.900,-0.300,-0.084,-0.300,-498.863,-499.728,-498.863
25.108,-0.000,0.567,-0.382,45.002,2.805,21.900,-0.300,-0.084,-0.300,-498.863,-499.728,-498.863
25.113,-0.000,0.567,-0.382,45.002,2.805,21.901,-0.300,-0.084,-0.300,-498.863,-499.728,-498.863
25.117,-0.000,0.567,-0.382,45.002,2.805,21.901,-0.300,-0.084,-0.300,-498.863,-499.728,-498.863
25.121,-0.000,0.567,-0.382,45.002,2.805,21.901,-0.300,-0.084,-0.300,-498.863,-499.728,-498.863
25.125,-0.000,0.567,-0.382,45.002,2.805,21.901,-0.300,-0.084,-0.300,-498.863,-499.728,-498.863
25.129,-0.000,0.567,-0.382,45.002,2.805,21.901,-0.300,-0.084,-0.300,-498.863,-499.728,-498.863
25.133,-0.000,0.567,-0.382,45.002,2.805,21.901,-0.300,-0.084,-0.300,-498.863,-499.728,-498.863
25.137,-0.000,0.567,-0.382,45.002,2.805,21.901,-0.300,-0.084,-0.300,-498.863,-499.728,-498.863
25.142,-0.000,0.567,-0.382,45.002,2.805,21.901,-0.300,-0.084,-0.300,-498.863,-499.728,-498.863
25.146,-0.000,0.567,-0.382,45.002,2.805,21.901,-0.300,-0.084,-0.300,-498.863,-499.728,-498.863
25.150,-0.000,0.567,-0.382,45.002,2.805,21.901,-0.300,-0.084,-0.300,-498.863,-499.728,-498.863
25.154,-0.000,0.567,-0.382,45.002,2.805,21.901,-0.300,-0.084,-0.300,-498.863,-499.728,-498.863
25.158,-0.000,0.567,-0.382,45.002,2.805,21.901,-0.300,-0.084,-0.300,-498.863,-499.728,-498.863
25.163,-0.000,0.567,-0.382,45.002,2.805,21.901,-0.300,-0.084,-0.300,-498.863,-499.728,-498.863
25.167,-0.000,0.567,-0.382,45.002,2.805,21.901,-0.300,-0.084,-0.300,-498.863,-499.728,-498.863
25.171,-0.000,0.567,-0.382,45.002,2.805,21.901,-0.300,-0.084,-0.300,-498.863,-499.728,-498.863
25.175,-0.000,0.567,-0.382,45.002,2.805,21.901,-0.300,-0.084,-0.300,-498.863,-499.728,-498.863
25.179,-0.000,0.567,-0.382,45.002,2.805,21.901,-0.300,-0.084,-0.300,-498.863,-499.728,-498.863
25.183,-0.000,0.567,-0.382,45.002,2.805,21.901,-0.300,-0.084,-0.300,-498.863,-499.728,-498.863
25.188,-0.000,0.567,-0.382,45.002,2.805,21.901,-0.300,-0.084,-0.300,-498.863,-499.728,-498.863
25.192,-0.000,0.567,-0.382,45.002,2.805,21.901,-0.300,-0.084,-0.300,-498.863,-499.728,-498.863
25.196,-0.000,0.567,-0.382,45.002,2.805,21.901,-0.300,-0.084,-0.300,-498.863,-499.728,-498.863
25.200,-0.000,0.567,-0.382,45.002,2.805,21.901,-0.300,-0.084,-0.300,-498.863,-499.728,-498.863
25.204,-0.000,0.567,-0.382,45.002,2.805,21.901,-0.300,-0.084,-0.300,-498.863,-499.728,-498.863
25.208,-0.000,0.567,-0.382,45.002,2.805,21.902,-0.300,-0.084,-0.300,-498.863,-499.728,-498.863
25.212,-0.000,0.567,-0.382,45.002,2.805,21.902,-0.300,-0.084,-0.300,-498.863,-499.728,-498.863
25.217,-0.000,0.567,-0.382,45.002,2.805,21.902,-0.300,-0.084,-0.300,-498.863,-499.728,-498.863
25.221,-0.000,0.567,-0.382,45.002,2.805,21.902,-0.300,-0.084,-0.300,-498.863,-499.728,-498.863
25.225,-0.000,0.567,-0.382,45.002,2.805,21.902,-0.300,-0.084,-0.300,-498.863,-499.728,-498.863
25.229,-0.000,0.567,-0.382,45.002,2.805,21.902,-0.300,-0.084,-0.300,-498.863,-499.728,-498.863
25.233,-0.000,0.567,-0.382,45.002,2.805,21.902,-0.300,-0.084,-0.300,-498.863,-499.728,-498.863
25.238,-0.000,0.567,-0.382,45.002,2.805,21.902,-0.300,-0.084,-0.300,-498.863,-499.728,-498.863
25.242,-0.000,0.567,-0.382,45.002,2.805,21.902,-0.300,-0.084,-0.300,-498.863,-499.728,-498.863
25.246,-0.000,0.567,-0.382,45.002,2.805,21.902,-0.300,-0.084,-0.300,-498.863,-499.728,-498.863
25.250,-0.000,0.567,-0.382,45.002,2.805,21.902,-0.300,-0.084,-0.300,-498.863,-499.728,-498.863
25.254,-0.000,0.567,-0.382,45.002,2.805,21.902,-0.300,-0.084,-0.300,-498.863,-499.728,-498.863
25.258,-0.000,0.567,-0.382,45.002,2.805,21.902,-0.300,-0.084,-0.300,-498.863,-499.728,-498.863
25.262,-0.000,0.567,-0.382,45.002,2.805,21.902,-0.300,-0.084,-0.300,-498.863,-499.728,-498.863
25.267,-0.000,0.567,-0.382,45.002,2.805,21.902,-0.300,-0.084,-0.300,-498.863,-499.728,-498.863
25.271,-0.000,0.567,-0.382,45.002,2.805,21.902,-0.300,-0.084,-0.300,-498.863,-499.728,-498.863
25.275,-0.000,0.567,-0.382,45.002,2.805,21.902,-0.300,-0.084,-0.300,-498.863,-499.728,-498.863
25.279,-0.000,0.567,-0.382,45.002,2.805,21.902,-0.300,-0.084,-0.300,-498.863,-499.728,-498.863
25.283,-0.000,0.567,-0.382,45.002,2.805,21.902,-0.300,-0.084,-0.300,-498.863,-499.728,-498.863
25.288,-0.000,0.567,-0.382,45.002,2.805,21.902,-0.300,-0.084,-0.300,-498.863,-499.728,-498.863
25.292,-0.000,0.567,-0.382,45.002,2.805,21.902,-0.300,-0.084,-0.300,-498.863,-499.728,-498.863
25.296,-0.000,0.567,-0.382,45.002,2.805,21.902,-0.300,-0.084,-0.300,-498.863,-499.728,-498.863
25.300,-0.000,0.567,-0.382,45.002,2.805,21.903,-0.300,-0.084,-0.300,-498.863,-499.728,-498.863
25.304,-0.000,0.567,-0.382,45.002,2.805,21.903,-0.300,-0.084,-0.300,-498.863,-499.728,-498.863
25.308,-0.000,0.567,-0.382,45.002,2.805,21.903,-0.300,-0.084,-0.300,-498.863,-499.728,-498.863
25.312,-0.000,0.567,-0.382,45.002,2.805,21.903,-0.300,-0.084,-0.300,-498.863,-499.728,-498.863
25.317,-0.000,0.567,-0.382,45.002,2.805,21.903,-0.300,-0.084,-0.300,-498.863,-499.728,-498.863
25.321,-0.000,0.567,-0.382,45.002,2.805,21.903,-0.300,-0.084,-0.300,-498.863,-499.728,-498.863
25.325,-0.000,0.567,-0.382,45.002,2.805,21.903,-0.300,-0.084,-0.300,-498.863,-499.728,-498.863
25.329,-0.000,0.567,-0.382,45.002,2.805,21.903,-0.300,-0.084,-0.300,-498.863,-499.728,-498.863
25.333,-0.000,0.567,-0.382,45.002,2.805,21.903,-0.300,-0.084,-0.300,-498.863,-499.728,-498.863
25.337,-0.000,0.567,-0.382,45.002,2.805,21.903,-0.300,-0.084,-0.300,-498.863,-499.728,-498.863
25.342,-0.000,0.567,-0.382,45.002,2.805,21.903,-0.300,-0.084,-0.300,-498.863,-499.728,-498.863
25.346,-0.000,0.567,-0.382,45.002,2.805,21.903,-0.300,-0.084,-0.300,-498.863,-499.728,-498.863
25.350,-0.000,0.567,-0.382,45.002,2.805,21.903,-0.300,-0.084,-0.300,-498.863,-499.728,-498.863
25.354,-0.000,0.567,-0.382,45.002,2.805,21.903,-0.300,-0.084,-0.300,-498.863,-499.728,-498.863
25.358,-0.000,0.567,-0.382,45.002,2.805,21.903,-0.300,-0.084,-0.300,-498.863,-499.728,-498.863
25.363,-0.000,0.567,-0.382,45.002,2.805,21.903,-0.300,-0.084,-0.300,-498.863,-499.728,-498.863
25.367,-0.000,0.567,-0.382,45.002,2.805,21.903,-0.300,-0.084,-0.300,-498.863,-499.728,-498.863
25.371,-0.000,0.567,-0.382,45.002,2.805,21.903,-0.300,-0.084,-0.300,-498.863,-499.728,-498.863
25.375,-0.000,0.567,-0.382,45.002,2.805,21.903,-0.300,-0.084,-0.300,-498.863,-499.728,-498.863
25.379,-0.000,0.567,-0.382,45.002,2.805,21.903,-0.300,-0.084,-0.300,-498.863,-499.728,-498.863
25.383,-0.000,0.567,-0.382,45.002,2.805,21.903,-0.300,-0.084,-0.300,-498.863,-499.728,-498.863
25.387,-0.000,0.567,-0.382,45.002,2.805,21.903,-0.300,-0.084,-0.300,-498.863,-499.728,-498.863
25.392,-0.000,0.567,-0.382,45.002,2.805,21.903,-0.300,-0.084,-0.300,-498.863,-499.728,-498.863
25.396,-0.000,0.567,-0.382,45.002,2.805,21.904,-0.300,-0.084,-0.300,-498.863,-499.728,-498.863
25.400,-0.000,0.567,-0.382,45.002,2.805,21.904,-0.300,-0.084,-0.300,-498.863,-499.728,-498.863
25.404,-0.000,0.567,-0.382,45.002,2.805,21.904,-0.300,-0.084,-0.300,-498.863,-499.728,-498.863
25.408,-0.000,0.567,-0.382,45.002,2.805,21.904,-0.300,-0.084,-0.300,-498.863,-499.728,-498.863
25.413,-0.000,0.567,-0.382,45.002,2.805,21.904,-0.300,-0.084,-0.300,-498.863,-499.728,-498.863
25.417,-0.000,0.567,-0.382,45.002,2.805,21.904,-0.300,-0.084,-0.300,-498.863,-499.728,-498.863
25.421,-0.000,0.567,-0.382,45.002,2.805,21.904,-0.300,-0.084,-0.300,-498.863,-499.728,-498.863
25.425,-0.000,0.567,-0.382,45.002,2.805,21.904,-0.300,-0.084,-0.300,-498.863,-499.728,-498.863
25.429,-0.000,0.567,-0.382,45.002,2.805,21.904,-0.300,-0.084,-0.300,-498.863,-499.728,-498.863
25.433,-0.000,0.567,-0.382,45.002,2.805,21.904,-0.300,-0.084,-0.300,-498.863,-499.728,-498.863
25.438,-0.000,0.567,-0.382,45.002,2.805,21.904,-0.300,-0.084,-0.300,-498.863,-499.728,-498.863
25.442,-0.000,0.567,-0.382,45.002,2.805,21.904,-0.300,-0.084,-0.300,-498.863,-499.728,-498.863
25.446,-0.000,0.567,-0.382,45.002,2.805,21.904,-0.300,-0.084,-0.300,-498.863,-499.728,-498.863
25.450,-0.000,0.567,-0.382,45.002,2.805,21.904,-0.300,-0.084,-0.300,-498.863,-499.728,-498.863
25.454,-0.000,0.567,-0.382,45.002,2.805,21.904,-0.300,-0.084,-0.300,-498.863,-499.728,-498.863
25.458,-0.000,0.567,-0.382,45.002,2.805,21.904,-0.300,-0.084,-0.300,-498.863,-499.728,-498.863
25.462,-0.000,0.567,-0.382,45.002,2.805,21.904,-0.300,-0.084,-0.300,-498.863,-499.728,-498.863
25.467,-0.000,0.567,-0.382,45.002,2.805,21.904,-0.300,-0.084,-0.300,-498.863,-499.728,-498.863
25.471,-0.000,0.567,-0.382,45.002,2.805,21.904,-0.300,-0.084,-0.300,-498.863,-499.728,-498.863
25.475,-0.000,0.567,-0.382,45.002,2.805,21.904,-0.300,-0.084,-0.300,-498.863,-499.728,-498.863
25.479,-0.000,0.567,-0.382,45.002,2.805,21.904,-0.300,-0.084,-0.300,-498.863,-499.728,-498.863
25.483,-0.000,0.567,-0.382,45.002,2.805,21.904,-0.300,-0.084,-0.300,-498.863,-499.728,-498.863
25.488,-0.000,0.567,-0.382,45.002,2.805,21.904,-0.300,-0.084,-0.300,-498.863,-499.728,-498.863
25.492,-0.000,0.567,-0.382,45.002,2.805,21.905,-0.300,-0.084,-0.300,-498.863,-499.728,-498.863
25.496,-0.000,0.567,-0.382,45.002,2.805,21.905,-0.300,-0.084,-0.300,-498.863,-499.728,-498.863
25.500,-0.000,0.567,-0.382,45.002,2.805,21.905,-0.300,-0.084,-0.300,-498.863,-499.728,-498.863
25.504,-0.000,0.567,-0.382,45.002,2.805,21.905,-0.300,-0.084,-0.300,-498.863,-499.728,-498.863
25.508,-0.000,0.567,-0.382,45.002,2.805,21.905,-0.300,-0.084,-0.300,-498.863,-499.728,-498.863
25.512,-0.000,0.567,-0.382,45.002,2.805,21.905,-0.300,-0.084,-0.300,-498.863,-499.728,-498.863
25.517,-0.000,0.567,-0.382,45.002,2.805,21.905,-0.300,-0.084,-0.300,-498.863,-499.728,-498.863
25.521,-0.000,0.567,-0.382,45.002,2.805,21.905,-0.300,-0.084,-0.300,-498.863,-499.728,-498.863
25.525,-0.000,0.567,-0.382,45.002,2.805,21.905,-0.300,-0.084,-0.300,-498.863,-499.728,-498.863
25.529,-0.000,0.567,-0.382,45.002,2.805,21.905,-0.300,-0.084,-0.300,-498.863,-499.728,-498.863
25.533,-0.000,0.567,-0.382,45.002,2.805,21.905,-0.300,-0.084,-0.300,-498.863,-499.728,-498.863
25.538,-0.000,0.567,-0.382,45.002,2.805,21.905,-0.300,-0.084,-0.300,-498.863,-499.728,-498.863
25.542,-0.000,0.567,-0.382,45.002,2.805,21.905,-0.300,-0.084,-0.300,-498.863,-499.728,-498.863
25.546,-0.000,0.567,-0.382,45.002,2.805,21.905,-0.300,-0.084,-0.300,-498.863,-499.728,-498.863
25.550,-0.000,0.567,-0.382,45.002,2.805,21.905,-0.300,-0.084,-0.300,-498.863,-499.728,-498.863
25.554,-0.000,0.567,-0.382,45.002,2.805,21.905,-0.300,-0.084,-0.300,-498.863,-499.728,-498.863
25.558,-0.000,0.567,-0.382,45.002,2.805,21.905,-0.300,-0.084,-0.300,-498.863,-499.728,-498.863
25.562,-0.000,0.567,-0.382,45.002,2.805,21.905,-0.300,-0.084,-0.300,-498.863,-499.728,-498.863
25.567,-0.000,0.567,-0.382,45.002,2.805,21.905,-0.300,-0.084,-0.300,-498.863,-499.728,-498.863
25.571,-0.000,0.567,-0.382,45.002,2.805,21.905,-0.300,-0.084,-0.300,-498.863,-499.728,-498.863
25.575,-0.000,0.567,-0.382,45.002,2.805,21.905,-0.300,-0.084,-0.300,-498.863,-499.728,-498.863
25.579,-0.000,0.567,-0.382,45.002,2.805,21.905,-0.300,-0.084,-0.300,-498.863,-499.728,-498.863
25.583,-0.000,0.567,-0.382,45.002,2.805,21.906,-0.300,-0.084,-0.300,-498.863,-499.728,-498.863
25.587,-0.000,0.567,-0.382,45.002,2.805,21.906,-0.300,-0.084,-0.300,-498.863,-499.728,-498.863
25.592,-0.000,0.567,-0.382,45.002,2.805,21.906,-0.300,-0.084,-0.300,-498.863,-499.728,-498.863
25.596,-0.000,0.567,-0.382,45.002,2.805,21.906,-0.300,-0.084,-0.300,-498.863,-499.728,-498.863
25.600,-0.000,0.567,-0.382,45.002,2.805,21.906,-0.300,-0.084,-0.300,-498.863,-499.728,-498.863
25.604,-0.000,0.567,-0.382,45.002,2.805,21.906,-0.300,-0.084,-0.300,-498.863,-499.728,-498.863
25.608,-0.000,0.567,-0.382,45.002,2.805,21.906,-0.300,-0.084,-0.300,-498.863,-499.728,-498.863
25.613,-0.000,0.567,-0.382,45.002,2.805,21.906,-0.300,-0.084,-0.300,-498.863,-499.728,-498.863
25.617,-0.000,0.567,-0.382,45.002,2.805,21.906,-0.300,-0.084,-0.300,-498.863,-499.728,-498.863
25.621,-0.000,0.567,-0.382,45.002,2.805,21.906,-0.300,-0.084,-0.300,-498.863,-499.728,-498.863
25.625,-0.000,0.567,-0.382,45.002,2.805,21.906,-0.300,-0.084,-0.300,-498.863,-499.728,-498.863
25.629,-0.000,0.567,-0.382,45.002,2.805,21.906,-0.300,-0.084,-0.300,-498.863,-499.728,-498.863
25.633,-0.000,0.567,-0.382,45.002,2.805,21.906,-0.300,-0.084,-0.300,-498.863,-499.728,-498.863
25.637,-0.000,0.567,-0.382,45.002,2.805,21.906,-0.300,-0.084,-0.300,-498.863,-499.728,-498.863
25.642,-0.000,0.567,-0.382,45.002,2.805,21.906,-0.300,-0.084,-0.300,-498.863,-499.728,-498.863
25.646,-0.000,0.567,-0.382,45.002,2.805,21.906,-0.300,-0.084,-0.300,-498.863,-499.728,-498.863
25.650,-0.000,0.567,-0.382,45.002,2.805,21.906,-0.300,-0.084,-0.300,-498.863,-499.728,-498.863
25.654,-0.000,0.567,-0.382,45.002,2.805,21.906,-0.300,-0.084,-0.300,-498.863,-499.728,-498.863
25.658,-0.000,0.567,-0.382,45.002,2.805,21.906,-0.300,-0.084,-0.300,-498.863,-499.728,-498.863
25.662,-0.000,0.567,-0.382,45.002,2.805,21.906,-0.300,-0.084,-0.300,-498.863,-499.728,-498.863
25.667,-0.000,0.567,-0.382,45.002,2.805,21.906,-0.300,-0.084,-0.300,-498.863,-499.728,-498.863
25.671,-0.000,0.567,-0.382,45.002,2.805,21.906,-0.300,-0.084,-0.300,-498.863,-499.728,-498.863
25.675,-0.000,0.567,-0.382,45.002,2.805,21.906,-0.300,-0.084,-0.300,-498.863,-499.728,-498.863
25.679,-0.000,0.567,-0.382,45.002,2.805,21.907,-0.300,-0.084,-0.300,-498.863,-499.728,-498.863
25.683,-0.000,0.567,-0.382,45.002,2.805,21.907,-0.300,-0.084,-0.300,-498.863,-499.728,-498.863
25.688,-0.000,0.567,-0.382,45.002,2.805,21.907,-0.300,-0.084,-0.300,-498.863,-499.728,-498.863
25.692,-0.000,0.567,-0.382,45.002,2.805,21.907,-0.300,-0.084,-0.300,-498.863,-499.728,-498.863
25.696,-0.000,0.567,-0.382,45.002,2.805,21.907,-0.300,-0.084,-0.300,-498.863,-499.728,-498.863
25.700,-0.000,0.567,-0.382,45.002,2.805,21.907,-0.300,-0.084,-0.300,-498.863,-499.728,-498.863
25.704,-0.000,0.567,-0.382,45.002,2.805,21.907,-0.300,-0.084,-0.300,-498.863,-499.728,-498.863
25.708,-0.000,0.567,-0.382,45.002,2.805,21.907,-0.300,-0.084,-0.300,-498.863,-499.728,-498.863
25.712,-0.000,0.567,-0.382,45.002,2.805,21.907,-0.300,-0.084,-0.300,-498.863,-499.728,-498.863
25.717,-0.000,0.567,-0.382,45.002,2.805,21.907,-0.300,-0.084,-0.300,-498.863,-499.728,-498.863
25.721,-0.000,0.567,-0.382,45.002,2.805,21.907,-0.300,-0.084,-0.300,-498.863,-499.728,-498.863
25.725,-0.000,0.567,-0.382,45.002,2.805,21.907,-0.300,-0.084,-0.300,-498.863,-499.728,-498.863
25.729,-0.000,0.567,-0.382,45.002,2.805,21.907,-0.300,-0.084,-0.300,-498.863,-499.728,-498.863
25.733,-0.000,0.567,-0.382,45.002,2.805,21.907,-0.300,-0.084,-0.300,-498.863,-499.728,-498.863
25.738,-0.000,0.567,-0.382,45.002,2.805,21.907,-0.300,-0.084,-0.300,-498.863,-499.728,-498.863
25.742,-0.000,0.567,-0.382,45.002,2.805,21.907,-0.300,-0.084,-0.300,-498.863,-499.728,-498.863
25.746,-0.000,0.567,-0.382,45.002,2.805,21.907,-0.300,-0.084,-0.300,-498.863,-499.728,-498.863
25.750,-0.000,0.567,-0.382,45.002,2.805,21.907,-0.300,-0.084,-0.300,-498.863,-499.728,-498.863
25.754,-0.000,0.567,-0.382,45.002,2.805,21.907,-0.300,-0.084,-0.300,-498.863,-499.728,-498.863
25.758,-0.000,0.567,-0.382,45.002,2.805,21.907,-0.300,-0.084,-0.300,-498.863,-499.728,-498.863
25.762,-0.000,0.567,-0.382,45.002,2.805,21.907,-0.300,-0.084,-0.300,-498.863,-499.728,-498.863
25.767,-0.000,0.567,-0.382,45.002,2.805,21.907,-0.300,-0.084,-0.300,-498.863,-499.728,-498.863
25.771,-0.000,0.567,-0.382,45.002,2.805,21.907,-0.300,-0.084,-0.300,-498.863,-499.728,-498.863
25.775,-0.000,0.567,-0.382,45.002,2.805,21.908,-0.300,-0.084,-0.300,-498.863,-499.728,-498.863
25.779,-0.000,0.567,-0.382,45.002,2.805,21.908,-0.300,-0.084,-0.300,-498.863,-499.728,-498.863
25.783,-0.000,0.567,-0.382,45.002,2.805,21.908,-0.300,-0.084,-0.300,-498.863,-499.728,-498.863
