ISO-10303-21;
HEADER;
/* Generated by software containing ST-Developer
 * from STEP Tools, Inc. (www.steptools.com) 
 */

FILE_DESCRIPTION(
/* description */ (''),
/* implementation_level */ '2;1');

FILE_NAME(
/* name */ 'cubli.step',
/* time_stamp */ '2026-03-08T13:20:11+09:00',
/* author */ (''),
/* organization */ (''),
/* preprocessor_version */ 'ST-DEVELOPER v20.1',
/* originating_system */ 'Autodesk Translation Framework v14.21.0.0',
/* authorisation */ '');

FILE_SCHEMA (('AUTOMOTIVE_DESIGN { 1 0 10303 214 3 1 1 }'));
ENDSEC;

DATA;
#10=MECHANICAL_DESIGN_GEOMETRIC_PRESENTATION_REPRESENTATION('',(#368,#369,
#370,#371,#372,#373,#374,#375,#376,#377,#378,#379,#380),#4792);
#11=ITEM_DEFINED_TRANSFORMATION($,$,#2791,#3118);
#12=ITEM_DEFINED_TRANSFORMATION($,$,#3056,#3119);
#13=ITEM_DEFINED_TRANSFORMATION($,$,#2830,#3120);
#14=ITEM_DEFINED_TRANSFORMATION($,$,#2801,#3121);
#15=ITEM_DEFINED_TRANSFORMATION($,$,#2830,#3122);
#16=ITEM_DEFINED_TRANSFORMATION($,$,#3056,#3123);
#17=ITEM_DEFINED_TRANSFORMATION($,$,#2830,#3124);
#18=ITEM_DEFINED_TRANSFORMATION($,$,#3056,#3125);
#19=(
REPRESENTATION_RELATIONSHIP($,$,#4816,#4815)
REPRESENTATION_RELATIONSHIP_WITH_TRANSFORMATION(#11)
SHAPE_REPRESENTATION_RELATIONSHIP()
);
#20=(
REPRESENTATION_RELATIONSHIP($,$,#4819,#4815)
REPRESENTATION_RELATIONSHIP_WITH_TRANSFORMATION(#12)
SHAPE_REPRESENTATION_RELATIONSHIP()
);
#21=(
REPRESENTATION_RELATIONSHIP($,$,#4818,#4815)
REPRESENTATION_RELATIONSHIP_WITH_TRANSFORMATION(#13)
SHAPE_REPRESENTATION_RELATIONSHIP()
);
#22=(
REPRESENTATION_RELATIONSHIP($,$,#4817,#4815)
REPRESENTATION_RELATIONSHIP_WITH_TRANSFORMATION(#14)
SHAPE_REPRESENTATION_RELATIONSHIP()
);
#23=(
REPRESENTATION_RELATIONSHIP($,$,#4818,#4815)
REPRESENTATION_RELATIONSHIP_WITH_TRANSFORMATION(#15)
SHAPE_REPRESENTATION_RELATIONSHIP()
);
#24=(
REPRESENTATION_RELATIONSHIP($,$,#4819,#4815)
REPRESENTATION_RELATIONSHIP_WITH_TRANSFORMATION(#16)
SHAPE_REPRESENTATION_RELATIONSHIP()
);
#25=(
REPRESENTATION_RELATIONSHIP($,$,#4818,#4815)
REPRESENTATION_RELATIONSHIP_WITH_TRANSFORMATION(#17)
SHAPE_REPRESENTATION_RELATIONSHIP()
);
#26=(
REPRESENTATION_RELATIONSHIP($,$,#4819,#4815)
REPRESENTATION_RELATIONSHIP_WITH_TRANSFORMATION(#18)
SHAPE_REPRESENTATION_RELATIONSHIP()
);
#27=CONTEXT_DEPENDENT_SHAPE_REPRESENTATION(#19,#4807);
#28=CONTEXT_DEPENDENT_SHAPE_REPRESENTATION(#20,#4808);
#29=CONTEXT_DEPENDENT_SHAPE_REPRESENTATION(#21,#4809);
#30=CONTEXT_DEPENDENT_SHAPE_REPRESENTATION(#22,#4810);
#31=CONTEXT_DEPENDENT_SHAPE_REPRESENTATION(#23,#4811);
#32=CONTEXT_DEPENDENT_SHAPE_REPRESENTATION(#24,#4812);
#33=CONTEXT_DEPENDENT_SHAPE_REPRESENTATION(#25,#4813);
#34=CONTEXT_DEPENDENT_SHAPE_REPRESENTATION(#26,#4814);
#35=NEXT_ASSEMBLY_USAGE_OCCURRENCE('inner_frame:1','inner_frame:1',
'inner_frame:1',#4821,#4822,'inner_frame:1');
#36=NEXT_ASSEMBLY_USAGE_OCCURRENCE('fly_wheel:1','fly_wheel:1',
'fly_wheel:1',#4821,#4825,'fly_wheel:1');
#37=NEXT_ASSEMBLY_USAGE_OCCURRENCE('motor:1','motor:1','motor:1',#4821,
#4824,'motor:1');
#38=NEXT_ASSEMBLY_USAGE_OCCURRENCE('outer_frame:1','outer_frame:1',
'outer_frame:1',#4821,#4823,'outer_frame:1');
#39=NEXT_ASSEMBLY_USAGE_OCCURRENCE('motor:2','motor:2','motor:2',#4821,
#4824,'motor:2');
#40=NEXT_ASSEMBLY_USAGE_OCCURRENCE('fly_wheel:2','fly_wheel:2',
'fly_wheel:2',#4821,#4825,'fly_wheel:2');
#41=NEXT_ASSEMBLY_USAGE_OCCURRENCE('motor:3','motor:3','motor:3',#4821,
#4824,'motor:3');
#42=NEXT_ASSEMBLY_USAGE_OCCURRENCE('fly_wheel:3','fly_wheel:3',
'fly_wheel:3',#4821,#4825,'fly_wheel:3');
#43=FACE_BOUND('',#560,.T.);
#44=FACE_BOUND('',#566,.T.);
#45=FACE_BOUND('',#568,.T.);
#46=FACE_BOUND('',#570,.T.);
#47=FACE_BOUND('',#573,.T.);
#48=FACE_BOUND('',#575,.T.);
#49=FACE_BOUND('',#616,.T.);
#50=FACE_BOUND('',#617,.T.);
#51=FACE_BOUND('',#618,.T.);
#52=FACE_BOUND('',#619,.T.);
#53=FACE_BOUND('',#620,.T.);
#54=FACE_BOUND('',#621,.T.);
#55=FACE_BOUND('',#622,.T.);
#56=FACE_BOUND('',#624,.T.);
#57=FACE_BOUND('',#625,.T.);
#58=FACE_BOUND('',#626,.T.);
#59=FACE_BOUND('',#627,.T.);
#60=FACE_BOUND('',#628,.T.);
#61=FACE_BOUND('',#629,.T.);
#62=FACE_BOUND('',#630,.T.);
#63=FACE_BOUND('',#634,.T.);
#64=FACE_BOUND('',#636,.T.);
#65=FACE_BOUND('',#640,.T.);
#66=FACE_BOUND('',#642,.T.);
#67=FACE_BOUND('',#676,.T.);
#68=FACE_BOUND('',#677,.T.);
#69=FACE_BOUND('',#678,.T.);
#70=FACE_BOUND('',#679,.T.);
#71=FACE_BOUND('',#680,.T.);
#72=FACE_BOUND('',#681,.T.);
#73=FACE_BOUND('',#682,.T.);
#74=FACE_BOUND('',#683,.T.);
#75=FACE_BOUND('',#684,.T.);
#76=FACE_BOUND('',#686,.T.);
#77=FACE_BOUND('',#687,.T.);
#78=FACE_BOUND('',#688,.T.);
#79=FACE_BOUND('',#689,.T.);
#80=FACE_BOUND('',#690,.T.);
#81=FACE_BOUND('',#691,.T.);
#82=FACE_BOUND('',#692,.T.);
#83=FACE_BOUND('',#693,.T.);
#84=FACE_BOUND('',#694,.T.);
#85=FACE_BOUND('',#698,.T.);
#86=FACE_BOUND('',#700,.T.);
#87=FACE_BOUND('',#704,.T.);
#88=FACE_BOUND('',#706,.T.);
#89=FACE_BOUND('',#710,.T.);
#90=FACE_BOUND('',#712,.T.);
#91=FACE_BOUND('',#716,.T.);
#92=FACE_BOUND('',#718,.T.);
#93=FACE_BOUND('',#744,.T.);
#94=FACE_BOUND('',#745,.T.);
#95=FACE_BOUND('',#746,.T.);
#96=FACE_BOUND('',#747,.T.);
#97=FACE_BOUND('',#750,.T.);
#98=FACE_BOUND('',#751,.T.);
#99=FACE_BOUND('',#752,.T.);
#100=FACE_BOUND('',#753,.T.);
#101=CYLINDRICAL_SURFACE('',#2806,5.);
#102=CYLINDRICAL_SURFACE('',#2808,5.);
#103=CYLINDRICAL_SURFACE('',#2810,5.);
#104=CYLINDRICAL_SURFACE('',#2816,42.5);
#105=CYLINDRICAL_SURFACE('',#2818,42.5);
#106=CYLINDRICAL_SURFACE('',#2821,42.5);
#107=CYLINDRICAL_SURFACE('',#2831,17.25);
#108=CYLINDRICAL_SURFACE('',#2836,17.25);
#109=CYLINDRICAL_SURFACE('',#2842,1.54999999999999);
#110=CYLINDRICAL_SURFACE('',#2846,1.55);
#111=CYLINDRICAL_SURFACE('',#2850,1.55);
#112=CYLINDRICAL_SURFACE('',#2854,1.55);
#113=CYLINDRICAL_SURFACE('',#2858,1.54999999999999);
#114=CYLINDRICAL_SURFACE('',#2862,1.55000000000001);
#115=CYLINDRICAL_SURFACE('',#2866,1.55000000000001);
#116=CYLINDRICAL_SURFACE('',#2870,1.54999999999999);
#117=CYLINDRICAL_SURFACE('',#2874,1.55);
#118=CYLINDRICAL_SURFACE('',#2878,1.55);
#119=CYLINDRICAL_SURFACE('',#2881,1.55);
#120=CYLINDRICAL_SURFACE('',#2885,1.54999999999999);
#121=CYLINDRICAL_SURFACE('',#2889,1.5);
#122=CYLINDRICAL_SURFACE('',#2892,25.6);
#123=CYLINDRICAL_SURFACE('',#2895,4.5);
#124=CYLINDRICAL_SURFACE('',#2898,25.6);
#125=CYLINDRICAL_SURFACE('',#2901,4.50000000000002);
#126=CYLINDRICAL_SURFACE('',#2904,25.6);
#127=CYLINDRICAL_SURFACE('',#2907,4.5);
#128=CYLINDRICAL_SURFACE('',#2910,25.6);
#129=CYLINDRICAL_SURFACE('',#2913,4.50000000000002);
#130=CYLINDRICAL_SURFACE('',#2918,1.5);
#131=CYLINDRICAL_SURFACE('',#2921,3.);
#132=CYLINDRICAL_SURFACE('',#2926,1.5);
#133=CYLINDRICAL_SURFACE('',#2929,3.);
#134=CYLINDRICAL_SURFACE('',#2934,1.54999999999999);
#135=CYLINDRICAL_SURFACE('',#2937,1.5);
#136=CYLINDRICAL_SURFACE('',#2940,1.5);
#137=CYLINDRICAL_SURFACE('',#2943,1.55);
#138=CYLINDRICAL_SURFACE('',#2946,1.55);
#139=CYLINDRICAL_SURFACE('',#2949,18.);
#140=CYLINDRICAL_SURFACE('',#2952,0.999999999999988);
#141=CYLINDRICAL_SURFACE('',#2955,3.);
#142=CYLINDRICAL_SURFACE('',#2958,0.999999999999984);
#143=CYLINDRICAL_SURFACE('',#2961,18.);
#144=CYLINDRICAL_SURFACE('',#2964,0.999999999999985);
#145=CYLINDRICAL_SURFACE('',#2967,3.);
#146=CYLINDRICAL_SURFACE('',#2970,0.999999999999987);
#147=CYLINDRICAL_SURFACE('',#2973,18.);
#148=CYLINDRICAL_SURFACE('',#2976,0.999999999999988);
#149=CYLINDRICAL_SURFACE('',#2979,3.);
#150=CYLINDRICAL_SURFACE('',#2982,0.999999999999984);
#151=CYLINDRICAL_SURFACE('',#2985,18.);
#152=CYLINDRICAL_SURFACE('',#2988,0.999999999999984);
#153=CYLINDRICAL_SURFACE('',#2991,3.);
#154=CYLINDRICAL_SURFACE('',#2994,0.999999999999987);
#155=CYLINDRICAL_SURFACE('',#2997,1.5);
#156=CYLINDRICAL_SURFACE('',#3000,1.55);
#157=CYLINDRICAL_SURFACE('',#3003,1.5);
#158=CYLINDRICAL_SURFACE('',#3007,3.);
#159=CYLINDRICAL_SURFACE('',#3011,3.);
#160=CYLINDRICAL_SURFACE('',#3015,3.);
#161=CYLINDRICAL_SURFACE('',#3019,3.);
#162=CYLINDRICAL_SURFACE('',#3024,1.5);
#163=CYLINDRICAL_SURFACE('',#3027,3.);
#164=CYLINDRICAL_SURFACE('',#3032,1.5);
#165=CYLINDRICAL_SURFACE('',#3035,3.);
#166=CYLINDRICAL_SURFACE('',#3040,1.5);
#167=CYLINDRICAL_SURFACE('',#3043,3.);
#168=CYLINDRICAL_SURFACE('',#3048,1.5);
#169=CYLINDRICAL_SURFACE('',#3051,3.);
#170=CYLINDRICAL_SURFACE('',#3057,32.5);
#171=CYLINDRICAL_SURFACE('',#3060,3.);
#172=CYLINDRICAL_SURFACE('',#3064,15.);
#173=CYLINDRICAL_SURFACE('',#3068,3.);
#174=CYLINDRICAL_SURFACE('',#3071,4.);
#175=CYLINDRICAL_SURFACE('',#3074,32.5);
#176=CYLINDRICAL_SURFACE('',#3077,4.);
#177=CYLINDRICAL_SURFACE('',#3081,15.);
#178=CYLINDRICAL_SURFACE('',#3085,4.);
#179=CYLINDRICAL_SURFACE('',#3088,32.5);
#180=CYLINDRICAL_SURFACE('',#3091,3.99999999999999);
#181=CYLINDRICAL_SURFACE('',#3095,15.);
#182=CYLINDRICAL_SURFACE('',#3099,32.5);
#183=CYLINDRICAL_SURFACE('',#3102,4.);
#184=CYLINDRICAL_SURFACE('',#3106,15.);
#185=CYLINDRICAL_SURFACE('',#3110,4.);
#186=CYLINDRICAL_SURFACE('',#3115,40.);
#187=CIRCLE('',#2803,5.);
#188=CIRCLE('',#2804,5.);
#189=CIRCLE('',#2805,5.);
#190=CIRCLE('',#2807,5.);
#191=CIRCLE('',#2809,5.);
#192=CIRCLE('',#2811,5.);
#193=CIRCLE('',#2814,42.5);
#194=CIRCLE('',#2817,42.5);
#195=CIRCLE('',#2819,42.5);
#196=CIRCLE('',#2820,42.5);
#197=CIRCLE('',#2822,42.5);
#198=CIRCLE('',#2823,42.5);
#199=CIRCLE('',#2832,17.25);
#200=CIRCLE('',#2833,17.25);
#201=CIRCLE('',#2837,17.25);
#202=CIRCLE('',#2838,17.25);
#203=CIRCLE('',#2843,1.54999999999999);
#204=CIRCLE('',#2844,1.54999999999999);
#205=CIRCLE('',#2847,1.55);
#206=CIRCLE('',#2848,1.55);
#207=CIRCLE('',#2851,1.55);
#208=CIRCLE('',#2852,1.55);
#209=CIRCLE('',#2855,1.55);
#210=CIRCLE('',#2856,1.55);
#211=CIRCLE('',#2859,1.54999999999999);
#212=CIRCLE('',#2860,1.54999999999999);
#213=CIRCLE('',#2863,1.55000000000001);
#214=CIRCLE('',#2864,1.55000000000001);
#215=CIRCLE('',#2867,1.55000000000001);
#216=CIRCLE('',#2868,1.55000000000001);
#217=CIRCLE('',#2871,1.54999999999999);
#218=CIRCLE('',#2872,1.54999999999999);
#219=CIRCLE('',#2875,1.55);
#220=CIRCLE('',#2876,1.55);
#221=CIRCLE('',#2879,1.55);
#222=CIRCLE('',#2880,1.55);
#223=CIRCLE('',#2882,1.55);
#224=CIRCLE('',#2883,1.55);
#225=CIRCLE('',#2886,1.54999999999999);
#226=CIRCLE('',#2887,1.54999999999999);
#227=CIRCLE('',#2890,1.5);
#228=CIRCLE('',#2891,1.5);
#229=CIRCLE('',#2893,25.6);
#230=CIRCLE('',#2894,25.6);
#231=CIRCLE('',#2896,4.5);
#232=CIRCLE('',#2897,4.5);
#233=CIRCLE('',#2899,25.6);
#234=CIRCLE('',#2900,25.6);
#235=CIRCLE('',#2902,4.50000000000002);
#236=CIRCLE('',#2903,4.50000000000002);
#237=CIRCLE('',#2905,25.6);
#238=CIRCLE('',#2906,25.6);
#239=CIRCLE('',#2908,4.5);
#240=CIRCLE('',#2909,4.5);
#241=CIRCLE('',#2911,25.6);
#242=CIRCLE('',#2912,25.6);
#243=CIRCLE('',#2914,4.50000000000002);
#244=CIRCLE('',#2915,4.50000000000002);
#245=CIRCLE('',#2919,1.5);
#246=CIRCLE('',#2920,1.5);
#247=CIRCLE('',#2922,3.);
#248=CIRCLE('',#2923,3.);
#249=CIRCLE('',#2927,1.5);
#250=CIRCLE('',#2928,1.5);
#251=CIRCLE('',#2930,3.);
#252=CIRCLE('',#2931,3.);
#253=CIRCLE('',#2935,1.54999999999999);
#254=CIRCLE('',#2936,1.54999999999999);
#255=CIRCLE('',#2938,1.5);
#256=CIRCLE('',#2939,1.5);
#257=CIRCLE('',#2941,1.5);
#258=CIRCLE('',#2942,1.5);
#259=CIRCLE('',#2944,1.55);
#260=CIRCLE('',#2945,1.55);
#261=CIRCLE('',#2947,1.55);
#262=CIRCLE('',#2948,1.55);
#263=CIRCLE('',#2950,18.);
#264=CIRCLE('',#2951,18.);
#265=CIRCLE('',#2953,0.999999999999988);
#266=CIRCLE('',#2954,0.999999999999988);
#267=CIRCLE('',#2956,3.);
#268=CIRCLE('',#2957,3.);
#269=CIRCLE('',#2959,0.999999999999984);
#270=CIRCLE('',#2960,0.999999999999984);
#271=CIRCLE('',#2962,18.);
#272=CIRCLE('',#2963,18.);
#273=CIRCLE('',#2965,0.999999999999985);
#274=CIRCLE('',#2966,0.999999999999985);
#275=CIRCLE('',#2968,3.);
#276=CIRCLE('',#2969,3.);
#277=CIRCLE('',#2971,0.999999999999987);
#278=CIRCLE('',#2972,0.999999999999987);
#279=CIRCLE('',#2974,18.);
#280=CIRCLE('',#2975,18.);
#281=CIRCLE('',#2977,0.999999999999988);
#282=CIRCLE('',#2978,0.999999999999988);
#283=CIRCLE('',#2980,3.);
#284=CIRCLE('',#2981,3.);
#285=CIRCLE('',#2983,0.999999999999984);
#286=CIRCLE('',#2984,0.999999999999984);
#287=CIRCLE('',#2986,18.);
#288=CIRCLE('',#2987,18.);
#289=CIRCLE('',#2989,0.999999999999984);
#290=CIRCLE('',#2990,0.999999999999984);
#291=CIRCLE('',#2992,3.);
#292=CIRCLE('',#2993,3.);
#293=CIRCLE('',#2995,0.999999999999987);
#294=CIRCLE('',#2996,0.999999999999987);
#295=CIRCLE('',#2998,1.5);
#296=CIRCLE('',#2999,1.5);
#297=CIRCLE('',#3001,1.55);
#298=CIRCLE('',#3002,1.55);
#299=CIRCLE('',#3004,1.5);
#300=CIRCLE('',#3005,1.5);
#301=CIRCLE('',#3008,3.);
#302=CIRCLE('',#3009,3.);
#303=CIRCLE('',#3012,3.);
#304=CIRCLE('',#3013,3.);
#305=CIRCLE('',#3016,3.);
#306=CIRCLE('',#3017,3.);
#307=CIRCLE('',#3020,3.);
#308=CIRCLE('',#3021,3.);
#309=CIRCLE('',#3025,1.5);
#310=CIRCLE('',#3026,1.5);
#311=CIRCLE('',#3028,3.);
#312=CIRCLE('',#3029,3.);
#313=CIRCLE('',#3033,1.5);
#314=CIRCLE('',#3034,1.5);
#315=CIRCLE('',#3036,3.);
#316=CIRCLE('',#3037,3.);
#317=CIRCLE('',#3041,1.5);
#318=CIRCLE('',#3042,1.5);
#319=CIRCLE('',#3044,3.);
#320=CIRCLE('',#3045,3.);
#321=CIRCLE('',#3049,1.5);
#322=CIRCLE('',#3050,1.5);
#323=CIRCLE('',#3052,3.);
#324=CIRCLE('',#3053,3.);
#325=CIRCLE('',#3058,32.5);
#326=CIRCLE('',#3059,32.5);
#327=CIRCLE('',#3061,3.);
#328=CIRCLE('',#3062,3.);
#329=CIRCLE('',#3065,15.);
#330=CIRCLE('',#3066,15.);
#331=CIRCLE('',#3069,3.);
#332=CIRCLE('',#3070,3.);
#333=CIRCLE('',#3072,4.);
#334=CIRCLE('',#3073,4.);
#335=CIRCLE('',#3075,32.5);
#336=CIRCLE('',#3076,32.5);
#337=CIRCLE('',#3078,4.);
#338=CIRCLE('',#3079,4.);
#339=CIRCLE('',#3082,15.);
#340=CIRCLE('',#3083,15.);
#341=CIRCLE('',#3086,4.);
#342=CIRCLE('',#3087,4.);
#343=CIRCLE('',#3089,32.5);
#344=CIRCLE('',#3090,32.5);
#345=CIRCLE('',#3092,3.99999999999999);
#346=CIRCLE('',#3093,3.99999999999999);
#347=CIRCLE('',#3096,15.);
#348=CIRCLE('',#3097,15.);
#349=CIRCLE('',#3100,32.5);
#350=CIRCLE('',#3101,32.5);
#351=CIRCLE('',#3103,4.);
#352=CIRCLE('',#3104,4.);
#353=CIRCLE('',#3107,15.);
#354=CIRCLE('',#3108,15.);
#355=CIRCLE('',#3111,4.);
#356=CIRCLE('',#3112,4.);
#357=CIRCLE('',#3114,40.);
#358=CIRCLE('',#3116,40.);
#359=SPHERICAL_SURFACE('',#2802,5.);
#360=SHAPE_REPRESENTATION_RELATIONSHIP('SRR','None',#4816,#364);
#361=SHAPE_REPRESENTATION_RELATIONSHIP('SRR','None',#4817,#365);
#362=SHAPE_REPRESENTATION_RELATIONSHIP('SRR','None',#4818,#366);
#363=SHAPE_REPRESENTATION_RELATIONSHIP('SRR','None',#4819,#367);
#364=ADVANCED_BREP_SHAPE_REPRESENTATION('',(#381),#4788);
#365=ADVANCED_BREP_SHAPE_REPRESENTATION('',(#382),#4789);
#366=ADVANCED_BREP_SHAPE_REPRESENTATION('',(#383,#384,#385,#386,#387,#388,
#389,#390,#391,#392),#4790);
#367=ADVANCED_BREP_SHAPE_REPRESENTATION('',(#393),#4791);
#368=STYLED_ITEM('',(#4845),#381);
#369=STYLED_ITEM('',(#4846),#382);
#370=STYLED_ITEM('',(#4844),#383);
#371=STYLED_ITEM('',(#4844),#384);
#372=STYLED_ITEM('',(#4847),#385);
#373=STYLED_ITEM('',(#4848),#386);
#374=STYLED_ITEM('',(#4848),#387);
#375=STYLED_ITEM('',(#4849),#388);
#376=STYLED_ITEM('',(#4848),#389);
#377=STYLED_ITEM('',(#4848),#390);
#378=STYLED_ITEM('',(#4848),#391);
#379=STYLED_ITEM('',(#4848),#392);
#380=STYLED_ITEM('',(#4850),#393);
#381=MANIFOLD_SOLID_BREP('\X2\30DC30C730A3\X0\1',#2732);
#382=MANIFOLD_SOLID_BREP('\X2\30DC30C730A3\X0\1',#2733);
#383=MANIFOLD_SOLID_BREP('\X2\30DC30C730A3\X0\1',#2734);
#384=MANIFOLD_SOLID_BREP('\X2\30DC30C730A3\X0\2',#2735);
#385=MANIFOLD_SOLID_BREP('\X2\30DC30C730A3\X0\3',#2736);
#386=MANIFOLD_SOLID_BREP('\X2\30DC30C730A3\X0\4',#2737);
#387=MANIFOLD_SOLID_BREP('\X2\30DC30C730A3\X0\5',#2738);
#388=MANIFOLD_SOLID_BREP('\X2\30DC30C730A3\X0\6',#2739);
#389=MANIFOLD_SOLID_BREP('\X2\30DC30C730A3\X0\7',#2740);
#390=MANIFOLD_SOLID_BREP('\X2\30DC30C730A3\X0\8',#2741);
#391=MANIFOLD_SOLID_BREP('\X2\30DC30C730A3\X0\9',#2742);
#392=MANIFOLD_SOLID_BREP('\X2\30DC30C730A3\X0\10',#2743);
#393=MANIFOLD_SOLID_BREP('\X2\30DC30C730A3\X0\1',#2744);
#394=FACE_OUTER_BOUND('',#545,.T.);
#395=FACE_OUTER_BOUND('',#546,.T.);
#396=FACE_OUTER_BOUND('',#547,.T.);
#397=FACE_OUTER_BOUND('',#548,.T.);
#398=FACE_OUTER_BOUND('',#549,.T.);
#399=FACE_OUTER_BOUND('',#550,.T.);
#400=FACE_OUTER_BOUND('',#551,.T.);
#401=FACE_OUTER_BOUND('',#552,.T.);
#402=FACE_OUTER_BOUND('',#553,.T.);
#403=FACE_OUTER_BOUND('',#554,.T.);
#404=FACE_OUTER_BOUND('',#555,.T.);
#405=FACE_OUTER_BOUND('',#556,.T.);
#406=FACE_OUTER_BOUND('',#557,.T.);
#407=FACE_OUTER_BOUND('',#558,.T.);
#408=FACE_OUTER_BOUND('',#559,.T.);
#409=FACE_OUTER_BOUND('',#561,.T.);
#410=FACE_OUTER_BOUND('',#562,.T.);
#411=FACE_OUTER_BOUND('',#563,.T.);
#412=FACE_OUTER_BOUND('',#564,.T.);
#413=FACE_OUTER_BOUND('',#565,.T.);
#414=FACE_OUTER_BOUND('',#567,.T.);
#415=FACE_OUTER_BOUND('',#569,.T.);
#416=FACE_OUTER_BOUND('',#571,.T.);
#417=FACE_OUTER_BOUND('',#572,.T.);
#418=FACE_OUTER_BOUND('',#574,.T.);
#419=FACE_OUTER_BOUND('',#576,.T.);
#420=FACE_OUTER_BOUND('',#577,.T.);
#421=FACE_OUTER_BOUND('',#578,.T.);
#422=FACE_OUTER_BOUND('',#579,.T.);
#423=FACE_OUTER_BOUND('',#580,.T.);
#424=FACE_OUTER_BOUND('',#581,.T.);
#425=FACE_OUTER_BOUND('',#582,.T.);
#426=FACE_OUTER_BOUND('',#583,.T.);
#427=FACE_OUTER_BOUND('',#584,.T.);
#428=FACE_OUTER_BOUND('',#585,.T.);
#429=FACE_OUTER_BOUND('',#586,.T.);
#430=FACE_OUTER_BOUND('',#587,.T.);
#431=FACE_OUTER_BOUND('',#588,.T.);
#432=FACE_OUTER_BOUND('',#589,.T.);
#433=FACE_OUTER_BOUND('',#590,.T.);
#434=FACE_OUTER_BOUND('',#591,.T.);
#435=FACE_OUTER_BOUND('',#592,.T.);
#436=FACE_OUTER_BOUND('',#593,.T.);
#437=FACE_OUTER_BOUND('',#594,.T.);
#438=FACE_OUTER_BOUND('',#595,.T.);
#439=FACE_OUTER_BOUND('',#596,.T.);
#440=FACE_OUTER_BOUND('',#597,.T.);
#441=FACE_OUTER_BOUND('',#598,.T.);
#442=FACE_OUTER_BOUND('',#599,.T.);
#443=FACE_OUTER_BOUND('',#600,.T.);
#444=FACE_OUTER_BOUND('',#601,.T.);
#445=FACE_OUTER_BOUND('',#602,.T.);
#446=FACE_OUTER_BOUND('',#603,.T.);
#447=FACE_OUTER_BOUND('',#604,.T.);
#448=FACE_OUTER_BOUND('',#605,.T.);
#449=FACE_OUTER_BOUND('',#606,.T.);
#450=FACE_OUTER_BOUND('',#607,.T.);
#451=FACE_OUTER_BOUND('',#608,.T.);
#452=FACE_OUTER_BOUND('',#609,.T.);
#453=FACE_OUTER_BOUND('',#610,.T.);
#454=FACE_OUTER_BOUND('',#611,.T.);
#455=FACE_OUTER_BOUND('',#612,.T.);
#456=FACE_OUTER_BOUND('',#613,.T.);
#457=FACE_OUTER_BOUND('',#614,.T.);
#458=FACE_OUTER_BOUND('',#615,.T.);
#459=FACE_OUTER_BOUND('',#623,.T.);
#460=FACE_OUTER_BOUND('',#631,.T.);
#461=FACE_OUTER_BOUND('',#632,.T.);
#462=FACE_OUTER_BOUND('',#633,.T.);
#463=FACE_OUTER_BOUND('',#635,.T.);
#464=FACE_OUTER_BOUND('',#637,.T.);
#465=FACE_OUTER_BOUND('',#638,.T.);
#466=FACE_OUTER_BOUND('',#639,.T.);
#467=FACE_OUTER_BOUND('',#641,.T.);
#468=FACE_OUTER_BOUND('',#643,.T.);
#469=FACE_OUTER_BOUND('',#644,.T.);
#470=FACE_OUTER_BOUND('',#645,.T.);
#471=FACE_OUTER_BOUND('',#646,.T.);
#472=FACE_OUTER_BOUND('',#647,.T.);
#473=FACE_OUTER_BOUND('',#648,.T.);
#474=FACE_OUTER_BOUND('',#649,.T.);
#475=FACE_OUTER_BOUND('',#650,.T.);
#476=FACE_OUTER_BOUND('',#651,.T.);
#477=FACE_OUTER_BOUND('',#652,.T.);
#478=FACE_OUTER_BOUND('',#653,.T.);
#479=FACE_OUTER_BOUND('',#654,.T.);
#480=FACE_OUTER_BOUND('',#655,.T.);
#481=FACE_OUTER_BOUND('',#656,.T.);
#482=FACE_OUTER_BOUND('',#657,.T.);
#483=FACE_OUTER_BOUND('',#658,.T.);
#484=FACE_OUTER_BOUND('',#659,.T.);
#485=FACE_OUTER_BOUND('',#660,.T.);
#486=FACE_OUTER_BOUND('',#661,.T.);
#487=FACE_OUTER_BOUND('',#662,.T.);
#488=FACE_OUTER_BOUND('',#663,.T.);
#489=FACE_OUTER_BOUND('',#664,.T.);
#490=FACE_OUTER_BOUND('',#665,.T.);
#491=FACE_OUTER_BOUND('',#666,.T.);
#492=FACE_OUTER_BOUND('',#667,.T.);
#493=FACE_OUTER_BOUND('',#668,.T.);
#494=FACE_OUTER_BOUND('',#669,.T.);
#495=FACE_OUTER_BOUND('',#670,.T.);
#496=FACE_OUTER_BOUND('',#671,.T.);
#497=FACE_OUTER_BOUND('',#672,.T.);
#498=FACE_OUTER_BOUND('',#673,.T.);
#499=FACE_OUTER_BOUND('',#674,.T.);
#500=FACE_OUTER_BOUND('',#675,.T.);
#501=FACE_OUTER_BOUND('',#685,.T.);
#502=FACE_OUTER_BOUND('',#695,.T.);
#503=FACE_OUTER_BOUND('',#696,.T.);
#504=FACE_OUTER_BOUND('',#697,.T.);
#505=FACE_OUTER_BOUND('',#699,.T.);
#506=FACE_OUTER_BOUND('',#701,.T.);
#507=FACE_OUTER_BOUND('',#702,.T.);
#508=FACE_OUTER_BOUND('',#703,.T.);
#509=FACE_OUTER_BOUND('',#705,.T.);
#510=FACE_OUTER_BOUND('',#707,.T.);
#511=FACE_OUTER_BOUND('',#708,.T.);
#512=FACE_OUTER_BOUND('',#709,.T.);
#513=FACE_OUTER_BOUND('',#711,.T.);
#514=FACE_OUTER_BOUND('',#713,.T.);
#515=FACE_OUTER_BOUND('',#714,.T.);
#516=FACE_OUTER_BOUND('',#715,.T.);
#517=FACE_OUTER_BOUND('',#717,.T.);
#518=FACE_OUTER_BOUND('',#719,.T.);
#519=FACE_OUTER_BOUND('',#720,.T.);
#520=FACE_OUTER_BOUND('',#721,.T.);
#521=FACE_OUTER_BOUND('',#722,.T.);
#522=FACE_OUTER_BOUND('',#723,.T.);
#523=FACE_OUTER_BOUND('',#724,.T.);
#524=FACE_OUTER_BOUND('',#725,.T.);
#525=FACE_OUTER_BOUND('',#726,.T.);
#526=FACE_OUTER_BOUND('',#727,.T.);
#527=FACE_OUTER_BOUND('',#728,.T.);
#528=FACE_OUTER_BOUND('',#729,.T.);
#529=FACE_OUTER_BOUND('',#730,.T.);
#530=FACE_OUTER_BOUND('',#731,.T.);
#531=FACE_OUTER_BOUND('',#732,.T.);
#532=FACE_OUTER_BOUND('',#733,.T.);
#533=FACE_OUTER_BOUND('',#734,.T.);
#534=FACE_OUTER_BOUND('',#735,.T.);
#535=FACE_OUTER_BOUND('',#736,.T.);
#536=FACE_OUTER_BOUND('',#737,.T.);
#537=FACE_OUTER_BOUND('',#738,.T.);
#538=FACE_OUTER_BOUND('',#739,.T.);
#539=FACE_OUTER_BOUND('',#740,.T.);
#540=FACE_OUTER_BOUND('',#741,.T.);
#541=FACE_OUTER_BOUND('',#742,.T.);
#542=FACE_OUTER_BOUND('',#743,.T.);
#543=FACE_OUTER_BOUND('',#748,.T.);
#544=FACE_OUTER_BOUND('',#749,.T.);
#545=EDGE_LOOP('',(#1773,#1774,#1775,#1776));
#546=EDGE_LOOP('',(#1777,#1778,#1779,#1780));
#547=EDGE_LOOP('',(#1781,#1782,#1783,#1784));
#548=EDGE_LOOP('',(#1785,#1786,#1787,#1788,#1789,#1790));
#549=EDGE_LOOP('',(#1791,#1792,#1793,#1794,#1795,#1796));
#550=EDGE_LOOP('',(#1797,#1798,#1799,#1800));
#551=EDGE_LOOP('',(#1801,#1802,#1803,#1804));
#552=EDGE_LOOP('',(#1805,#1806,#1807,#1808,#1809,#1810));
#553=EDGE_LOOP('',(#1811,#1812,#1813,#1814));
#554=EDGE_LOOP('',(#1815,#1816,#1817));
#555=EDGE_LOOP('',(#1818,#1819,#1820,#1821));
#556=EDGE_LOOP('',(#1822,#1823,#1824,#1825));
#557=EDGE_LOOP('',(#1826,#1827,#1828,#1829));
#558=EDGE_LOOP('',(#1830,#1831,#1832,#1833,#1834,#1835,#1836));
#559=EDGE_LOOP('',(#1837,#1838,#1839,#1840));
#560=EDGE_LOOP('',(#1841));
#561=EDGE_LOOP('',(#1842,#1843,#1844,#1845,#1846,#1847,#1848));
#562=EDGE_LOOP('',(#1849,#1850,#1851,#1852));
#563=EDGE_LOOP('',(#1853,#1854,#1855,#1856));
#564=EDGE_LOOP('',(#1857,#1858,#1859,#1860));
#565=EDGE_LOOP('',(#1861,#1862,#1863,#1864));
#566=EDGE_LOOP('',(#1865));
#567=EDGE_LOOP('',(#1866,#1867,#1868,#1869));
#568=EDGE_LOOP('',(#1870));
#569=EDGE_LOOP('',(#1871,#1872,#1873,#1874));
#570=EDGE_LOOP('',(#1875));
#571=EDGE_LOOP('',(#1876,#1877,#1878,#1879,#1880,#1881,#1882));
#572=EDGE_LOOP('',(#1883,#1884,#1885,#1886));
#573=EDGE_LOOP('',(#1887));
#574=EDGE_LOOP('',(#1888,#1889,#1890,#1891));
#575=EDGE_LOOP('',(#1892));
#576=EDGE_LOOP('',(#1893,#1894,#1895,#1896));
#577=EDGE_LOOP('',(#1897));
#578=EDGE_LOOP('',(#1898));
#579=EDGE_LOOP('',(#1899,#1900,#1901,#1902));
#580=EDGE_LOOP('',(#1903));
#581=EDGE_LOOP('',(#1904));
#582=EDGE_LOOP('',(#1905,#1906,#1907,#1908));
#583=EDGE_LOOP('',(#1909,#1910,#1911,#1912));
#584=EDGE_LOOP('',(#1913,#1914,#1915,#1916));
#585=EDGE_LOOP('',(#1917,#1918,#1919,#1920));
#586=EDGE_LOOP('',(#1921,#1922,#1923,#1924));
#587=EDGE_LOOP('',(#1925,#1926,#1927,#1928));
#588=EDGE_LOOP('',(#1929,#1930,#1931,#1932));
#589=EDGE_LOOP('',(#1933,#1934,#1935,#1936));
#590=EDGE_LOOP('',(#1937,#1938,#1939,#1940));
#591=EDGE_LOOP('',(#1941,#1942,#1943,#1944));
#592=EDGE_LOOP('',(#1945,#1946,#1947,#1948));
#593=EDGE_LOOP('',(#1949,#1950,#1951,#1952));
#594=EDGE_LOOP('',(#1953,#1954,#1955,#1956));
#595=EDGE_LOOP('',(#1957,#1958,#1959,#1960));
#596=EDGE_LOOP('',(#1961,#1962,#1963,#1964));
#597=EDGE_LOOP('',(#1965,#1966,#1967,#1968));
#598=EDGE_LOOP('',(#1969,#1970,#1971,#1972));
#599=EDGE_LOOP('',(#1973,#1974,#1975,#1976));
#600=EDGE_LOOP('',(#1977,#1978,#1979,#1980));
#601=EDGE_LOOP('',(#1981,#1982,#1983,#1984));
#602=EDGE_LOOP('',(#1985,#1986,#1987,#1988));
#603=EDGE_LOOP('',(#1989,#1990,#1991,#1992));
#604=EDGE_LOOP('',(#1993,#1994,#1995,#1996));
#605=EDGE_LOOP('',(#1997,#1998,#1999,#2000));
#606=EDGE_LOOP('',(#2001,#2002,#2003,#2004));
#607=EDGE_LOOP('',(#2005,#2006,#2007,#2008));
#608=EDGE_LOOP('',(#2009,#2010,#2011,#2012));
#609=EDGE_LOOP('',(#2013,#2014,#2015,#2016));
#610=EDGE_LOOP('',(#2017,#2018,#2019,#2020));
#611=EDGE_LOOP('',(#2021,#2022,#2023,#2024));
#612=EDGE_LOOP('',(#2025,#2026,#2027,#2028));
#613=EDGE_LOOP('',(#2029,#2030,#2031,#2032));
#614=EDGE_LOOP('',(#2033,#2034,#2035,#2036));
#615=EDGE_LOOP('',(#2037,#2038,#2039,#2040,#2041,#2042,#2043,#2044));
#616=EDGE_LOOP('',(#2045));
#617=EDGE_LOOP('',(#2046,#2047,#2048,#2049));
#618=EDGE_LOOP('',(#2050,#2051,#2052,#2053));
#619=EDGE_LOOP('',(#2054,#2055,#2056,#2057));
#620=EDGE_LOOP('',(#2058,#2059,#2060,#2061));
#621=EDGE_LOOP('',(#2062,#2063,#2064,#2065));
#622=EDGE_LOOP('',(#2066,#2067,#2068,#2069));
#623=EDGE_LOOP('',(#2070,#2071,#2072,#2073,#2074,#2075,#2076,#2077));
#624=EDGE_LOOP('',(#2078));
#625=EDGE_LOOP('',(#2079,#2080,#2081,#2082));
#626=EDGE_LOOP('',(#2083,#2084,#2085,#2086));
#627=EDGE_LOOP('',(#2087,#2088,#2089,#2090));
#628=EDGE_LOOP('',(#2091,#2092,#2093,#2094));
#629=EDGE_LOOP('',(#2095,#2096,#2097,#2098));
#630=EDGE_LOOP('',(#2099,#2100,#2101,#2102));
#631=EDGE_LOOP('',(#2103,#2104,#2105,#2106));
#632=EDGE_LOOP('',(#2107,#2108,#2109,#2110));
#633=EDGE_LOOP('',(#2111));
#634=EDGE_LOOP('',(#2112));
#635=EDGE_LOOP('',(#2113));
#636=EDGE_LOOP('',(#2114));
#637=EDGE_LOOP('',(#2115,#2116,#2117,#2118));
#638=EDGE_LOOP('',(#2119,#2120,#2121,#2122));
#639=EDGE_LOOP('',(#2123));
#640=EDGE_LOOP('',(#2124));
#641=EDGE_LOOP('',(#2125));
#642=EDGE_LOOP('',(#2126));
#643=EDGE_LOOP('',(#2127,#2128,#2129,#2130));
#644=EDGE_LOOP('',(#2131,#2132,#2133,#2134));
#645=EDGE_LOOP('',(#2135,#2136,#2137,#2138));
#646=EDGE_LOOP('',(#2139,#2140,#2141,#2142));
#647=EDGE_LOOP('',(#2143,#2144,#2145,#2146));
#648=EDGE_LOOP('',(#2147,#2148,#2149,#2150));
#649=EDGE_LOOP('',(#2151,#2152,#2153,#2154));
#650=EDGE_LOOP('',(#2155,#2156,#2157,#2158));
#651=EDGE_LOOP('',(#2159,#2160,#2161,#2162));
#652=EDGE_LOOP('',(#2163,#2164,#2165,#2166));
#653=EDGE_LOOP('',(#2167,#2168,#2169,#2170));
#654=EDGE_LOOP('',(#2171,#2172,#2173,#2174));
#655=EDGE_LOOP('',(#2175,#2176,#2177,#2178));
#656=EDGE_LOOP('',(#2179,#2180,#2181,#2182));
#657=EDGE_LOOP('',(#2183,#2184,#2185,#2186));
#658=EDGE_LOOP('',(#2187,#2188,#2189,#2190));
#659=EDGE_LOOP('',(#2191,#2192,#2193,#2194));
#660=EDGE_LOOP('',(#2195,#2196,#2197,#2198));
#661=EDGE_LOOP('',(#2199,#2200,#2201,#2202));
#662=EDGE_LOOP('',(#2203,#2204,#2205,#2206));
#663=EDGE_LOOP('',(#2207,#2208,#2209,#2210));
#664=EDGE_LOOP('',(#2211,#2212,#2213,#2214));
#665=EDGE_LOOP('',(#2215,#2216,#2217,#2218));
#666=EDGE_LOOP('',(#2219,#2220,#2221,#2222));
#667=EDGE_LOOP('',(#2223,#2224,#2225,#2226));
#668=EDGE_LOOP('',(#2227,#2228,#2229,#2230));
#669=EDGE_LOOP('',(#2231,#2232,#2233,#2234));
#670=EDGE_LOOP('',(#2235,#2236,#2237,#2238));
#671=EDGE_LOOP('',(#2239,#2240,#2241,#2242));
#672=EDGE_LOOP('',(#2243,#2244,#2245,#2246));
#673=EDGE_LOOP('',(#2247,#2248,#2249,#2250));
#674=EDGE_LOOP('',(#2251,#2252,#2253,#2254));
#675=EDGE_LOOP('',(#2255,#2256,#2257,#2258,#2259,#2260,#2261,#2262));
#676=EDGE_LOOP('',(#2263));
#677=EDGE_LOOP('',(#2264));
#678=EDGE_LOOP('',(#2265));
#679=EDGE_LOOP('',(#2266,#2267,#2268,#2269,#2270,#2271,#2272,#2273,#2274,
#2275,#2276,#2277,#2278,#2279,#2280,#2281));
#680=EDGE_LOOP('',(#2282));
#681=EDGE_LOOP('',(#2283));
#682=EDGE_LOOP('',(#2284));
#683=EDGE_LOOP('',(#2285));
#684=EDGE_LOOP('',(#2286));
#685=EDGE_LOOP('',(#2287,#2288,#2289,#2290,#2291,#2292,#2293,#2294));
#686=EDGE_LOOP('',(#2295));
#687=EDGE_LOOP('',(#2296));
#688=EDGE_LOOP('',(#2297));
#689=EDGE_LOOP('',(#2298,#2299,#2300,#2301,#2302,#2303,#2304,#2305,#2306,
#2307,#2308,#2309,#2310,#2311,#2312,#2313));
#690=EDGE_LOOP('',(#2314));
#691=EDGE_LOOP('',(#2315));
#692=EDGE_LOOP('',(#2316));
#693=EDGE_LOOP('',(#2317));
#694=EDGE_LOOP('',(#2318));
#695=EDGE_LOOP('',(#2319,#2320,#2321,#2322));
#696=EDGE_LOOP('',(#2323,#2324,#2325,#2326));
#697=EDGE_LOOP('',(#2327));
#698=EDGE_LOOP('',(#2328));
#699=EDGE_LOOP('',(#2329));
#700=EDGE_LOOP('',(#2330));
#701=EDGE_LOOP('',(#2331,#2332,#2333,#2334));
#702=EDGE_LOOP('',(#2335,#2336,#2337,#2338));
#703=EDGE_LOOP('',(#2339));
#704=EDGE_LOOP('',(#2340));
#705=EDGE_LOOP('',(#2341));
#706=EDGE_LOOP('',(#2342));
#707=EDGE_LOOP('',(#2343,#2344,#2345,#2346));
#708=EDGE_LOOP('',(#2347,#2348,#2349,#2350));
#709=EDGE_LOOP('',(#2351));
#710=EDGE_LOOP('',(#2352));
#711=EDGE_LOOP('',(#2353));
#712=EDGE_LOOP('',(#2354));
#713=EDGE_LOOP('',(#2355,#2356,#2357,#2358));
#714=EDGE_LOOP('',(#2359,#2360,#2361,#2362));
#715=EDGE_LOOP('',(#2363));
#716=EDGE_LOOP('',(#2364));
#717=EDGE_LOOP('',(#2365));
#718=EDGE_LOOP('',(#2366));
#719=EDGE_LOOP('',(#2367,#2368,#2369,#2370));
#720=EDGE_LOOP('',(#2371,#2372,#2373,#2374));
#721=EDGE_LOOP('',(#2375,#2376,#2377,#2378));
#722=EDGE_LOOP('',(#2379,#2380,#2381,#2382));
#723=EDGE_LOOP('',(#2383,#2384,#2385,#2386));
#724=EDGE_LOOP('',(#2387,#2388,#2389,#2390));
#725=EDGE_LOOP('',(#2391,#2392,#2393,#2394));
#726=EDGE_LOOP('',(#2395,#2396,#2397,#2398));
#727=EDGE_LOOP('',(#2399,#2400,#2401,#2402));
#728=EDGE_LOOP('',(#2403,#2404,#2405,#2406));
#729=EDGE_LOOP('',(#2407,#2408,#2409,#2410));
#730=EDGE_LOOP('',(#2411,#2412,#2413,#2414));
#731=EDGE_LOOP('',(#2415,#2416,#2417,#2418));
#732=EDGE_LOOP('',(#2419,#2420,#2421,#2422));
#733=EDGE_LOOP('',(#2423,#2424,#2425,#2426));
#734=EDGE_LOOP('',(#2427,#2428,#2429,#2430));
#735=EDGE_LOOP('',(#2431,#2432,#2433,#2434));
#736=EDGE_LOOP('',(#2435,#2436,#2437,#2438));
#737=EDGE_LOOP('',(#2439,#2440,#2441,#2442));
#738=EDGE_LOOP('',(#2443,#2444,#2445,#2446));
#739=EDGE_LOOP('',(#2447,#2448,#2449,#2450));
#740=EDGE_LOOP('',(#2451,#2452,#2453,#2454));
#741=EDGE_LOOP('',(#2455,#2456,#2457,#2458));
#742=EDGE_LOOP('',(#2459,#2460,#2461,#2462));
#743=EDGE_LOOP('',(#2463));
#744=EDGE_LOOP('',(#2464,#2465,#2466,#2467,#2468,#2469));
#745=EDGE_LOOP('',(#2470,#2471,#2472,#2473,#2474,#2475));
#746=EDGE_LOOP('',(#2476,#2477,#2478,#2479,#2480,#2481));
#747=EDGE_LOOP('',(#2482,#2483,#2484,#2485,#2486,#2487));
#748=EDGE_LOOP('',(#2488,#2489,#2490,#2491));
#749=EDGE_LOOP('',(#2492));
#750=EDGE_LOOP('',(#2493,#2494,#2495,#2496,#2497,#2498));
#751=EDGE_LOOP('',(#2499,#2500,#2501,#2502,#2503,#2504));
#752=EDGE_LOOP('',(#2505,#2506,#2507,#2508,#2509,#2510));
#753=EDGE_LOOP('',(#2511,#2512,#2513,#2514,#2515,#2516));
#754=LINE('',#4003,#954);
#755=LINE('',#4005,#955);
#756=LINE('',#4007,#956);
#757=LINE('',#4008,#957);
#758=LINE('',#4011,#958);
#759=LINE('',#4013,#959);
#760=LINE('',#4014,#960);
#761=LINE('',#4017,#961);
#762=LINE('',#4018,#962);
#763=LINE('',#4021,#963);
#764=LINE('',#4023,#964);
#765=LINE('',#4025,#965);
#766=LINE('',#4026,#966);
#767=LINE('',#4029,#967);
#768=LINE('',#4031,#968);
#769=LINE('',#4032,#969);
#770=LINE('',#4035,#970);
#771=LINE('',#4037,#971);
#772=LINE('',#4038,#972);
#773=LINE('',#4040,#973);
#774=LINE('',#4041,#974);
#775=LINE('',#4056,#975);
#776=LINE('',#4057,#976);
#777=LINE('',#4062,#977);
#778=LINE('',#4063,#978);
#779=LINE('',#4068,#979);
#780=LINE('',#4069,#980);
#781=LINE('',#4072,#981);
#782=LINE('',#4074,#982);
#783=LINE('',#4076,#983);
#784=LINE('',#4078,#984);
#785=LINE('',#4080,#985);
#786=LINE('',#4081,#986);
#787=LINE('',#4083,#987);
#788=LINE('',#4088,#988);
#789=LINE('',#4090,#989);
#790=LINE('',#4092,#990);
#791=LINE('',#4093,#991);
#792=LINE('',#4096,#992);
#793=LINE('',#4102,#993);
#794=LINE('',#4108,#994);
#795=LINE('',#4112,#995);
#796=LINE('',#4113,#996);
#797=LINE('',#4116,#997);
#798=LINE('',#4117,#998);
#799=LINE('',#4119,#999);
#800=LINE('',#4121,#1000);
#801=LINE('',#4122,#1001);
#802=LINE('',#4130,#1002);
#803=LINE('',#4138,#1003);
#804=LINE('',#4145,#1004);
#805=LINE('',#4147,#1005);
#806=LINE('',#4149,#1006);
#807=LINE('',#4150,#1007);
#808=LINE('',#4156,#1008);
#809=LINE('',#4159,#1009);
#810=LINE('',#4161,#1010);
#811=LINE('',#4162,#1011);
#812=LINE('',#4169,#1012);
#813=LINE('',#4171,#1013);
#814=LINE('',#4173,#1014);
#815=LINE('',#4174,#1015);
#816=LINE('',#4180,#1016);
#817=LINE('',#4183,#1017);
#818=LINE('',#4185,#1018);
#819=LINE('',#4186,#1019);
#820=LINE('',#4193,#1020);
#821=LINE('',#4195,#1021);
#822=LINE('',#4197,#1022);
#823=LINE('',#4198,#1023);
#824=LINE('',#4204,#1024);
#825=LINE('',#4207,#1025);
#826=LINE('',#4209,#1026);
#827=LINE('',#4210,#1027);
#828=LINE('',#4217,#1028);
#829=LINE('',#4219,#1029);
#830=LINE('',#4221,#1030);
#831=LINE('',#4222,#1031);
#832=LINE('',#4228,#1032);
#833=LINE('',#4231,#1033);
#834=LINE('',#4233,#1034);
#835=LINE('',#4234,#1035);
#836=LINE('',#4241,#1036);
#837=LINE('',#4243,#1037);
#838=LINE('',#4245,#1038);
#839=LINE('',#4246,#1039);
#840=LINE('',#4252,#1040);
#841=LINE('',#4255,#1041);
#842=LINE('',#4257,#1042);
#843=LINE('',#4258,#1043);
#844=LINE('',#4267,#1044);
#845=LINE('',#4270,#1045);
#846=LINE('',#4273,#1046);
#847=LINE('',#4275,#1047);
#848=LINE('',#4276,#1048);
#849=LINE('',#4282,#1049);
#850=LINE('',#4284,#1050);
#851=LINE('',#4285,#1051);
#852=LINE('',#4290,#1052);
#853=LINE('',#4297,#1053);
#854=LINE('',#4300,#1054);
#855=LINE('',#4306,#1055);
#856=LINE('',#4312,#1056);
#857=LINE('',#4318,#1057);
#858=LINE('',#4324,#1058);
#859=LINE('',#4330,#1059);
#860=LINE('',#4336,#1060);
#861=LINE('',#4346,#1061);
#862=LINE('',#4352,#1062);
#863=LINE('',#4360,#1063);
#864=LINE('',#4366,#1064);
#865=LINE('',#4374,#1065);
#866=LINE('',#4380,#1066);
#867=LINE('',#4386,#1067);
#868=LINE('',#4392,#1068);
#869=LINE('',#4398,#1069);
#870=LINE('',#4405,#1070);
#871=LINE('',#4408,#1071);
#872=LINE('',#4414,#1072);
#873=LINE('',#4420,#1073);
#874=LINE('',#4426,#1074);
#875=LINE('',#4432,#1075);
#876=LINE('',#4438,#1076);
#877=LINE('',#4444,#1077);
#878=LINE('',#4450,#1078);
#879=LINE('',#4456,#1079);
#880=LINE('',#4462,#1080);
#881=LINE('',#4468,#1081);
#882=LINE('',#4474,#1082);
#883=LINE('',#4480,#1083);
#884=LINE('',#4486,#1084);
#885=LINE('',#4492,#1085);
#886=LINE('',#4500,#1086);
#887=LINE('',#4506,#1087);
#888=LINE('',#4512,#1088);
#889=LINE('',#4517,#1089);
#890=LINE('',#4519,#1090);
#891=LINE('',#4521,#1091);
#892=LINE('',#4522,#1092);
#893=LINE('',#4528,#1093);
#894=LINE('',#4531,#1094);
#895=LINE('',#4533,#1095);
#896=LINE('',#4534,#1096);
#897=LINE('',#4540,#1097);
#898=LINE('',#4543,#1098);
#899=LINE('',#4545,#1099);
#900=LINE('',#4546,#1100);
#901=LINE('',#4552,#1101);
#902=LINE('',#4555,#1102);
#903=LINE('',#4557,#1103);
#904=LINE('',#4558,#1104);
#905=LINE('',#4568,#1105);
#906=LINE('',#4574,#1106);
#907=LINE('',#4582,#1107);
#908=LINE('',#4588,#1108);
#909=LINE('',#4596,#1109);
#910=LINE('',#4602,#1110);
#911=LINE('',#4610,#1111);
#912=LINE('',#4616,#1112);
#913=LINE('',#4626,#1113);
#914=LINE('',#4629,#1114);
#915=LINE('',#4634,#1115);
#916=LINE('',#4638,#1116);
#917=LINE('',#4640,#1117);
#918=LINE('',#4641,#1118);
#919=LINE('',#4646,#1119);
#920=LINE('',#4650,#1120);
#921=LINE('',#4652,#1121);
#922=LINE('',#4653,#1122);
#923=LINE('',#4662,#1123);
#924=LINE('',#4665,#1124);
#925=LINE('',#4670,#1125);
#926=LINE('',#4676,#1126);
#927=LINE('',#4680,#1127);
#928=LINE('',#4682,#1128);
#929=LINE('',#4683,#1129);
#930=LINE('',#4688,#1130);
#931=LINE('',#4691,#1131);
#932=LINE('',#4692,#1132);
#933=LINE('',#4698,#1133);
#934=LINE('',#4701,#1134);
#935=LINE('',#4706,#1135);
#936=LINE('',#4712,#1136);
#937=LINE('',#4716,#1137);
#938=LINE('',#4718,#1138);
#939=LINE('',#4719,#1139);
#940=LINE('',#4724,#1140);
#941=LINE('',#4727,#1141);
#942=LINE('',#4728,#1142);
#943=LINE('',#4734,#1143);
#944=LINE('',#4737,#1144);
#945=LINE('',#4742,#1145);
#946=LINE('',#4746,#1146);
#947=LINE('',#4748,#1147);
#948=LINE('',#4749,#1148);
#949=LINE('',#4754,#1149);
#950=LINE('',#4758,#1150);
#951=LINE('',#4760,#1151);
#952=LINE('',#4761,#1152);
#953=LINE('',#4770,#1153);
#954=VECTOR('',#3132,10.);
#955=VECTOR('',#3133,10.);
#956=VECTOR('',#3134,10.);
#957=VECTOR('',#3135,10.);
#958=VECTOR('',#3138,10.);
#959=VECTOR('',#3139,10.);
#960=VECTOR('',#3140,10.);
#961=VECTOR('',#3143,10.);
#962=VECTOR('',#3144,10.);
#963=VECTOR('',#3147,10.);
#964=VECTOR('',#3148,10.);
#965=VECTOR('',#3149,10.);
#966=VECTOR('',#3150,10.);
#967=VECTOR('',#3153,10.);
#968=VECTOR('',#3154,10.);
#969=VECTOR('',#3155,10.);
#970=VECTOR('',#3158,10.);
#971=VECTOR('',#3159,10.);
#972=VECTOR('',#3160,10.);
#973=VECTOR('',#3163,10.);
#974=VECTOR('',#3164,10.);
#975=VECTOR('',#3183,10.);
#976=VECTOR('',#3184,10.);
#977=VECTOR('',#3189,10.);
#978=VECTOR('',#3190,10.);
#979=VECTOR('',#3195,10.);
#980=VECTOR('',#3196,10.);
#981=VECTOR('',#3199,10.);
#982=VECTOR('',#3200,10.);
#983=VECTOR('',#3201,10.);
#984=VECTOR('',#3202,10.);
#985=VECTOR('',#3203,10.);
#986=VECTOR('',#3204,10.);
#987=VECTOR('',#3207,10.);
#988=VECTOR('',#3212,10.);
#989=VECTOR('',#3213,10.);
#990=VECTOR('',#3214,10.);
#991=VECTOR('',#3215,10.);
#992=VECTOR('',#3218,42.5);
#993=VECTOR('',#3225,42.5);
#994=VECTOR('',#3232,42.5);
#995=VECTOR('',#3237,10.);
#996=VECTOR('',#3238,10.);
#997=VECTOR('',#3241,10.);
#998=VECTOR('',#3242,10.);
#999=VECTOR('',#3245,10.);
#1000=VECTOR('',#3248,10.);
#1001=VECTOR('',#3249,10.);
#1002=VECTOR('',#3260,17.25);
#1003=VECTOR('',#3271,17.25);
#1004=VECTOR('',#3280,10.);
#1005=VECTOR('',#3281,10.);
#1006=VECTOR('',#3282,10.);
#1007=VECTOR('',#3283,10.);
#1008=VECTOR('',#3290,10.);
#1009=VECTOR('',#3293,10.);
#1010=VECTOR('',#3294,10.);
#1011=VECTOR('',#3295,10.);
#1012=VECTOR('',#3304,10.);
#1013=VECTOR('',#3305,10.);
#1014=VECTOR('',#3306,10.);
#1015=VECTOR('',#3307,10.);
#1016=VECTOR('',#3314,10.);
#1017=VECTOR('',#3317,10.);
#1018=VECTOR('',#3318,10.);
#1019=VECTOR('',#3319,10.);
#1020=VECTOR('',#3328,10.);
#1021=VECTOR('',#3329,10.);
#1022=VECTOR('',#3330,10.);
#1023=VECTOR('',#3331,10.);
#1024=VECTOR('',#3338,10.);
#1025=VECTOR('',#3341,10.);
#1026=VECTOR('',#3342,10.);
#1027=VECTOR('',#3343,10.);
#1028=VECTOR('',#3352,10.);
#1029=VECTOR('',#3353,10.);
#1030=VECTOR('',#3354,10.);
#1031=VECTOR('',#3355,10.);
#1032=VECTOR('',#3362,10.);
#1033=VECTOR('',#3365,10.);
#1034=VECTOR('',#3366,10.);
#1035=VECTOR('',#3367,10.);
#1036=VECTOR('',#3376,10.);
#1037=VECTOR('',#3377,10.);
#1038=VECTOR('',#3378,10.);
#1039=VECTOR('',#3379,10.);
#1040=VECTOR('',#3386,10.);
#1041=VECTOR('',#3389,10.);
#1042=VECTOR('',#3390,10.);
#1043=VECTOR('',#3391,10.);
#1044=VECTOR('',#3402,10.);
#1045=VECTOR('',#3405,10.);
#1046=VECTOR('',#3408,10.);
#1047=VECTOR('',#3409,10.);
#1048=VECTOR('',#3410,10.);
#1049=VECTOR('',#3417,10.);
#1050=VECTOR('',#3420,10.);
#1051=VECTOR('',#3421,10.);
#1052=VECTOR('',#3426,1.5);
#1053=VECTOR('',#3433,10.);
#1054=VECTOR('',#3436,10.);
#1055=VECTOR('',#3443,10.);
#1056=VECTOR('',#3450,10.);
#1057=VECTOR('',#3457,10.);
#1058=VECTOR('',#3464,10.);
#1059=VECTOR('',#3471,10.);
#1060=VECTOR('',#3478,10.);
#1061=VECTOR('',#3493,1.5);
#1062=VECTOR('',#3500,3.);
#1063=VECTOR('',#3511,1.5);
#1064=VECTOR('',#3518,3.);
#1065=VECTOR('',#3529,1.54999999999999);
#1066=VECTOR('',#3536,1.5);
#1067=VECTOR('',#3543,1.5);
#1068=VECTOR('',#3550,1.55);
#1069=VECTOR('',#3557,1.55);
#1070=VECTOR('',#3564,10.);
#1071=VECTOR('',#3567,10.);
#1072=VECTOR('',#3574,10.);
#1073=VECTOR('',#3581,10.);
#1074=VECTOR('',#3588,10.);
#1075=VECTOR('',#3595,10.);
#1076=VECTOR('',#3602,10.);
#1077=VECTOR('',#3609,10.);
#1078=VECTOR('',#3616,10.);
#1079=VECTOR('',#3623,10.);
#1080=VECTOR('',#3630,10.);
#1081=VECTOR('',#3637,10.);
#1082=VECTOR('',#3644,10.);
#1083=VECTOR('',#3651,10.);
#1084=VECTOR('',#3658,10.);
#1085=VECTOR('',#3665,10.);
#1086=VECTOR('',#3676,1.5);
#1087=VECTOR('',#3683,1.55);
#1088=VECTOR('',#3690,1.5);
#1089=VECTOR('',#3695,10.);
#1090=VECTOR('',#3696,10.);
#1091=VECTOR('',#3697,10.);
#1092=VECTOR('',#3698,10.);
#1093=VECTOR('',#3705,10.);
#1094=VECTOR('',#3708,10.);
#1095=VECTOR('',#3709,10.);
#1096=VECTOR('',#3710,10.);
#1097=VECTOR('',#3717,10.);
#1098=VECTOR('',#3720,10.);
#1099=VECTOR('',#3721,10.);
#1100=VECTOR('',#3722,10.);
#1101=VECTOR('',#3729,10.);
#1102=VECTOR('',#3732,10.);
#1103=VECTOR('',#3733,10.);
#1104=VECTOR('',#3734,10.);
#1105=VECTOR('',#3749,1.5);
#1106=VECTOR('',#3756,3.);
#1107=VECTOR('',#3767,1.5);
#1108=VECTOR('',#3774,3.);
#1109=VECTOR('',#3785,1.5);
#1110=VECTOR('',#3792,3.);
#1111=VECTOR('',#3803,1.5);
#1112=VECTOR('',#3810,3.);
#1113=VECTOR('',#3823,10.);
#1114=VECTOR('',#3826,10.);
#1115=VECTOR('',#3831,10.);
#1116=VECTOR('',#3836,10.);
#1117=VECTOR('',#3837,10.);
#1118=VECTOR('',#3838,10.);
#1119=VECTOR('',#3843,10.);
#1120=VECTOR('',#3848,10.);
#1121=VECTOR('',#3849,10.);
#1122=VECTOR('',#3850,10.);
#1123=VECTOR('',#3861,10.);
#1124=VECTOR('',#3864,10.);
#1125=VECTOR('',#3869,10.);
#1126=VECTOR('',#3876,10.);
#1127=VECTOR('',#3881,10.);
#1128=VECTOR('',#3882,10.);
#1129=VECTOR('',#3883,10.);
#1130=VECTOR('',#3888,10.);
#1131=VECTOR('',#3893,10.);
#1132=VECTOR('',#3894,10.);
#1133=VECTOR('',#3899,10.);
#1134=VECTOR('',#3902,10.);
#1135=VECTOR('',#3907,10.);
#1136=VECTOR('',#3914,10.);
#1137=VECTOR('',#3919,10.);
#1138=VECTOR('',#3920,10.);
#1139=VECTOR('',#3921,10.);
#1140=VECTOR('',#3926,10.);
#1141=VECTOR('',#3931,10.);
#1142=VECTOR('',#3932,10.);
#1143=VECTOR('',#3937,10.);
#1144=VECTOR('',#3940,10.);
#1145=VECTOR('',#3945,10.);
#1146=VECTOR('',#3950,10.);
#1147=VECTOR('',#3951,10.);
#1148=VECTOR('',#3952,10.);
#1149=VECTOR('',#3957,10.);
#1150=VECTOR('',#3962,10.);
#1151=VECTOR('',#3963,10.);
#1152=VECTOR('',#3964,10.);
#1153=VECTOR('',#3977,40.);
#1154=VERTEX_POINT('',#4001);
#1155=VERTEX_POINT('',#4002);
#1156=VERTEX_POINT('',#4004);
#1157=VERTEX_POINT('',#4006);
#1158=VERTEX_POINT('',#4010);
#1159=VERTEX_POINT('',#4012);
#1160=VERTEX_POINT('',#4016);
#1161=VERTEX_POINT('',#4020);
#1162=VERTEX_POINT('',#4022);
#1163=VERTEX_POINT('',#4024);
#1164=VERTEX_POINT('',#4028);
#1165=VERTEX_POINT('',#4030);
#1166=VERTEX_POINT('',#4034);
#1167=VERTEX_POINT('',#4036);
#1168=VERTEX_POINT('',#4046);
#1169=VERTEX_POINT('',#4047);
#1170=VERTEX_POINT('',#4049);
#1171=VERTEX_POINT('',#4053);
#1172=VERTEX_POINT('',#4054);
#1173=VERTEX_POINT('',#4059);
#1174=VERTEX_POINT('',#4060);
#1175=VERTEX_POINT('',#4065);
#1176=VERTEX_POINT('',#4066);
#1177=VERTEX_POINT('',#4071);
#1178=VERTEX_POINT('',#4073);
#1179=VERTEX_POINT('',#4075);
#1180=VERTEX_POINT('',#4077);
#1181=VERTEX_POINT('',#4079);
#1182=VERTEX_POINT('',#4084);
#1183=VERTEX_POINT('',#4087);
#1184=VERTEX_POINT('',#4089);
#1185=VERTEX_POINT('',#4091);
#1186=VERTEX_POINT('',#4095);
#1187=VERTEX_POINT('',#4099);
#1188=VERTEX_POINT('',#4101);
#1189=VERTEX_POINT('',#4105);
#1190=VERTEX_POINT('',#4107);
#1191=VERTEX_POINT('',#4111);
#1192=VERTEX_POINT('',#4115);
#1193=VERTEX_POINT('',#4127);
#1194=VERTEX_POINT('',#4129);
#1195=VERTEX_POINT('',#4135);
#1196=VERTEX_POINT('',#4137);
#1197=VERTEX_POINT('',#4143);
#1198=VERTEX_POINT('',#4144);
#1199=VERTEX_POINT('',#4146);
#1200=VERTEX_POINT('',#4148);
#1201=VERTEX_POINT('',#4152);
#1202=VERTEX_POINT('',#4154);
#1203=VERTEX_POINT('',#4158);
#1204=VERTEX_POINT('',#4160);
#1205=VERTEX_POINT('',#4167);
#1206=VERTEX_POINT('',#4168);
#1207=VERTEX_POINT('',#4170);
#1208=VERTEX_POINT('',#4172);
#1209=VERTEX_POINT('',#4176);
#1210=VERTEX_POINT('',#4178);
#1211=VERTEX_POINT('',#4182);
#1212=VERTEX_POINT('',#4184);
#1213=VERTEX_POINT('',#4191);
#1214=VERTEX_POINT('',#4192);
#1215=VERTEX_POINT('',#4194);
#1216=VERTEX_POINT('',#4196);
#1217=VERTEX_POINT('',#4200);
#1218=VERTEX_POINT('',#4202);
#1219=VERTEX_POINT('',#4206);
#1220=VERTEX_POINT('',#4208);
#1221=VERTEX_POINT('',#4215);
#1222=VERTEX_POINT('',#4216);
#1223=VERTEX_POINT('',#4218);
#1224=VERTEX_POINT('',#4220);
#1225=VERTEX_POINT('',#4224);
#1226=VERTEX_POINT('',#4226);
#1227=VERTEX_POINT('',#4230);
#1228=VERTEX_POINT('',#4232);
#1229=VERTEX_POINT('',#4239);
#1230=VERTEX_POINT('',#4240);
#1231=VERTEX_POINT('',#4242);
#1232=VERTEX_POINT('',#4244);
#1233=VERTEX_POINT('',#4248);
#1234=VERTEX_POINT('',#4250);
#1235=VERTEX_POINT('',#4254);
#1236=VERTEX_POINT('',#4256);
#1237=VERTEX_POINT('',#4263);
#1238=VERTEX_POINT('',#4264);
#1239=VERTEX_POINT('',#4266);
#1240=VERTEX_POINT('',#4268);
#1241=VERTEX_POINT('',#4272);
#1242=VERTEX_POINT('',#4274);
#1243=VERTEX_POINT('',#4278);
#1244=VERTEX_POINT('',#4280);
#1245=VERTEX_POINT('',#4287);
#1246=VERTEX_POINT('',#4289);
#1247=VERTEX_POINT('',#4293);
#1248=VERTEX_POINT('',#4294);
#1249=VERTEX_POINT('',#4296);
#1250=VERTEX_POINT('',#4298);
#1251=VERTEX_POINT('',#4302);
#1252=VERTEX_POINT('',#4304);
#1253=VERTEX_POINT('',#4308);
#1254=VERTEX_POINT('',#4310);
#1255=VERTEX_POINT('',#4314);
#1256=VERTEX_POINT('',#4316);
#1257=VERTEX_POINT('',#4320);
#1258=VERTEX_POINT('',#4322);
#1259=VERTEX_POINT('',#4326);
#1260=VERTEX_POINT('',#4328);
#1261=VERTEX_POINT('',#4332);
#1262=VERTEX_POINT('',#4334);
#1263=VERTEX_POINT('',#4343);
#1264=VERTEX_POINT('',#4345);
#1265=VERTEX_POINT('',#4349);
#1266=VERTEX_POINT('',#4351);
#1267=VERTEX_POINT('',#4357);
#1268=VERTEX_POINT('',#4359);
#1269=VERTEX_POINT('',#4363);
#1270=VERTEX_POINT('',#4365);
#1271=VERTEX_POINT('',#4371);
#1272=VERTEX_POINT('',#4373);
#1273=VERTEX_POINT('',#4377);
#1274=VERTEX_POINT('',#4379);
#1275=VERTEX_POINT('',#4383);
#1276=VERTEX_POINT('',#4385);
#1277=VERTEX_POINT('',#4389);
#1278=VERTEX_POINT('',#4391);
#1279=VERTEX_POINT('',#4395);
#1280=VERTEX_POINT('',#4397);
#1281=VERTEX_POINT('',#4401);
#1282=VERTEX_POINT('',#4402);
#1283=VERTEX_POINT('',#4404);
#1284=VERTEX_POINT('',#4406);
#1285=VERTEX_POINT('',#4410);
#1286=VERTEX_POINT('',#4412);
#1287=VERTEX_POINT('',#4416);
#1288=VERTEX_POINT('',#4418);
#1289=VERTEX_POINT('',#4422);
#1290=VERTEX_POINT('',#4424);
#1291=VERTEX_POINT('',#4428);
#1292=VERTEX_POINT('',#4430);
#1293=VERTEX_POINT('',#4434);
#1294=VERTEX_POINT('',#4436);
#1295=VERTEX_POINT('',#4440);
#1296=VERTEX_POINT('',#4442);
#1297=VERTEX_POINT('',#4446);
#1298=VERTEX_POINT('',#4448);
#1299=VERTEX_POINT('',#4452);
#1300=VERTEX_POINT('',#4454);
#1301=VERTEX_POINT('',#4458);
#1302=VERTEX_POINT('',#4460);
#1303=VERTEX_POINT('',#4464);
#1304=VERTEX_POINT('',#4466);
#1305=VERTEX_POINT('',#4470);
#1306=VERTEX_POINT('',#4472);
#1307=VERTEX_POINT('',#4476);
#1308=VERTEX_POINT('',#4478);
#1309=VERTEX_POINT('',#4482);
#1310=VERTEX_POINT('',#4484);
#1311=VERTEX_POINT('',#4488);
#1312=VERTEX_POINT('',#4490);
#1313=VERTEX_POINT('',#4497);
#1314=VERTEX_POINT('',#4499);
#1315=VERTEX_POINT('',#4503);
#1316=VERTEX_POINT('',#4505);
#1317=VERTEX_POINT('',#4509);
#1318=VERTEX_POINT('',#4511);
#1319=VERTEX_POINT('',#4515);
#1320=VERTEX_POINT('',#4516);
#1321=VERTEX_POINT('',#4518);
#1322=VERTEX_POINT('',#4520);
#1323=VERTEX_POINT('',#4524);
#1324=VERTEX_POINT('',#4526);
#1325=VERTEX_POINT('',#4530);
#1326=VERTEX_POINT('',#4532);
#1327=VERTEX_POINT('',#4536);
#1328=VERTEX_POINT('',#4538);
#1329=VERTEX_POINT('',#4542);
#1330=VERTEX_POINT('',#4544);
#1331=VERTEX_POINT('',#4548);
#1332=VERTEX_POINT('',#4550);
#1333=VERTEX_POINT('',#4554);
#1334=VERTEX_POINT('',#4556);
#1335=VERTEX_POINT('',#4565);
#1336=VERTEX_POINT('',#4567);
#1337=VERTEX_POINT('',#4571);
#1338=VERTEX_POINT('',#4573);
#1339=VERTEX_POINT('',#4579);
#1340=VERTEX_POINT('',#4581);
#1341=VERTEX_POINT('',#4585);
#1342=VERTEX_POINT('',#4587);
#1343=VERTEX_POINT('',#4593);
#1344=VERTEX_POINT('',#4595);
#1345=VERTEX_POINT('',#4599);
#1346=VERTEX_POINT('',#4601);
#1347=VERTEX_POINT('',#4607);
#1348=VERTEX_POINT('',#4609);
#1349=VERTEX_POINT('',#4613);
#1350=VERTEX_POINT('',#4615);
#1351=VERTEX_POINT('',#4622);
#1352=VERTEX_POINT('',#4623);
#1353=VERTEX_POINT('',#4625);
#1354=VERTEX_POINT('',#4627);
#1355=VERTEX_POINT('',#4631);
#1356=VERTEX_POINT('',#4633);
#1357=VERTEX_POINT('',#4637);
#1358=VERTEX_POINT('',#4639);
#1359=VERTEX_POINT('',#4643);
#1360=VERTEX_POINT('',#4645);
#1361=VERTEX_POINT('',#4649);
#1362=VERTEX_POINT('',#4651);
#1363=VERTEX_POINT('',#4658);
#1364=VERTEX_POINT('',#4659);
#1365=VERTEX_POINT('',#4661);
#1366=VERTEX_POINT('',#4663);
#1367=VERTEX_POINT('',#4667);
#1368=VERTEX_POINT('',#4669);
#1369=VERTEX_POINT('',#4673);
#1370=VERTEX_POINT('',#4675);
#1371=VERTEX_POINT('',#4679);
#1372=VERTEX_POINT('',#4681);
#1373=VERTEX_POINT('',#4685);
#1374=VERTEX_POINT('',#4687);
#1375=VERTEX_POINT('',#4694);
#1376=VERTEX_POINT('',#4695);
#1377=VERTEX_POINT('',#4697);
#1378=VERTEX_POINT('',#4699);
#1379=VERTEX_POINT('',#4703);
#1380=VERTEX_POINT('',#4705);
#1381=VERTEX_POINT('',#4709);
#1382=VERTEX_POINT('',#4711);
#1383=VERTEX_POINT('',#4715);
#1384=VERTEX_POINT('',#4717);
#1385=VERTEX_POINT('',#4721);
#1386=VERTEX_POINT('',#4723);
#1387=VERTEX_POINT('',#4730);
#1388=VERTEX_POINT('',#4731);
#1389=VERTEX_POINT('',#4733);
#1390=VERTEX_POINT('',#4735);
#1391=VERTEX_POINT('',#4739);
#1392=VERTEX_POINT('',#4741);
#1393=VERTEX_POINT('',#4745);
#1394=VERTEX_POINT('',#4747);
#1395=VERTEX_POINT('',#4751);
#1396=VERTEX_POINT('',#4753);
#1397=VERTEX_POINT('',#4757);
#1398=VERTEX_POINT('',#4759);
#1399=VERTEX_POINT('',#4766);
#1400=VERTEX_POINT('',#4769);
#1401=EDGE_CURVE('',#1154,#1155,#754,.F.);
#1402=EDGE_CURVE('',#1154,#1156,#755,.F.);
#1403=EDGE_CURVE('',#1157,#1156,#756,.T.);
#1404=EDGE_CURVE('',#1155,#1157,#757,.T.);
#1405=EDGE_CURVE('',#1158,#1154,#758,.F.);
#1406=EDGE_CURVE('',#1159,#1158,#759,.T.);
#1407=EDGE_CURVE('',#1156,#1159,#760,.T.);
#1408=EDGE_CURVE('',#1160,#1155,#761,.T.);
#1409=EDGE_CURVE('',#1158,#1160,#762,.T.);
#1410=EDGE_CURVE('',#1161,#1160,#763,.T.);
#1411=EDGE_CURVE('',#1161,#1162,#764,.T.);
#1412=EDGE_CURVE('',#1162,#1163,#765,.T.);
#1413=EDGE_CURVE('',#1159,#1163,#766,.T.);
#1414=EDGE_CURVE('',#1164,#1157,#767,.T.);
#1415=EDGE_CURVE('',#1165,#1164,#768,.T.);
#1416=EDGE_CURVE('',#1165,#1161,#769,.T.);
#1417=EDGE_CURVE('',#1166,#1165,#770,.T.);
#1418=EDGE_CURVE('',#1167,#1164,#771,.T.);
#1419=EDGE_CURVE('',#1166,#1167,#772,.T.);
#1420=EDGE_CURVE('',#1162,#1166,#773,.T.);
#1421=EDGE_CURVE('',#1163,#1167,#774,.T.);
#1422=EDGE_CURVE('',#1168,#1169,#187,.F.);
#1423=EDGE_CURVE('',#1170,#1168,#188,.F.);
#1424=EDGE_CURVE('',#1169,#1170,#189,.F.);
#1425=EDGE_CURVE('',#1171,#1172,#190,.T.);
#1426=EDGE_CURVE('',#1172,#1170,#775,.T.);
#1427=EDGE_CURVE('',#1168,#1171,#776,.T.);
#1428=EDGE_CURVE('',#1173,#1174,#191,.T.);
#1429=EDGE_CURVE('',#1174,#1169,#777,.T.);
#1430=EDGE_CURVE('',#1170,#1173,#778,.T.);
#1431=EDGE_CURVE('',#1175,#1176,#192,.T.);
#1432=EDGE_CURVE('',#1176,#1168,#779,.T.);
#1433=EDGE_CURVE('',#1169,#1175,#780,.T.);
#1434=EDGE_CURVE('',#1175,#1177,#781,.T.);
#1435=EDGE_CURVE('',#1177,#1178,#782,.T.);
#1436=EDGE_CURVE('',#1178,#1179,#783,.T.);
#1437=EDGE_CURVE('',#1179,#1180,#784,.T.);
#1438=EDGE_CURVE('',#1180,#1181,#785,.T.);
#1439=EDGE_CURVE('',#1181,#1176,#786,.T.);
#1440=EDGE_CURVE('',#1174,#1177,#787,.T.);
#1441=EDGE_CURVE('',#1182,#1182,#193,.T.);
#1442=EDGE_CURVE('',#1173,#1183,#788,.T.);
#1443=EDGE_CURVE('',#1183,#1184,#789,.T.);
#1444=EDGE_CURVE('',#1184,#1185,#790,.T.);
#1445=EDGE_CURVE('',#1185,#1178,#791,.T.);
#1446=EDGE_CURVE('',#1182,#1186,#792,.T.);
#1447=EDGE_CURVE('',#1186,#1186,#194,.T.);
#1448=EDGE_CURVE('',#1187,#1187,#195,.T.);
#1449=EDGE_CURVE('',#1187,#1188,#793,.T.);
#1450=EDGE_CURVE('',#1188,#1188,#196,.T.);
#1451=EDGE_CURVE('',#1189,#1189,#197,.T.);
#1452=EDGE_CURVE('',#1189,#1190,#794,.T.);
#1453=EDGE_CURVE('',#1190,#1190,#198,.T.);
#1454=EDGE_CURVE('',#1191,#1185,#795,.F.);
#1455=EDGE_CURVE('',#1191,#1179,#796,.F.);
#1456=EDGE_CURVE('',#1192,#1191,#797,.F.);
#1457=EDGE_CURVE('',#1180,#1192,#798,.T.);
#1458=EDGE_CURVE('',#1192,#1184,#799,.T.);
#1459=EDGE_CURVE('',#1171,#1181,#800,.T.);
#1460=EDGE_CURVE('',#1183,#1172,#801,.T.);
#1461=EDGE_CURVE('',#1193,#1193,#199,.T.);
#1462=EDGE_CURVE('',#1193,#1194,#802,.T.);
#1463=EDGE_CURVE('',#1194,#1194,#200,.T.);
#1464=EDGE_CURVE('',#1195,#1195,#201,.T.);
#1465=EDGE_CURVE('',#1195,#1196,#803,.T.);
#1466=EDGE_CURVE('',#1196,#1196,#202,.T.);
#1467=EDGE_CURVE('',#1197,#1198,#804,.T.);
#1468=EDGE_CURVE('',#1198,#1199,#805,.T.);
#1469=EDGE_CURVE('',#1200,#1199,#806,.T.);
#1470=EDGE_CURVE('',#1197,#1200,#807,.T.);
#1471=EDGE_CURVE('',#1201,#1197,#203,.T.);
#1472=EDGE_CURVE('',#1202,#1200,#204,.T.);
#1473=EDGE_CURVE('',#1201,#1202,#808,.T.);
#1474=EDGE_CURVE('',#1203,#1201,#809,.T.);
#1475=EDGE_CURVE('',#1204,#1202,#810,.T.);
#1476=EDGE_CURVE('',#1203,#1204,#811,.T.);
#1477=EDGE_CURVE('',#1198,#1203,#205,.T.);
#1478=EDGE_CURVE('',#1199,#1204,#206,.T.);
#1479=EDGE_CURVE('',#1205,#1206,#812,.T.);
#1480=EDGE_CURVE('',#1206,#1207,#813,.T.);
#1481=EDGE_CURVE('',#1208,#1207,#814,.T.);
#1482=EDGE_CURVE('',#1205,#1208,#815,.T.);
#1483=EDGE_CURVE('',#1209,#1205,#207,.T.);
#1484=EDGE_CURVE('',#1210,#1208,#208,.T.);
#1485=EDGE_CURVE('',#1209,#1210,#816,.T.);
#1486=EDGE_CURVE('',#1211,#1209,#817,.T.);
#1487=EDGE_CURVE('',#1212,#1210,#818,.T.);
#1488=EDGE_CURVE('',#1211,#1212,#819,.T.);
#1489=EDGE_CURVE('',#1206,#1211,#209,.T.);
#1490=EDGE_CURVE('',#1207,#1212,#210,.T.);
#1491=EDGE_CURVE('',#1213,#1214,#820,.T.);
#1492=EDGE_CURVE('',#1214,#1215,#821,.T.);
#1493=EDGE_CURVE('',#1216,#1215,#822,.T.);
#1494=EDGE_CURVE('',#1213,#1216,#823,.T.);
#1495=EDGE_CURVE('',#1217,#1213,#211,.T.);
#1496=EDGE_CURVE('',#1218,#1216,#212,.T.);
#1497=EDGE_CURVE('',#1217,#1218,#824,.T.);
#1498=EDGE_CURVE('',#1219,#1217,#825,.T.);
#1499=EDGE_CURVE('',#1220,#1218,#826,.T.);
#1500=EDGE_CURVE('',#1219,#1220,#827,.T.);
#1501=EDGE_CURVE('',#1214,#1219,#213,.T.);
#1502=EDGE_CURVE('',#1215,#1220,#214,.T.);
#1503=EDGE_CURVE('',#1221,#1222,#828,.T.);
#1504=EDGE_CURVE('',#1222,#1223,#829,.T.);
#1505=EDGE_CURVE('',#1224,#1223,#830,.T.);
#1506=EDGE_CURVE('',#1221,#1224,#831,.T.);
#1507=EDGE_CURVE('',#1225,#1221,#215,.T.);
#1508=EDGE_CURVE('',#1226,#1224,#216,.T.);
#1509=EDGE_CURVE('',#1225,#1226,#832,.T.);
#1510=EDGE_CURVE('',#1227,#1225,#833,.T.);
#1511=EDGE_CURVE('',#1228,#1226,#834,.T.);
#1512=EDGE_CURVE('',#1227,#1228,#835,.T.);
#1513=EDGE_CURVE('',#1222,#1227,#217,.T.);
#1514=EDGE_CURVE('',#1223,#1228,#218,.T.);
#1515=EDGE_CURVE('',#1229,#1230,#836,.T.);
#1516=EDGE_CURVE('',#1230,#1231,#837,.T.);
#1517=EDGE_CURVE('',#1232,#1231,#838,.T.);
#1518=EDGE_CURVE('',#1229,#1232,#839,.T.);
#1519=EDGE_CURVE('',#1233,#1229,#219,.T.);
#1520=EDGE_CURVE('',#1234,#1232,#220,.T.);
#1521=EDGE_CURVE('',#1233,#1234,#840,.T.);
#1522=EDGE_CURVE('',#1235,#1233,#841,.T.);
#1523=EDGE_CURVE('',#1236,#1234,#842,.T.);
#1524=EDGE_CURVE('',#1235,#1236,#843,.T.);
#1525=EDGE_CURVE('',#1230,#1235,#221,.T.);
#1526=EDGE_CURVE('',#1231,#1236,#222,.T.);
#1527=EDGE_CURVE('',#1237,#1238,#223,.T.);
#1528=EDGE_CURVE('',#1238,#1239,#844,.T.);
#1529=EDGE_CURVE('',#1240,#1239,#224,.T.);
#1530=EDGE_CURVE('',#1237,#1240,#845,.T.);
#1531=EDGE_CURVE('',#1241,#1237,#846,.T.);
#1532=EDGE_CURVE('',#1242,#1240,#847,.T.);
#1533=EDGE_CURVE('',#1241,#1242,#848,.T.);
#1534=EDGE_CURVE('',#1243,#1241,#225,.T.);
#1535=EDGE_CURVE('',#1244,#1242,#226,.T.);
#1536=EDGE_CURVE('',#1243,#1244,#849,.T.);
#1537=EDGE_CURVE('',#1238,#1243,#850,.T.);
#1538=EDGE_CURVE('',#1239,#1244,#851,.T.);
#1539=EDGE_CURVE('',#1245,#1245,#227,.T.);
#1540=EDGE_CURVE('',#1245,#1246,#852,.T.);
#1541=EDGE_CURVE('',#1246,#1246,#228,.T.);
#1542=EDGE_CURVE('',#1247,#1248,#229,.T.);
#1543=EDGE_CURVE('',#1247,#1249,#853,.T.);
#1544=EDGE_CURVE('',#1250,#1249,#230,.T.);
#1545=EDGE_CURVE('',#1248,#1250,#854,.T.);
#1546=EDGE_CURVE('',#1251,#1248,#231,.T.);
#1547=EDGE_CURVE('',#1252,#1250,#232,.T.);
#1548=EDGE_CURVE('',#1251,#1252,#855,.T.);
#1549=EDGE_CURVE('',#1251,#1253,#233,.T.);
#1550=EDGE_CURVE('',#1254,#1252,#234,.T.);
#1551=EDGE_CURVE('',#1253,#1254,#856,.T.);
#1552=EDGE_CURVE('',#1255,#1253,#235,.T.);
#1553=EDGE_CURVE('',#1256,#1254,#236,.T.);
#1554=EDGE_CURVE('',#1255,#1256,#857,.T.);
#1555=EDGE_CURVE('',#1255,#1257,#237,.T.);
#1556=EDGE_CURVE('',#1258,#1256,#238,.T.);
#1557=EDGE_CURVE('',#1257,#1258,#858,.T.);
#1558=EDGE_CURVE('',#1259,#1257,#239,.T.);
#1559=EDGE_CURVE('',#1260,#1258,#240,.T.);
#1560=EDGE_CURVE('',#1259,#1260,#859,.T.);
#1561=EDGE_CURVE('',#1259,#1261,#241,.T.);
#1562=EDGE_CURVE('',#1262,#1260,#242,.T.);
#1563=EDGE_CURVE('',#1261,#1262,#860,.T.);
#1564=EDGE_CURVE('',#1247,#1261,#243,.T.);
#1565=EDGE_CURVE('',#1249,#1262,#244,.T.);
#1566=EDGE_CURVE('',#1263,#1263,#245,.T.);
#1567=EDGE_CURVE('',#1263,#1264,#861,.T.);
#1568=EDGE_CURVE('',#1264,#1264,#246,.T.);
#1569=EDGE_CURVE('',#1265,#1265,#247,.T.);
#1570=EDGE_CURVE('',#1265,#1266,#862,.T.);
#1571=EDGE_CURVE('',#1266,#1266,#248,.T.);
#1572=EDGE_CURVE('',#1267,#1267,#249,.T.);
#1573=EDGE_CURVE('',#1267,#1268,#863,.T.);
#1574=EDGE_CURVE('',#1268,#1268,#250,.T.);
#1575=EDGE_CURVE('',#1269,#1269,#251,.T.);
#1576=EDGE_CURVE('',#1269,#1270,#864,.T.);
#1577=EDGE_CURVE('',#1270,#1270,#252,.T.);
#1578=EDGE_CURVE('',#1271,#1271,#253,.T.);
#1579=EDGE_CURVE('',#1271,#1272,#865,.T.);
#1580=EDGE_CURVE('',#1272,#1272,#254,.T.);
#1581=EDGE_CURVE('',#1273,#1273,#255,.T.);
#1582=EDGE_CURVE('',#1273,#1274,#866,.T.);
#1583=EDGE_CURVE('',#1274,#1274,#256,.T.);
#1584=EDGE_CURVE('',#1275,#1275,#257,.T.);
#1585=EDGE_CURVE('',#1275,#1276,#867,.T.);
#1586=EDGE_CURVE('',#1276,#1276,#258,.T.);
#1587=EDGE_CURVE('',#1277,#1277,#259,.T.);
#1588=EDGE_CURVE('',#1277,#1278,#868,.T.);
#1589=EDGE_CURVE('',#1278,#1278,#260,.T.);
#1590=EDGE_CURVE('',#1279,#1279,#261,.T.);
#1591=EDGE_CURVE('',#1279,#1280,#869,.T.);
#1592=EDGE_CURVE('',#1280,#1280,#262,.T.);
#1593=EDGE_CURVE('',#1281,#1282,#263,.T.);
#1594=EDGE_CURVE('',#1282,#1283,#870,.T.);
#1595=EDGE_CURVE('',#1284,#1283,#264,.T.);
#1596=EDGE_CURVE('',#1281,#1284,#871,.T.);
#1597=EDGE_CURVE('',#1285,#1281,#265,.T.);
#1598=EDGE_CURVE('',#1286,#1284,#266,.T.);
#1599=EDGE_CURVE('',#1285,#1286,#872,.T.);
#1600=EDGE_CURVE('',#1287,#1285,#267,.T.);
#1601=EDGE_CURVE('',#1288,#1286,#268,.T.);
#1602=EDGE_CURVE('',#1287,#1288,#873,.T.);
#1603=EDGE_CURVE('',#1289,#1287,#269,.T.);
#1604=EDGE_CURVE('',#1290,#1288,#270,.T.);
#1605=EDGE_CURVE('',#1289,#1290,#874,.T.);
#1606=EDGE_CURVE('',#1291,#1289,#271,.T.);
#1607=EDGE_CURVE('',#1292,#1290,#272,.T.);
#1608=EDGE_CURVE('',#1291,#1292,#875,.T.);
#1609=EDGE_CURVE('',#1293,#1291,#273,.T.);
#1610=EDGE_CURVE('',#1294,#1292,#274,.T.);
#1611=EDGE_CURVE('',#1293,#1294,#876,.T.);
#1612=EDGE_CURVE('',#1295,#1293,#275,.T.);
#1613=EDGE_CURVE('',#1296,#1294,#276,.T.);
#1614=EDGE_CURVE('',#1295,#1296,#877,.T.);
#1615=EDGE_CURVE('',#1297,#1295,#277,.T.);
#1616=EDGE_CURVE('',#1298,#1296,#278,.T.);
#1617=EDGE_CURVE('',#1297,#1298,#878,.T.);
#1618=EDGE_CURVE('',#1299,#1297,#279,.T.);
#1619=EDGE_CURVE('',#1300,#1298,#280,.T.);
#1620=EDGE_CURVE('',#1299,#1300,#879,.T.);
#1621=EDGE_CURVE('',#1301,#1299,#281,.T.);
#1622=EDGE_CURVE('',#1302,#1300,#282,.T.);
#1623=EDGE_CURVE('',#1301,#1302,#880,.T.);
#1624=EDGE_CURVE('',#1303,#1301,#283,.T.);
#1625=EDGE_CURVE('',#1304,#1302,#284,.T.);
#1626=EDGE_CURVE('',#1303,#1304,#881,.T.);
#1627=EDGE_CURVE('',#1305,#1303,#285,.T.);
#1628=EDGE_CURVE('',#1306,#1304,#286,.T.);
#1629=EDGE_CURVE('',#1305,#1306,#882,.T.);
#1630=EDGE_CURVE('',#1307,#1305,#287,.T.);
#1631=EDGE_CURVE('',#1308,#1306,#288,.T.);
#1632=EDGE_CURVE('',#1307,#1308,#883,.T.);
#1633=EDGE_CURVE('',#1309,#1307,#289,.T.);
#1634=EDGE_CURVE('',#1310,#1308,#290,.T.);
#1635=EDGE_CURVE('',#1309,#1310,#884,.T.);
#1636=EDGE_CURVE('',#1311,#1309,#291,.T.);
#1637=EDGE_CURVE('',#1312,#1310,#292,.T.);
#1638=EDGE_CURVE('',#1311,#1312,#885,.T.);
#1639=EDGE_CURVE('',#1282,#1311,#293,.T.);
#1640=EDGE_CURVE('',#1283,#1312,#294,.T.);
#1641=EDGE_CURVE('',#1313,#1313,#295,.T.);
#1642=EDGE_CURVE('',#1313,#1314,#886,.T.);
#1643=EDGE_CURVE('',#1314,#1314,#296,.T.);
#1644=EDGE_CURVE('',#1315,#1315,#297,.T.);
#1645=EDGE_CURVE('',#1315,#1316,#887,.T.);
#1646=EDGE_CURVE('',#1316,#1316,#298,.T.);
#1647=EDGE_CURVE('',#1317,#1317,#299,.T.);
#1648=EDGE_CURVE('',#1317,#1318,#888,.T.);
#1649=EDGE_CURVE('',#1318,#1318,#300,.T.);
#1650=EDGE_CURVE('',#1319,#1320,#889,.T.);
#1651=EDGE_CURVE('',#1320,#1321,#890,.T.);
#1652=EDGE_CURVE('',#1322,#1321,#891,.T.);
#1653=EDGE_CURVE('',#1319,#1322,#892,.T.);
#1654=EDGE_CURVE('',#1323,#1319,#301,.T.);
#1655=EDGE_CURVE('',#1324,#1322,#302,.T.);
#1656=EDGE_CURVE('',#1323,#1324,#893,.T.);
#1657=EDGE_CURVE('',#1325,#1323,#894,.T.);
#1658=EDGE_CURVE('',#1326,#1324,#895,.T.);
#1659=EDGE_CURVE('',#1325,#1326,#896,.T.);
#1660=EDGE_CURVE('',#1327,#1325,#303,.T.);
#1661=EDGE_CURVE('',#1328,#1326,#304,.T.);
#1662=EDGE_CURVE('',#1327,#1328,#897,.T.);
#1663=EDGE_CURVE('',#1329,#1327,#898,.T.);
#1664=EDGE_CURVE('',#1330,#1328,#899,.T.);
#1665=EDGE_CURVE('',#1329,#1330,#900,.T.);
#1666=EDGE_CURVE('',#1331,#1329,#305,.T.);
#1667=EDGE_CURVE('',#1332,#1330,#306,.T.);
#1668=EDGE_CURVE('',#1331,#1332,#901,.T.);
#1669=EDGE_CURVE('',#1333,#1331,#902,.T.);
#1670=EDGE_CURVE('',#1334,#1332,#903,.T.);
#1671=EDGE_CURVE('',#1333,#1334,#904,.T.);
#1672=EDGE_CURVE('',#1320,#1333,#307,.T.);
#1673=EDGE_CURVE('',#1321,#1334,#308,.T.);
#1674=EDGE_CURVE('',#1335,#1335,#309,.T.);
#1675=EDGE_CURVE('',#1335,#1336,#905,.T.);
#1676=EDGE_CURVE('',#1336,#1336,#310,.T.);
#1677=EDGE_CURVE('',#1337,#1337,#311,.T.);
#1678=EDGE_CURVE('',#1337,#1338,#906,.T.);
#1679=EDGE_CURVE('',#1338,#1338,#312,.T.);
#1680=EDGE_CURVE('',#1339,#1339,#313,.T.);
#1681=EDGE_CURVE('',#1339,#1340,#907,.T.);
#1682=EDGE_CURVE('',#1340,#1340,#314,.T.);
#1683=EDGE_CURVE('',#1341,#1341,#315,.T.);
#1684=EDGE_CURVE('',#1341,#1342,#908,.T.);
#1685=EDGE_CURVE('',#1342,#1342,#316,.T.);
#1686=EDGE_CURVE('',#1343,#1343,#317,.T.);
#1687=EDGE_CURVE('',#1343,#1344,#909,.T.);
#1688=EDGE_CURVE('',#1344,#1344,#318,.T.);
#1689=EDGE_CURVE('',#1345,#1345,#319,.T.);
#1690=EDGE_CURVE('',#1345,#1346,#910,.T.);
#1691=EDGE_CURVE('',#1346,#1346,#320,.T.);
#1692=EDGE_CURVE('',#1347,#1347,#321,.T.);
#1693=EDGE_CURVE('',#1347,#1348,#911,.T.);
#1694=EDGE_CURVE('',#1348,#1348,#322,.T.);
#1695=EDGE_CURVE('',#1349,#1349,#323,.T.);
#1696=EDGE_CURVE('',#1349,#1350,#912,.T.);
#1697=EDGE_CURVE('',#1350,#1350,#324,.T.);
#1698=EDGE_CURVE('',#1351,#1352,#325,.T.);
#1699=EDGE_CURVE('',#1351,#1353,#913,.T.);
#1700=EDGE_CURVE('',#1354,#1353,#326,.T.);
#1701=EDGE_CURVE('',#1352,#1354,#914,.T.);
#1702=EDGE_CURVE('',#1355,#1351,#327,.T.);
#1703=EDGE_CURVE('',#1355,#1356,#915,.T.);
#1704=EDGE_CURVE('',#1353,#1356,#328,.T.);
#1705=EDGE_CURVE('',#1357,#1355,#916,.T.);
#1706=EDGE_CURVE('',#1357,#1358,#917,.T.);
#1707=EDGE_CURVE('',#1356,#1358,#918,.T.);
#1708=EDGE_CURVE('',#1359,#1357,#329,.T.);
#1709=EDGE_CURVE('',#1359,#1360,#919,.T.);
#1710=EDGE_CURVE('',#1358,#1360,#330,.T.);
#1711=EDGE_CURVE('',#1361,#1359,#920,.T.);
#1712=EDGE_CURVE('',#1361,#1362,#921,.T.);
#1713=EDGE_CURVE('',#1360,#1362,#922,.T.);
#1714=EDGE_CURVE('',#1352,#1361,#331,.T.);
#1715=EDGE_CURVE('',#1362,#1354,#332,.T.);
#1716=EDGE_CURVE('',#1363,#1364,#333,.T.);
#1717=EDGE_CURVE('',#1363,#1365,#923,.T.);
#1718=EDGE_CURVE('',#1366,#1365,#334,.T.);
#1719=EDGE_CURVE('',#1364,#1366,#924,.T.);
#1720=EDGE_CURVE('',#1367,#1363,#335,.T.);
#1721=EDGE_CURVE('',#1367,#1368,#925,.T.);
#1722=EDGE_CURVE('',#1365,#1368,#336,.T.);
#1723=EDGE_CURVE('',#1369,#1367,#337,.T.);
#1724=EDGE_CURVE('',#1369,#1370,#926,.T.);
#1725=EDGE_CURVE('',#1368,#1370,#338,.T.);
#1726=EDGE_CURVE('',#1371,#1369,#927,.T.);
#1727=EDGE_CURVE('',#1371,#1372,#928,.T.);
#1728=EDGE_CURVE('',#1370,#1372,#929,.T.);
#1729=EDGE_CURVE('',#1373,#1371,#339,.T.);
#1730=EDGE_CURVE('',#1373,#1374,#930,.T.);
#1731=EDGE_CURVE('',#1372,#1374,#340,.T.);
#1732=EDGE_CURVE('',#1364,#1373,#931,.T.);
#1733=EDGE_CURVE('',#1374,#1366,#932,.T.);
#1734=EDGE_CURVE('',#1375,#1376,#341,.T.);
#1735=EDGE_CURVE('',#1375,#1377,#933,.T.);
#1736=EDGE_CURVE('',#1378,#1377,#342,.T.);
#1737=EDGE_CURVE('',#1376,#1378,#934,.T.);
#1738=EDGE_CURVE('',#1379,#1375,#343,.T.);
#1739=EDGE_CURVE('',#1379,#1380,#935,.T.);
#1740=EDGE_CURVE('',#1377,#1380,#344,.T.);
#1741=EDGE_CURVE('',#1381,#1379,#345,.T.);
#1742=EDGE_CURVE('',#1381,#1382,#936,.T.);
#1743=EDGE_CURVE('',#1380,#1382,#346,.T.);
#1744=EDGE_CURVE('',#1383,#1381,#937,.T.);
#1745=EDGE_CURVE('',#1383,#1384,#938,.T.);
#1746=EDGE_CURVE('',#1382,#1384,#939,.T.);
#1747=EDGE_CURVE('',#1385,#1383,#347,.T.);
#1748=EDGE_CURVE('',#1385,#1386,#940,.T.);
#1749=EDGE_CURVE('',#1384,#1386,#348,.T.);
#1750=EDGE_CURVE('',#1376,#1385,#941,.T.);
#1751=EDGE_CURVE('',#1386,#1378,#942,.T.);
#1752=EDGE_CURVE('',#1387,#1388,#349,.T.);
#1753=EDGE_CURVE('',#1387,#1389,#943,.T.);
#1754=EDGE_CURVE('',#1390,#1389,#350,.T.);
#1755=EDGE_CURVE('',#1388,#1390,#944,.T.);
#1756=EDGE_CURVE('',#1391,#1387,#351,.T.);
#1757=EDGE_CURVE('',#1391,#1392,#945,.T.);
#1758=EDGE_CURVE('',#1389,#1392,#352,.T.);
#1759=EDGE_CURVE('',#1393,#1391,#946,.T.);
#1760=EDGE_CURVE('',#1393,#1394,#947,.T.);
#1761=EDGE_CURVE('',#1392,#1394,#948,.T.);
#1762=EDGE_CURVE('',#1395,#1393,#353,.T.);
#1763=EDGE_CURVE('',#1395,#1396,#949,.T.);
#1764=EDGE_CURVE('',#1394,#1396,#354,.T.);
#1765=EDGE_CURVE('',#1397,#1395,#950,.T.);
#1766=EDGE_CURVE('',#1397,#1398,#951,.T.);
#1767=EDGE_CURVE('',#1396,#1398,#952,.T.);
#1768=EDGE_CURVE('',#1388,#1397,#355,.T.);
#1769=EDGE_CURVE('',#1398,#1390,#356,.T.);
#1770=EDGE_CURVE('',#1399,#1399,#357,.T.);
#1771=EDGE_CURVE('',#1399,#1400,#953,.T.);
#1772=EDGE_CURVE('',#1400,#1400,#358,.T.);
#1773=ORIENTED_EDGE('',*,*,#1401,.F.);
#1774=ORIENTED_EDGE('',*,*,#1402,.T.);
#1775=ORIENTED_EDGE('',*,*,#1403,.F.);
#1776=ORIENTED_EDGE('',*,*,#1404,.F.);
#1777=ORIENTED_EDGE('',*,*,#1405,.F.);
#1778=ORIENTED_EDGE('',*,*,#1406,.F.);
#1779=ORIENTED_EDGE('',*,*,#1407,.F.);
#1780=ORIENTED_EDGE('',*,*,#1402,.F.);
#1781=ORIENTED_EDGE('',*,*,#1408,.F.);
#1782=ORIENTED_EDGE('',*,*,#1409,.F.);
#1783=ORIENTED_EDGE('',*,*,#1405,.T.);
#1784=ORIENTED_EDGE('',*,*,#1401,.T.);
#1785=ORIENTED_EDGE('',*,*,#1406,.T.);
#1786=ORIENTED_EDGE('',*,*,#1409,.T.);
#1787=ORIENTED_EDGE('',*,*,#1410,.F.);
#1788=ORIENTED_EDGE('',*,*,#1411,.T.);
#1789=ORIENTED_EDGE('',*,*,#1412,.T.);
#1790=ORIENTED_EDGE('',*,*,#1413,.F.);
#1791=ORIENTED_EDGE('',*,*,#1408,.T.);
#1792=ORIENTED_EDGE('',*,*,#1404,.T.);
#1793=ORIENTED_EDGE('',*,*,#1414,.F.);
#1794=ORIENTED_EDGE('',*,*,#1415,.F.);
#1795=ORIENTED_EDGE('',*,*,#1416,.T.);
#1796=ORIENTED_EDGE('',*,*,#1410,.T.);
#1797=ORIENTED_EDGE('',*,*,#1417,.T.);
#1798=ORIENTED_EDGE('',*,*,#1415,.T.);
#1799=ORIENTED_EDGE('',*,*,#1418,.F.);
#1800=ORIENTED_EDGE('',*,*,#1419,.F.);
#1801=ORIENTED_EDGE('',*,*,#1420,.T.);
#1802=ORIENTED_EDGE('',*,*,#1419,.T.);
#1803=ORIENTED_EDGE('',*,*,#1421,.F.);
#1804=ORIENTED_EDGE('',*,*,#1412,.F.);
#1805=ORIENTED_EDGE('',*,*,#1407,.T.);
#1806=ORIENTED_EDGE('',*,*,#1413,.T.);
#1807=ORIENTED_EDGE('',*,*,#1421,.T.);
#1808=ORIENTED_EDGE('',*,*,#1418,.T.);
#1809=ORIENTED_EDGE('',*,*,#1414,.T.);
#1810=ORIENTED_EDGE('',*,*,#1403,.T.);
#1811=ORIENTED_EDGE('',*,*,#1416,.F.);
#1812=ORIENTED_EDGE('',*,*,#1417,.F.);
#1813=ORIENTED_EDGE('',*,*,#1420,.F.);
#1814=ORIENTED_EDGE('',*,*,#1411,.F.);
#1815=ORIENTED_EDGE('',*,*,#1422,.F.);
#1816=ORIENTED_EDGE('',*,*,#1423,.F.);
#1817=ORIENTED_EDGE('',*,*,#1424,.F.);
#1818=ORIENTED_EDGE('',*,*,#1425,.T.);
#1819=ORIENTED_EDGE('',*,*,#1426,.T.);
#1820=ORIENTED_EDGE('',*,*,#1423,.T.);
#1821=ORIENTED_EDGE('',*,*,#1427,.T.);
#1822=ORIENTED_EDGE('',*,*,#1428,.T.);
#1823=ORIENTED_EDGE('',*,*,#1429,.T.);
#1824=ORIENTED_EDGE('',*,*,#1424,.T.);
#1825=ORIENTED_EDGE('',*,*,#1430,.T.);
#1826=ORIENTED_EDGE('',*,*,#1431,.T.);
#1827=ORIENTED_EDGE('',*,*,#1432,.T.);
#1828=ORIENTED_EDGE('',*,*,#1422,.T.);
#1829=ORIENTED_EDGE('',*,*,#1433,.T.);
#1830=ORIENTED_EDGE('',*,*,#1431,.F.);
#1831=ORIENTED_EDGE('',*,*,#1434,.T.);
#1832=ORIENTED_EDGE('',*,*,#1435,.T.);
#1833=ORIENTED_EDGE('',*,*,#1436,.T.);
#1834=ORIENTED_EDGE('',*,*,#1437,.T.);
#1835=ORIENTED_EDGE('',*,*,#1438,.T.);
#1836=ORIENTED_EDGE('',*,*,#1439,.T.);
#1837=ORIENTED_EDGE('',*,*,#1433,.F.);
#1838=ORIENTED_EDGE('',*,*,#1429,.F.);
#1839=ORIENTED_EDGE('',*,*,#1440,.T.);
#1840=ORIENTED_EDGE('',*,*,#1434,.F.);
#1841=ORIENTED_EDGE('',*,*,#1441,.T.);
#1842=ORIENTED_EDGE('',*,*,#1428,.F.);
#1843=ORIENTED_EDGE('',*,*,#1442,.T.);
#1844=ORIENTED_EDGE('',*,*,#1443,.T.);
#1845=ORIENTED_EDGE('',*,*,#1444,.T.);
#1846=ORIENTED_EDGE('',*,*,#1445,.T.);
#1847=ORIENTED_EDGE('',*,*,#1435,.F.);
#1848=ORIENTED_EDGE('',*,*,#1440,.F.);
#1849=ORIENTED_EDGE('',*,*,#1441,.F.);
#1850=ORIENTED_EDGE('',*,*,#1446,.T.);
#1851=ORIENTED_EDGE('',*,*,#1447,.F.);
#1852=ORIENTED_EDGE('',*,*,#1446,.F.);
#1853=ORIENTED_EDGE('',*,*,#1448,.F.);
#1854=ORIENTED_EDGE('',*,*,#1449,.T.);
#1855=ORIENTED_EDGE('',*,*,#1450,.F.);
#1856=ORIENTED_EDGE('',*,*,#1449,.F.);
#1857=ORIENTED_EDGE('',*,*,#1451,.F.);
#1858=ORIENTED_EDGE('',*,*,#1452,.T.);
#1859=ORIENTED_EDGE('',*,*,#1453,.F.);
#1860=ORIENTED_EDGE('',*,*,#1452,.F.);
#1861=ORIENTED_EDGE('',*,*,#1454,.F.);
#1862=ORIENTED_EDGE('',*,*,#1455,.T.);
#1863=ORIENTED_EDGE('',*,*,#1436,.F.);
#1864=ORIENTED_EDGE('',*,*,#1445,.F.);
#1865=ORIENTED_EDGE('',*,*,#1447,.T.);
#1866=ORIENTED_EDGE('',*,*,#1456,.F.);
#1867=ORIENTED_EDGE('',*,*,#1457,.F.);
#1868=ORIENTED_EDGE('',*,*,#1437,.F.);
#1869=ORIENTED_EDGE('',*,*,#1455,.F.);
#1870=ORIENTED_EDGE('',*,*,#1450,.T.);
#1871=ORIENTED_EDGE('',*,*,#1456,.T.);
#1872=ORIENTED_EDGE('',*,*,#1454,.T.);
#1873=ORIENTED_EDGE('',*,*,#1444,.F.);
#1874=ORIENTED_EDGE('',*,*,#1458,.F.);
#1875=ORIENTED_EDGE('',*,*,#1453,.T.);
#1876=ORIENTED_EDGE('',*,*,#1425,.F.);
#1877=ORIENTED_EDGE('',*,*,#1459,.T.);
#1878=ORIENTED_EDGE('',*,*,#1438,.F.);
#1879=ORIENTED_EDGE('',*,*,#1457,.T.);
#1880=ORIENTED_EDGE('',*,*,#1458,.T.);
#1881=ORIENTED_EDGE('',*,*,#1443,.F.);
#1882=ORIENTED_EDGE('',*,*,#1460,.T.);
#1883=ORIENTED_EDGE('',*,*,#1432,.F.);
#1884=ORIENTED_EDGE('',*,*,#1439,.F.);
#1885=ORIENTED_EDGE('',*,*,#1459,.F.);
#1886=ORIENTED_EDGE('',*,*,#1427,.F.);
#1887=ORIENTED_EDGE('',*,*,#1448,.T.);
#1888=ORIENTED_EDGE('',*,*,#1426,.F.);
#1889=ORIENTED_EDGE('',*,*,#1460,.F.);
#1890=ORIENTED_EDGE('',*,*,#1442,.F.);
#1891=ORIENTED_EDGE('',*,*,#1430,.F.);
#1892=ORIENTED_EDGE('',*,*,#1451,.T.);
#1893=ORIENTED_EDGE('',*,*,#1461,.F.);
#1894=ORIENTED_EDGE('',*,*,#1462,.T.);
#1895=ORIENTED_EDGE('',*,*,#1463,.T.);
#1896=ORIENTED_EDGE('',*,*,#1462,.F.);
#1897=ORIENTED_EDGE('',*,*,#1461,.T.);
#1898=ORIENTED_EDGE('',*,*,#1463,.F.);
#1899=ORIENTED_EDGE('',*,*,#1464,.F.);
#1900=ORIENTED_EDGE('',*,*,#1465,.T.);
#1901=ORIENTED_EDGE('',*,*,#1466,.F.);
#1902=ORIENTED_EDGE('',*,*,#1465,.F.);
#1903=ORIENTED_EDGE('',*,*,#1466,.T.);
#1904=ORIENTED_EDGE('',*,*,#1464,.T.);
#1905=ORIENTED_EDGE('',*,*,#1467,.T.);
#1906=ORIENTED_EDGE('',*,*,#1468,.T.);
#1907=ORIENTED_EDGE('',*,*,#1469,.F.);
#1908=ORIENTED_EDGE('',*,*,#1470,.F.);
#1909=ORIENTED_EDGE('',*,*,#1471,.T.);
#1910=ORIENTED_EDGE('',*,*,#1470,.T.);
#1911=ORIENTED_EDGE('',*,*,#1472,.F.);
#1912=ORIENTED_EDGE('',*,*,#1473,.F.);
#1913=ORIENTED_EDGE('',*,*,#1474,.T.);
#1914=ORIENTED_EDGE('',*,*,#1473,.T.);
#1915=ORIENTED_EDGE('',*,*,#1475,.F.);
#1916=ORIENTED_EDGE('',*,*,#1476,.F.);
#1917=ORIENTED_EDGE('',*,*,#1477,.T.);
#1918=ORIENTED_EDGE('',*,*,#1476,.T.);
#1919=ORIENTED_EDGE('',*,*,#1478,.F.);
#1920=ORIENTED_EDGE('',*,*,#1468,.F.);
#1921=ORIENTED_EDGE('',*,*,#1479,.T.);
#1922=ORIENTED_EDGE('',*,*,#1480,.T.);
#1923=ORIENTED_EDGE('',*,*,#1481,.F.);
#1924=ORIENTED_EDGE('',*,*,#1482,.F.);
#1925=ORIENTED_EDGE('',*,*,#1483,.T.);
#1926=ORIENTED_EDGE('',*,*,#1482,.T.);
#1927=ORIENTED_EDGE('',*,*,#1484,.F.);
#1928=ORIENTED_EDGE('',*,*,#1485,.F.);
#1929=ORIENTED_EDGE('',*,*,#1486,.T.);
#1930=ORIENTED_EDGE('',*,*,#1485,.T.);
#1931=ORIENTED_EDGE('',*,*,#1487,.F.);
#1932=ORIENTED_EDGE('',*,*,#1488,.F.);
#1933=ORIENTED_EDGE('',*,*,#1489,.T.);
#1934=ORIENTED_EDGE('',*,*,#1488,.T.);
#1935=ORIENTED_EDGE('',*,*,#1490,.F.);
#1936=ORIENTED_EDGE('',*,*,#1480,.F.);
#1937=ORIENTED_EDGE('',*,*,#1491,.T.);
#1938=ORIENTED_EDGE('',*,*,#1492,.T.);
#1939=ORIENTED_EDGE('',*,*,#1493,.F.);
#1940=ORIENTED_EDGE('',*,*,#1494,.F.);
#1941=ORIENTED_EDGE('',*,*,#1495,.T.);
#1942=ORIENTED_EDGE('',*,*,#1494,.T.);
#1943=ORIENTED_EDGE('',*,*,#1496,.F.);
#1944=ORIENTED_EDGE('',*,*,#1497,.F.);
#1945=ORIENTED_EDGE('',*,*,#1498,.T.);
#1946=ORIENTED_EDGE('',*,*,#1497,.T.);
#1947=ORIENTED_EDGE('',*,*,#1499,.F.);
#1948=ORIENTED_EDGE('',*,*,#1500,.F.);
#1949=ORIENTED_EDGE('',*,*,#1501,.T.);
#1950=ORIENTED_EDGE('',*,*,#1500,.T.);
#1951=ORIENTED_EDGE('',*,*,#1502,.F.);
#1952=ORIENTED_EDGE('',*,*,#1492,.F.);
#1953=ORIENTED_EDGE('',*,*,#1503,.T.);
#1954=ORIENTED_EDGE('',*,*,#1504,.T.);
#1955=ORIENTED_EDGE('',*,*,#1505,.F.);
#1956=ORIENTED_EDGE('',*,*,#1506,.F.);
#1957=ORIENTED_EDGE('',*,*,#1507,.T.);
#1958=ORIENTED_EDGE('',*,*,#1506,.T.);
#1959=ORIENTED_EDGE('',*,*,#1508,.F.);
#1960=ORIENTED_EDGE('',*,*,#1509,.F.);
#1961=ORIENTED_EDGE('',*,*,#1510,.T.);
#1962=ORIENTED_EDGE('',*,*,#1509,.T.);
#1963=ORIENTED_EDGE('',*,*,#1511,.F.);
#1964=ORIENTED_EDGE('',*,*,#1512,.F.);
#1965=ORIENTED_EDGE('',*,*,#1513,.T.);
#1966=ORIENTED_EDGE('',*,*,#1512,.T.);
#1967=ORIENTED_EDGE('',*,*,#1514,.F.);
#1968=ORIENTED_EDGE('',*,*,#1504,.F.);
#1969=ORIENTED_EDGE('',*,*,#1515,.T.);
#1970=ORIENTED_EDGE('',*,*,#1516,.T.);
#1971=ORIENTED_EDGE('',*,*,#1517,.F.);
#1972=ORIENTED_EDGE('',*,*,#1518,.F.);
#1973=ORIENTED_EDGE('',*,*,#1519,.T.);
#1974=ORIENTED_EDGE('',*,*,#1518,.T.);
#1975=ORIENTED_EDGE('',*,*,#1520,.F.);
#1976=ORIENTED_EDGE('',*,*,#1521,.F.);
#1977=ORIENTED_EDGE('',*,*,#1522,.T.);
#1978=ORIENTED_EDGE('',*,*,#1521,.T.);
#1979=ORIENTED_EDGE('',*,*,#1523,.F.);
#1980=ORIENTED_EDGE('',*,*,#1524,.F.);
#1981=ORIENTED_EDGE('',*,*,#1525,.T.);
#1982=ORIENTED_EDGE('',*,*,#1524,.T.);
#1983=ORIENTED_EDGE('',*,*,#1526,.F.);
#1984=ORIENTED_EDGE('',*,*,#1516,.F.);
#1985=ORIENTED_EDGE('',*,*,#1527,.T.);
#1986=ORIENTED_EDGE('',*,*,#1528,.T.);
#1987=ORIENTED_EDGE('',*,*,#1529,.F.);
#1988=ORIENTED_EDGE('',*,*,#1530,.F.);
#1989=ORIENTED_EDGE('',*,*,#1531,.T.);
#1990=ORIENTED_EDGE('',*,*,#1530,.T.);
#1991=ORIENTED_EDGE('',*,*,#1532,.F.);
#1992=ORIENTED_EDGE('',*,*,#1533,.F.);
#1993=ORIENTED_EDGE('',*,*,#1534,.T.);
#1994=ORIENTED_EDGE('',*,*,#1533,.T.);
#1995=ORIENTED_EDGE('',*,*,#1535,.F.);
#1996=ORIENTED_EDGE('',*,*,#1536,.F.);
#1997=ORIENTED_EDGE('',*,*,#1537,.T.);
#1998=ORIENTED_EDGE('',*,*,#1536,.T.);
#1999=ORIENTED_EDGE('',*,*,#1538,.F.);
#2000=ORIENTED_EDGE('',*,*,#1528,.F.);
#2001=ORIENTED_EDGE('',*,*,#1539,.F.);
#2002=ORIENTED_EDGE('',*,*,#1540,.T.);
#2003=ORIENTED_EDGE('',*,*,#1541,.T.);
#2004=ORIENTED_EDGE('',*,*,#1540,.F.);
#2005=ORIENTED_EDGE('',*,*,#1542,.F.);
#2006=ORIENTED_EDGE('',*,*,#1543,.T.);
#2007=ORIENTED_EDGE('',*,*,#1544,.F.);
#2008=ORIENTED_EDGE('',*,*,#1545,.F.);
#2009=ORIENTED_EDGE('',*,*,#1546,.T.);
#2010=ORIENTED_EDGE('',*,*,#1545,.T.);
#2011=ORIENTED_EDGE('',*,*,#1547,.F.);
#2012=ORIENTED_EDGE('',*,*,#1548,.F.);
#2013=ORIENTED_EDGE('',*,*,#1549,.F.);
#2014=ORIENTED_EDGE('',*,*,#1548,.T.);
#2015=ORIENTED_EDGE('',*,*,#1550,.F.);
#2016=ORIENTED_EDGE('',*,*,#1551,.F.);
#2017=ORIENTED_EDGE('',*,*,#1552,.T.);
#2018=ORIENTED_EDGE('',*,*,#1551,.T.);
#2019=ORIENTED_EDGE('',*,*,#1553,.F.);
#2020=ORIENTED_EDGE('',*,*,#1554,.F.);
#2021=ORIENTED_EDGE('',*,*,#1555,.F.);
#2022=ORIENTED_EDGE('',*,*,#1554,.T.);
#2023=ORIENTED_EDGE('',*,*,#1556,.F.);
#2024=ORIENTED_EDGE('',*,*,#1557,.F.);
#2025=ORIENTED_EDGE('',*,*,#1558,.T.);
#2026=ORIENTED_EDGE('',*,*,#1557,.T.);
#2027=ORIENTED_EDGE('',*,*,#1559,.F.);
#2028=ORIENTED_EDGE('',*,*,#1560,.F.);
#2029=ORIENTED_EDGE('',*,*,#1561,.F.);
#2030=ORIENTED_EDGE('',*,*,#1560,.T.);
#2031=ORIENTED_EDGE('',*,*,#1562,.F.);
#2032=ORIENTED_EDGE('',*,*,#1563,.F.);
#2033=ORIENTED_EDGE('',*,*,#1564,.T.);
#2034=ORIENTED_EDGE('',*,*,#1563,.T.);
#2035=ORIENTED_EDGE('',*,*,#1565,.F.);
#2036=ORIENTED_EDGE('',*,*,#1543,.F.);
#2037=ORIENTED_EDGE('',*,*,#1565,.T.);
#2038=ORIENTED_EDGE('',*,*,#1562,.T.);
#2039=ORIENTED_EDGE('',*,*,#1559,.T.);
#2040=ORIENTED_EDGE('',*,*,#1556,.T.);
#2041=ORIENTED_EDGE('',*,*,#1553,.T.);
#2042=ORIENTED_EDGE('',*,*,#1550,.T.);
#2043=ORIENTED_EDGE('',*,*,#1547,.T.);
#2044=ORIENTED_EDGE('',*,*,#1544,.T.);
#2045=ORIENTED_EDGE('',*,*,#1539,.T.);
#2046=ORIENTED_EDGE('',*,*,#1538,.T.);
#2047=ORIENTED_EDGE('',*,*,#1535,.T.);
#2048=ORIENTED_EDGE('',*,*,#1532,.T.);
#2049=ORIENTED_EDGE('',*,*,#1529,.T.);
#2050=ORIENTED_EDGE('',*,*,#1526,.T.);
#2051=ORIENTED_EDGE('',*,*,#1523,.T.);
#2052=ORIENTED_EDGE('',*,*,#1520,.T.);
#2053=ORIENTED_EDGE('',*,*,#1517,.T.);
#2054=ORIENTED_EDGE('',*,*,#1514,.T.);
#2055=ORIENTED_EDGE('',*,*,#1511,.T.);
#2056=ORIENTED_EDGE('',*,*,#1508,.T.);
#2057=ORIENTED_EDGE('',*,*,#1505,.T.);
#2058=ORIENTED_EDGE('',*,*,#1502,.T.);
#2059=ORIENTED_EDGE('',*,*,#1499,.T.);
#2060=ORIENTED_EDGE('',*,*,#1496,.T.);
#2061=ORIENTED_EDGE('',*,*,#1493,.T.);
#2062=ORIENTED_EDGE('',*,*,#1490,.T.);
#2063=ORIENTED_EDGE('',*,*,#1487,.T.);
#2064=ORIENTED_EDGE('',*,*,#1484,.T.);
#2065=ORIENTED_EDGE('',*,*,#1481,.T.);
#2066=ORIENTED_EDGE('',*,*,#1478,.T.);
#2067=ORIENTED_EDGE('',*,*,#1475,.T.);
#2068=ORIENTED_EDGE('',*,*,#1472,.T.);
#2069=ORIENTED_EDGE('',*,*,#1469,.T.);
#2070=ORIENTED_EDGE('',*,*,#1564,.F.);
#2071=ORIENTED_EDGE('',*,*,#1542,.T.);
#2072=ORIENTED_EDGE('',*,*,#1546,.F.);
#2073=ORIENTED_EDGE('',*,*,#1549,.T.);
#2074=ORIENTED_EDGE('',*,*,#1552,.F.);
#2075=ORIENTED_EDGE('',*,*,#1555,.T.);
#2076=ORIENTED_EDGE('',*,*,#1558,.F.);
#2077=ORIENTED_EDGE('',*,*,#1561,.T.);
#2078=ORIENTED_EDGE('',*,*,#1541,.F.);
#2079=ORIENTED_EDGE('',*,*,#1537,.F.);
#2080=ORIENTED_EDGE('',*,*,#1527,.F.);
#2081=ORIENTED_EDGE('',*,*,#1531,.F.);
#2082=ORIENTED_EDGE('',*,*,#1534,.F.);
#2083=ORIENTED_EDGE('',*,*,#1525,.F.);
#2084=ORIENTED_EDGE('',*,*,#1515,.F.);
#2085=ORIENTED_EDGE('',*,*,#1519,.F.);
#2086=ORIENTED_EDGE('',*,*,#1522,.F.);
#2087=ORIENTED_EDGE('',*,*,#1513,.F.);
#2088=ORIENTED_EDGE('',*,*,#1503,.F.);
#2089=ORIENTED_EDGE('',*,*,#1507,.F.);
#2090=ORIENTED_EDGE('',*,*,#1510,.F.);
#2091=ORIENTED_EDGE('',*,*,#1501,.F.);
#2092=ORIENTED_EDGE('',*,*,#1491,.F.);
#2093=ORIENTED_EDGE('',*,*,#1495,.F.);
#2094=ORIENTED_EDGE('',*,*,#1498,.F.);
#2095=ORIENTED_EDGE('',*,*,#1489,.F.);
#2096=ORIENTED_EDGE('',*,*,#1479,.F.);
#2097=ORIENTED_EDGE('',*,*,#1483,.F.);
#2098=ORIENTED_EDGE('',*,*,#1486,.F.);
#2099=ORIENTED_EDGE('',*,*,#1477,.F.);
#2100=ORIENTED_EDGE('',*,*,#1467,.F.);
#2101=ORIENTED_EDGE('',*,*,#1471,.F.);
#2102=ORIENTED_EDGE('',*,*,#1474,.F.);
#2103=ORIENTED_EDGE('',*,*,#1566,.F.);
#2104=ORIENTED_EDGE('',*,*,#1567,.T.);
#2105=ORIENTED_EDGE('',*,*,#1568,.T.);
#2106=ORIENTED_EDGE('',*,*,#1567,.F.);
#2107=ORIENTED_EDGE('',*,*,#1569,.F.);
#2108=ORIENTED_EDGE('',*,*,#1570,.T.);
#2109=ORIENTED_EDGE('',*,*,#1571,.T.);
#2110=ORIENTED_EDGE('',*,*,#1570,.F.);
#2111=ORIENTED_EDGE('',*,*,#1569,.T.);
#2112=ORIENTED_EDGE('',*,*,#1566,.T.);
#2113=ORIENTED_EDGE('',*,*,#1571,.F.);
#2114=ORIENTED_EDGE('',*,*,#1568,.F.);
#2115=ORIENTED_EDGE('',*,*,#1572,.F.);
#2116=ORIENTED_EDGE('',*,*,#1573,.T.);
#2117=ORIENTED_EDGE('',*,*,#1574,.T.);
#2118=ORIENTED_EDGE('',*,*,#1573,.F.);
#2119=ORIENTED_EDGE('',*,*,#1575,.F.);
#2120=ORIENTED_EDGE('',*,*,#1576,.T.);
#2121=ORIENTED_EDGE('',*,*,#1577,.T.);
#2122=ORIENTED_EDGE('',*,*,#1576,.F.);
#2123=ORIENTED_EDGE('',*,*,#1575,.T.);
#2124=ORIENTED_EDGE('',*,*,#1572,.T.);
#2125=ORIENTED_EDGE('',*,*,#1577,.F.);
#2126=ORIENTED_EDGE('',*,*,#1574,.F.);
#2127=ORIENTED_EDGE('',*,*,#1578,.F.);
#2128=ORIENTED_EDGE('',*,*,#1579,.T.);
#2129=ORIENTED_EDGE('',*,*,#1580,.T.);
#2130=ORIENTED_EDGE('',*,*,#1579,.F.);
#2131=ORIENTED_EDGE('',*,*,#1581,.F.);
#2132=ORIENTED_EDGE('',*,*,#1582,.T.);
#2133=ORIENTED_EDGE('',*,*,#1583,.T.);
#2134=ORIENTED_EDGE('',*,*,#1582,.F.);
#2135=ORIENTED_EDGE('',*,*,#1584,.F.);
#2136=ORIENTED_EDGE('',*,*,#1585,.T.);
#2137=ORIENTED_EDGE('',*,*,#1586,.T.);
#2138=ORIENTED_EDGE('',*,*,#1585,.F.);
#2139=ORIENTED_EDGE('',*,*,#1587,.F.);
#2140=ORIENTED_EDGE('',*,*,#1588,.T.);
#2141=ORIENTED_EDGE('',*,*,#1589,.T.);
#2142=ORIENTED_EDGE('',*,*,#1588,.F.);
#2143=ORIENTED_EDGE('',*,*,#1590,.F.);
#2144=ORIENTED_EDGE('',*,*,#1591,.T.);
#2145=ORIENTED_EDGE('',*,*,#1592,.T.);
#2146=ORIENTED_EDGE('',*,*,#1591,.F.);
#2147=ORIENTED_EDGE('',*,*,#1593,.T.);
#2148=ORIENTED_EDGE('',*,*,#1594,.T.);
#2149=ORIENTED_EDGE('',*,*,#1595,.F.);
#2150=ORIENTED_EDGE('',*,*,#1596,.F.);
#2151=ORIENTED_EDGE('',*,*,#1597,.T.);
#2152=ORIENTED_EDGE('',*,*,#1596,.T.);
#2153=ORIENTED_EDGE('',*,*,#1598,.F.);
#2154=ORIENTED_EDGE('',*,*,#1599,.F.);
#2155=ORIENTED_EDGE('',*,*,#1600,.T.);
#2156=ORIENTED_EDGE('',*,*,#1599,.T.);
#2157=ORIENTED_EDGE('',*,*,#1601,.F.);
#2158=ORIENTED_EDGE('',*,*,#1602,.F.);
#2159=ORIENTED_EDGE('',*,*,#1603,.T.);
#2160=ORIENTED_EDGE('',*,*,#1602,.T.);
#2161=ORIENTED_EDGE('',*,*,#1604,.F.);
#2162=ORIENTED_EDGE('',*,*,#1605,.F.);
#2163=ORIENTED_EDGE('',*,*,#1606,.T.);
#2164=ORIENTED_EDGE('',*,*,#1605,.T.);
#2165=ORIENTED_EDGE('',*,*,#1607,.F.);
#2166=ORIENTED_EDGE('',*,*,#1608,.F.);
#2167=ORIENTED_EDGE('',*,*,#1609,.T.);
#2168=ORIENTED_EDGE('',*,*,#1608,.T.);
#2169=ORIENTED_EDGE('',*,*,#1610,.F.);
#2170=ORIENTED_EDGE('',*,*,#1611,.F.);
#2171=ORIENTED_EDGE('',*,*,#1612,.T.);
#2172=ORIENTED_EDGE('',*,*,#1611,.T.);
#2173=ORIENTED_EDGE('',*,*,#1613,.F.);
#2174=ORIENTED_EDGE('',*,*,#1614,.F.);
#2175=ORIENTED_EDGE('',*,*,#1615,.T.);
#2176=ORIENTED_EDGE('',*,*,#1614,.T.);
#2177=ORIENTED_EDGE('',*,*,#1616,.F.);
#2178=ORIENTED_EDGE('',*,*,#1617,.F.);
#2179=ORIENTED_EDGE('',*,*,#1618,.T.);
#2180=ORIENTED_EDGE('',*,*,#1617,.T.);
#2181=ORIENTED_EDGE('',*,*,#1619,.F.);
#2182=ORIENTED_EDGE('',*,*,#1620,.F.);
#2183=ORIENTED_EDGE('',*,*,#1621,.T.);
#2184=ORIENTED_EDGE('',*,*,#1620,.T.);
#2185=ORIENTED_EDGE('',*,*,#1622,.F.);
#2186=ORIENTED_EDGE('',*,*,#1623,.F.);
#2187=ORIENTED_EDGE('',*,*,#1624,.T.);
#2188=ORIENTED_EDGE('',*,*,#1623,.T.);
#2189=ORIENTED_EDGE('',*,*,#1625,.F.);
#2190=ORIENTED_EDGE('',*,*,#1626,.F.);
#2191=ORIENTED_EDGE('',*,*,#1627,.T.);
#2192=ORIENTED_EDGE('',*,*,#1626,.T.);
#2193=ORIENTED_EDGE('',*,*,#1628,.F.);
#2194=ORIENTED_EDGE('',*,*,#1629,.F.);
#2195=ORIENTED_EDGE('',*,*,#1630,.T.);
#2196=ORIENTED_EDGE('',*,*,#1629,.T.);
#2197=ORIENTED_EDGE('',*,*,#1631,.F.);
#2198=ORIENTED_EDGE('',*,*,#1632,.F.);
#2199=ORIENTED_EDGE('',*,*,#1633,.T.);
#2200=ORIENTED_EDGE('',*,*,#1632,.T.);
#2201=ORIENTED_EDGE('',*,*,#1634,.F.);
#2202=ORIENTED_EDGE('',*,*,#1635,.F.);
#2203=ORIENTED_EDGE('',*,*,#1636,.T.);
#2204=ORIENTED_EDGE('',*,*,#1635,.T.);
#2205=ORIENTED_EDGE('',*,*,#1637,.F.);
#2206=ORIENTED_EDGE('',*,*,#1638,.F.);
#2207=ORIENTED_EDGE('',*,*,#1639,.T.);
#2208=ORIENTED_EDGE('',*,*,#1638,.T.);
#2209=ORIENTED_EDGE('',*,*,#1640,.F.);
#2210=ORIENTED_EDGE('',*,*,#1594,.F.);
#2211=ORIENTED_EDGE('',*,*,#1641,.F.);
#2212=ORIENTED_EDGE('',*,*,#1642,.T.);
#2213=ORIENTED_EDGE('',*,*,#1643,.T.);
#2214=ORIENTED_EDGE('',*,*,#1642,.F.);
#2215=ORIENTED_EDGE('',*,*,#1644,.F.);
#2216=ORIENTED_EDGE('',*,*,#1645,.T.);
#2217=ORIENTED_EDGE('',*,*,#1646,.T.);
#2218=ORIENTED_EDGE('',*,*,#1645,.F.);
#2219=ORIENTED_EDGE('',*,*,#1647,.F.);
#2220=ORIENTED_EDGE('',*,*,#1648,.T.);
#2221=ORIENTED_EDGE('',*,*,#1649,.T.);
#2222=ORIENTED_EDGE('',*,*,#1648,.F.);
#2223=ORIENTED_EDGE('',*,*,#1650,.T.);
#2224=ORIENTED_EDGE('',*,*,#1651,.T.);
#2225=ORIENTED_EDGE('',*,*,#1652,.F.);
#2226=ORIENTED_EDGE('',*,*,#1653,.F.);
#2227=ORIENTED_EDGE('',*,*,#1654,.T.);
#2228=ORIENTED_EDGE('',*,*,#1653,.T.);
#2229=ORIENTED_EDGE('',*,*,#1655,.F.);
#2230=ORIENTED_EDGE('',*,*,#1656,.F.);
#2231=ORIENTED_EDGE('',*,*,#1657,.T.);
#2232=ORIENTED_EDGE('',*,*,#1656,.T.);
#2233=ORIENTED_EDGE('',*,*,#1658,.F.);
#2234=ORIENTED_EDGE('',*,*,#1659,.F.);
#2235=ORIENTED_EDGE('',*,*,#1660,.T.);
#2236=ORIENTED_EDGE('',*,*,#1659,.T.);
#2237=ORIENTED_EDGE('',*,*,#1661,.F.);
#2238=ORIENTED_EDGE('',*,*,#1662,.F.);
#2239=ORIENTED_EDGE('',*,*,#1663,.T.);
#2240=ORIENTED_EDGE('',*,*,#1662,.T.);
#2241=ORIENTED_EDGE('',*,*,#1664,.F.);
#2242=ORIENTED_EDGE('',*,*,#1665,.F.);
#2243=ORIENTED_EDGE('',*,*,#1666,.T.);
#2244=ORIENTED_EDGE('',*,*,#1665,.T.);
#2245=ORIENTED_EDGE('',*,*,#1667,.F.);
#2246=ORIENTED_EDGE('',*,*,#1668,.F.);
#2247=ORIENTED_EDGE('',*,*,#1669,.T.);
#2248=ORIENTED_EDGE('',*,*,#1668,.T.);
#2249=ORIENTED_EDGE('',*,*,#1670,.F.);
#2250=ORIENTED_EDGE('',*,*,#1671,.F.);
#2251=ORIENTED_EDGE('',*,*,#1672,.T.);
#2252=ORIENTED_EDGE('',*,*,#1671,.T.);
#2253=ORIENTED_EDGE('',*,*,#1673,.F.);
#2254=ORIENTED_EDGE('',*,*,#1651,.F.);
#2255=ORIENTED_EDGE('',*,*,#1673,.T.);
#2256=ORIENTED_EDGE('',*,*,#1670,.T.);
#2257=ORIENTED_EDGE('',*,*,#1667,.T.);
#2258=ORIENTED_EDGE('',*,*,#1664,.T.);
#2259=ORIENTED_EDGE('',*,*,#1661,.T.);
#2260=ORIENTED_EDGE('',*,*,#1658,.T.);
#2261=ORIENTED_EDGE('',*,*,#1655,.T.);
#2262=ORIENTED_EDGE('',*,*,#1652,.T.);
#2263=ORIENTED_EDGE('',*,*,#1647,.T.);
#2264=ORIENTED_EDGE('',*,*,#1644,.T.);
#2265=ORIENTED_EDGE('',*,*,#1641,.T.);
#2266=ORIENTED_EDGE('',*,*,#1640,.T.);
#2267=ORIENTED_EDGE('',*,*,#1637,.T.);
#2268=ORIENTED_EDGE('',*,*,#1634,.T.);
#2269=ORIENTED_EDGE('',*,*,#1631,.T.);
#2270=ORIENTED_EDGE('',*,*,#1628,.T.);
#2271=ORIENTED_EDGE('',*,*,#1625,.T.);
#2272=ORIENTED_EDGE('',*,*,#1622,.T.);
#2273=ORIENTED_EDGE('',*,*,#1619,.T.);
#2274=ORIENTED_EDGE('',*,*,#1616,.T.);
#2275=ORIENTED_EDGE('',*,*,#1613,.T.);
#2276=ORIENTED_EDGE('',*,*,#1610,.T.);
#2277=ORIENTED_EDGE('',*,*,#1607,.T.);
#2278=ORIENTED_EDGE('',*,*,#1604,.T.);
#2279=ORIENTED_EDGE('',*,*,#1601,.T.);
#2280=ORIENTED_EDGE('',*,*,#1598,.T.);
#2281=ORIENTED_EDGE('',*,*,#1595,.T.);
#2282=ORIENTED_EDGE('',*,*,#1590,.T.);
#2283=ORIENTED_EDGE('',*,*,#1587,.T.);
#2284=ORIENTED_EDGE('',*,*,#1584,.T.);
#2285=ORIENTED_EDGE('',*,*,#1581,.T.);
#2286=ORIENTED_EDGE('',*,*,#1578,.T.);
#2287=ORIENTED_EDGE('',*,*,#1672,.F.);
#2288=ORIENTED_EDGE('',*,*,#1650,.F.);
#2289=ORIENTED_EDGE('',*,*,#1654,.F.);
#2290=ORIENTED_EDGE('',*,*,#1657,.F.);
#2291=ORIENTED_EDGE('',*,*,#1660,.F.);
#2292=ORIENTED_EDGE('',*,*,#1663,.F.);
#2293=ORIENTED_EDGE('',*,*,#1666,.F.);
#2294=ORIENTED_EDGE('',*,*,#1669,.F.);
#2295=ORIENTED_EDGE('',*,*,#1649,.F.);
#2296=ORIENTED_EDGE('',*,*,#1646,.F.);
#2297=ORIENTED_EDGE('',*,*,#1643,.F.);
#2298=ORIENTED_EDGE('',*,*,#1639,.F.);
#2299=ORIENTED_EDGE('',*,*,#1593,.F.);
#2300=ORIENTED_EDGE('',*,*,#1597,.F.);
#2301=ORIENTED_EDGE('',*,*,#1600,.F.);
#2302=ORIENTED_EDGE('',*,*,#1603,.F.);
#2303=ORIENTED_EDGE('',*,*,#1606,.F.);
#2304=ORIENTED_EDGE('',*,*,#1609,.F.);
#2305=ORIENTED_EDGE('',*,*,#1612,.F.);
#2306=ORIENTED_EDGE('',*,*,#1615,.F.);
#2307=ORIENTED_EDGE('',*,*,#1618,.F.);
#2308=ORIENTED_EDGE('',*,*,#1621,.F.);
#2309=ORIENTED_EDGE('',*,*,#1624,.F.);
#2310=ORIENTED_EDGE('',*,*,#1627,.F.);
#2311=ORIENTED_EDGE('',*,*,#1630,.F.);
#2312=ORIENTED_EDGE('',*,*,#1633,.F.);
#2313=ORIENTED_EDGE('',*,*,#1636,.F.);
#2314=ORIENTED_EDGE('',*,*,#1592,.F.);
#2315=ORIENTED_EDGE('',*,*,#1589,.F.);
#2316=ORIENTED_EDGE('',*,*,#1586,.F.);
#2317=ORIENTED_EDGE('',*,*,#1583,.F.);
#2318=ORIENTED_EDGE('',*,*,#1580,.F.);
#2319=ORIENTED_EDGE('',*,*,#1674,.F.);
#2320=ORIENTED_EDGE('',*,*,#1675,.T.);
#2321=ORIENTED_EDGE('',*,*,#1676,.T.);
#2322=ORIENTED_EDGE('',*,*,#1675,.F.);
#2323=ORIENTED_EDGE('',*,*,#1677,.F.);
#2324=ORIENTED_EDGE('',*,*,#1678,.T.);
#2325=ORIENTED_EDGE('',*,*,#1679,.T.);
#2326=ORIENTED_EDGE('',*,*,#1678,.F.);
#2327=ORIENTED_EDGE('',*,*,#1677,.T.);
#2328=ORIENTED_EDGE('',*,*,#1674,.T.);
#2329=ORIENTED_EDGE('',*,*,#1679,.F.);
#2330=ORIENTED_EDGE('',*,*,#1676,.F.);
#2331=ORIENTED_EDGE('',*,*,#1680,.F.);
#2332=ORIENTED_EDGE('',*,*,#1681,.T.);
#2333=ORIENTED_EDGE('',*,*,#1682,.T.);
#2334=ORIENTED_EDGE('',*,*,#1681,.F.);
#2335=ORIENTED_EDGE('',*,*,#1683,.F.);
#2336=ORIENTED_EDGE('',*,*,#1684,.T.);
#2337=ORIENTED_EDGE('',*,*,#1685,.T.);
#2338=ORIENTED_EDGE('',*,*,#1684,.F.);
#2339=ORIENTED_EDGE('',*,*,#1683,.T.);
#2340=ORIENTED_EDGE('',*,*,#1680,.T.);
#2341=ORIENTED_EDGE('',*,*,#1685,.F.);
#2342=ORIENTED_EDGE('',*,*,#1682,.F.);
#2343=ORIENTED_EDGE('',*,*,#1686,.F.);
#2344=ORIENTED_EDGE('',*,*,#1687,.T.);
#2345=ORIENTED_EDGE('',*,*,#1688,.T.);
#2346=ORIENTED_EDGE('',*,*,#1687,.F.);
#2347=ORIENTED_EDGE('',*,*,#1689,.F.);
#2348=ORIENTED_EDGE('',*,*,#1690,.T.);
#2349=ORIENTED_EDGE('',*,*,#1691,.T.);
#2350=ORIENTED_EDGE('',*,*,#1690,.F.);
#2351=ORIENTED_EDGE('',*,*,#1689,.T.);
#2352=ORIENTED_EDGE('',*,*,#1686,.T.);
#2353=ORIENTED_EDGE('',*,*,#1691,.F.);
#2354=ORIENTED_EDGE('',*,*,#1688,.F.);
#2355=ORIENTED_EDGE('',*,*,#1692,.F.);
#2356=ORIENTED_EDGE('',*,*,#1693,.T.);
#2357=ORIENTED_EDGE('',*,*,#1694,.T.);
#2358=ORIENTED_EDGE('',*,*,#1693,.F.);
#2359=ORIENTED_EDGE('',*,*,#1695,.F.);
#2360=ORIENTED_EDGE('',*,*,#1696,.T.);
#2361=ORIENTED_EDGE('',*,*,#1697,.T.);
#2362=ORIENTED_EDGE('',*,*,#1696,.F.);
#2363=ORIENTED_EDGE('',*,*,#1695,.T.);
#2364=ORIENTED_EDGE('',*,*,#1692,.T.);
#2365=ORIENTED_EDGE('',*,*,#1697,.F.);
#2366=ORIENTED_EDGE('',*,*,#1694,.F.);
#2367=ORIENTED_EDGE('',*,*,#1698,.F.);
#2368=ORIENTED_EDGE('',*,*,#1699,.T.);
#2369=ORIENTED_EDGE('',*,*,#1700,.F.);
#2370=ORIENTED_EDGE('',*,*,#1701,.F.);
#2371=ORIENTED_EDGE('',*,*,#1702,.F.);
#2372=ORIENTED_EDGE('',*,*,#1703,.T.);
#2373=ORIENTED_EDGE('',*,*,#1704,.F.);
#2374=ORIENTED_EDGE('',*,*,#1699,.F.);
#2375=ORIENTED_EDGE('',*,*,#1705,.F.);
#2376=ORIENTED_EDGE('',*,*,#1706,.T.);
#2377=ORIENTED_EDGE('',*,*,#1707,.F.);
#2378=ORIENTED_EDGE('',*,*,#1703,.F.);
#2379=ORIENTED_EDGE('',*,*,#1708,.F.);
#2380=ORIENTED_EDGE('',*,*,#1709,.T.);
#2381=ORIENTED_EDGE('',*,*,#1710,.F.);
#2382=ORIENTED_EDGE('',*,*,#1706,.F.);
#2383=ORIENTED_EDGE('',*,*,#1711,.F.);
#2384=ORIENTED_EDGE('',*,*,#1712,.T.);
#2385=ORIENTED_EDGE('',*,*,#1713,.F.);
#2386=ORIENTED_EDGE('',*,*,#1709,.F.);
#2387=ORIENTED_EDGE('',*,*,#1714,.F.);
#2388=ORIENTED_EDGE('',*,*,#1701,.T.);
#2389=ORIENTED_EDGE('',*,*,#1715,.F.);
#2390=ORIENTED_EDGE('',*,*,#1712,.F.);
#2391=ORIENTED_EDGE('',*,*,#1716,.F.);
#2392=ORIENTED_EDGE('',*,*,#1717,.T.);
#2393=ORIENTED_EDGE('',*,*,#1718,.F.);
#2394=ORIENTED_EDGE('',*,*,#1719,.F.);
#2395=ORIENTED_EDGE('',*,*,#1720,.F.);
#2396=ORIENTED_EDGE('',*,*,#1721,.T.);
#2397=ORIENTED_EDGE('',*,*,#1722,.F.);
#2398=ORIENTED_EDGE('',*,*,#1717,.F.);
#2399=ORIENTED_EDGE('',*,*,#1723,.F.);
#2400=ORIENTED_EDGE('',*,*,#1724,.T.);
#2401=ORIENTED_EDGE('',*,*,#1725,.F.);
#2402=ORIENTED_EDGE('',*,*,#1721,.F.);
#2403=ORIENTED_EDGE('',*,*,#1726,.F.);
#2404=ORIENTED_EDGE('',*,*,#1727,.T.);
#2405=ORIENTED_EDGE('',*,*,#1728,.F.);
#2406=ORIENTED_EDGE('',*,*,#1724,.F.);
#2407=ORIENTED_EDGE('',*,*,#1729,.F.);
#2408=ORIENTED_EDGE('',*,*,#1730,.T.);
#2409=ORIENTED_EDGE('',*,*,#1731,.F.);
#2410=ORIENTED_EDGE('',*,*,#1727,.F.);
#2411=ORIENTED_EDGE('',*,*,#1732,.F.);
#2412=ORIENTED_EDGE('',*,*,#1719,.T.);
#2413=ORIENTED_EDGE('',*,*,#1733,.F.);
#2414=ORIENTED_EDGE('',*,*,#1730,.F.);
#2415=ORIENTED_EDGE('',*,*,#1734,.F.);
#2416=ORIENTED_EDGE('',*,*,#1735,.T.);
#2417=ORIENTED_EDGE('',*,*,#1736,.F.);
#2418=ORIENTED_EDGE('',*,*,#1737,.F.);
#2419=ORIENTED_EDGE('',*,*,#1738,.F.);
#2420=ORIENTED_EDGE('',*,*,#1739,.T.);
#2421=ORIENTED_EDGE('',*,*,#1740,.F.);
#2422=ORIENTED_EDGE('',*,*,#1735,.F.);
#2423=ORIENTED_EDGE('',*,*,#1741,.F.);
#2424=ORIENTED_EDGE('',*,*,#1742,.T.);
#2425=ORIENTED_EDGE('',*,*,#1743,.F.);
#2426=ORIENTED_EDGE('',*,*,#1739,.F.);
#2427=ORIENTED_EDGE('',*,*,#1744,.F.);
#2428=ORIENTED_EDGE('',*,*,#1745,.T.);
#2429=ORIENTED_EDGE('',*,*,#1746,.F.);
#2430=ORIENTED_EDGE('',*,*,#1742,.F.);
#2431=ORIENTED_EDGE('',*,*,#1747,.F.);
#2432=ORIENTED_EDGE('',*,*,#1748,.T.);
#2433=ORIENTED_EDGE('',*,*,#1749,.F.);
#2434=ORIENTED_EDGE('',*,*,#1745,.F.);
#2435=ORIENTED_EDGE('',*,*,#1750,.F.);
#2436=ORIENTED_EDGE('',*,*,#1737,.T.);
#2437=ORIENTED_EDGE('',*,*,#1751,.F.);
#2438=ORIENTED_EDGE('',*,*,#1748,.F.);
#2439=ORIENTED_EDGE('',*,*,#1752,.F.);
#2440=ORIENTED_EDGE('',*,*,#1753,.T.);
#2441=ORIENTED_EDGE('',*,*,#1754,.F.);
#2442=ORIENTED_EDGE('',*,*,#1755,.F.);
#2443=ORIENTED_EDGE('',*,*,#1756,.F.);
#2444=ORIENTED_EDGE('',*,*,#1757,.T.);
#2445=ORIENTED_EDGE('',*,*,#1758,.F.);
#2446=ORIENTED_EDGE('',*,*,#1753,.F.);
#2447=ORIENTED_EDGE('',*,*,#1759,.F.);
#2448=ORIENTED_EDGE('',*,*,#1760,.T.);
#2449=ORIENTED_EDGE('',*,*,#1761,.F.);
#2450=ORIENTED_EDGE('',*,*,#1757,.F.);
#2451=ORIENTED_EDGE('',*,*,#1762,.F.);
#2452=ORIENTED_EDGE('',*,*,#1763,.T.);
#2453=ORIENTED_EDGE('',*,*,#1764,.F.);
#2454=ORIENTED_EDGE('',*,*,#1760,.F.);
#2455=ORIENTED_EDGE('',*,*,#1765,.F.);
#2456=ORIENTED_EDGE('',*,*,#1766,.T.);
#2457=ORIENTED_EDGE('',*,*,#1767,.F.);
#2458=ORIENTED_EDGE('',*,*,#1763,.F.);
#2459=ORIENTED_EDGE('',*,*,#1768,.F.);
#2460=ORIENTED_EDGE('',*,*,#1755,.T.);
#2461=ORIENTED_EDGE('',*,*,#1769,.F.);
#2462=ORIENTED_EDGE('',*,*,#1766,.F.);
#2463=ORIENTED_EDGE('',*,*,#1770,.F.);
#2464=ORIENTED_EDGE('',*,*,#1698,.T.);
#2465=ORIENTED_EDGE('',*,*,#1714,.T.);
#2466=ORIENTED_EDGE('',*,*,#1711,.T.);
#2467=ORIENTED_EDGE('',*,*,#1708,.T.);
#2468=ORIENTED_EDGE('',*,*,#1705,.T.);
#2469=ORIENTED_EDGE('',*,*,#1702,.T.);
#2470=ORIENTED_EDGE('',*,*,#1716,.T.);
#2471=ORIENTED_EDGE('',*,*,#1732,.T.);
#2472=ORIENTED_EDGE('',*,*,#1729,.T.);
#2473=ORIENTED_EDGE('',*,*,#1726,.T.);
#2474=ORIENTED_EDGE('',*,*,#1723,.T.);
#2475=ORIENTED_EDGE('',*,*,#1720,.T.);
#2476=ORIENTED_EDGE('',*,*,#1734,.T.);
#2477=ORIENTED_EDGE('',*,*,#1750,.T.);
#2478=ORIENTED_EDGE('',*,*,#1747,.T.);
#2479=ORIENTED_EDGE('',*,*,#1744,.T.);
#2480=ORIENTED_EDGE('',*,*,#1741,.T.);
#2481=ORIENTED_EDGE('',*,*,#1738,.T.);
#2482=ORIENTED_EDGE('',*,*,#1752,.T.);
#2483=ORIENTED_EDGE('',*,*,#1768,.T.);
#2484=ORIENTED_EDGE('',*,*,#1765,.T.);
#2485=ORIENTED_EDGE('',*,*,#1762,.T.);
#2486=ORIENTED_EDGE('',*,*,#1759,.T.);
#2487=ORIENTED_EDGE('',*,*,#1756,.T.);
#2488=ORIENTED_EDGE('',*,*,#1770,.T.);
#2489=ORIENTED_EDGE('',*,*,#1771,.T.);
#2490=ORIENTED_EDGE('',*,*,#1772,.F.);
#2491=ORIENTED_EDGE('',*,*,#1771,.F.);
#2492=ORIENTED_EDGE('',*,*,#1772,.T.);
#2493=ORIENTED_EDGE('',*,*,#1700,.T.);
#2494=ORIENTED_EDGE('',*,*,#1704,.T.);
#2495=ORIENTED_EDGE('',*,*,#1707,.T.);
#2496=ORIENTED_EDGE('',*,*,#1710,.T.);
#2497=ORIENTED_EDGE('',*,*,#1713,.T.);
#2498=ORIENTED_EDGE('',*,*,#1715,.T.);
#2499=ORIENTED_EDGE('',*,*,#1718,.T.);
#2500=ORIENTED_EDGE('',*,*,#1722,.T.);
#2501=ORIENTED_EDGE('',*,*,#1725,.T.);
#2502=ORIENTED_EDGE('',*,*,#1728,.T.);
#2503=ORIENTED_EDGE('',*,*,#1731,.T.);
#2504=ORIENTED_EDGE('',*,*,#1733,.T.);
#2505=ORIENTED_EDGE('',*,*,#1736,.T.);
#2506=ORIENTED_EDGE('',*,*,#1740,.T.);
#2507=ORIENTED_EDGE('',*,*,#1743,.T.);
#2508=ORIENTED_EDGE('',*,*,#1746,.T.);
#2509=ORIENTED_EDGE('',*,*,#1749,.T.);
#2510=ORIENTED_EDGE('',*,*,#1751,.T.);
#2511=ORIENTED_EDGE('',*,*,#1754,.T.);
#2512=ORIENTED_EDGE('',*,*,#1758,.T.);
#2513=ORIENTED_EDGE('',*,*,#1761,.T.);
#2514=ORIENTED_EDGE('',*,*,#1764,.T.);
#2515=ORIENTED_EDGE('',*,*,#1767,.T.);
#2516=ORIENTED_EDGE('',*,*,#1769,.T.);
#2517=PLANE('',#2792);
#2518=PLANE('',#2793);
#2519=PLANE('',#2794);
#2520=PLANE('',#2795);
#2521=PLANE('',#2796);
#2522=PLANE('',#2797);
#2523=PLANE('',#2798);
#2524=PLANE('',#2799);
#2525=PLANE('',#2800);
#2526=PLANE('',#2812);
#2527=PLANE('',#2813);
#2528=PLANE('',#2815);
#2529=PLANE('',#2824);
#2530=PLANE('',#2825);
#2531=PLANE('',#2826);
#2532=PLANE('',#2827);
#2533=PLANE('',#2828);
#2534=PLANE('',#2829);
#2535=PLANE('',#2834);
#2536=PLANE('',#2835);
#2537=PLANE('',#2839);
#2538=PLANE('',#2840);
#2539=PLANE('',#2841);
#2540=PLANE('',#2845);
#2541=PLANE('',#2849);
#2542=PLANE('',#2853);
#2543=PLANE('',#2857);
#2544=PLANE('',#2861);
#2545=PLANE('',#2865);
#2546=PLANE('',#2869);
#2547=PLANE('',#2873);
#2548=PLANE('',#2877);
#2549=PLANE('',#2884);
#2550=PLANE('',#2888);
#2551=PLANE('',#2916);
#2552=PLANE('',#2917);
#2553=PLANE('',#2924);
#2554=PLANE('',#2925);
#2555=PLANE('',#2932);
#2556=PLANE('',#2933);
#2557=PLANE('',#3006);
#2558=PLANE('',#3010);
#2559=PLANE('',#3014);
#2560=PLANE('',#3018);
#2561=PLANE('',#3022);
#2562=PLANE('',#3023);
#2563=PLANE('',#3030);
#2564=PLANE('',#3031);
#2565=PLANE('',#3038);
#2566=PLANE('',#3039);
#2567=PLANE('',#3046);
#2568=PLANE('',#3047);
#2569=PLANE('',#3054);
#2570=PLANE('',#3055);
#2571=PLANE('',#3063);
#2572=PLANE('',#3067);
#2573=PLANE('',#3080);
#2574=PLANE('',#3084);
#2575=PLANE('',#3094);
#2576=PLANE('',#3098);
#2577=PLANE('',#3105);
#2578=PLANE('',#3109);
#2579=PLANE('',#3113);
#2580=PLANE('',#3117);
#2581=ADVANCED_FACE('',(#394),#2517,.F.);
#2582=ADVANCED_FACE('',(#395),#2518,.F.);
#2583=ADVANCED_FACE('',(#396),#2519,.T.);
#2584=ADVANCED_FACE('',(#397),#2520,.T.);
#2585=ADVANCED_FACE('',(#398),#2521,.T.);
#2586=ADVANCED_FACE('',(#399),#2522,.T.);
#2587=ADVANCED_FACE('',(#400),#2523,.T.);
#2588=ADVANCED_FACE('',(#401),#2524,.T.);
#2589=ADVANCED_FACE('',(#402),#2525,.F.);
#2590=ADVANCED_FACE('',(#403),#359,.T.);
#2591=ADVANCED_FACE('',(#404),#101,.T.);
#2592=ADVANCED_FACE('',(#405),#102,.T.);
#2593=ADVANCED_FACE('',(#406),#103,.T.);
#2594=ADVANCED_FACE('',(#407),#2526,.T.);
#2595=ADVANCED_FACE('',(#408,#43),#2527,.T.);
#2596=ADVANCED_FACE('',(#409),#2528,.T.);
#2597=ADVANCED_FACE('',(#410),#104,.F.);
#2598=ADVANCED_FACE('',(#411),#105,.F.);
#2599=ADVANCED_FACE('',(#412),#106,.F.);
#2600=ADVANCED_FACE('',(#413,#44),#2529,.F.);
#2601=ADVANCED_FACE('',(#414,#45),#2530,.F.);
#2602=ADVANCED_FACE('',(#415,#46),#2531,.T.);
#2603=ADVANCED_FACE('',(#416),#2532,.T.);
#2604=ADVANCED_FACE('',(#417,#47),#2533,.T.);
#2605=ADVANCED_FACE('',(#418,#48),#2534,.F.);
#2606=ADVANCED_FACE('',(#419),#107,.T.);
#2607=ADVANCED_FACE('',(#420),#2535,.T.);
#2608=ADVANCED_FACE('',(#421),#2536,.F.);
#2609=ADVANCED_FACE('',(#422),#108,.T.);
#2610=ADVANCED_FACE('',(#423),#2537,.T.);
#2611=ADVANCED_FACE('',(#424),#2538,.F.);
#2612=ADVANCED_FACE('',(#425),#2539,.T.);
#2613=ADVANCED_FACE('',(#426),#109,.F.);
#2614=ADVANCED_FACE('',(#427),#2540,.T.);
#2615=ADVANCED_FACE('',(#428),#110,.F.);
#2616=ADVANCED_FACE('',(#429),#2541,.T.);
#2617=ADVANCED_FACE('',(#430),#111,.F.);
#2618=ADVANCED_FACE('',(#431),#2542,.T.);
#2619=ADVANCED_FACE('',(#432),#112,.F.);
#2620=ADVANCED_FACE('',(#433),#2543,.T.);
#2621=ADVANCED_FACE('',(#434),#113,.F.);
#2622=ADVANCED_FACE('',(#435),#2544,.T.);
#2623=ADVANCED_FACE('',(#436),#114,.F.);
#2624=ADVANCED_FACE('',(#437),#2545,.T.);
#2625=ADVANCED_FACE('',(#438),#115,.F.);
#2626=ADVANCED_FACE('',(#439),#2546,.T.);
#2627=ADVANCED_FACE('',(#440),#116,.F.);
#2628=ADVANCED_FACE('',(#441),#2547,.T.);
#2629=ADVANCED_FACE('',(#442),#117,.F.);
#2630=ADVANCED_FACE('',(#443),#2548,.T.);
#2631=ADVANCED_FACE('',(#444),#118,.F.);
#2632=ADVANCED_FACE('',(#445),#119,.F.);
#2633=ADVANCED_FACE('',(#446),#2549,.T.);
#2634=ADVANCED_FACE('',(#447),#120,.F.);
#2635=ADVANCED_FACE('',(#448),#2550,.T.);
#2636=ADVANCED_FACE('',(#449),#121,.F.);
#2637=ADVANCED_FACE('',(#450),#122,.F.);
#2638=ADVANCED_FACE('',(#451),#123,.T.);
#2639=ADVANCED_FACE('',(#452),#124,.F.);
#2640=ADVANCED_FACE('',(#453),#125,.T.);
#2641=ADVANCED_FACE('',(#454),#126,.F.);
#2642=ADVANCED_FACE('',(#455),#127,.T.);
#2643=ADVANCED_FACE('',(#456),#128,.F.);
#2644=ADVANCED_FACE('',(#457),#129,.T.);
#2645=ADVANCED_FACE('',(#458,#49,#50,#51,#52,#53,#54,#55),#2551,.T.);
#2646=ADVANCED_FACE('',(#459,#56,#57,#58,#59,#60,#61,#62),#2552,.F.);
#2647=ADVANCED_FACE('',(#460),#130,.F.);
#2648=ADVANCED_FACE('',(#461),#131,.T.);
#2649=ADVANCED_FACE('',(#462,#63),#2553,.T.);
#2650=ADVANCED_FACE('',(#463,#64),#2554,.F.);
#2651=ADVANCED_FACE('',(#464),#132,.F.);
#2652=ADVANCED_FACE('',(#465),#133,.T.);
#2653=ADVANCED_FACE('',(#466,#65),#2555,.T.);
#2654=ADVANCED_FACE('',(#467,#66),#2556,.F.);
#2655=ADVANCED_FACE('',(#468),#134,.F.);
#2656=ADVANCED_FACE('',(#469),#135,.F.);
#2657=ADVANCED_FACE('',(#470),#136,.F.);
#2658=ADVANCED_FACE('',(#471),#137,.F.);
#2659=ADVANCED_FACE('',(#472),#138,.F.);
#2660=ADVANCED_FACE('',(#473),#139,.F.);
#2661=ADVANCED_FACE('',(#474),#140,.F.);
#2662=ADVANCED_FACE('',(#475),#141,.T.);
#2663=ADVANCED_FACE('',(#476),#142,.F.);
#2664=ADVANCED_FACE('',(#477),#143,.F.);
#2665=ADVANCED_FACE('',(#478),#144,.F.);
#2666=ADVANCED_FACE('',(#479),#145,.T.);
#2667=ADVANCED_FACE('',(#480),#146,.F.);
#2668=ADVANCED_FACE('',(#481),#147,.F.);
#2669=ADVANCED_FACE('',(#482),#148,.F.);
#2670=ADVANCED_FACE('',(#483),#149,.T.);
#2671=ADVANCED_FACE('',(#484),#150,.F.);
#2672=ADVANCED_FACE('',(#485),#151,.F.);
#2673=ADVANCED_FACE('',(#486),#152,.F.);
#2674=ADVANCED_FACE('',(#487),#153,.T.);
#2675=ADVANCED_FACE('',(#488),#154,.F.);
#2676=ADVANCED_FACE('',(#489),#155,.F.);
#2677=ADVANCED_FACE('',(#490),#156,.F.);
#2678=ADVANCED_FACE('',(#491),#157,.F.);
#2679=ADVANCED_FACE('',(#492),#2557,.T.);
#2680=ADVANCED_FACE('',(#493),#158,.T.);
#2681=ADVANCED_FACE('',(#494),#2558,.T.);
#2682=ADVANCED_FACE('',(#495),#159,.T.);
#2683=ADVANCED_FACE('',(#496),#2559,.T.);
#2684=ADVANCED_FACE('',(#497),#160,.T.);
#2685=ADVANCED_FACE('',(#498),#2560,.T.);
#2686=ADVANCED_FACE('',(#499),#161,.T.);
#2687=ADVANCED_FACE('',(#500,#67,#68,#69,#70,#71,#72,#73,#74,#75),#2561,
 .T.);
#2688=ADVANCED_FACE('',(#501,#76,#77,#78,#79,#80,#81,#82,#83,#84),#2562,
 .F.);
#2689=ADVANCED_FACE('',(#502),#162,.F.);
#2690=ADVANCED_FACE('',(#503),#163,.T.);
#2691=ADVANCED_FACE('',(#504,#85),#2563,.T.);
#2692=ADVANCED_FACE('',(#505,#86),#2564,.F.);
#2693=ADVANCED_FACE('',(#506),#164,.F.);
#2694=ADVANCED_FACE('',(#507),#165,.T.);
#2695=ADVANCED_FACE('',(#508,#87),#2565,.T.);
#2696=ADVANCED_FACE('',(#509,#88),#2566,.F.);
#2697=ADVANCED_FACE('',(#510),#166,.F.);
#2698=ADVANCED_FACE('',(#511),#167,.T.);
#2699=ADVANCED_FACE('',(#512,#89),#2567,.T.);
#2700=ADVANCED_FACE('',(#513,#90),#2568,.F.);
#2701=ADVANCED_FACE('',(#514),#168,.F.);
#2702=ADVANCED_FACE('',(#515),#169,.T.);
#2703=ADVANCED_FACE('',(#516,#91),#2569,.T.);
#2704=ADVANCED_FACE('',(#517,#92),#2570,.F.);
#2705=ADVANCED_FACE('',(#518),#170,.F.);
#2706=ADVANCED_FACE('',(#519),#171,.F.);
#2707=ADVANCED_FACE('',(#520),#2571,.F.);
#2708=ADVANCED_FACE('',(#521),#172,.T.);
#2709=ADVANCED_FACE('',(#522),#2572,.F.);
#2710=ADVANCED_FACE('',(#523),#173,.F.);
#2711=ADVANCED_FACE('',(#524),#174,.F.);
#2712=ADVANCED_FACE('',(#525),#175,.F.);
#2713=ADVANCED_FACE('',(#526),#176,.F.);
#2714=ADVANCED_FACE('',(#527),#2573,.F.);
#2715=ADVANCED_FACE('',(#528),#177,.T.);
#2716=ADVANCED_FACE('',(#529),#2574,.F.);
#2717=ADVANCED_FACE('',(#530),#178,.F.);
#2718=ADVANCED_FACE('',(#531),#179,.F.);
#2719=ADVANCED_FACE('',(#532),#180,.F.);
#2720=ADVANCED_FACE('',(#533),#2575,.F.);
#2721=ADVANCED_FACE('',(#534),#181,.T.);
#2722=ADVANCED_FACE('',(#535),#2576,.F.);
#2723=ADVANCED_FACE('',(#536),#182,.F.);
#2724=ADVANCED_FACE('',(#537),#183,.F.);
#2725=ADVANCED_FACE('',(#538),#2577,.F.);
#2726=ADVANCED_FACE('',(#539),#184,.T.);
#2727=ADVANCED_FACE('',(#540),#2578,.F.);
#2728=ADVANCED_FACE('',(#541),#185,.F.);
#2729=ADVANCED_FACE('',(#542,#93,#94,#95,#96),#2579,.F.);
#2730=ADVANCED_FACE('',(#543),#186,.T.);
#2731=ADVANCED_FACE('',(#544,#97,#98,#99,#100),#2580,.T.);
#2732=CLOSED_SHELL('',(#2581,#2582,#2583,#2584,#2585,#2586,#2587,#2588,
#2589));
#2733=CLOSED_SHELL('',(#2590,#2591,#2592,#2593,#2594,#2595,#2596,#2597,
#2598,#2599,#2600,#2601,#2602,#2603,#2604,#2605));
#2734=CLOSED_SHELL('',(#2606,#2607,#2608));
#2735=CLOSED_SHELL('',(#2609,#2610,#2611));
#2736=CLOSED_SHELL('',(#2612,#2613,#2614,#2615,#2616,#2617,#2618,#2619,
#2620,#2621,#2622,#2623,#2624,#2625,#2626,#2627,#2628,#2629,#2630,#2631,
#2632,#2633,#2634,#2635,#2636,#2637,#2638,#2639,#2640,#2641,#2642,#2643,
#2644,#2645,#2646));
#2737=CLOSED_SHELL('',(#2647,#2648,#2649,#2650));
#2738=CLOSED_SHELL('',(#2651,#2652,#2653,#2654));
#2739=CLOSED_SHELL('',(#2655,#2656,#2657,#2658,#2659,#2660,#2661,#2662,
#2663,#2664,#2665,#2666,#2667,#2668,#2669,#2670,#2671,#2672,#2673,#2674,
#2675,#2676,#2677,#2678,#2679,#2680,#2681,#2682,#2683,#2684,#2685,#2686,
#2687,#2688));
#2740=CLOSED_SHELL('',(#2689,#2690,#2691,#2692));
#2741=CLOSED_SHELL('',(#2693,#2694,#2695,#2696));
#2742=CLOSED_SHELL('',(#2697,#2698,#2699,#2700));
#2743=CLOSED_SHELL('',(#2701,#2702,#2703,#2704));
#2744=CLOSED_SHELL('',(#2705,#2706,#2707,#2708,#2709,#2710,#2711,#2712,
#2713,#2714,#2715,#2716,#2717,#2718,#2719,#2720,#2721,#2722,#2723,#2724,
#2725,#2726,#2727,#2728,#2729,#2730,#2731));
#2745=DERIVED_UNIT_ELEMENT(#2753,1.);
#2746=DERIVED_UNIT_ELEMENT(#4794,-3.);
#2747=DERIVED_UNIT_ELEMENT(#2753,1.);
#2748=DERIVED_UNIT_ELEMENT(#4794,-3.);
#2749=DERIVED_UNIT_ELEMENT(#2753,1.);
#2750=DERIVED_UNIT_ELEMENT(#4794,-3.);
#2751=DERIVED_UNIT_ELEMENT(#2753,1.);
#2752=DERIVED_UNIT_ELEMENT(#4794,-3.);
#2753=(
MASS_UNIT()
NAMED_UNIT(*)
SI_UNIT(.KILO.,.GRAM.)
);
#2754=DERIVED_UNIT((#2745,#2746));
#2755=DERIVED_UNIT((#2747,#2748));
#2756=DERIVED_UNIT((#2749,#2750));
#2757=DERIVED_UNIT((#2751,#2752));
#2758=MEASURE_REPRESENTATION_ITEM('density measure',
POSITIVE_RATIO_MEASURE(7850.),#2754);
#2759=MEASURE_REPRESENTATION_ITEM('density measure',
POSITIVE_RATIO_MEASURE(7850.),#2755);
#2760=MEASURE_REPRESENTATION_ITEM('density measure',
POSITIVE_RATIO_MEASURE(7850.),#2756);
#2761=MEASURE_REPRESENTATION_ITEM('density measure',
POSITIVE_RATIO_MEASURE(7850.),#2757);
#2762=PROPERTY_DEFINITION_REPRESENTATION(#2782,#2770);
#2763=PROPERTY_DEFINITION_REPRESENTATION(#2783,#2771);
#2764=PROPERTY_DEFINITION_REPRESENTATION(#2784,#2772);
#2765=PROPERTY_DEFINITION_REPRESENTATION(#2785,#2773);
#2766=PROPERTY_DEFINITION_REPRESENTATION(#2786,#2774);
#2767=PROPERTY_DEFINITION_REPRESENTATION(#2787,#2775);
#2768=PROPERTY_DEFINITION_REPRESENTATION(#2788,#2776);
#2769=PROPERTY_DEFINITION_REPRESENTATION(#2789,#2777);
#2770=REPRESENTATION('material name',(#2778),#4788);
#2771=REPRESENTATION('density',(#2758),#4788);
#2772=REPRESENTATION('material name',(#2779),#4789);
#2773=REPRESENTATION('density',(#2759),#4789);
#2774=REPRESENTATION('material name',(#2780),#4790);
#2775=REPRESENTATION('density',(#2760),#4790);
#2776=REPRESENTATION('material name',(#2781),#4791);
#2777=REPRESENTATION('density',(#2761),#4791);
#2778=DESCRIPTIVE_REPRESENTATION_ITEM('\X2\92FC\X0\','\X2\92FC\X0\');
#2779=DESCRIPTIVE_REPRESENTATION_ITEM('\X2\92FC\X0\','\X2\92FC\X0\');
#2780=DESCRIPTIVE_REPRESENTATION_ITEM('\X2\92FC\X0\','\X2\92FC\X0\');
#2781=DESCRIPTIVE_REPRESENTATION_ITEM('\X2\92FC\X0\','\X2\92FC\X0\');
#2782=PROPERTY_DEFINITION('material property','material name',#4822);
#2783=PROPERTY_DEFINITION('material property','density of part',#4822);
#2784=PROPERTY_DEFINITION('material property','material name',#4823);
#2785=PROPERTY_DEFINITION('material property','density of part',#4823);
#2786=PROPERTY_DEFINITION('material property','material name',#4824);
#2787=PROPERTY_DEFINITION('material property','density of part',#4824);
#2788=PROPERTY_DEFINITION('material property','material name',#4825);
#2789=PROPERTY_DEFINITION('material property','density of part',#4825);
#2790=AXIS2_PLACEMENT_3D('',#3998,#3126,#3127);
#2791=AXIS2_PLACEMENT_3D('',#3999,#3128,#3129);
#2792=AXIS2_PLACEMENT_3D('',#4000,#3130,#3131);
#2793=AXIS2_PLACEMENT_3D('',#4009,#3136,#3137);
#2794=AXIS2_PLACEMENT_3D('',#4015,#3141,#3142);
#2795=AXIS2_PLACEMENT_3D('',#4019,#3145,#3146);
#2796=AXIS2_PLACEMENT_3D('',#4027,#3151,#3152);
#2797=AXIS2_PLACEMENT_3D('',#4033,#3156,#3157);
#2798=AXIS2_PLACEMENT_3D('',#4039,#3161,#3162);
#2799=AXIS2_PLACEMENT_3D('',#4042,#3165,#3166);
#2800=AXIS2_PLACEMENT_3D('',#4043,#3167,#3168);
#2801=AXIS2_PLACEMENT_3D('',#4044,#3169,#3170);
#2802=AXIS2_PLACEMENT_3D('',#4045,#3171,#3172);
#2803=AXIS2_PLACEMENT_3D('',#4048,#3173,#3174);
#2804=AXIS2_PLACEMENT_3D('',#4050,#3175,#3176);
#2805=AXIS2_PLACEMENT_3D('',#4051,#3177,#3178);
#2806=AXIS2_PLACEMENT_3D('',#4052,#3179,#3180);
#2807=AXIS2_PLACEMENT_3D('',#4055,#3181,#3182);
#2808=AXIS2_PLACEMENT_3D('',#4058,#3185,#3186);
#2809=AXIS2_PLACEMENT_3D('',#4061,#3187,#3188);
#2810=AXIS2_PLACEMENT_3D('',#4064,#3191,#3192);
#2811=AXIS2_PLACEMENT_3D('',#4067,#3193,#3194);
#2812=AXIS2_PLACEMENT_3D('',#4070,#3197,#3198);
#2813=AXIS2_PLACEMENT_3D('',#4082,#3205,#3206);
#2814=AXIS2_PLACEMENT_3D('',#4085,#3208,#3209);
#2815=AXIS2_PLACEMENT_3D('',#4086,#3210,#3211);
#2816=AXIS2_PLACEMENT_3D('',#4094,#3216,#3217);
#2817=AXIS2_PLACEMENT_3D('',#4097,#3219,#3220);
#2818=AXIS2_PLACEMENT_3D('',#4098,#3221,#3222);
#2819=AXIS2_PLACEMENT_3D('',#4100,#3223,#3224);
#2820=AXIS2_PLACEMENT_3D('',#4103,#3226,#3227);
#2821=AXIS2_PLACEMENT_3D('',#4104,#3228,#3229);
#2822=AXIS2_PLACEMENT_3D('',#4106,#3230,#3231);
#2823=AXIS2_PLACEMENT_3D('',#4109,#3233,#3234);
#2824=AXIS2_PLACEMENT_3D('',#4110,#3235,#3236);
#2825=AXIS2_PLACEMENT_3D('',#4114,#3239,#3240);
#2826=AXIS2_PLACEMENT_3D('',#4118,#3243,#3244);
#2827=AXIS2_PLACEMENT_3D('',#4120,#3246,#3247);
#2828=AXIS2_PLACEMENT_3D('',#4123,#3250,#3251);
#2829=AXIS2_PLACEMENT_3D('',#4124,#3252,#3253);
#2830=AXIS2_PLACEMENT_3D('',#4125,#3254,#3255);
#2831=AXIS2_PLACEMENT_3D('',#4126,#3256,#3257);
#2832=AXIS2_PLACEMENT_3D('',#4128,#3258,#3259);
#2833=AXIS2_PLACEMENT_3D('',#4131,#3261,#3262);
#2834=AXIS2_PLACEMENT_3D('',#4132,#3263,#3264);
#2835=AXIS2_PLACEMENT_3D('',#4133,#3265,#3266);
#2836=AXIS2_PLACEMENT_3D('',#4134,#3267,#3268);
#2837=AXIS2_PLACEMENT_3D('',#4136,#3269,#3270);
#2838=AXIS2_PLACEMENT_3D('',#4139,#3272,#3273);
#2839=AXIS2_PLACEMENT_3D('',#4140,#3274,#3275);
#2840=AXIS2_PLACEMENT_3D('',#4141,#3276,#3277);
#2841=AXIS2_PLACEMENT_3D('',#4142,#3278,#3279);
#2842=AXIS2_PLACEMENT_3D('',#4151,#3284,#3285);
#2843=AXIS2_PLACEMENT_3D('',#4153,#3286,#3287);
#2844=AXIS2_PLACEMENT_3D('',#4155,#3288,#3289);
#2845=AXIS2_PLACEMENT_3D('',#4157,#3291,#3292);
#2846=AXIS2_PLACEMENT_3D('',#4163,#3296,#3297);
#2847=AXIS2_PLACEMENT_3D('',#4164,#3298,#3299);
#2848=AXIS2_PLACEMENT_3D('',#4165,#3300,#3301);
#2849=AXIS2_PLACEMENT_3D('',#4166,#3302,#3303);
#2850=AXIS2_PLACEMENT_3D('',#4175,#3308,#3309);
#2851=AXIS2_PLACEMENT_3D('',#4177,#3310,#3311);
#2852=AXIS2_PLACEMENT_3D('',#4179,#3312,#3313);
#2853=AXIS2_PLACEMENT_3D('',#4181,#3315,#3316);
#2854=AXIS2_PLACEMENT_3D('',#4187,#3320,#3321);
#2855=AXIS2_PLACEMENT_3D('',#4188,#3322,#3323);
#2856=AXIS2_PLACEMENT_3D('',#4189,#3324,#3325);
#2857=AXIS2_PLACEMENT_3D('',#4190,#3326,#3327);
#2858=AXIS2_PLACEMENT_3D('',#4199,#3332,#3333);
#2859=AXIS2_PLACEMENT_3D('',#4201,#3334,#3335);
#2860=AXIS2_PLACEMENT_3D('',#4203,#3336,#3337);
#2861=AXIS2_PLACEMENT_3D('',#4205,#3339,#3340);
#2862=AXIS2_PLACEMENT_3D('',#4211,#3344,#3345);
#2863=AXIS2_PLACEMENT_3D('',#4212,#3346,#3347);
#2864=AXIS2_PLACEMENT_3D('',#4213,#3348,#3349);
#2865=AXIS2_PLACEMENT_3D('',#4214,#3350,#3351);
#2866=AXIS2_PLACEMENT_3D('',#4223,#3356,#3357);
#2867=AXIS2_PLACEMENT_3D('',#4225,#3358,#3359);
#2868=AXIS2_PLACEMENT_3D('',#4227,#3360,#3361);
#2869=AXIS2_PLACEMENT_3D('',#4229,#3363,#3364);
#2870=AXIS2_PLACEMENT_3D('',#4235,#3368,#3369);
#2871=AXIS2_PLACEMENT_3D('',#4236,#3370,#3371);
#2872=AXIS2_PLACEMENT_3D('',#4237,#3372,#3373);
#2873=AXIS2_PLACEMENT_3D('',#4238,#3374,#3375);
#2874=AXIS2_PLACEMENT_3D('',#4247,#3380,#3381);
#2875=AXIS2_PLACEMENT_3D('',#4249,#3382,#3383);
#2876=AXIS2_PLACEMENT_3D('',#4251,#3384,#3385);
#2877=AXIS2_PLACEMENT_3D('',#4253,#3387,#3388);
#2878=AXIS2_PLACEMENT_3D('',#4259,#3392,#3393);
#2879=AXIS2_PLACEMENT_3D('',#4260,#3394,#3395);
#2880=AXIS2_PLACEMENT_3D('',#4261,#3396,#3397);
#2881=AXIS2_PLACEMENT_3D('',#4262,#3398,#3399);
#2882=AXIS2_PLACEMENT_3D('',#4265,#3400,#3401);
#2883=AXIS2_PLACEMENT_3D('',#4269,#3403,#3404);
#2884=AXIS2_PLACEMENT_3D('',#4271,#3406,#3407);
#2885=AXIS2_PLACEMENT_3D('',#4277,#3411,#3412);
#2886=AXIS2_PLACEMENT_3D('',#4279,#3413,#3414);
#2887=AXIS2_PLACEMENT_3D('',#4281,#3415,#3416);
#2888=AXIS2_PLACEMENT_3D('',#4283,#3418,#3419);
#2889=AXIS2_PLACEMENT_3D('',#4286,#3422,#3423);
#2890=AXIS2_PLACEMENT_3D('',#4288,#3424,#3425);
#2891=AXIS2_PLACEMENT_3D('',#4291,#3427,#3428);
#2892=AXIS2_PLACEMENT_3D('',#4292,#3429,#3430);
#2893=AXIS2_PLACEMENT_3D('',#4295,#3431,#3432);
#2894=AXIS2_PLACEMENT_3D('',#4299,#3434,#3435);
#2895=AXIS2_PLACEMENT_3D('',#4301,#3437,#3438);
#2896=AXIS2_PLACEMENT_3D('',#4303,#3439,#3440);
#2897=AXIS2_PLACEMENT_3D('',#4305,#3441,#3442);
#2898=AXIS2_PLACEMENT_3D('',#4307,#3444,#3445);
#2899=AXIS2_PLACEMENT_3D('',#4309,#3446,#3447);
#2900=AXIS2_PLACEMENT_3D('',#4311,#3448,#3449);
#2901=AXIS2_PLACEMENT_3D('',#4313,#3451,#3452);
#2902=AXIS2_PLACEMENT_3D('',#4315,#3453,#3454);
#2903=AXIS2_PLACEMENT_3D('',#4317,#3455,#3456);
#2904=AXIS2_PLACEMENT_3D('',#4319,#3458,#3459);
#2905=AXIS2_PLACEMENT_3D('',#4321,#3460,#3461);
#2906=AXIS2_PLACEMENT_3D('',#4323,#3462,#3463);
#2907=AXIS2_PLACEMENT_3D('',#4325,#3465,#3466);
#2908=AXIS2_PLACEMENT_3D('',#4327,#3467,#3468);
#2909=AXIS2_PLACEMENT_3D('',#4329,#3469,#3470);
#2910=AXIS2_PLACEMENT_3D('',#4331,#3472,#3473);
#2911=AXIS2_PLACEMENT_3D('',#4333,#3474,#3475);
#2912=AXIS2_PLACEMENT_3D('',#4335,#3476,#3477);
#2913=AXIS2_PLACEMENT_3D('',#4337,#3479,#3480);
#2914=AXIS2_PLACEMENT_3D('',#4338,#3481,#3482);
#2915=AXIS2_PLACEMENT_3D('',#4339,#3483,#3484);
#2916=AXIS2_PLACEMENT_3D('',#4340,#3485,#3486);
#2917=AXIS2_PLACEMENT_3D('',#4341,#3487,#3488);
#2918=AXIS2_PLACEMENT_3D('',#4342,#3489,#3490);
#2919=AXIS2_PLACEMENT_3D('',#4344,#3491,#3492);
#2920=AXIS2_PLACEMENT_3D('',#4347,#3494,#3495);
#2921=AXIS2_PLACEMENT_3D('',#4348,#3496,#3497);
#2922=AXIS2_PLACEMENT_3D('',#4350,#3498,#3499);
#2923=AXIS2_PLACEMENT_3D('',#4353,#3501,#3502);
#2924=AXIS2_PLACEMENT_3D('',#4354,#3503,#3504);
#2925=AXIS2_PLACEMENT_3D('',#4355,#3505,#3506);
#2926=AXIS2_PLACEMENT_3D('',#4356,#3507,#3508);
#2927=AXIS2_PLACEMENT_3D('',#4358,#3509,#3510);
#2928=AXIS2_PLACEMENT_3D('',#4361,#3512,#3513);
#2929=AXIS2_PLACEMENT_3D('',#4362,#3514,#3515);
#2930=AXIS2_PLACEMENT_3D('',#4364,#3516,#3517);
#2931=AXIS2_PLACEMENT_3D('',#4367,#3519,#3520);
#2932=AXIS2_PLACEMENT_3D('',#4368,#3521,#3522);
#2933=AXIS2_PLACEMENT_3D('',#4369,#3523,#3524);
#2934=AXIS2_PLACEMENT_3D('',#4370,#3525,#3526);
#2935=AXIS2_PLACEMENT_3D('',#4372,#3527,#3528);
#2936=AXIS2_PLACEMENT_3D('',#4375,#3530,#3531);
#2937=AXIS2_PLACEMENT_3D('',#4376,#3532,#3533);
#2938=AXIS2_PLACEMENT_3D('',#4378,#3534,#3535);
#2939=AXIS2_PLACEMENT_3D('',#4381,#3537,#3538);
#2940=AXIS2_PLACEMENT_3D('',#4382,#3539,#3540);
#2941=AXIS2_PLACEMENT_3D('',#4384,#3541,#3542);
#2942=AXIS2_PLACEMENT_3D('',#4387,#3544,#3545);
#2943=AXIS2_PLACEMENT_3D('',#4388,#3546,#3547);
#2944=AXIS2_PLACEMENT_3D('',#4390,#3548,#3549);
#2945=AXIS2_PLACEMENT_3D('',#4393,#3551,#3552);
#2946=AXIS2_PLACEMENT_3D('',#4394,#3553,#3554);
#2947=AXIS2_PLACEMENT_3D('',#4396,#3555,#3556);
#2948=AXIS2_PLACEMENT_3D('',#4399,#3558,#3559);
#2949=AXIS2_PLACEMENT_3D('',#4400,#3560,#3561);
#2950=AXIS2_PLACEMENT_3D('',#4403,#3562,#3563);
#2951=AXIS2_PLACEMENT_3D('',#4407,#3565,#3566);
#2952=AXIS2_PLACEMENT_3D('',#4409,#3568,#3569);
#2953=AXIS2_PLACEMENT_3D('',#4411,#3570,#3571);
#2954=AXIS2_PLACEMENT_3D('',#4413,#3572,#3573);
#2955=AXIS2_PLACEMENT_3D('',#4415,#3575,#3576);
#2956=AXIS2_PLACEMENT_3D('',#4417,#3577,#3578);
#2957=AXIS2_PLACEMENT_3D('',#4419,#3579,#3580);
#2958=AXIS2_PLACEMENT_3D('',#4421,#3582,#3583);
#2959=AXIS2_PLACEMENT_3D('',#4423,#3584,#3585);
#2960=AXIS2_PLACEMENT_3D('',#4425,#3586,#3587);
#2961=AXIS2_PLACEMENT_3D('',#4427,#3589,#3590);
#2962=AXIS2_PLACEMENT_3D('',#4429,#3591,#3592);
#2963=AXIS2_PLACEMENT_3D('',#4431,#3593,#3594);
#2964=AXIS2_PLACEMENT_3D('',#4433,#3596,#3597);
#2965=AXIS2_PLACEMENT_3D('',#4435,#3598,#3599);
#2966=AXIS2_PLACEMENT_3D('',#4437,#3600,#3601);
#2967=AXIS2_PLACEMENT_3D('',#4439,#3603,#3604);
#2968=AXIS2_PLACEMENT_3D('',#4441,#3605,#3606);
#2969=AXIS2_PLACEMENT_3D('',#4443,#3607,#3608);
#2970=AXIS2_PLACEMENT_3D('',#4445,#3610,#3611);
#2971=AXIS2_PLACEMENT_3D('',#4447,#3612,#3613);
#2972=AXIS2_PLACEMENT_3D('',#4449,#3614,#3615);
#2973=AXIS2_PLACEMENT_3D('',#4451,#3617,#3618);
#2974=AXIS2_PLACEMENT_3D('',#4453,#3619,#3620);
#2975=AXIS2_PLACEMENT_3D('',#4455,#3621,#3622);
#2976=AXIS2_PLACEMENT_3D('',#4457,#3624,#3625);
#2977=AXIS2_PLACEMENT_3D('',#4459,#3626,#3627);
#2978=AXIS2_PLACEMENT_3D('',#4461,#3628,#3629);
#2979=AXIS2_PLACEMENT_3D('',#4463,#3631,#3632);
#2980=AXIS2_PLACEMENT_3D('',#4465,#3633,#3634);
#2981=AXIS2_PLACEMENT_3D('',#4467,#3635,#3636);
#2982=AXIS2_PLACEMENT_3D('',#4469,#3638,#3639);
#2983=AXIS2_PLACEMENT_3D('',#4471,#3640,#3641);
#2984=AXIS2_PLACEMENT_3D('',#4473,#3642,#3643);
#2985=AXIS2_PLACEMENT_3D('',#4475,#3645,#3646);
#2986=AXIS2_PLACEMENT_3D('',#4477,#3647,#3648);
#2987=AXIS2_PLACEMENT_3D('',#4479,#3649,#3650);
#2988=AXIS2_PLACEMENT_3D('',#4481,#3652,#3653);
#2989=AXIS2_PLACEMENT_3D('',#4483,#3654,#3655);
#2990=AXIS2_PLACEMENT_3D('',#4485,#3656,#3657);
#2991=AXIS2_PLACEMENT_3D('',#4487,#3659,#3660);
#2992=AXIS2_PLACEMENT_3D('',#4489,#3661,#3662);
#2993=AXIS2_PLACEMENT_3D('',#4491,#3663,#3664);
#2994=AXIS2_PLACEMENT_3D('',#4493,#3666,#3667);
#2995=AXIS2_PLACEMENT_3D('',#4494,#3668,#3669);
#2996=AXIS2_PLACEMENT_3D('',#4495,#3670,#3671);
#2997=AXIS2_PLACEMENT_3D('',#4496,#3672,#3673);
#2998=AXIS2_PLACEMENT_3D('',#4498,#3674,#3675);
#2999=AXIS2_PLACEMENT_3D('',#4501,#3677,#3678);
#3000=AXIS2_PLACEMENT_3D('',#4502,#3679,#3680);
#3001=AXIS2_PLACEMENT_3D('',#4504,#3681,#3682);
#3002=AXIS2_PLACEMENT_3D('',#4507,#3684,#3685);
#3003=AXIS2_PLACEMENT_3D('',#4508,#3686,#3687);
#3004=AXIS2_PLACEMENT_3D('',#4510,#3688,#3689);
#3005=AXIS2_PLACEMENT_3D('',#4513,#3691,#3692);
#3006=AXIS2_PLACEMENT_3D('',#4514,#3693,#3694);
#3007=AXIS2_PLACEMENT_3D('',#4523,#3699,#3700);
#3008=AXIS2_PLACEMENT_3D('',#4525,#3701,#3702);
#3009=AXIS2_PLACEMENT_3D('',#4527,#3703,#3704);
#3010=AXIS2_PLACEMENT_3D('',#4529,#3706,#3707);
#3011=AXIS2_PLACEMENT_3D('',#4535,#3711,#3712);
#3012=AXIS2_PLACEMENT_3D('',#4537,#3713,#3714);
#3013=AXIS2_PLACEMENT_3D('',#4539,#3715,#3716);
#3014=AXIS2_PLACEMENT_3D('',#4541,#3718,#3719);
#3015=AXIS2_PLACEMENT_3D('',#4547,#3723,#3724);
#3016=AXIS2_PLACEMENT_3D('',#4549,#3725,#3726);
#3017=AXIS2_PLACEMENT_3D('',#4551,#3727,#3728);
#3018=AXIS2_PLACEMENT_3D('',#4553,#3730,#3731);
#3019=AXIS2_PLACEMENT_3D('',#4559,#3735,#3736);
#3020=AXIS2_PLACEMENT_3D('',#4560,#3737,#3738);
#3021=AXIS2_PLACEMENT_3D('',#4561,#3739,#3740);
#3022=AXIS2_PLACEMENT_3D('',#4562,#3741,#3742);
#3023=AXIS2_PLACEMENT_3D('',#4563,#3743,#3744);
#3024=AXIS2_PLACEMENT_3D('',#4564,#3745,#3746);
#3025=AXIS2_PLACEMENT_3D('',#4566,#3747,#3748);
#3026=AXIS2_PLACEMENT_3D('',#4569,#3750,#3751);
#3027=AXIS2_PLACEMENT_3D('',#4570,#3752,#3753);
#3028=AXIS2_PLACEMENT_3D('',#4572,#3754,#3755);
#3029=AXIS2_PLACEMENT_3D('',#4575,#3757,#3758);
#3030=AXIS2_PLACEMENT_3D('',#4576,#3759,#3760);
#3031=AXIS2_PLACEMENT_3D('',#4577,#3761,#3762);
#3032=AXIS2_PLACEMENT_3D('',#4578,#3763,#3764);
#3033=AXIS2_PLACEMENT_3D('',#4580,#3765,#3766);
#3034=AXIS2_PLACEMENT_3D('',#4583,#3768,#3769);
#3035=AXIS2_PLACEMENT_3D('',#4584,#3770,#3771);
#3036=AXIS2_PLACEMENT_3D('',#4586,#3772,#3773);
#3037=AXIS2_PLACEMENT_3D('',#4589,#3775,#3776);
#3038=AXIS2_PLACEMENT_3D('',#4590,#3777,#3778);
#3039=AXIS2_PLACEMENT_3D('',#4591,#3779,#3780);
#3040=AXIS2_PLACEMENT_3D('',#4592,#3781,#3782);
#3041=AXIS2_PLACEMENT_3D('',#4594,#3783,#3784);
#3042=AXIS2_PLACEMENT_3D('',#4597,#3786,#3787);
#3043=AXIS2_PLACEMENT_3D('',#4598,#3788,#3789);
#3044=AXIS2_PLACEMENT_3D('',#4600,#3790,#3791);
#3045=AXIS2_PLACEMENT_3D('',#4603,#3793,#3794);
#3046=AXIS2_PLACEMENT_3D('',#4604,#3795,#3796);
#3047=AXIS2_PLACEMENT_3D('',#4605,#3797,#3798);
#3048=AXIS2_PLACEMENT_3D('',#4606,#3799,#3800);
#3049=AXIS2_PLACEMENT_3D('',#4608,#3801,#3802);
#3050=AXIS2_PLACEMENT_3D('',#4611,#3804,#3805);
#3051=AXIS2_PLACEMENT_3D('',#4612,#3806,#3807);
#3052=AXIS2_PLACEMENT_3D('',#4614,#3808,#3809);
#3053=AXIS2_PLACEMENT_3D('',#4617,#3811,#3812);
#3054=AXIS2_PLACEMENT_3D('',#4618,#3813,#3814);
#3055=AXIS2_PLACEMENT_3D('',#4619,#3815,#3816);
#3056=AXIS2_PLACEMENT_3D('',#4620,#3817,#3818);
#3057=AXIS2_PLACEMENT_3D('',#4621,#3819,#3820);
#3058=AXIS2_PLACEMENT_3D('',#4624,#3821,#3822);
#3059=AXIS2_PLACEMENT_3D('',#4628,#3824,#3825);
#3060=AXIS2_PLACEMENT_3D('',#4630,#3827,#3828);
#3061=AXIS2_PLACEMENT_3D('',#4632,#3829,#3830);
#3062=AXIS2_PLACEMENT_3D('',#4635,#3832,#3833);
#3063=AXIS2_PLACEMENT_3D('',#4636,#3834,#3835);
#3064=AXIS2_PLACEMENT_3D('',#4642,#3839,#3840);
#3065=AXIS2_PLACEMENT_3D('',#4644,#3841,#3842);
#3066=AXIS2_PLACEMENT_3D('',#4647,#3844,#3845);
#3067=AXIS2_PLACEMENT_3D('',#4648,#3846,#3847);
#3068=AXIS2_PLACEMENT_3D('',#4654,#3851,#3852);
#3069=AXIS2_PLACEMENT_3D('',#4655,#3853,#3854);
#3070=AXIS2_PLACEMENT_3D('',#4656,#3855,#3856);
#3071=AXIS2_PLACEMENT_3D('',#4657,#3857,#3858);
#3072=AXIS2_PLACEMENT_3D('',#4660,#3859,#3860);
#3073=AXIS2_PLACEMENT_3D('',#4664,#3862,#3863);
#3074=AXIS2_PLACEMENT_3D('',#4666,#3865,#3866);
#3075=AXIS2_PLACEMENT_3D('',#4668,#3867,#3868);
#3076=AXIS2_PLACEMENT_3D('',#4671,#3870,#3871);
#3077=AXIS2_PLACEMENT_3D('',#4672,#3872,#3873);
#3078=AXIS2_PLACEMENT_3D('',#4674,#3874,#3875);
#3079=AXIS2_PLACEMENT_3D('',#4677,#3877,#3878);
#3080=AXIS2_PLACEMENT_3D('',#4678,#3879,#3880);
#3081=AXIS2_PLACEMENT_3D('',#4684,#3884,#3885);
#3082=AXIS2_PLACEMENT_3D('',#4686,#3886,#3887);
#3083=AXIS2_PLACEMENT_3D('',#4689,#3889,#3890);
#3084=AXIS2_PLACEMENT_3D('',#4690,#3891,#3892);
#3085=AXIS2_PLACEMENT_3D('',#4693,#3895,#3896);
#3086=AXIS2_PLACEMENT_3D('',#4696,#3897,#3898);
#3087=AXIS2_PLACEMENT_3D('',#4700,#3900,#3901);
#3088=AXIS2_PLACEMENT_3D('',#4702,#3903,#3904);
#3089=AXIS2_PLACEMENT_3D('',#4704,#3905,#3906);
#3090=AXIS2_PLACEMENT_3D('',#4707,#3908,#3909);
#3091=AXIS2_PLACEMENT_3D('',#4708,#3910,#3911);
#3092=AXIS2_PLACEMENT_3D('',#4710,#3912,#3913);
#3093=AXIS2_PLACEMENT_3D('',#4713,#3915,#3916);
#3094=AXIS2_PLACEMENT_3D('',#4714,#3917,#3918);
#3095=AXIS2_PLACEMENT_3D('',#4720,#3922,#3923);
#3096=AXIS2_PLACEMENT_3D('',#4722,#3924,#3925);
#3097=AXIS2_PLACEMENT_3D('',#4725,#3927,#3928);
#3098=AXIS2_PLACEMENT_3D('',#4726,#3929,#3930);
#3099=AXIS2_PLACEMENT_3D('',#4729,#3933,#3934);
#3100=AXIS2_PLACEMENT_3D('',#4732,#3935,#3936);
#3101=AXIS2_PLACEMENT_3D('',#4736,#3938,#3939);
#3102=AXIS2_PLACEMENT_3D('',#4738,#3941,#3942);
#3103=AXIS2_PLACEMENT_3D('',#4740,#3943,#3944);
#3104=AXIS2_PLACEMENT_3D('',#4743,#3946,#3947);
#3105=AXIS2_PLACEMENT_3D('',#4744,#3948,#3949);
#3106=AXIS2_PLACEMENT_3D('',#4750,#3953,#3954);
#3107=AXIS2_PLACEMENT_3D('',#4752,#3955,#3956);
#3108=AXIS2_PLACEMENT_3D('',#4755,#3958,#3959);
#3109=AXIS2_PLACEMENT_3D('',#4756,#3960,#3961);
#3110=AXIS2_PLACEMENT_3D('',#4762,#3965,#3966);
#3111=AXIS2_PLACEMENT_3D('',#4763,#3967,#3968);
#3112=AXIS2_PLACEMENT_3D('',#4764,#3969,#3970);
#3113=AXIS2_PLACEMENT_3D('',#4765,#3971,#3972);
#3114=AXIS2_PLACEMENT_3D('',#4767,#3973,#3974);
#3115=AXIS2_PLACEMENT_3D('',#4768,#3975,#3976);
#3116=AXIS2_PLACEMENT_3D('',#4771,#3978,#3979);
#3117=AXIS2_PLACEMENT_3D('',#4772,#3980,#3981);
#3118=AXIS2_PLACEMENT_3D('',#4773,#3982,#3983);
#3119=AXIS2_PLACEMENT_3D('',#4774,#3984,#3985);
#3120=AXIS2_PLACEMENT_3D('',#4775,#3986,#3987);
#3121=AXIS2_PLACEMENT_3D('',#4776,#3988,#3989);
#3122=AXIS2_PLACEMENT_3D('',#4777,#3990,#3991);
#3123=AXIS2_PLACEMENT_3D('',#4778,#3992,#3993);
#3124=AXIS2_PLACEMENT_3D('',#4779,#3994,#3995);
#3125=AXIS2_PLACEMENT_3D('',#4780,#3996,#3997);
#3126=DIRECTION('axis',(0.,0.,1.));
#3127=DIRECTION('refdir',(1.,0.,0.));
#3128=DIRECTION('axis',(0.,0.,1.));
#3129=DIRECTION('refdir',(1.,0.,0.));
#3130=DIRECTION('center_axis',(0.,0.,-1.));
#3131=DIRECTION('ref_axis',(-1.,0.,0.));
#3132=DIRECTION('',(1.,0.,0.));
#3133=DIRECTION('',(0.,-1.,0.));
#3134=DIRECTION('',(1.,0.,0.));
#3135=DIRECTION('',(0.,1.,0.));
#3136=DIRECTION('center_axis',(1.,0.,0.));
#3137=DIRECTION('ref_axis',(0.,0.,-1.));
#3138=DIRECTION('',(0.,0.,1.));
#3139=DIRECTION('',(0.,-1.,0.));
#3140=DIRECTION('',(0.,0.,1.));
#3141=DIRECTION('center_axis',(0.,1.,0.));
#3142=DIRECTION('ref_axis',(1.,0.,0.));
#3143=DIRECTION('',(0.,0.,-1.));
#3144=DIRECTION('',(-1.,0.,0.));
#3145=DIRECTION('center_axis',(0.,0.,1.));
#3146=DIRECTION('ref_axis',(1.,0.,0.));
#3147=DIRECTION('',(0.,1.,0.));
#3148=DIRECTION('',(1.,0.,0.));
#3149=DIRECTION('',(0.,1.,0.));
#3150=DIRECTION('',(1.,0.,0.));
#3151=DIRECTION('center_axis',(-1.,0.,0.));
#3152=DIRECTION('ref_axis',(0.,0.,1.));
#3153=DIRECTION('',(0.,0.,1.));
#3154=DIRECTION('',(0.,1.,0.));
#3155=DIRECTION('',(0.,0.,1.));
#3156=DIRECTION('center_axis',(0.,0.,-1.));
#3157=DIRECTION('ref_axis',(-1.,0.,0.));
#3158=DIRECTION('',(-1.,0.,0.));
#3159=DIRECTION('',(-1.,0.,0.));
#3160=DIRECTION('',(0.,1.,0.));
#3161=DIRECTION('center_axis',(1.,0.,0.));
#3162=DIRECTION('ref_axis',(0.,0.,-1.));
#3163=DIRECTION('',(0.,0.,-1.));
#3164=DIRECTION('',(0.,0.,-1.));
#3165=DIRECTION('center_axis',(0.,1.,0.));
#3166=DIRECTION('ref_axis',(0.,0.,1.));
#3167=DIRECTION('center_axis',(0.,1.,0.));
#3168=DIRECTION('ref_axis',(1.,0.,0.));
#3169=DIRECTION('axis',(0.,0.,1.));
#3170=DIRECTION('refdir',(1.,0.,0.));
#3171=DIRECTION('center_axis',(-0.408248290463863,-0.816496580927726,0.408248290463863));
#3172=DIRECTION('ref_axis',(0.577350269189626,-0.577350269189626,-0.577350269189626));
#3173=DIRECTION('center_axis',(0.,-1.,0.));
#3174=DIRECTION('ref_axis',(1.,0.,0.));
#3175=DIRECTION('center_axis',(0.,0.,-1.));
#3176=DIRECTION('ref_axis',(0.,-1.,0.));
#3177=DIRECTION('center_axis',(1.,0.,0.));
#3178=DIRECTION('ref_axis',(0.,0.,-1.));
#3179=DIRECTION('center_axis',(0.,0.,-1.));
#3180=DIRECTION('ref_axis',(0.707106781186547,-0.707106781186547,0.));
#3181=DIRECTION('center_axis',(0.,0.,-1.));
#3182=DIRECTION('ref_axis',(0.707106781186547,-0.707106781186547,0.));
#3183=DIRECTION('',(0.,0.,-1.));
#3184=DIRECTION('',(0.,0.,1.));
#3185=DIRECTION('center_axis',(-1.,0.,0.));
#3186=DIRECTION('ref_axis',(0.,-0.707106781186547,-0.707106781186547));
#3187=DIRECTION('center_axis',(1.,0.,0.));
#3188=DIRECTION('ref_axis',(0.,-0.707106781186547,-0.707106781186547));
#3189=DIRECTION('',(1.,0.,0.));
#3190=DIRECTION('',(-1.,0.,0.));
#3191=DIRECTION('center_axis',(0.,1.,0.));
#3192=DIRECTION('ref_axis',(0.707106781186547,0.,-0.707106781186547));
#3193=DIRECTION('center_axis',(0.,-1.,0.));
#3194=DIRECTION('ref_axis',(0.707106781186547,0.,-0.707106781186547));
#3195=DIRECTION('',(0.,-1.,0.));
#3196=DIRECTION('',(0.,1.,0.));
#3197=DIRECTION('center_axis',(0.,1.,0.));
#3198=DIRECTION('ref_axis',(0.,0.,1.));
#3199=DIRECTION('',(-1.,0.,0.));
#3200=DIRECTION('',(0.,0.,1.));
#3201=DIRECTION('',(1.,0.,0.));
#3202=DIRECTION('',(0.,0.,1.));
#3203=DIRECTION('',(1.,0.,0.));
#3204=DIRECTION('',(0.,0.,-1.));
#3205=DIRECTION('center_axis',(0.,0.,-1.));
#3206=DIRECTION('ref_axis',(-1.,0.,0.));
#3207=DIRECTION('',(0.,1.,0.));
#3208=DIRECTION('center_axis',(0.,0.,1.));
#3209=DIRECTION('ref_axis',(1.,0.,0.));
#3210=DIRECTION('center_axis',(-1.,0.,0.));
#3211=DIRECTION('ref_axis',(0.,0.,1.));
#3212=DIRECTION('',(0.,0.,1.));
#3213=DIRECTION('',(0.,1.,0.));
#3214=DIRECTION('',(0.,0.,-1.));
#3215=DIRECTION('',(0.,1.,0.));
#3216=DIRECTION('center_axis',(0.,0.,1.));
#3217=DIRECTION('ref_axis',(1.,0.,0.));
#3218=DIRECTION('',(0.,0.,1.));
#3219=DIRECTION('center_axis',(0.,0.,-1.));
#3220=DIRECTION('ref_axis',(1.,0.,0.));
#3221=DIRECTION('center_axis',(-1.,0.,0.));
#3222=DIRECTION('ref_axis',(0.,1.,0.));
#3223=DIRECTION('center_axis',(-1.,0.,0.));
#3224=DIRECTION('ref_axis',(0.,1.,0.));
#3225=DIRECTION('',(-1.,0.,0.));
#3226=DIRECTION('center_axis',(1.,0.,0.));
#3227=DIRECTION('ref_axis',(0.,1.,0.));
#3228=DIRECTION('center_axis',(0.,1.,0.));
#3229=DIRECTION('ref_axis',(1.,0.,0.));
#3230=DIRECTION('center_axis',(0.,1.,0.));
#3231=DIRECTION('ref_axis',(1.,0.,0.));
#3232=DIRECTION('',(0.,1.,0.));
#3233=DIRECTION('center_axis',(0.,-1.,0.));
#3234=DIRECTION('ref_axis',(1.,0.,0.));
#3235=DIRECTION('center_axis',(0.,0.,-1.));
#3236=DIRECTION('ref_axis',(-1.,0.,0.));
#3237=DIRECTION('',(1.,0.,0.));
#3238=DIRECTION('',(0.,-1.,0.));
#3239=DIRECTION('center_axis',(1.,0.,0.));
#3240=DIRECTION('ref_axis',(0.,0.,-1.));
#3241=DIRECTION('',(0.,0.,1.));
#3242=DIRECTION('',(0.,-1.,0.));
#3243=DIRECTION('center_axis',(0.,1.,0.));
#3244=DIRECTION('ref_axis',(1.,0.,0.));
#3245=DIRECTION('',(-1.,0.,0.));
#3246=DIRECTION('center_axis',(0.,0.,1.));
#3247=DIRECTION('ref_axis',(1.,0.,0.));
#3248=DIRECTION('',(0.,1.,0.));
#3249=DIRECTION('',(1.,0.,0.));
#3250=DIRECTION('center_axis',(1.,0.,0.));
#3251=DIRECTION('ref_axis',(0.,0.,-1.));
#3252=DIRECTION('center_axis',(0.,1.,0.));
#3253=DIRECTION('ref_axis',(1.,0.,0.));
#3254=DIRECTION('axis',(0.,0.,1.));
#3255=DIRECTION('refdir',(1.,0.,0.));
#3256=DIRECTION('center_axis',(0.,1.,0.));
#3257=DIRECTION('ref_axis',(1.,0.,0.));
#3258=DIRECTION('center_axis',(0.,1.,0.));
#3259=DIRECTION('ref_axis',(1.,0.,0.));
#3260=DIRECTION('',(0.,-1.,0.));
#3261=DIRECTION('center_axis',(0.,1.,0.));
#3262=DIRECTION('ref_axis',(1.,0.,0.));
#3263=DIRECTION('center_axis',(0.,1.,0.));
#3264=DIRECTION('ref_axis',(1.,0.,0.));
#3265=DIRECTION('center_axis',(0.,1.,0.));
#3266=DIRECTION('ref_axis',(1.,0.,0.));
#3267=DIRECTION('center_axis',(0.,-1.,0.));
#3268=DIRECTION('ref_axis',(1.,0.,0.));
#3269=DIRECTION('center_axis',(0.,-1.,0.));
#3270=DIRECTION('ref_axis',(1.,0.,0.));
#3271=DIRECTION('',(0.,1.,0.));
#3272=DIRECTION('center_axis',(0.,1.,0.));
#3273=DIRECTION('ref_axis',(1.,0.,0.));
#3274=DIRECTION('center_axis',(0.,1.,0.));
#3275=DIRECTION('ref_axis',(1.,0.,0.));
#3276=DIRECTION('center_axis',(0.,1.,0.));
#3277=DIRECTION('ref_axis',(1.,0.,0.));
#3278=DIRECTION('center_axis',(-1.,9.12120421661791E-29,-5.55111512312576E-15));
#3279=DIRECTION('ref_axis',(5.55111512312576E-15,1.64313007644523E-14,-1.));
#3280=DIRECTION('',(5.55111512312576E-15,1.64313007644523E-14,-1.));
#3281=DIRECTION('',(0.,-1.,-1.64313007644523E-14));
#3282=DIRECTION('',(5.55111512312576E-15,1.64313007644523E-14,-1.));
#3283=DIRECTION('',(0.,-1.,-1.64313007644523E-14));
#3284=DIRECTION('center_axis',(0.,-1.,-1.64313007644523E-14));
#3285=DIRECTION('ref_axis',(1.,0.,0.));
#3286=DIRECTION('center_axis',(0.,1.,1.64313007644523E-14));
#3287=DIRECTION('ref_axis',(1.,0.,0.));
#3288=DIRECTION('center_axis',(0.,1.,1.64313007644523E-14));
#3289=DIRECTION('ref_axis',(1.,0.,0.));
#3290=DIRECTION('',(0.,-1.,-1.64313007644523E-14));
#3291=DIRECTION('center_axis',(1.,9.12120421661791E-29,-5.55111512312576E-15));
#3292=DIRECTION('ref_axis',(5.55111512312576E-15,-1.64313007644523E-14,
1.));
#3293=DIRECTION('',(5.55111512312576E-15,-1.64313007644523E-14,1.));
#3294=DIRECTION('',(5.55111512312576E-15,-1.64313007644523E-14,1.));
#3295=DIRECTION('',(0.,-1.,-1.64313007644523E-14));
#3296=DIRECTION('center_axis',(0.,-1.,-1.64313007644523E-14));
#3297=DIRECTION('ref_axis',(-1.,0.,0.));
#3298=DIRECTION('center_axis',(0.,1.,1.64313007644523E-14));
#3299=DIRECTION('ref_axis',(-1.,0.,0.));
#3300=DIRECTION('center_axis',(0.,1.,1.64313007644523E-14));
#3301=DIRECTION('ref_axis',(-1.,0.,0.));
#3302=DIRECTION('center_axis',(0.707106781186548,1.16186841942599E-14,-0.707106781186547));
#3303=DIRECTION('ref_axis',(0.707106781186547,-1.16186841942599E-14,0.707106781186548));
#3304=DIRECTION('',(0.707106781186547,-1.16186841942599E-14,0.707106781186548));
#3305=DIRECTION('',(0.,-1.,-1.64313007644523E-14));
#3306=DIRECTION('',(0.707106781186547,-1.16186841942599E-14,0.707106781186548));
#3307=DIRECTION('',(0.,-1.,-1.64313007644523E-14));
#3308=DIRECTION('center_axis',(0.,-1.,-1.64313007644523E-14));
#3309=DIRECTION('ref_axis',(-0.707106781186548,-1.16186841942599E-14,0.707106781186547));
#3310=DIRECTION('center_axis',(0.,1.,1.64313007644523E-14));
#3311=DIRECTION('ref_axis',(-0.707106781186548,-1.16186841942599E-14,0.707106781186547));
#3312=DIRECTION('center_axis',(0.,1.,1.64313007644523E-14));
#3313=DIRECTION('ref_axis',(-0.707106781186548,-1.16186841942599E-14,0.707106781186547));
#3314=DIRECTION('',(0.,-1.,-1.64313007644523E-14));
#3315=DIRECTION('center_axis',(-0.707106781186548,-1.16186841942599E-14,
0.707106781186547));
#3316=DIRECTION('ref_axis',(-0.707106781186547,1.16186841942599E-14,-0.707106781186548));
#3317=DIRECTION('',(-0.707106781186547,1.16186841942599E-14,-0.707106781186548));
#3318=DIRECTION('',(-0.707106781186547,1.16186841942599E-14,-0.707106781186548));
#3319=DIRECTION('',(0.,-1.,-1.64313007644523E-14));
#3320=DIRECTION('center_axis',(0.,-1.,-1.64313007644523E-14));
#3321=DIRECTION('ref_axis',(0.707106781186548,1.16186841942599E-14,-0.707106781186547));
#3322=DIRECTION('center_axis',(0.,1.,1.64313007644523E-14));
#3323=DIRECTION('ref_axis',(0.707106781186548,1.16186841942599E-14,-0.707106781186547));
#3324=DIRECTION('center_axis',(0.,1.,1.64313007644523E-14));
#3325=DIRECTION('ref_axis',(0.707106781186548,1.16186841942599E-14,-0.707106781186547));
#3326=DIRECTION('center_axis',(0.707106781186548,-1.16186841942599E-14,
0.707106781186547));
#3327=DIRECTION('ref_axis',(-0.707106781186547,-1.16186841942599E-14,0.707106781186548));
#3328=DIRECTION('',(-0.707106781186547,-1.16186841942599E-14,0.707106781186548));
#3329=DIRECTION('',(0.,-1.,-1.64313007644523E-14));
#3330=DIRECTION('',(-0.707106781186547,-1.16186841942599E-14,0.707106781186548));
#3331=DIRECTION('',(0.,-1.,-1.64313007644523E-14));
#3332=DIRECTION('center_axis',(0.,-1.,-1.64313007644523E-14));
#3333=DIRECTION('ref_axis',(-0.707106781186546,1.161868419426E-14,-0.707106781186549));
#3334=DIRECTION('center_axis',(0.,1.,1.64313007644523E-14));
#3335=DIRECTION('ref_axis',(-0.707106781186546,1.161868419426E-14,-0.707106781186549));
#3336=DIRECTION('center_axis',(0.,1.,1.64313007644523E-14));
#3337=DIRECTION('ref_axis',(-0.707106781186546,1.161868419426E-14,-0.707106781186549));
#3338=DIRECTION('',(0.,-1.,-1.64313007644523E-14));
#3339=DIRECTION('center_axis',(-0.707106781186548,1.16186841942599E-14,
-0.707106781186547));
#3340=DIRECTION('ref_axis',(0.707106781186547,1.16186841942599E-14,-0.707106781186548));
#3341=DIRECTION('',(0.707106781186547,1.16186841942599E-14,-0.707106781186548));
#3342=DIRECTION('',(0.707106781186547,1.16186841942599E-14,-0.707106781186548));
#3343=DIRECTION('',(0.,-1.,-1.64313007644523E-14));
#3344=DIRECTION('center_axis',(0.,-1.,-1.64313007644523E-14));
#3345=DIRECTION('ref_axis',(0.707106781186551,-1.16186841942599E-14,0.707106781186544));
#3346=DIRECTION('center_axis',(0.,1.,1.64313007644523E-14));
#3347=DIRECTION('ref_axis',(0.707106781186551,-1.16186841942599E-14,0.707106781186544));
#3348=DIRECTION('center_axis',(0.,1.,1.64313007644523E-14));
#3349=DIRECTION('ref_axis',(0.707106781186551,-1.16186841942599E-14,0.707106781186544));
#3350=DIRECTION('center_axis',(-0.707106781186548,-1.16186841942599E-14,
0.707106781186547));
#3351=DIRECTION('ref_axis',(-0.707106781186547,1.16186841942599E-14,-0.707106781186548));
#3352=DIRECTION('',(-0.707106781186547,1.16186841942599E-14,-0.707106781186548));
#3353=DIRECTION('',(0.,-1.,-1.64313007644523E-14));
#3354=DIRECTION('',(-0.707106781186547,1.16186841942599E-14,-0.707106781186548));
#3355=DIRECTION('',(0.,-1.,-1.64313007644523E-14));
#3356=DIRECTION('center_axis',(0.,-1.,-1.64313007644523E-14));
#3357=DIRECTION('ref_axis',(0.70710678118655,1.16186841942599E-14,-0.707106781186545));
#3358=DIRECTION('center_axis',(0.,1.,1.64313007644523E-14));
#3359=DIRECTION('ref_axis',(0.70710678118655,1.16186841942599E-14,-0.707106781186545));
#3360=DIRECTION('center_axis',(0.,1.,1.64313007644523E-14));
#3361=DIRECTION('ref_axis',(0.70710678118655,1.16186841942599E-14,-0.707106781186545));
#3362=DIRECTION('',(0.,-1.,-1.64313007644523E-14));
#3363=DIRECTION('center_axis',(0.707106781186548,1.16186841942599E-14,-0.707106781186547));
#3364=DIRECTION('ref_axis',(0.707106781186547,-1.16186841942599E-14,0.707106781186548));
#3365=DIRECTION('',(0.707106781186547,-1.16186841942599E-14,0.707106781186548));
#3366=DIRECTION('',(0.707106781186547,-1.16186841942599E-14,0.707106781186548));
#3367=DIRECTION('',(0.,-1.,-1.64313007644523E-14));
#3368=DIRECTION('center_axis',(0.,-1.,-1.64313007644523E-14));
#3369=DIRECTION('ref_axis',(-0.707106781186545,-1.161868419426E-14,0.70710678118655));
#3370=DIRECTION('center_axis',(0.,1.,1.64313007644523E-14));
#3371=DIRECTION('ref_axis',(-0.707106781186545,-1.161868419426E-14,0.70710678118655));
#3372=DIRECTION('center_axis',(0.,1.,1.64313007644523E-14));
#3373=DIRECTION('ref_axis',(-0.707106781186545,-1.161868419426E-14,0.70710678118655));
#3374=DIRECTION('center_axis',(-0.707106781186548,1.16186841942599E-14,
-0.707106781186547));
#3375=DIRECTION('ref_axis',(0.707106781186547,1.16186841942599E-14,-0.707106781186548));
#3376=DIRECTION('',(0.707106781186547,1.16186841942599E-14,-0.707106781186548));
#3377=DIRECTION('',(0.,-1.,-1.64313007644523E-14));
#3378=DIRECTION('',(0.707106781186547,1.16186841942599E-14,-0.707106781186548));
#3379=DIRECTION('',(0.,-1.,-1.64313007644523E-14));
#3380=DIRECTION('center_axis',(0.,-1.,-1.64313007644523E-14));
#3381=DIRECTION('ref_axis',(0.707106781186549,-1.16186841942599E-14,0.707106781186546));
#3382=DIRECTION('center_axis',(0.,1.,1.64313007644523E-14));
#3383=DIRECTION('ref_axis',(0.707106781186549,-1.16186841942599E-14,0.707106781186546));
#3384=DIRECTION('center_axis',(0.,1.,1.64313007644523E-14));
#3385=DIRECTION('ref_axis',(0.707106781186549,-1.16186841942599E-14,0.707106781186546));
#3386=DIRECTION('',(0.,-1.,-1.64313007644523E-14));
#3387=DIRECTION('center_axis',(0.707106781186548,-1.16186841942599E-14,
0.707106781186547));
#3388=DIRECTION('ref_axis',(-0.707106781186547,-1.16186841942599E-14,0.707106781186548));
#3389=DIRECTION('',(-0.707106781186547,-1.16186841942599E-14,0.707106781186548));
#3390=DIRECTION('',(-0.707106781186547,-1.16186841942599E-14,0.707106781186548));
#3391=DIRECTION('',(0.,-1.,-1.64313007644523E-14));
#3392=DIRECTION('center_axis',(0.,-1.,-1.64313007644523E-14));
#3393=DIRECTION('ref_axis',(-0.707106781186548,1.16186841942599E-14,-0.707106781186547));
#3394=DIRECTION('center_axis',(0.,1.,1.64313007644523E-14));
#3395=DIRECTION('ref_axis',(-0.707106781186548,1.16186841942599E-14,-0.707106781186547));
#3396=DIRECTION('center_axis',(0.,1.,1.64313007644523E-14));
#3397=DIRECTION('ref_axis',(-0.707106781186548,1.16186841942599E-14,-0.707106781186547));
#3398=DIRECTION('center_axis',(0.,-1.,-1.64313007644523E-14));
#3399=DIRECTION('ref_axis',(1.,0.,0.));
#3400=DIRECTION('center_axis',(0.,1.,1.64313007644523E-14));
#3401=DIRECTION('ref_axis',(1.,0.,0.));
#3402=DIRECTION('',(0.,-1.,-1.64313007644523E-14));
#3403=DIRECTION('center_axis',(0.,1.,1.64313007644523E-14));
#3404=DIRECTION('ref_axis',(1.,0.,0.));
#3405=DIRECTION('',(0.,-1.,-1.64313007644523E-14));
#3406=DIRECTION('center_axis',(1.,-9.12120421661792E-29,5.55111512312576E-15));
#3407=DIRECTION('ref_axis',(-5.55111512312576E-15,-1.64313007644523E-14,
1.));
#3408=DIRECTION('',(-5.55111512312576E-15,-1.64313007644523E-14,1.));
#3409=DIRECTION('',(-5.55111512312576E-15,-1.64313007644523E-14,1.));
#3410=DIRECTION('',(0.,-1.,-1.64313007644523E-14));
#3411=DIRECTION('center_axis',(0.,-1.,-1.64313007644523E-14));
#3412=DIRECTION('ref_axis',(-1.,0.,0.));
#3413=DIRECTION('center_axis',(0.,1.,1.64313007644523E-14));
#3414=DIRECTION('ref_axis',(-1.,0.,0.));
#3415=DIRECTION('center_axis',(0.,1.,1.64313007644523E-14));
#3416=DIRECTION('ref_axis',(-1.,0.,0.));
#3417=DIRECTION('',(0.,-1.,-1.64313007644523E-14));
#3418=DIRECTION('center_axis',(-1.,-9.12120421661792E-29,5.55111512312576E-15));
#3419=DIRECTION('ref_axis',(-5.55111512312576E-15,1.64313007644523E-14,
-1.));
#3420=DIRECTION('',(-5.55111512312576E-15,1.64313007644523E-14,-1.));
#3421=DIRECTION('',(-5.55111512312576E-15,1.64313007644523E-14,-1.));
#3422=DIRECTION('center_axis',(0.,-1.,-1.64313007644523E-14));
#3423=DIRECTION('ref_axis',(1.,0.,0.));
#3424=DIRECTION('center_axis',(0.,1.,1.64313007644523E-14));
#3425=DIRECTION('ref_axis',(1.,0.,0.));
#3426=DIRECTION('',(0.,1.,1.64313007644523E-14));
#3427=DIRECTION('center_axis',(0.,1.,1.64313007644523E-14));
#3428=DIRECTION('ref_axis',(1.,0.,0.));
#3429=DIRECTION('center_axis',(0.,-1.,-1.64313007644523E-14));
#3430=DIRECTION('ref_axis',(-6.93889390390723E-16,1.64313007644523E-14,
-1.));
#3431=DIRECTION('center_axis',(0.,-1.,-1.64313007644523E-14));
#3432=DIRECTION('ref_axis',(-6.93889390390723E-16,1.64313007644523E-14,
-1.));
#3433=DIRECTION('',(0.,-1.,-1.64313007644523E-14));
#3434=DIRECTION('center_axis',(0.,1.,1.64313007644523E-14));
#3435=DIRECTION('ref_axis',(-6.93889390390723E-16,1.64313007644523E-14,
-1.));
#3436=DIRECTION('',(0.,-1.,-1.64313007644523E-14));
#3437=DIRECTION('center_axis',(0.,-1.,-1.64313007644523E-14));
#3438=DIRECTION('ref_axis',(0.917093973886355,6.5506846901471E-15,-0.398671096345514));
#3439=DIRECTION('center_axis',(0.,-1.,-1.64313007644523E-14));
#3440=DIRECTION('ref_axis',(0.917093973886355,6.5506846901471E-15,-0.398671096345514));
#3441=DIRECTION('center_axis',(0.,-1.,-1.64313007644523E-14));
#3442=DIRECTION('ref_axis',(0.917093973886355,6.5506846901471E-15,-0.398671096345514));
#3443=DIRECTION('',(0.,-1.,-1.64313007644523E-14));
#3444=DIRECTION('center_axis',(0.,-1.,-1.64313007644523E-14));
#3445=DIRECTION('ref_axis',(-1.,-5.70075263538622E-30,3.46944695195362E-16));
#3446=DIRECTION('center_axis',(0.,-1.,-1.64313007644523E-14));
#3447=DIRECTION('ref_axis',(-1.,-5.70075263538622E-30,3.46944695195362E-16));
#3448=DIRECTION('center_axis',(0.,1.,1.64313007644523E-14));
#3449=DIRECTION('ref_axis',(-1.,-5.70075263538622E-30,3.46944695195362E-16));
#3450=DIRECTION('',(0.,-1.,-1.64313007644523E-14));
#3451=DIRECTION('center_axis',(0.,-1.,-1.64313007644523E-14));
#3452=DIRECTION('ref_axis',(-0.398671096345513,1.50690469141935E-14,-0.917093973886355));
#3453=DIRECTION('center_axis',(0.,-1.,-1.64313007644523E-14));
#3454=DIRECTION('ref_axis',(-0.398671096345513,1.50690469141935E-14,-0.917093973886355));
#3455=DIRECTION('center_axis',(0.,-1.,-1.64313007644523E-14));
#3456=DIRECTION('ref_axis',(-0.398671096345513,1.50690469141935E-14,-0.917093973886355));
#3457=DIRECTION('',(0.,-1.,-1.64313007644523E-14));
#3458=DIRECTION('center_axis',(0.,-1.,-1.64313007644523E-14));
#3459=DIRECTION('ref_axis',(6.93889390390723E-16,-1.64313007644523E-14,
1.));
#3460=DIRECTION('center_axis',(0.,-1.,-1.64313007644523E-14));
#3461=DIRECTION('ref_axis',(6.93889390390723E-16,-1.64313007644523E-14,
1.));
#3462=DIRECTION('center_axis',(0.,1.,1.64313007644523E-14));
#3463=DIRECTION('ref_axis',(6.93889390390723E-16,-1.64313007644523E-14,
1.));
#3464=DIRECTION('',(0.,-1.,-1.64313007644523E-14));
#3465=DIRECTION('center_axis',(0.,-1.,-1.64313007644523E-14));
#3466=DIRECTION('ref_axis',(-0.917093973886355,-6.5506846901471E-15,0.398671096345514));
#3467=DIRECTION('center_axis',(0.,-1.,-1.64313007644523E-14));
#3468=DIRECTION('ref_axis',(-0.917093973886355,-6.5506846901471E-15,0.398671096345514));
#3469=DIRECTION('center_axis',(0.,-1.,-1.64313007644523E-14));
#3470=DIRECTION('ref_axis',(-0.917093973886355,-6.5506846901471E-15,0.398671096345514));
#3471=DIRECTION('',(0.,-1.,-1.64313007644523E-14));
#3472=DIRECTION('center_axis',(0.,-1.,-1.64313007644523E-14));
#3473=DIRECTION('ref_axis',(1.,5.70075263538622E-30,-3.46944695195361E-16));
#3474=DIRECTION('center_axis',(0.,-1.,-1.64313007644523E-14));
#3475=DIRECTION('ref_axis',(1.,5.70075263538622E-30,-3.46944695195361E-16));
#3476=DIRECTION('center_axis',(0.,1.,1.64313007644523E-14));
#3477=DIRECTION('ref_axis',(1.,5.70075263538622E-30,-3.46944695195361E-16));
#3478=DIRECTION('',(0.,-1.,-1.64313007644523E-14));
#3479=DIRECTION('center_axis',(0.,-1.,-1.64313007644523E-14));
#3480=DIRECTION('ref_axis',(0.398671096345515,-1.50690469141935E-14,0.917093973886354));
#3481=DIRECTION('center_axis',(0.,-1.,-1.64313007644523E-14));
#3482=DIRECTION('ref_axis',(0.398671096345515,-1.50690469141935E-14,0.917093973886354));
#3483=DIRECTION('center_axis',(0.,-1.,-1.64313007644523E-14));
#3484=DIRECTION('ref_axis',(0.398671096345515,-1.50690469141935E-14,0.917093973886354));
#3485=DIRECTION('center_axis',(0.,-1.,-1.64313007644523E-14));
#3486=DIRECTION('ref_axis',(1.,0.,0.));
#3487=DIRECTION('center_axis',(0.,-1.,-1.64313007644523E-14));
#3488=DIRECTION('ref_axis',(1.,0.,0.));
#3489=DIRECTION('center_axis',(0.,-1.,-1.64313007644523E-14));
#3490=DIRECTION('ref_axis',(1.,0.,0.));
#3491=DIRECTION('center_axis',(0.,1.,1.64313007644523E-14));
#3492=DIRECTION('ref_axis',(1.,0.,0.));
#3493=DIRECTION('',(0.,1.,1.64313007644523E-14));
#3494=DIRECTION('center_axis',(0.,1.,1.64313007644523E-14));
#3495=DIRECTION('ref_axis',(1.,0.,0.));
#3496=DIRECTION('center_axis',(0.,-1.,-1.64313007644523E-14));
#3497=DIRECTION('ref_axis',(1.,0.,0.));
#3498=DIRECTION('center_axis',(0.,-1.,-1.64313007644523E-14));
#3499=DIRECTION('ref_axis',(1.,0.,0.));
#3500=DIRECTION('',(0.,1.,1.64313007644523E-14));
#3501=DIRECTION('center_axis',(0.,-1.,-1.64313007644523E-14));
#3502=DIRECTION('ref_axis',(1.,0.,0.));
#3503=DIRECTION('center_axis',(0.,-1.,-1.64313007644523E-14));
#3504=DIRECTION('ref_axis',(1.,0.,0.));
#3505=DIRECTION('center_axis',(0.,-1.,-1.64313007644523E-14));
#3506=DIRECTION('ref_axis',(1.,0.,0.));
#3507=DIRECTION('center_axis',(0.,-1.,-1.64313007644523E-14));
#3508=DIRECTION('ref_axis',(1.,0.,0.));
#3509=DIRECTION('center_axis',(0.,1.,1.64313007644523E-14));
#3510=DIRECTION('ref_axis',(1.,0.,0.));
#3511=DIRECTION('',(0.,1.,1.64313007644523E-14));
#3512=DIRECTION('center_axis',(0.,1.,1.64313007644523E-14));
#3513=DIRECTION('ref_axis',(1.,0.,0.));
#3514=DIRECTION('center_axis',(0.,-1.,-1.64313007644523E-14));
#3515=DIRECTION('ref_axis',(1.,0.,0.));
#3516=DIRECTION('center_axis',(0.,-1.,-1.64313007644523E-14));
#3517=DIRECTION('ref_axis',(1.,0.,0.));
#3518=DIRECTION('',(0.,1.,1.64313007644523E-14));
#3519=DIRECTION('center_axis',(0.,-1.,-1.64313007644523E-14));
#3520=DIRECTION('ref_axis',(1.,0.,0.));
#3521=DIRECTION('center_axis',(0.,-1.,-1.64313007644523E-14));
#3522=DIRECTION('ref_axis',(1.,0.,0.));
#3523=DIRECTION('center_axis',(0.,-1.,-1.64313007644523E-14));
#3524=DIRECTION('ref_axis',(1.,0.,0.));
#3525=DIRECTION('center_axis',(0.,1.,1.64313007644523E-14));
#3526=DIRECTION('ref_axis',(1.,0.,0.));
#3527=DIRECTION('center_axis',(0.,-1.,-1.64313007644523E-14));
#3528=DIRECTION('ref_axis',(1.,0.,0.));
#3529=DIRECTION('',(0.,-1.,-1.64313007644523E-14));
#3530=DIRECTION('center_axis',(0.,-1.,-1.64313007644523E-14));
#3531=DIRECTION('ref_axis',(1.,0.,0.));
#3532=DIRECTION('center_axis',(0.,1.,1.64313007644523E-14));
#3533=DIRECTION('ref_axis',(1.,0.,0.));
#3534=DIRECTION('center_axis',(0.,-1.,-1.64313007644523E-14));
#3535=DIRECTION('ref_axis',(1.,0.,0.));
#3536=DIRECTION('',(0.,-1.,-1.64313007644523E-14));
#3537=DIRECTION('center_axis',(0.,-1.,-1.64313007644523E-14));
#3538=DIRECTION('ref_axis',(1.,0.,0.));
#3539=DIRECTION('center_axis',(0.,1.,1.64313007644523E-14));
#3540=DIRECTION('ref_axis',(1.,0.,0.));
#3541=DIRECTION('center_axis',(0.,-1.,-1.64313007644523E-14));
#3542=DIRECTION('ref_axis',(1.,0.,0.));
#3543=DIRECTION('',(0.,-1.,-1.64313007644523E-14));
#3544=DIRECTION('center_axis',(0.,-1.,-1.64313007644523E-14));
#3545=DIRECTION('ref_axis',(1.,0.,0.));
#3546=DIRECTION('center_axis',(0.,1.,1.64313007644523E-14));
#3547=DIRECTION('ref_axis',(-0.707106781186547,-1.16186841942599E-14,0.707106781186547));
#3548=DIRECTION('center_axis',(0.,-1.,-1.64313007644523E-14));
#3549=DIRECTION('ref_axis',(-0.707106781186547,-1.16186841942599E-14,0.707106781186547));
#3550=DIRECTION('',(0.,-1.,-1.64313007644523E-14));
#3551=DIRECTION('center_axis',(0.,-1.,-1.64313007644523E-14));
#3552=DIRECTION('ref_axis',(-0.707106781186547,-1.16186841942599E-14,0.707106781186547));
#3553=DIRECTION('center_axis',(0.,1.,1.64313007644523E-14));
#3554=DIRECTION('ref_axis',(1.,0.,0.));
#3555=DIRECTION('center_axis',(0.,-1.,-1.64313007644523E-14));
#3556=DIRECTION('ref_axis',(1.,0.,0.));
#3557=DIRECTION('',(0.,-1.,-1.64313007644523E-14));
#3558=DIRECTION('center_axis',(0.,-1.,-1.64313007644523E-14));
#3559=DIRECTION('ref_axis',(1.,0.,0.));
#3560=DIRECTION('center_axis',(0.,1.,1.64313007644523E-14));
#3561=DIRECTION('ref_axis',(-0.852859456941537,8.57944830430808E-15,-0.522140543058463));
#3562=DIRECTION('center_axis',(0.,-1.,-1.64313007644523E-14));
#3563=DIRECTION('ref_axis',(-0.852859456941537,8.57944830430808E-15,-0.522140543058463));
#3564=DIRECTION('',(0.,1.,1.64313007644523E-14));
#3565=DIRECTION('center_axis',(0.,-1.,-1.64313007644523E-14));
#3566=DIRECTION('ref_axis',(-0.852859456941537,8.57944830430808E-15,-0.522140543058463));
#3567=DIRECTION('',(0.,1.,1.64313007644523E-14));
#3568=DIRECTION('center_axis',(0.,1.,1.64313007644523E-14));
#3569=DIRECTION('ref_axis',(-0.852859456941538,-8.57944830430804E-15,0.522140543058461));
#3570=DIRECTION('center_axis',(0.,-1.,-1.64313007644523E-14));
#3571=DIRECTION('ref_axis',(-0.852859456941538,-8.57944830430804E-15,0.522140543058461));
#3572=DIRECTION('center_axis',(0.,-1.,-1.64313007644523E-14));
#3573=DIRECTION('ref_axis',(-0.852859456941538,-8.57944830430804E-15,0.522140543058461));
#3574=DIRECTION('',(0.,1.,1.64313007644523E-14));
#3575=DIRECTION('center_axis',(0.,1.,1.64313007644523E-14));
#3576=DIRECTION('ref_axis',(0.780902692001535,-1.02638562556019E-14,0.624652692001529));
#3577=DIRECTION('center_axis',(0.,1.,1.64313007644523E-14));
#3578=DIRECTION('ref_axis',(0.780902692001535,-1.02638562556019E-14,0.624652692001529));
#3579=DIRECTION('center_axis',(0.,1.,1.64313007644523E-14));
#3580=DIRECTION('ref_axis',(0.780902692001535,-1.02638562556019E-14,0.624652692001529));
#3581=DIRECTION('',(0.,1.,1.64313007644523E-14));
#3582=DIRECTION('center_axis',(0.,1.,1.64313007644523E-14));
#3583=DIRECTION('ref_axis',(-0.780902692001523,1.02638562556021E-14,-0.624652692001543));
#3584=DIRECTION('center_axis',(0.,-1.,-1.64313007644523E-14));
#3585=DIRECTION('ref_axis',(-0.780902692001523,1.02638562556021E-14,-0.624652692001543));
#3586=DIRECTION('center_axis',(0.,-1.,-1.64313007644523E-14));
#3587=DIRECTION('ref_axis',(-0.780902692001523,1.02638562556021E-14,-0.624652692001543));
#3588=DIRECTION('',(0.,1.,1.64313007644523E-14));
#3589=DIRECTION('center_axis',(0.,1.,1.64313007644523E-14));
#3590=DIRECTION('ref_axis',(-0.522140543058464,-1.40135902468139E-14,0.852859456941536));
#3591=DIRECTION('center_axis',(0.,-1.,-1.64313007644523E-14));
#3592=DIRECTION('ref_axis',(-0.522140543058464,-1.40135902468139E-14,0.852859456941536));
#3593=DIRECTION('center_axis',(0.,-1.,-1.64313007644523E-14));
#3594=DIRECTION('ref_axis',(-0.522140543058464,-1.40135902468139E-14,0.852859456941536));
#3595=DIRECTION('',(0.,1.,1.64313007644523E-14));
#3596=DIRECTION('center_axis',(0.,1.,1.64313007644523E-14));
#3597=DIRECTION('ref_axis',(0.522140543058457,-1.40135902468139E-14,0.852859456941541));
#3598=DIRECTION('center_axis',(0.,-1.,-1.64313007644523E-14));
#3599=DIRECTION('ref_axis',(0.522140543058457,-1.40135902468139E-14,0.852859456941541));
#3600=DIRECTION('center_axis',(0.,-1.,-1.64313007644523E-14));
#3601=DIRECTION('ref_axis',(0.522140543058457,-1.40135902468139E-14,0.852859456941541));
#3602=DIRECTION('',(0.,1.,1.64313007644523E-14));
#3603=DIRECTION('center_axis',(0.,1.,1.64313007644523E-14));
#3604=DIRECTION('ref_axis',(0.624652692001528,1.28312470000477E-14,-0.780902692001535));
#3605=DIRECTION('center_axis',(0.,1.,1.64313007644523E-14));
#3606=DIRECTION('ref_axis',(0.624652692001528,1.28312470000477E-14,-0.780902692001535));
#3607=DIRECTION('center_axis',(0.,1.,1.64313007644523E-14));
#3608=DIRECTION('ref_axis',(0.624652692001528,1.28312470000477E-14,-0.780902692001535));
#3609=DIRECTION('',(0.,1.,1.64313007644523E-14));
#3610=DIRECTION('center_axis',(0.,1.,1.64313007644523E-14));
#3611=DIRECTION('ref_axis',(-0.624652692001541,-1.28312470000475E-14,0.780902692001525));
#3612=DIRECTION('center_axis',(0.,-1.,-1.64313007644523E-14));
#3613=DIRECTION('ref_axis',(-0.624652692001541,-1.28312470000475E-14,0.780902692001525));
#3614=DIRECTION('center_axis',(0.,-1.,-1.64313007644523E-14));
#3615=DIRECTION('ref_axis',(-0.624652692001541,-1.28312470000475E-14,0.780902692001525));
#3616=DIRECTION('',(0.,1.,1.64313007644523E-14));
#3617=DIRECTION('center_axis',(0.,1.,1.64313007644523E-14));
#3618=DIRECTION('ref_axis',(0.852859456941537,-8.57944830430808E-15,0.522140543058463));
#3619=DIRECTION('center_axis',(0.,-1.,-1.64313007644523E-14));
#3620=DIRECTION('ref_axis',(0.852859456941537,-8.57944830430808E-15,0.522140543058463));
#3621=DIRECTION('center_axis',(0.,-1.,-1.64313007644523E-14));
#3622=DIRECTION('ref_axis',(0.852859456941537,-8.57944830430808E-15,0.522140543058463));
#3623=DIRECTION('',(0.,1.,1.64313007644523E-14));
#3624=DIRECTION('center_axis',(0.,1.,1.64313007644523E-14));
#3625=DIRECTION('ref_axis',(0.852859456941539,8.57944830430802E-15,-0.52214054305846));
#3626=DIRECTION('center_axis',(0.,-1.,-1.64313007644523E-14));
#3627=DIRECTION('ref_axis',(0.852859456941539,8.57944830430802E-15,-0.52214054305846));
#3628=DIRECTION('center_axis',(0.,-1.,-1.64313007644523E-14));
#3629=DIRECTION('ref_axis',(0.852859456941539,8.57944830430802E-15,-0.52214054305846));
#3630=DIRECTION('',(0.,1.,1.64313007644523E-14));
#3631=DIRECTION('center_axis',(0.,1.,1.64313007644523E-14));
#3632=DIRECTION('ref_axis',(-0.780902692001535,1.02638562556019E-14,-0.624652692001529));
#3633=DIRECTION('center_axis',(0.,1.,1.64313007644523E-14));
#3634=DIRECTION('ref_axis',(-0.780902692001535,1.02638562556019E-14,-0.624652692001529));
#3635=DIRECTION('center_axis',(0.,1.,1.64313007644523E-14));
#3636=DIRECTION('ref_axis',(-0.780902692001535,1.02638562556019E-14,-0.624652692001529));
#3637=DIRECTION('',(0.,1.,1.64313007644523E-14));
#3638=DIRECTION('center_axis',(0.,1.,1.64313007644523E-14));
#3639=DIRECTION('ref_axis',(0.780902692001523,-1.02638562556021E-14,0.624652692001543));
#3640=DIRECTION('center_axis',(0.,-1.,-1.64313007644523E-14));
#3641=DIRECTION('ref_axis',(0.780902692001523,-1.02638562556021E-14,0.624652692001543));
#3642=DIRECTION('center_axis',(0.,-1.,-1.64313007644523E-14));
#3643=DIRECTION('ref_axis',(0.780902692001523,-1.02638562556021E-14,0.624652692001543));
#3644=DIRECTION('',(0.,1.,1.64313007644523E-14));
#3645=DIRECTION('center_axis',(0.,1.,1.64313007644523E-14));
#3646=DIRECTION('ref_axis',(0.522140543058464,1.40135902468139E-14,-0.852859456941536));
#3647=DIRECTION('center_axis',(0.,-1.,-1.64313007644523E-14));
#3648=DIRECTION('ref_axis',(0.522140543058464,1.40135902468139E-14,-0.852859456941536));
#3649=DIRECTION('center_axis',(0.,-1.,-1.64313007644523E-14));
#3650=DIRECTION('ref_axis',(0.522140543058464,1.40135902468139E-14,-0.852859456941536));
#3651=DIRECTION('',(0.,1.,1.64313007644523E-14));
#3652=DIRECTION('center_axis',(0.,1.,1.64313007644523E-14));
#3653=DIRECTION('ref_axis',(-0.522140543058455,1.40135902468139E-14,-0.852859456941542));
#3654=DIRECTION('center_axis',(0.,-1.,-1.64313007644523E-14));
#3655=DIRECTION('ref_axis',(-0.522140543058455,1.40135902468139E-14,-0.852859456941542));
#3656=DIRECTION('center_axis',(0.,-1.,-1.64313007644523E-14));
#3657=DIRECTION('ref_axis',(-0.522140543058455,1.40135902468139E-14,-0.852859456941542));
#3658=DIRECTION('',(0.,1.,1.64313007644523E-14));
#3659=DIRECTION('center_axis',(0.,1.,1.64313007644523E-14));
#3660=DIRECTION('ref_axis',(-0.624652692001528,-1.28312470000477E-14,0.780902692001535));
#3661=DIRECTION('center_axis',(0.,1.,1.64313007644523E-14));
#3662=DIRECTION('ref_axis',(-0.624652692001528,-1.28312470000477E-14,0.780902692001535));
#3663=DIRECTION('center_axis',(0.,1.,1.64313007644523E-14));
#3664=DIRECTION('ref_axis',(-0.624652692001528,-1.28312470000477E-14,0.780902692001535));
#3665=DIRECTION('',(0.,1.,1.64313007644523E-14));
#3666=DIRECTION('center_axis',(0.,1.,1.64313007644523E-14));
#3667=DIRECTION('ref_axis',(0.624652692001539,1.28312470000476E-14,-0.780902692001526));
#3668=DIRECTION('center_axis',(0.,-1.,-1.64313007644523E-14));
#3669=DIRECTION('ref_axis',(0.624652692001539,1.28312470000476E-14,-0.780902692001526));
#3670=DIRECTION('center_axis',(0.,-1.,-1.64313007644523E-14));
#3671=DIRECTION('ref_axis',(0.624652692001539,1.28312470000476E-14,-0.780902692001526));
#3672=DIRECTION('center_axis',(0.,1.,1.64313007644523E-14));
#3673=DIRECTION('ref_axis',(1.,0.,0.));
#3674=DIRECTION('center_axis',(0.,-1.,-1.64313007644523E-14));
#3675=DIRECTION('ref_axis',(1.,0.,0.));
#3676=DIRECTION('',(0.,-1.,-1.64313007644523E-14));
#3677=DIRECTION('center_axis',(0.,-1.,-1.64313007644523E-14));
#3678=DIRECTION('ref_axis',(1.,0.,0.));
#3679=DIRECTION('center_axis',(0.,1.,1.64313007644523E-14));
#3680=DIRECTION('ref_axis',(1.,0.,0.));
#3681=DIRECTION('center_axis',(0.,-1.,-1.64313007644523E-14));
#3682=DIRECTION('ref_axis',(1.,0.,0.));
#3683=DIRECTION('',(0.,-1.,-1.64313007644523E-14));
#3684=DIRECTION('center_axis',(0.,-1.,-1.64313007644523E-14));
#3685=DIRECTION('ref_axis',(1.,0.,0.));
#3686=DIRECTION('center_axis',(0.,1.,1.64313007644523E-14));
#3687=DIRECTION('ref_axis',(1.,0.,0.));
#3688=DIRECTION('center_axis',(0.,-1.,-1.64313007644523E-14));
#3689=DIRECTION('ref_axis',(1.,0.,0.));
#3690=DIRECTION('',(0.,-1.,-1.64313007644523E-14));
#3691=DIRECTION('center_axis',(0.,-1.,-1.64313007644523E-14));
#3692=DIRECTION('ref_axis',(1.,0.,0.));
#3693=DIRECTION('center_axis',(0.,-1.64313007644523E-14,1.));
#3694=DIRECTION('ref_axis',(1.,0.,0.));
#3695=DIRECTION('',(1.,0.,0.));
#3696=DIRECTION('',(0.,1.,1.64313007644523E-14));
#3697=DIRECTION('',(1.,0.,0.));
#3698=DIRECTION('',(0.,1.,1.64313007644523E-14));
#3699=DIRECTION('center_axis',(0.,1.,1.64313007644523E-14));
#3700=DIRECTION('ref_axis',(-1.,0.,0.));
#3701=DIRECTION('center_axis',(0.,1.,1.64313007644523E-14));
#3702=DIRECTION('ref_axis',(-1.,0.,0.));
#3703=DIRECTION('center_axis',(0.,1.,1.64313007644523E-14));
#3704=DIRECTION('ref_axis',(-1.,0.,0.));
#3705=DIRECTION('',(0.,1.,1.64313007644523E-14));
#3706=DIRECTION('center_axis',(-1.,0.,0.));
#3707=DIRECTION('ref_axis',(0.,-1.64313007644523E-14,1.));
#3708=DIRECTION('',(0.,-1.64313007644523E-14,1.));
#3709=DIRECTION('',(0.,-1.64313007644523E-14,1.));
#3710=DIRECTION('',(0.,1.,1.64313007644523E-14));
#3711=DIRECTION('center_axis',(0.,1.,1.64313007644523E-14));
#3712=DIRECTION('ref_axis',(0.,1.64313007644523E-14,-1.));
#3713=DIRECTION('center_axis',(0.,1.,1.64313007644523E-14));
#3714=DIRECTION('ref_axis',(0.,1.64313007644523E-14,-1.));
#3715=DIRECTION('center_axis',(0.,1.,1.64313007644523E-14));
#3716=DIRECTION('ref_axis',(0.,1.64313007644523E-14,-1.));
#3717=DIRECTION('',(0.,1.,1.64313007644523E-14));
#3718=DIRECTION('center_axis',(0.,1.64313007644523E-14,-1.));
#3719=DIRECTION('ref_axis',(-1.,0.,0.));
#3720=DIRECTION('',(-1.,0.,0.));
#3721=DIRECTION('',(-1.,0.,0.));
#3722=DIRECTION('',(0.,1.,1.64313007644523E-14));
#3723=DIRECTION('center_axis',(0.,1.,1.64313007644523E-14));
#3724=DIRECTION('ref_axis',(1.,0.,0.));
#3725=DIRECTION('center_axis',(0.,1.,1.64313007644523E-14));
#3726=DIRECTION('ref_axis',(1.,0.,0.));
#3727=DIRECTION('center_axis',(0.,1.,1.64313007644523E-14));
#3728=DIRECTION('ref_axis',(1.,0.,0.));
#3729=DIRECTION('',(0.,1.,1.64313007644523E-14));
#3730=DIRECTION('center_axis',(1.,0.,0.));
#3731=DIRECTION('ref_axis',(0.,1.64313007644523E-14,-1.));
#3732=DIRECTION('',(0.,1.64313007644523E-14,-1.));
#3733=DIRECTION('',(0.,1.64313007644523E-14,-1.));
#3734=DIRECTION('',(0.,1.,1.64313007644523E-14));
#3735=DIRECTION('center_axis',(0.,1.,1.64313007644523E-14));
#3736=DIRECTION('ref_axis',(0.,-1.64313007644523E-14,1.));
#3737=DIRECTION('center_axis',(0.,1.,1.64313007644523E-14));
#3738=DIRECTION('ref_axis',(0.,-1.64313007644523E-14,1.));
#3739=DIRECTION('center_axis',(0.,1.,1.64313007644523E-14));
#3740=DIRECTION('ref_axis',(0.,-1.64313007644523E-14,1.));
#3741=DIRECTION('center_axis',(0.,1.,1.64313007644523E-14));
#3742=DIRECTION('ref_axis',(1.,0.,0.));
#3743=DIRECTION('center_axis',(0.,1.,1.64313007644523E-14));
#3744=DIRECTION('ref_axis',(1.,0.,0.));
#3745=DIRECTION('center_axis',(0.,-1.,-1.64313007644523E-14));
#3746=DIRECTION('ref_axis',(1.,0.,0.));
#3747=DIRECTION('center_axis',(0.,1.,1.64313007644523E-14));
#3748=DIRECTION('ref_axis',(1.,0.,0.));
#3749=DIRECTION('',(0.,1.,1.64313007644523E-14));
#3750=DIRECTION('center_axis',(0.,1.,1.64313007644523E-14));
#3751=DIRECTION('ref_axis',(1.,0.,0.));
#3752=DIRECTION('center_axis',(0.,-1.,-1.64313007644523E-14));
#3753=DIRECTION('ref_axis',(1.,0.,0.));
#3754=DIRECTION('center_axis',(0.,-1.,-1.64313007644523E-14));
#3755=DIRECTION('ref_axis',(1.,0.,0.));
#3756=DIRECTION('',(0.,1.,1.64313007644523E-14));
#3757=DIRECTION('center_axis',(0.,-1.,-1.64313007644523E-14));
#3758=DIRECTION('ref_axis',(1.,0.,0.));
#3759=DIRECTION('center_axis',(0.,-1.,-1.64313007644523E-14));
#3760=DIRECTION('ref_axis',(1.,0.,0.));
#3761=DIRECTION('center_axis',(0.,-1.,-1.64313007644523E-14));
#3762=DIRECTION('ref_axis',(1.,0.,0.));
#3763=DIRECTION('center_axis',(0.,-1.,-1.64313007644523E-14));
#3764=DIRECTION('ref_axis',(1.,0.,0.));
#3765=DIRECTION('center_axis',(0.,1.,1.64313007644523E-14));
#3766=DIRECTION('ref_axis',(1.,0.,0.));
#3767=DIRECTION('',(0.,1.,1.64313007644523E-14));
#3768=DIRECTION('center_axis',(0.,1.,1.64313007644523E-14));
#3769=DIRECTION('ref_axis',(1.,0.,0.));
#3770=DIRECTION('center_axis',(0.,-1.,-1.64313007644523E-14));
#3771=DIRECTION('ref_axis',(1.,0.,0.));
#3772=DIRECTION('center_axis',(0.,-1.,-1.64313007644523E-14));
#3773=DIRECTION('ref_axis',(1.,0.,0.));
#3774=DIRECTION('',(0.,1.,1.64313007644523E-14));
#3775=DIRECTION('center_axis',(0.,-1.,-1.64313007644523E-14));
#3776=DIRECTION('ref_axis',(1.,0.,0.));
#3777=DIRECTION('center_axis',(0.,-1.,-1.64313007644523E-14));
#3778=DIRECTION('ref_axis',(1.,0.,0.));
#3779=DIRECTION('center_axis',(0.,-1.,-1.64313007644523E-14));
#3780=DIRECTION('ref_axis',(1.,0.,0.));
#3781=DIRECTION('center_axis',(0.,-1.,-1.64313007644523E-14));
#3782=DIRECTION('ref_axis',(1.,0.,0.));
#3783=DIRECTION('center_axis',(0.,1.,1.64313007644523E-14));
#3784=DIRECTION('ref_axis',(1.,0.,0.));
#3785=DIRECTION('',(0.,1.,1.64313007644523E-14));
#3786=DIRECTION('center_axis',(0.,1.,1.64313007644523E-14));
#3787=DIRECTION('ref_axis',(1.,0.,0.));
#3788=DIRECTION('center_axis',(0.,-1.,-1.64313007644523E-14));
#3789=DIRECTION('ref_axis',(1.,0.,0.));
#3790=DIRECTION('center_axis',(0.,-1.,-1.64313007644523E-14));
#3791=DIRECTION('ref_axis',(1.,0.,0.));
#3792=DIRECTION('',(0.,1.,1.64313007644523E-14));
#3793=DIRECTION('center_axis',(0.,-1.,-1.64313007644523E-14));
#3794=DIRECTION('ref_axis',(1.,0.,0.));
#3795=DIRECTION('center_axis',(0.,-1.,-1.64313007644523E-14));
#3796=DIRECTION('ref_axis',(1.,0.,0.));
#3797=DIRECTION('center_axis',(0.,-1.,-1.64313007644523E-14));
#3798=DIRECTION('ref_axis',(1.,0.,0.));
#3799=DIRECTION('center_axis',(0.,-1.,-1.64313007644523E-14));
#3800=DIRECTION('ref_axis',(1.,0.,0.));
#3801=DIRECTION('center_axis',(0.,1.,1.64313007644523E-14));
#3802=DIRECTION('ref_axis',(1.,0.,0.));
#3803=DIRECTION('',(0.,1.,1.64313007644523E-14));
#3804=DIRECTION('center_axis',(0.,1.,1.64313007644523E-14));
#3805=DIRECTION('ref_axis',(1.,0.,0.));
#3806=DIRECTION('center_axis',(0.,-1.,-1.64313007644523E-14));
#3807=DIRECTION('ref_axis',(1.,0.,0.));
#3808=DIRECTION('center_axis',(0.,-1.,-1.64313007644523E-14));
#3809=DIRECTION('ref_axis',(1.,0.,0.));
#3810=DIRECTION('',(0.,1.,1.64313007644523E-14));
#3811=DIRECTION('center_axis',(0.,-1.,-1.64313007644523E-14));
#3812=DIRECTION('ref_axis',(1.,0.,0.));
#3813=DIRECTION('center_axis',(0.,-1.,-1.64313007644523E-14));
#3814=DIRECTION('ref_axis',(1.,0.,0.));
#3815=DIRECTION('center_axis',(0.,-1.,-1.64313007644523E-14));
#3816=DIRECTION('ref_axis',(1.,0.,0.));
#3817=DIRECTION('axis',(0.,0.,1.));
#3818=DIRECTION('refdir',(1.,0.,0.));
#3819=DIRECTION('center_axis',(0.,1.,0.));
#3820=DIRECTION('ref_axis',(0.203389830508474,0.,-0.979097838239741));
#3821=DIRECTION('center_axis',(0.,1.,0.));
#3822=DIRECTION('ref_axis',(0.203389830508474,0.,-0.979097838239741));
#3823=DIRECTION('',(0.,1.,0.));
#3824=DIRECTION('center_axis',(0.,-1.,0.));
#3825=DIRECTION('ref_axis',(0.203389830508474,0.,-0.979097838239741));
#3826=DIRECTION('',(0.,1.,0.));
#3827=DIRECTION('center_axis',(0.,1.,0.));
#3828=DIRECTION('ref_axis',(0.979097836534623,0.,-0.203389838716739));
#3829=DIRECTION('center_axis',(0.,1.,0.));
#3830=DIRECTION('ref_axis',(0.979097836534623,0.,-0.203389838716739));
#3831=DIRECTION('',(0.,1.,0.));
#3832=DIRECTION('center_axis',(0.,-1.,0.));
#3833=DIRECTION('ref_axis',(0.979097836534623,0.,-0.203389838716739));
#3834=DIRECTION('center_axis',(-1.95648523609595E-16,0.,1.));
#3835=DIRECTION('ref_axis',(1.,0.,1.95648523609595E-16));
#3836=DIRECTION('',(1.,0.,1.95648523609595E-16));
#3837=DIRECTION('',(0.,1.,0.));
#3838=DIRECTION('',(-1.,0.,-1.95648523609595E-16));
#3839=DIRECTION('center_axis',(0.,1.,0.));
#3840=DIRECTION('ref_axis',(1.,0.,0.));
#3841=DIRECTION('center_axis',(0.,-1.,0.));
#3842=DIRECTION('ref_axis',(1.,0.,0.));
#3843=DIRECTION('',(0.,1.,0.));
#3844=DIRECTION('center_axis',(0.,1.,0.));
#3845=DIRECTION('ref_axis',(1.,0.,0.));
#3846=DIRECTION('center_axis',(-1.,0.,0.));
#3847=DIRECTION('ref_axis',(0.,0.,1.));
#3848=DIRECTION('',(0.,0.,1.));
#3849=DIRECTION('',(0.,1.,0.));
#3850=DIRECTION('',(0.,0.,-1.));
#3851=DIRECTION('center_axis',(0.,1.,0.));
#3852=DIRECTION('ref_axis',(-1.,0.,1.48029736616688E-15));
#3853=DIRECTION('center_axis',(0.,1.,0.));
#3854=DIRECTION('ref_axis',(-1.,0.,1.48029736616688E-15));
#3855=DIRECTION('center_axis',(0.,-1.,0.));
#3856=DIRECTION('ref_axis',(-1.,0.,1.48029736616688E-15));
#3857=DIRECTION('center_axis',(0.,1.,0.));
#3858=DIRECTION('ref_axis',(1.,0.,1.11022302462516E-15));
#3859=DIRECTION('center_axis',(0.,1.,0.));
#3860=DIRECTION('ref_axis',(1.,0.,1.11022302462516E-15));
#3861=DIRECTION('',(0.,1.,0.));
#3862=DIRECTION('center_axis',(0.,-1.,0.));
#3863=DIRECTION('ref_axis',(1.,0.,1.11022302462516E-15));
#3864=DIRECTION('',(0.,1.,0.));
#3865=DIRECTION('center_axis',(0.,1.,0.));
#3866=DIRECTION('ref_axis',(-0.245614035087719,0.,0.969367704108162));
#3867=DIRECTION('center_axis',(0.,1.,0.));
#3868=DIRECTION('ref_axis',(-0.245614035087719,0.,0.969367704108162));
#3869=DIRECTION('',(0.,1.,0.));
#3870=DIRECTION('center_axis',(0.,-1.,0.));
#3871=DIRECTION('ref_axis',(-0.245614035087719,0.,0.969367704108162));
#3872=DIRECTION('center_axis',(0.,1.,0.));
#3873=DIRECTION('ref_axis',(-0.969367706260911,0.,0.245614026591441));
#3874=DIRECTION('center_axis',(0.,1.,0.));
#3875=DIRECTION('ref_axis',(-0.969367706260911,0.,0.245614026591441));
#3876=DIRECTION('',(0.,1.,0.));
#3877=DIRECTION('center_axis',(0.,-1.,0.));
#3878=DIRECTION('ref_axis',(-0.969367706260911,0.,0.245614026591441));
#3879=DIRECTION('center_axis',(0.,0.,-1.));
#3880=DIRECTION('ref_axis',(-1.,0.,0.));
#3881=DIRECTION('',(-1.,0.,0.));
#3882=DIRECTION('',(0.,1.,0.));
#3883=DIRECTION('',(1.,0.,0.));
#3884=DIRECTION('center_axis',(0.,1.,0.));
#3885=DIRECTION('ref_axis',(1.,0.,0.));
#3886=DIRECTION('center_axis',(0.,-1.,0.));
#3887=DIRECTION('ref_axis',(1.,0.,0.));
#3888=DIRECTION('',(0.,1.,0.));
#3889=DIRECTION('center_axis',(0.,1.,0.));
#3890=DIRECTION('ref_axis',(1.,0.,0.));
#3891=DIRECTION('center_axis',(1.,0.,8.58638433665602E-17));
#3892=DIRECTION('ref_axis',(8.58638433665602E-17,0.,-1.));
#3893=DIRECTION('',(8.58638433665602E-17,0.,-1.));
#3894=DIRECTION('',(-8.58638433665602E-17,0.,1.));
#3895=DIRECTION('center_axis',(0.,1.,0.));
#3896=DIRECTION('ref_axis',(1.11022302462516E-15,0.,1.));
#3897=DIRECTION('center_axis',(0.,1.,0.));
#3898=DIRECTION('ref_axis',(1.11022302462516E-15,0.,1.));
#3899=DIRECTION('',(0.,1.,0.));
#3900=DIRECTION('center_axis',(0.,-1.,0.));
#3901=DIRECTION('ref_axis',(1.11022302462516E-15,0.,1.));
#3902=DIRECTION('',(0.,1.,0.));
#3903=DIRECTION('center_axis',(0.,1.,0.));
#3904=DIRECTION('ref_axis',(-0.969367701955414,0.,-0.245614043583995));
#3905=DIRECTION('center_axis',(0.,1.,0.));
#3906=DIRECTION('ref_axis',(-0.969367701955414,0.,-0.245614043583995));
#3907=DIRECTION('',(0.,1.,0.));
#3908=DIRECTION('center_axis',(0.,-1.,0.));
#3909=DIRECTION('ref_axis',(-0.969367701955414,0.,-0.245614043583995));
#3910=DIRECTION('center_axis',(0.,1.,0.));
#3911=DIRECTION('ref_axis',(-0.245614035087723,0.,-0.969367704108161));
#3912=DIRECTION('center_axis',(0.,1.,0.));
#3913=DIRECTION('ref_axis',(-0.245614035087723,0.,-0.969367704108161));
#3914=DIRECTION('',(0.,1.,0.));
#3915=DIRECTION('center_axis',(0.,-1.,0.));
#3916=DIRECTION('ref_axis',(-0.245614035087723,0.,-0.969367704108161));
#3917=DIRECTION('center_axis',(1.,0.,-1.2879576504984E-16));
#3918=DIRECTION('ref_axis',(-1.2879576504984E-16,0.,-1.));
#3919=DIRECTION('',(-1.2879576504984E-16,0.,-1.));
#3920=DIRECTION('',(0.,1.,0.));
#3921=DIRECTION('',(1.2879576504984E-16,0.,1.));
#3922=DIRECTION('center_axis',(0.,1.,0.));
#3923=DIRECTION('ref_axis',(1.,0.,0.));
#3924=DIRECTION('center_axis',(0.,-1.,0.));
#3925=DIRECTION('ref_axis',(1.,0.,0.));
#3926=DIRECTION('',(0.,1.,0.));
#3927=DIRECTION('center_axis',(0.,1.,0.));
#3928=DIRECTION('ref_axis',(1.,0.,0.));
#3929=DIRECTION('center_axis',(4.2931921722878E-17,0.,1.));
#3930=DIRECTION('ref_axis',(1.,0.,-4.2931921722878E-17));
#3931=DIRECTION('',(1.,0.,-4.2931921722878E-17));
#3932=DIRECTION('',(-1.,0.,4.2931921722878E-17));
#3933=DIRECTION('center_axis',(0.,1.,0.));
#3934=DIRECTION('ref_axis',(0.96936770626091,0.,0.245614026591443));
#3935=DIRECTION('center_axis',(0.,1.,0.));
#3936=DIRECTION('ref_axis',(0.96936770626091,0.,0.245614026591443));
#3937=DIRECTION('',(0.,1.,0.));
#3938=DIRECTION('center_axis',(0.,-1.,0.));
#3939=DIRECTION('ref_axis',(0.96936770626091,0.,0.245614026591443));
#3940=DIRECTION('',(0.,1.,0.));
#3941=DIRECTION('center_axis',(0.,1.,0.));
#3942=DIRECTION('ref_axis',(0.24561403508772,0.,0.969367704108162));
#3943=DIRECTION('center_axis',(0.,1.,0.));
#3944=DIRECTION('ref_axis',(0.24561403508772,0.,0.969367704108162));
#3945=DIRECTION('',(0.,1.,0.));
#3946=DIRECTION('center_axis',(0.,-1.,0.));
#3947=DIRECTION('ref_axis',(0.24561403508772,0.,0.969367704108162));
#3948=DIRECTION('center_axis',(-1.,0.,-4.29319216832801E-17));
#3949=DIRECTION('ref_axis',(-4.29319216832801E-17,0.,1.));
#3950=DIRECTION('',(-4.29319216832801E-17,0.,1.));
#3951=DIRECTION('',(0.,1.,0.));
#3952=DIRECTION('',(4.29319216832801E-17,0.,-1.));
#3953=DIRECTION('center_axis',(0.,1.,0.));
#3954=DIRECTION('ref_axis',(1.,0.,0.));
#3955=DIRECTION('center_axis',(0.,-1.,0.));
#3956=DIRECTION('ref_axis',(1.,0.,0.));
#3957=DIRECTION('',(0.,1.,0.));
#3958=DIRECTION('center_axis',(0.,1.,0.));
#3959=DIRECTION('ref_axis',(1.,0.,0.));
#3960=DIRECTION('center_axis',(0.,0.,-1.));
#3961=DIRECTION('ref_axis',(-1.,0.,0.));
#3962=DIRECTION('',(-1.,0.,0.));
#3963=DIRECTION('',(0.,1.,0.));
#3964=DIRECTION('',(1.,0.,0.));
#3965=DIRECTION('center_axis',(0.,1.,0.));
#3966=DIRECTION('ref_axis',(0.,0.,-1.));
#3967=DIRECTION('center_axis',(0.,1.,0.));
#3968=DIRECTION('ref_axis',(0.,0.,-1.));
#3969=DIRECTION('center_axis',(0.,-1.,0.));
#3970=DIRECTION('ref_axis',(0.,0.,-1.));
#3971=DIRECTION('center_axis',(0.,1.,0.));
#3972=DIRECTION('ref_axis',(1.,0.,0.));
#3973=DIRECTION('center_axis',(0.,1.,0.));
#3974=DIRECTION('ref_axis',(1.,0.,0.));
#3975=DIRECTION('center_axis',(0.,-1.,0.));
#3976=DIRECTION('ref_axis',(1.,0.,0.));
#3977=DIRECTION('',(0.,1.,0.));
#3978=DIRECTION('center_axis',(0.,1.,0.));
#3979=DIRECTION('ref_axis',(1.,0.,0.));
#3980=DIRECTION('center_axis',(0.,1.,0.));
#3981=DIRECTION('ref_axis',(1.,0.,0.));
#3982=DIRECTION('',(0.,0.,1.));
#3983=DIRECTION('',(1.,0.,0.));
#3984=DIRECTION('',(0.,0.,1.));
#3985=DIRECTION('',(1.,0.,0.));
#3986=DIRECTION('',(0.,0.,1.));
#3987=DIRECTION('',(1.,0.,0.));
#3988=DIRECTION('',(0.,0.,1.));
#3989=DIRECTION('',(1.,0.,0.));
#3990=DIRECTION('',(0.,0.,1.));
#3991=DIRECTION('',(-3.7470027081099E-16,1.,0.));
#3992=DIRECTION('',(0.,0.,1.));
#3993=DIRECTION('',(-3.7470027081099E-16,1.,0.));
#3994=DIRECTION('',(0.,-1.,-2.92821322744885E-15));
#3995=DIRECTION('',(0.999999999999999,0.,0.));
#3996=DIRECTION('',(0.,-1.,-2.92821322744885E-15));
#3997=DIRECTION('',(0.999999999999999,0.,0.));
#3998=CARTESIAN_POINT('',(0.,0.,0.));
#3999=CARTESIAN_POINT('',(0.,0.,0.));
#4000=CARTESIAN_POINT('Origin',(34.9999993294477,15.,-31.9999993294477));
#4001=CARTESIAN_POINT('',(31.9999993294477,18.,-31.9999993294477));
#4002=CARTESIAN_POINT('',(-50.0000006705523,18.,-31.9999993294477));
#4003=CARTESIAN_POINT('',(13.7499993294477,18.,-31.9999993294477));
#4004=CARTESIAN_POINT('',(31.9999993294477,100.,-31.9999993294477));
#4005=CARTESIAN_POINT('',(31.9999993294477,15.,-31.9999993294477));
#4006=CARTESIAN_POINT('',(-50.0000006705523,100.,-31.9999993294477));
#4007=CARTESIAN_POINT('',(13.7499993294477,100.,-31.9999993294477));
#4008=CARTESIAN_POINT('',(-50.0000006705523,15.,-31.9999993294477));
#4009=CARTESIAN_POINT('Origin',(31.9999993294477,15.,50.0000006705523));
#4010=CARTESIAN_POINT('',(31.9999993294477,18.,50.0000006705523));
#4011=CARTESIAN_POINT('',(31.9999993294477,18.,28.7500006705523));
#4012=CARTESIAN_POINT('',(31.9999993294477,100.,50.0000006705523));
#4013=CARTESIAN_POINT('',(31.9999993294477,15.,50.0000006705523));
#4014=CARTESIAN_POINT('',(31.9999993294477,100.,28.7500006705523));
#4015=CARTESIAN_POINT('Origin',(-7.50000067055225,18.,7.50000067055225));
#4016=CARTESIAN_POINT('',(-50.0000006705523,18.,50.0000006705523));
#4017=CARTESIAN_POINT('',(-50.0000006705523,18.,-13.7499993294477));
#4018=CARTESIAN_POINT('',(-28.7500006705523,18.,50.0000006705523));
#4019=CARTESIAN_POINT('Origin',(-50.0000006705523,15.,50.0000006705523));
#4020=CARTESIAN_POINT('',(-50.0000006705523,15.,50.0000006705523));
#4021=CARTESIAN_POINT('',(-50.0000006705523,15.,50.0000006705523));
#4022=CARTESIAN_POINT('',(34.9999993294477,15.,50.0000006705523));
#4023=CARTESIAN_POINT('',(-50.0000006705523,15.,50.0000006705523));
#4024=CARTESIAN_POINT('',(34.9999993294477,100.,50.0000006705523));
#4025=CARTESIAN_POINT('',(34.9999993294477,15.,50.0000006705523));
#4026=CARTESIAN_POINT('',(-50.0000006705523,100.,50.0000006705523));
#4027=CARTESIAN_POINT('Origin',(-50.0000006705523,15.,-34.9999993294477));
#4028=CARTESIAN_POINT('',(-50.0000006705523,100.,-34.9999993294477));
#4029=CARTESIAN_POINT('',(-50.0000006705523,100.,-34.9999993294477));
#4030=CARTESIAN_POINT('',(-50.0000006705523,15.,-34.9999993294477));
#4031=CARTESIAN_POINT('',(-50.0000006705523,15.,-34.9999993294477));
#4032=CARTESIAN_POINT('',(-50.0000006705523,15.,-34.9999993294477));
#4033=CARTESIAN_POINT('Origin',(34.9999993294477,15.,-34.9999993294477));
#4034=CARTESIAN_POINT('',(34.9999993294477,15.,-34.9999993294477));
#4035=CARTESIAN_POINT('',(34.9999993294477,15.,-34.9999993294477));
#4036=CARTESIAN_POINT('',(34.9999993294477,100.,-34.9999993294477));
#4037=CARTESIAN_POINT('',(34.9999993294477,100.,-34.9999993294477));
#4038=CARTESIAN_POINT('',(34.9999993294477,15.,-34.9999993294477));
#4039=CARTESIAN_POINT('Origin',(34.9999993294477,15.,50.0000006705523));
#4040=CARTESIAN_POINT('',(34.9999993294477,15.,50.0000006705523));
#4041=CARTESIAN_POINT('',(34.9999993294477,100.,50.0000006705523));
#4042=CARTESIAN_POINT('Origin',(-7.50000067055225,100.,7.50000067055226));
#4043=CARTESIAN_POINT('Origin',(-7.50000067055225,15.,7.50000067055225));
#4044=CARTESIAN_POINT('',(0.,0.,0.));
#4045=CARTESIAN_POINT('Origin',(45.,5.,-45.));
#4046=CARTESIAN_POINT('',(50.,5.,-45.));
#4047=CARTESIAN_POINT('',(45.,5.,-50.));
#4048=CARTESIAN_POINT('Origin',(45.,5.,-45.));
#4049=CARTESIAN_POINT('',(45.,0.,-45.));
#4050=CARTESIAN_POINT('Origin',(45.,5.,-45.));
#4051=CARTESIAN_POINT('Origin',(45.,5.,-45.));
#4052=CARTESIAN_POINT('Origin',(45.,5.,25.));
#4053=CARTESIAN_POINT('',(50.,5.,50.));
#4054=CARTESIAN_POINT('',(45.,0.,50.));
#4055=CARTESIAN_POINT('Origin',(45.,5.,50.));
#4056=CARTESIAN_POINT('',(45.,0.,25.));
#4057=CARTESIAN_POINT('',(50.,5.,25.));
#4058=CARTESIAN_POINT('Origin',(25.,5.,-45.));
#4059=CARTESIAN_POINT('',(-50.,0.,-45.));
#4060=CARTESIAN_POINT('',(-50.,5.,-50.));
#4061=CARTESIAN_POINT('Origin',(-50.,5.,-45.));
#4062=CARTESIAN_POINT('',(25.,5.,-50.));
#4063=CARTESIAN_POINT('',(25.,0.,-45.));
#4064=CARTESIAN_POINT('Origin',(45.,0.,-45.));
#4065=CARTESIAN_POINT('',(45.,100.,-50.));
#4066=CARTESIAN_POINT('',(50.,100.,-45.));
#4067=CARTESIAN_POINT('Origin',(45.,100.,-45.));
#4068=CARTESIAN_POINT('',(50.,0.,-45.));
#4069=CARTESIAN_POINT('',(45.,0.,-50.));
#4070=CARTESIAN_POINT('Origin',(0.,100.,0.));
#4071=CARTESIAN_POINT('',(-50.,100.,-50.));
#4072=CARTESIAN_POINT('',(50.,100.,-50.));
#4073=CARTESIAN_POINT('',(-50.,100.,-47.));
#4074=CARTESIAN_POINT('',(-50.,100.,-50.));
#4075=CARTESIAN_POINT('',(47.,100.,-47.));
#4076=CARTESIAN_POINT('',(25.,100.,-47.));
#4077=CARTESIAN_POINT('',(47.,100.,50.));
#4078=CARTESIAN_POINT('',(47.,100.,25.));
#4079=CARTESIAN_POINT('',(50.,100.,50.));
#4080=CARTESIAN_POINT('',(-50.,100.,50.));
#4081=CARTESIAN_POINT('',(50.,100.,50.));
#4082=CARTESIAN_POINT('Origin',(50.,0.,-50.));
#4083=CARTESIAN_POINT('',(-50.,0.,-50.));
#4084=CARTESIAN_POINT('',(-42.5,50.,-50.));
#4085=CARTESIAN_POINT('Origin',(0.,50.,-50.));
#4086=CARTESIAN_POINT('Origin',(-50.,0.,-50.));
#4087=CARTESIAN_POINT('',(-50.,0.,50.));
#4088=CARTESIAN_POINT('',(-50.,0.,-50.));
#4089=CARTESIAN_POINT('',(-50.,3.,50.));
#4090=CARTESIAN_POINT('',(-50.,0.,50.));
#4091=CARTESIAN_POINT('',(-50.,3.,-47.));
#4092=CARTESIAN_POINT('',(-50.,3.,-25.));
#4093=CARTESIAN_POINT('',(-50.,0.,-47.));
#4094=CARTESIAN_POINT('Origin',(0.,50.,-50.));
#4095=CARTESIAN_POINT('',(-42.5,50.,-47.));
#4096=CARTESIAN_POINT('',(-42.5,50.,-50.));
#4097=CARTESIAN_POINT('Origin',(0.,50.,-47.));
#4098=CARTESIAN_POINT('Origin',(50.,50.,0.));
#4099=CARTESIAN_POINT('',(50.,7.5,-5.20474889637625E-15));
#4100=CARTESIAN_POINT('Origin',(50.,50.,0.));
#4101=CARTESIAN_POINT('',(47.,7.5,-5.20474889637625E-15));
#4102=CARTESIAN_POINT('',(50.,7.5,5.20474889637625E-15));
#4103=CARTESIAN_POINT('Origin',(47.,50.,0.));
#4104=CARTESIAN_POINT('Origin',(0.,0.,0.));
#4105=CARTESIAN_POINT('',(-42.5,0.,5.20474889637625E-15));
#4106=CARTESIAN_POINT('Origin',(0.,0.,0.));
#4107=CARTESIAN_POINT('',(-42.5,3.,5.20474889637625E-15));
#4108=CARTESIAN_POINT('',(-42.5,0.,5.20474889637625E-15));
#4109=CARTESIAN_POINT('Origin',(0.,3.,0.));
#4110=CARTESIAN_POINT('Origin',(50.,0.,-47.));
#4111=CARTESIAN_POINT('',(47.,3.,-47.));
#4112=CARTESIAN_POINT('',(25.,3.,-47.));
#4113=CARTESIAN_POINT('',(47.,0.,-47.));
#4114=CARTESIAN_POINT('Origin',(47.,0.,50.));
#4115=CARTESIAN_POINT('',(47.,3.,50.));
#4116=CARTESIAN_POINT('',(47.,3.,25.));
#4117=CARTESIAN_POINT('',(47.,0.,50.));
#4118=CARTESIAN_POINT('Origin',(0.,3.,0.));
#4119=CARTESIAN_POINT('',(-25.,3.,50.));
#4120=CARTESIAN_POINT('Origin',(-50.,0.,50.));
#4121=CARTESIAN_POINT('',(50.,0.,50.));
#4122=CARTESIAN_POINT('',(-50.,0.,50.));
#4123=CARTESIAN_POINT('Origin',(50.,0.,50.));
#4124=CARTESIAN_POINT('Origin',(0.,0.,0.));
#4125=CARTESIAN_POINT('',(0.,0.,0.));
#4126=CARTESIAN_POINT('Origin',(0.,11.,0.));
#4127=CARTESIAN_POINT('',(-17.25,22.,2.11251572852918E-15));
#4128=CARTESIAN_POINT('Origin',(0.,22.,0.));
#4129=CARTESIAN_POINT('',(-17.25,11.,2.11251572852918E-15));
#4130=CARTESIAN_POINT('',(-17.25,11.,2.11251572852918E-15));
#4131=CARTESIAN_POINT('Origin',(0.,11.,0.));
#4132=CARTESIAN_POINT('Origin',(0.,22.,0.));
#4133=CARTESIAN_POINT('Origin',(0.,11.,0.));
#4134=CARTESIAN_POINT('Origin',(0.,11.,0.));
#4135=CARTESIAN_POINT('',(-17.25,7.,2.11251572852918E-15));
#4136=CARTESIAN_POINT('Origin',(0.,7.,0.));
#4137=CARTESIAN_POINT('',(-17.25,11.,2.11251572852918E-15));
#4138=CARTESIAN_POINT('',(-17.25,11.,-2.11251572852918E-15));
#4139=CARTESIAN_POINT('Origin',(0.,11.,0.));
#4140=CARTESIAN_POINT('Origin',(0.,11.,0.));
#4141=CARTESIAN_POINT('Origin',(0.,7.,0.));
#4142=CARTESIAN_POINT('Origin',(1.54999999999999,28.9356651834375,-8.01433481656215));
#4143=CARTESIAN_POINT('',(1.54999999999999,28.9356651834375,-8.01433481656215));
#4144=CARTESIAN_POINT('',(1.55,28.9356651834376,-9.61433481656216));
#4145=CARTESIAN_POINT('',(1.54999999999999,28.9356651834375,-8.01433481656215));
#4146=CARTESIAN_POINT('',(1.55,26.9356651834376,-9.61433481656219));
#4147=CARTESIAN_POINT('',(1.55,28.9356651834376,-9.61433481656216));
#4148=CARTESIAN_POINT('',(1.54999999999999,26.9356651834375,-8.01433481656218));
#4149=CARTESIAN_POINT('',(1.54999999999999,26.9356651834375,-8.01433481656218));
#4150=CARTESIAN_POINT('',(1.54999999999999,28.9356651834375,-8.01433481656215));
#4151=CARTESIAN_POINT('Origin',(0.,28.9356651834375,-8.01433481656215));
#4152=CARTESIAN_POINT('',(-1.54999999999999,28.9356651834375,-8.01433481656215));
#4153=CARTESIAN_POINT('Origin',(0.,28.9356651834375,-8.01433481656215));
#4154=CARTESIAN_POINT('',(-1.54999999999999,26.9356651834375,-8.01433481656218));
#4155=CARTESIAN_POINT('Origin',(0.,26.9356651834375,-8.01433481656218));
#4156=CARTESIAN_POINT('',(-1.54999999999999,28.9356651834375,-8.01433481656215));
#4157=CARTESIAN_POINT('Origin',(-1.55,28.9356651834376,-9.61433481656216));
#4158=CARTESIAN_POINT('',(-1.55,28.9356651834376,-9.61433481656216));
#4159=CARTESIAN_POINT('',(-1.55,28.9356651834376,-9.61433481656216));
#4160=CARTESIAN_POINT('',(-1.55,26.9356651834376,-9.61433481656219));
#4161=CARTESIAN_POINT('',(-1.55,26.9356651834376,-9.61433481656219));
#4162=CARTESIAN_POINT('',(-1.55,28.9356651834376,-9.61433481656216));
#4163=CARTESIAN_POINT('Origin',(0.,28.9356651834376,-9.61433481656216));
#4164=CARTESIAN_POINT('Origin',(0.,28.9356651834376,-9.61433481656216));
#4165=CARTESIAN_POINT('Origin',(0.,26.9356651834376,-9.61433481656219));
#4166=CARTESIAN_POINT('Origin',(-13.0960155108392,28.9356651834376,-10.968319305723));
#4167=CARTESIAN_POINT('',(-13.0960155108392,28.9356651834376,-10.968319305723));
#4168=CARTESIAN_POINT('',(-10.9746951672795,28.9356651834376,-8.84699896216337));
#4169=CARTESIAN_POINT('',(-10.9746951672795,28.9356651834376,-8.84699896216337));
#4170=CARTESIAN_POINT('',(-10.9746951672795,26.9356651834375,-8.8469989621634));
#4171=CARTESIAN_POINT('',(-10.9746951672795,28.9356651834376,-8.84699896216337));
#4172=CARTESIAN_POINT('',(-13.0960155108392,26.9356651834376,-10.968319305723));
#4173=CARTESIAN_POINT('',(-10.9746951672795,26.9356651834375,-8.8469989621634));
#4174=CARTESIAN_POINT('',(-13.0960155108392,28.9356651834376,-10.968319305723));
#4175=CARTESIAN_POINT('Origin',(-12.,28.9356651834376,-12.0643348165622));
#4176=CARTESIAN_POINT('',(-10.9039844891609,28.9356651834376,-13.1603503274013));
#4177=CARTESIAN_POINT('Origin',(-12.,28.9356651834376,-12.0643348165622));
#4178=CARTESIAN_POINT('',(-10.9039844891609,26.9356651834376,-13.1603503274013));
#4179=CARTESIAN_POINT('Origin',(-12.,26.9356651834376,-12.0643348165622));
#4180=CARTESIAN_POINT('',(-10.9039844891609,28.9356651834376,-13.1603503274013));
#4181=CARTESIAN_POINT('Origin',(-8.78266414560123,28.9356651834376,-11.0390299838417));
#4182=CARTESIAN_POINT('',(-8.78266414560123,28.9356651834376,-11.0390299838417));
#4183=CARTESIAN_POINT('',(-8.78266414560123,28.9356651834376,-11.0390299838417));
#4184=CARTESIAN_POINT('',(-8.78266414560123,26.9356651834376,-11.0390299838417));
#4185=CARTESIAN_POINT('',(-8.78266414560123,26.9356651834376,-11.0390299838417));
#4186=CARTESIAN_POINT('',(-8.78266414560123,28.9356651834376,-11.0390299838417));
#4187=CARTESIAN_POINT('Origin',(-9.87867965644038,28.9356651834376,-9.94301447300252));
#4188=CARTESIAN_POINT('Origin',(-9.87867965644038,28.9356651834376,-9.94301447300252));
#4189=CARTESIAN_POINT('Origin',(-9.87867965644038,26.9356651834376,-9.94301447300255));
#4190=CARTESIAN_POINT('Origin',(10.9039844891609,28.9356651834376,-13.1603503274013));
#4191=CARTESIAN_POINT('',(10.9039844891609,28.9356651834376,-13.1603503274013));
#4192=CARTESIAN_POINT('',(8.78266414560123,28.9356651834376,-11.0390299838417));
#4193=CARTESIAN_POINT('',(8.78266414560123,28.9356651834376,-11.0390299838417));
#4194=CARTESIAN_POINT('',(8.78266414560123,26.9356651834376,-11.0390299838417));
#4195=CARTESIAN_POINT('',(8.78266414560123,28.9356651834376,-11.0390299838417));
#4196=CARTESIAN_POINT('',(10.9039844891609,26.9356651834376,-13.1603503274013));
#4197=CARTESIAN_POINT('',(8.78266414560123,26.9356651834376,-11.0390299838417));
#4198=CARTESIAN_POINT('',(10.9039844891609,28.9356651834376,-13.1603503274013));
#4199=CARTESIAN_POINT('Origin',(12.,28.9356651834376,-12.0643348165622));
#4200=CARTESIAN_POINT('',(13.0960155108392,28.9356651834376,-10.968319305723));
#4201=CARTESIAN_POINT('Origin',(12.,28.9356651834376,-12.0643348165622));
#4202=CARTESIAN_POINT('',(13.0960155108392,26.9356651834376,-10.968319305723));
#4203=CARTESIAN_POINT('Origin',(12.,26.9356651834376,-12.0643348165622));
#4204=CARTESIAN_POINT('',(13.0960155108392,28.9356651834376,-10.968319305723));
#4205=CARTESIAN_POINT('Origin',(10.9746951672795,28.9356651834376,-8.84699896216337));
#4206=CARTESIAN_POINT('',(10.9746951672795,28.9356651834376,-8.84699896216337));
#4207=CARTESIAN_POINT('',(10.9746951672795,28.9356651834376,-8.84699896216337));
#4208=CARTESIAN_POINT('',(10.9746951672795,26.9356651834375,-8.8469989621634));
#4209=CARTESIAN_POINT('',(10.9746951672795,26.9356651834375,-8.8469989621634));
#4210=CARTESIAN_POINT('',(10.9746951672795,28.9356651834376,-8.84699896216337));
#4211=CARTESIAN_POINT('Origin',(9.87867965644037,28.9356651834376,-9.94301447300252));
#4212=CARTESIAN_POINT('Origin',(9.87867965644037,28.9356651834376,-9.94301447300252));
#4213=CARTESIAN_POINT('Origin',(9.87867965644037,26.9356651834376,-9.94301447300255));
#4214=CARTESIAN_POINT('Origin',(13.0960155108392,28.9356651834372,10.8396496725987));
#4215=CARTESIAN_POINT('',(13.0960155108392,28.9356651834372,10.8396496725987));
#4216=CARTESIAN_POINT('',(10.9746951672795,28.9356651834373,8.71832932903907));
#4217=CARTESIAN_POINT('',(10.9746951672795,28.9356651834373,8.71832932903907));
#4218=CARTESIAN_POINT('',(10.9746951672795,26.9356651834373,8.71832932903904));
#4219=CARTESIAN_POINT('',(10.9746951672795,28.9356651834373,8.71832932903907));
#4220=CARTESIAN_POINT('',(13.0960155108392,26.9356651834372,10.8396496725987));
#4221=CARTESIAN_POINT('',(10.9746951672795,26.9356651834373,8.71832932903904));
#4222=CARTESIAN_POINT('',(13.0960155108392,28.9356651834372,10.8396496725987));
#4223=CARTESIAN_POINT('Origin',(12.,28.9356651834372,11.9356651834379));
#4224=CARTESIAN_POINT('',(10.9039844891609,28.9356651834372,13.031680694277));
#4225=CARTESIAN_POINT('Origin',(12.,28.9356651834372,11.9356651834379));
#4226=CARTESIAN_POINT('',(10.9039844891609,26.9356651834372,13.031680694277));
#4227=CARTESIAN_POINT('Origin',(12.,26.9356651834372,11.9356651834378));
#4228=CARTESIAN_POINT('',(10.9039844891609,28.9356651834372,13.031680694277));
#4229=CARTESIAN_POINT('Origin',(8.78266414560123,28.9356651834372,10.9103603507174));
#4230=CARTESIAN_POINT('',(8.78266414560123,28.9356651834372,10.9103603507174));
#4231=CARTESIAN_POINT('',(8.78266414560123,28.9356651834372,10.9103603507174));
#4232=CARTESIAN_POINT('',(8.78266414560123,26.9356651834372,10.9103603507173));
#4233=CARTESIAN_POINT('',(8.78266414560123,26.9356651834372,10.9103603507173));
#4234=CARTESIAN_POINT('',(8.78266414560123,28.9356651834372,10.9103603507174));
#4235=CARTESIAN_POINT('Origin',(9.87867965644037,28.9356651834372,9.81434483987822));
#4236=CARTESIAN_POINT('Origin',(9.87867965644037,28.9356651834372,9.81434483987822));
#4237=CARTESIAN_POINT('Origin',(9.87867965644037,26.9356651834372,9.81434483987819));
#4238=CARTESIAN_POINT('Origin',(-10.9039844891609,28.9356651834372,13.031680694277));
#4239=CARTESIAN_POINT('',(-10.9039844891609,28.9356651834372,13.031680694277));
#4240=CARTESIAN_POINT('',(-8.78266414560123,28.9356651834372,10.9103603507174));
#4241=CARTESIAN_POINT('',(-8.78266414560123,28.9356651834372,10.9103603507174));
#4242=CARTESIAN_POINT('',(-8.78266414560123,26.9356651834372,10.9103603507173));
#4243=CARTESIAN_POINT('',(-8.78266414560123,28.9356651834372,10.9103603507174));
#4244=CARTESIAN_POINT('',(-10.9039844891609,26.9356651834372,13.031680694277));
#4245=CARTESIAN_POINT('',(-8.78266414560123,26.9356651834372,10.9103603507173));
#4246=CARTESIAN_POINT('',(-10.9039844891609,28.9356651834372,13.031680694277));
#4247=CARTESIAN_POINT('Origin',(-12.,28.9356651834372,11.9356651834379));
#4248=CARTESIAN_POINT('',(-13.0960155108392,28.9356651834372,10.8396496725987));
#4249=CARTESIAN_POINT('Origin',(-12.,28.9356651834372,11.9356651834379));
#4250=CARTESIAN_POINT('',(-13.0960155108392,26.9356651834372,10.8396496725987));
#4251=CARTESIAN_POINT('Origin',(-12.,26.9356651834372,11.9356651834378));
#4252=CARTESIAN_POINT('',(-13.0960155108392,28.9356651834372,10.8396496725987));
#4253=CARTESIAN_POINT('Origin',(-10.9746951672795,28.9356651834373,8.71832932903907));
#4254=CARTESIAN_POINT('',(-10.9746951672795,28.9356651834373,8.71832932903907));
#4255=CARTESIAN_POINT('',(-10.9746951672795,28.9356651834373,8.71832932903907));
#4256=CARTESIAN_POINT('',(-10.9746951672795,26.9356651834373,8.71832932903904));
#4257=CARTESIAN_POINT('',(-10.9746951672795,26.9356651834373,8.71832932903904));
#4258=CARTESIAN_POINT('',(-10.9746951672795,28.9356651834373,8.71832932903907));
#4259=CARTESIAN_POINT('Origin',(-9.87867965644038,28.9356651834372,9.81434483987822));
#4260=CARTESIAN_POINT('Origin',(-9.87867965644038,28.9356651834372,9.81434483987822));
#4261=CARTESIAN_POINT('Origin',(-9.87867965644038,26.9356651834372,9.81434483987819));
#4262=CARTESIAN_POINT('Origin',(0.,28.9356651834373,9.48566518343785));
#4263=CARTESIAN_POINT('',(-1.55,28.9356651834373,9.48566518343785));
#4264=CARTESIAN_POINT('',(1.55,28.9356651834373,9.48566518343785));
#4265=CARTESIAN_POINT('Origin',(0.,28.9356651834373,9.48566518343785));
#4266=CARTESIAN_POINT('',(1.55,26.9356651834373,9.48566518343782));
#4267=CARTESIAN_POINT('',(1.55,28.9356651834373,9.48566518343785));
#4268=CARTESIAN_POINT('',(-1.55,26.9356651834373,9.48566518343782));
#4269=CARTESIAN_POINT('Origin',(0.,26.9356651834373,9.48566518343782));
#4270=CARTESIAN_POINT('',(-1.55,28.9356651834373,9.48566518343785));
#4271=CARTESIAN_POINT('Origin',(-1.54999999999999,28.9356651834373,7.88566518343785));
#4272=CARTESIAN_POINT('',(-1.54999999999999,28.9356651834373,7.88566518343785));
#4273=CARTESIAN_POINT('',(-1.55,28.9356651834373,9.48566518343785));
#4274=CARTESIAN_POINT('',(-1.54999999999999,26.9356651834373,7.88566518343782));
#4275=CARTESIAN_POINT('',(-1.55,26.9356651834373,9.48566518343782));
#4276=CARTESIAN_POINT('',(-1.54999999999999,28.9356651834373,7.88566518343785));
#4277=CARTESIAN_POINT('Origin',(0.,28.9356651834373,7.88566518343785));
#4278=CARTESIAN_POINT('',(1.54999999999999,28.9356651834373,7.88566518343785));
#4279=CARTESIAN_POINT('Origin',(0.,28.9356651834373,7.88566518343785));
#4280=CARTESIAN_POINT('',(1.54999999999999,26.9356651834373,7.88566518343782));
#4281=CARTESIAN_POINT('Origin',(0.,26.9356651834373,7.88566518343782));
#4282=CARTESIAN_POINT('',(1.54999999999999,28.9356651834373,7.88566518343785));
#4283=CARTESIAN_POINT('Origin',(1.55,28.9356651834373,9.48566518343785));
#4284=CARTESIAN_POINT('',(1.54999999999999,28.9356651834373,7.88566518343785));
#4285=CARTESIAN_POINT('',(1.54999999999999,26.9356651834373,7.88566518343782));
#4286=CARTESIAN_POINT('Origin',(0.,28.9356651834374,-0.0643348165621513));
#4287=CARTESIAN_POINT('',(-1.5,26.9356651834374,-0.064334816562184));
#4288=CARTESIAN_POINT('Origin',(0.,26.9356651834374,-0.064334816562184));
#4289=CARTESIAN_POINT('',(-1.5,28.9356651834374,-0.0643348165621513));
#4290=CARTESIAN_POINT('',(-1.5,28.9356651834374,-0.0643348165621515));
#4291=CARTESIAN_POINT('Origin',(0.,28.9356651834374,-0.0643348165621513));
#4292=CARTESIAN_POINT('Origin',(1.77635683940025E-14,28.9356651834368,39.5401937974171));
#4293=CARTESIAN_POINT('',(-10.2059800664452,28.9356651834371,16.0625880659265));
#4294=CARTESIAN_POINT('',(10.2059800664452,28.9356651834371,16.0625880659265));
#4295=CARTESIAN_POINT('Origin',(1.77635683940025E-14,28.9356651834368,39.5401937974171));
#4296=CARTESIAN_POINT('',(-10.2059800664452,26.9356651834371,16.0625880659264));
#4297=CARTESIAN_POINT('',(-10.2059800664452,28.9356651834371,16.0625880659265));
#4298=CARTESIAN_POINT('',(10.2059800664452,26.9356651834371,16.0625880659264));
#4299=CARTESIAN_POINT('Origin',(1.77635683940025E-14,26.9356651834368,39.5401937974171));
#4300=CARTESIAN_POINT('',(10.2059800664452,28.9356651834371,16.0625880659265));
#4301=CARTESIAN_POINT('Origin',(12.,28.9356651834372,11.9356651834379));
#4302=CARTESIAN_POINT('',(16.1269228824886,28.9356651834372,10.141645249883));
#4303=CARTESIAN_POINT('Origin',(12.,28.9356651834372,11.9356651834379));
#4304=CARTESIAN_POINT('',(16.1269228824886,26.9356651834372,10.141645249883));
#4305=CARTESIAN_POINT('Origin',(12.,26.9356651834372,11.9356651834378));
#4306=CARTESIAN_POINT('',(16.1269228824886,28.9356651834372,10.141645249883));
#4307=CARTESIAN_POINT('Origin',(39.6045286139793,28.9356651834374,-0.0643348165621602));
#4308=CARTESIAN_POINT('',(16.1269228824886,28.9356651834376,-10.2703148830073));
#4309=CARTESIAN_POINT('Origin',(39.6045286139793,28.9356651834374,-0.0643348165621602));
#4310=CARTESIAN_POINT('',(16.1269228824886,26.9356651834376,-10.2703148830074));
#4311=CARTESIAN_POINT('Origin',(39.6045286139793,26.9356651834374,-0.0643348165621929));
#4312=CARTESIAN_POINT('',(16.1269228824886,28.9356651834376,-10.2703148830073));
#4313=CARTESIAN_POINT('Origin',(12.,28.9356651834376,-12.0643348165622));
#4314=CARTESIAN_POINT('',(10.2059800664452,28.9356651834377,-16.1912576990508));
#4315=CARTESIAN_POINT('Origin',(12.,28.9356651834376,-12.0643348165622));
#4316=CARTESIAN_POINT('',(10.2059800664452,26.9356651834377,-16.1912576990508));
#4317=CARTESIAN_POINT('Origin',(12.,26.9356651834376,-12.0643348165622));
#4318=CARTESIAN_POINT('',(10.2059800664452,28.9356651834377,-16.1912576990508));
#4319=CARTESIAN_POINT('Origin',(-1.77635683940025E-14,28.9356651834381,
-39.6688634305414));
#4320=CARTESIAN_POINT('',(-10.2059800664452,28.9356651834377,-16.1912576990508));
#4321=CARTESIAN_POINT('Origin',(-1.77635683940025E-14,28.9356651834381,
-39.6688634305414));
#4322=CARTESIAN_POINT('',(-10.2059800664452,26.9356651834377,-16.1912576990508));
#4323=CARTESIAN_POINT('Origin',(-1.77635683940025E-14,26.9356651834381,
-39.6688634305415));
#4324=CARTESIAN_POINT('',(-10.2059800664452,28.9356651834377,-16.1912576990508));
#4325=CARTESIAN_POINT('Origin',(-12.,28.9356651834376,-12.0643348165622));
#4326=CARTESIAN_POINT('',(-16.1269228824886,28.9356651834376,-10.2703148830073));
#4327=CARTESIAN_POINT('Origin',(-12.,28.9356651834376,-12.0643348165622));
#4328=CARTESIAN_POINT('',(-16.1269228824886,26.9356651834376,-10.2703148830074));
#4329=CARTESIAN_POINT('Origin',(-12.,26.9356651834376,-12.0643348165622));
#4330=CARTESIAN_POINT('',(-16.1269228824886,28.9356651834376,-10.2703148830073));
#4331=CARTESIAN_POINT('Origin',(-39.6045286139793,28.9356651834374,-0.0643348165621424));
#4332=CARTESIAN_POINT('',(-16.1269228824886,28.9356651834372,10.141645249883));
#4333=CARTESIAN_POINT('Origin',(-39.6045286139793,28.9356651834374,-0.0643348165621424));
#4334=CARTESIAN_POINT('',(-16.1269228824886,26.9356651834372,10.141645249883));
#4335=CARTESIAN_POINT('Origin',(-39.6045286139793,26.9356651834374,-0.0643348165621752));
#4336=CARTESIAN_POINT('',(-16.1269228824886,28.9356651834372,10.141645249883));
#4337=CARTESIAN_POINT('Origin',(-12.,28.9356651834372,11.9356651834379));
#4338=CARTESIAN_POINT('Origin',(-12.,28.9356651834372,11.9356651834379));
#4339=CARTESIAN_POINT('Origin',(-12.,26.9356651834372,11.9356651834378));
#4340=CARTESIAN_POINT('Origin',(0.,26.9356651834374,-0.0643348165621818));
#4341=CARTESIAN_POINT('Origin',(0.,28.9356651834374,-0.0643348165621491));
#4342=CARTESIAN_POINT('Origin',(0.,26.9356651834373,9.43566518343781));
#4343=CARTESIAN_POINT('',(-1.5,21.9356651834373,9.43566518343773));
#4344=CARTESIAN_POINT('Origin',(0.,21.9356651834373,9.43566518343773));
#4345=CARTESIAN_POINT('',(-1.5,26.9356651834373,9.43566518343781));
#4346=CARTESIAN_POINT('',(-1.5,26.9356651834373,9.43566518343781));
#4347=CARTESIAN_POINT('Origin',(0.,26.9356651834373,9.43566518343781));
#4348=CARTESIAN_POINT('Origin',(0.,26.9356651834373,9.43566518343781));
#4349=CARTESIAN_POINT('',(-3.,21.9356651834373,9.43566518343773));
#4350=CARTESIAN_POINT('Origin',(0.,21.9356651834373,9.43566518343773));
#4351=CARTESIAN_POINT('',(-3.,26.9356651834373,9.43566518343781));
#4352=CARTESIAN_POINT('',(-3.,26.9356651834373,9.43566518343781));
#4353=CARTESIAN_POINT('Origin',(0.,26.9356651834373,9.43566518343781));
#4354=CARTESIAN_POINT('Origin',(0.,21.9356651834373,9.43566518343773));
#4355=CARTESIAN_POINT('Origin',(0.,26.9356651834373,9.43566518343781));
#4356=CARTESIAN_POINT('Origin',(0.,26.9356651834376,-9.56433481656218));
#4357=CARTESIAN_POINT('',(-1.5,21.9356651834376,-9.56433481656226));
#4358=CARTESIAN_POINT('Origin',(0.,21.9356651834376,-9.56433481656226));
#4359=CARTESIAN_POINT('',(-1.5,26.9356651834376,-9.56433481656218));
#4360=CARTESIAN_POINT('',(-1.5,26.9356651834376,-9.56433481656218));
#4361=CARTESIAN_POINT('Origin',(0.,26.9356651834376,-9.56433481656218));
#4362=CARTESIAN_POINT('Origin',(0.,26.9356651834376,-9.56433481656218));
#4363=CARTESIAN_POINT('',(-3.,21.9356651834376,-9.56433481656226));
#4364=CARTESIAN_POINT('Origin',(0.,21.9356651834376,-9.56433481656226));
#4365=CARTESIAN_POINT('',(-3.,26.9356651834376,-9.56433481656218));
#4366=CARTESIAN_POINT('',(-3.,26.9356651834376,-9.56433481656218));
#4367=CARTESIAN_POINT('Origin',(0.,26.9356651834376,-9.56433481656218));
#4368=CARTESIAN_POINT('Origin',(0.,21.9356651834376,-9.56433481656226));
#4369=CARTESIAN_POINT('Origin',(0.,26.9356651834376,-9.56433481656218));
#4370=CARTESIAN_POINT('Origin',(12.,23.9356651834376,-12.0643348165622));
#4371=CARTESIAN_POINT('',(10.45,26.9356651834376,-12.0643348165622));
#4372=CARTESIAN_POINT('Origin',(12.,26.9356651834376,-12.0643348165622));
#4373=CARTESIAN_POINT('',(10.45,23.9356651834376,-12.0643348165622));
#4374=CARTESIAN_POINT('',(10.45,23.9356651834376,-12.0643348165622));
#4375=CARTESIAN_POINT('Origin',(12.,23.9356651834376,-12.0643348165622));
#4376=CARTESIAN_POINT('Origin',(17.6568542494924,23.9356651834377,-17.7211890660546));
#4377=CARTESIAN_POINT('',(16.1568542494924,26.9356651834377,-17.7211890660546));
#4378=CARTESIAN_POINT('Origin',(17.6568542494924,26.9356651834377,-17.7211890660546));
#4379=CARTESIAN_POINT('',(16.1568542494924,23.9356651834377,-17.7211890660546));
#4380=CARTESIAN_POINT('',(16.1568542494924,23.9356651834377,-17.7211890660546));
#4381=CARTESIAN_POINT('Origin',(17.6568542494924,23.9356651834377,-17.7211890660546));
#4382=CARTESIAN_POINT('Origin',(17.6568542494924,23.9356651834371,17.5925194329302));
#4383=CARTESIAN_POINT('',(16.1568542494924,26.9356651834371,17.5925194329302));
#4384=CARTESIAN_POINT('Origin',(17.6568542494924,26.9356651834371,17.5925194329302));
#4385=CARTESIAN_POINT('',(16.1568542494924,23.9356651834371,17.5925194329302));
#4386=CARTESIAN_POINT('',(16.1568542494924,23.9356651834371,17.5925194329302));
#4387=CARTESIAN_POINT('Origin',(17.6568542494924,23.9356651834371,17.5925194329302));
#4388=CARTESIAN_POINT('Origin',(-12.,23.9356651834376,-12.0643348165622));
#4389=CARTESIAN_POINT('',(-10.9039844891609,26.9356651834376,-13.1603503274013));
#4390=CARTESIAN_POINT('Origin',(-12.,26.9356651834376,-12.0643348165622));
#4391=CARTESIAN_POINT('',(-10.9039844891609,23.9356651834376,-13.1603503274014));
#4392=CARTESIAN_POINT('',(-10.9039844891609,23.9356651834376,-13.1603503274014));
#4393=CARTESIAN_POINT('Origin',(-12.,23.9356651834376,-12.0643348165622));
#4394=CARTESIAN_POINT('Origin',(12.,23.9356651834372,11.9356651834378));
#4395=CARTESIAN_POINT('',(10.45,26.9356651834372,11.9356651834378));
#4396=CARTESIAN_POINT('Origin',(12.,26.9356651834372,11.9356651834378));
#4397=CARTESIAN_POINT('',(10.45,23.9356651834372,11.9356651834378));
#4398=CARTESIAN_POINT('',(10.45,23.9356651834372,11.9356651834378));
#4399=CARTESIAN_POINT('Origin',(12.,23.9356651834372,11.9356651834378));
#4400=CARTESIAN_POINT('Origin',(0.,23.9356651834374,-0.0643348165622334));
#4401=CARTESIAN_POINT('',(-15.3514702249477,23.9356651834373,9.33419495849011));
#4402=CARTESIAN_POINT('',(-15.3514702249477,23.9356651834376,-9.46286459161458));
#4403=CARTESIAN_POINT('Origin',(0.,23.9356651834374,-0.0643348165622334));
#4404=CARTESIAN_POINT('',(-15.3514702249477,26.9356651834376,-9.46286459161453));
#4405=CARTESIAN_POINT('',(-15.3514702249477,23.9356651834376,-9.46286459161458));
#4406=CARTESIAN_POINT('',(-15.3514702249477,26.9356651834373,9.33419495849016));
#4407=CARTESIAN_POINT('Origin',(0.,26.9356651834374,-0.064334816562184));
#4408=CARTESIAN_POINT('',(-15.3514702249477,23.9356651834373,9.33419495849011));
#4409=CARTESIAN_POINT('Origin',(-14.4986107680061,23.9356651834373,8.81205441543165));
#4410=CARTESIAN_POINT('',(-13.8739580760046,23.9356651834373,9.59295710743317));
#4411=CARTESIAN_POINT('Origin',(-14.4986107680061,23.9356651834373,8.81205441543165));
#4412=CARTESIAN_POINT('',(-13.8739580760046,26.9356651834373,9.59295710743322));
#4413=CARTESIAN_POINT('Origin',(-14.4986107680061,26.9356651834373,8.8120544154317));
#4414=CARTESIAN_POINT('',(-13.8739580760046,23.9356651834373,9.59295710743317));
#4415=CARTESIAN_POINT('Origin',(-12.,23.9356651834372,11.9356651834378));
#4416=CARTESIAN_POINT('',(-9.65729192399542,23.9356651834372,13.8096232594424));
#4417=CARTESIAN_POINT('Origin',(-12.,23.9356651834372,11.9356651834378));
#4418=CARTESIAN_POINT('',(-9.65729192399542,26.9356651834372,13.8096232594424));
#4419=CARTESIAN_POINT('Origin',(-12.,26.9356651834372,11.9356651834378));
#4420=CARTESIAN_POINT('',(-9.65729192399542,23.9356651834372,13.8096232594424));
#4421=CARTESIAN_POINT('Origin',(-8.87638923199391,23.9356651834372,14.4342759514439));
#4422=CARTESIAN_POINT('',(-9.39852977505235,23.9356651834372,15.2871354083854));
#4423=CARTESIAN_POINT('Origin',(-8.87638923199391,23.9356651834372,14.4342759514439));
#4424=CARTESIAN_POINT('',(-9.39852977505235,26.9356651834372,15.2871354083855));
#4425=CARTESIAN_POINT('Origin',(-8.87638923199391,26.9356651834372,14.4342759514439));
#4426=CARTESIAN_POINT('',(-9.39852977505235,23.9356651834372,15.2871354083854));
#4427=CARTESIAN_POINT('Origin',(0.,23.9356651834374,-0.0643348165622334));
#4428=CARTESIAN_POINT('',(9.39852977505235,23.9356651834372,15.2871354083854));
#4429=CARTESIAN_POINT('Origin',(0.,23.9356651834374,-0.0643348165622334));
#4430=CARTESIAN_POINT('',(9.39852977505235,26.9356651834372,15.2871354083855));
#4431=CARTESIAN_POINT('Origin',(0.,26.9356651834374,-0.064334816562184));
#4432=CARTESIAN_POINT('',(9.39852977505235,23.9356651834372,15.2871354083854));
#4433=CARTESIAN_POINT('Origin',(8.87638923199391,23.9356651834372,14.4342759514439));
#4434=CARTESIAN_POINT('',(9.65729192399542,23.9356651834372,13.8096232594424));
#4435=CARTESIAN_POINT('Origin',(8.87638923199391,23.9356651834372,14.4342759514439));
#4436=CARTESIAN_POINT('',(9.65729192399542,26.9356651834372,13.8096232594424));
#4437=CARTESIAN_POINT('Origin',(8.87638923199391,26.9356651834372,14.4342759514439));
#4438=CARTESIAN_POINT('',(9.65729192399542,23.9356651834372,13.8096232594424));
#4439=CARTESIAN_POINT('Origin',(12.,23.9356651834372,11.9356651834378));
#4440=CARTESIAN_POINT('',(13.8739580760046,23.9356651834373,9.59295710743317));
#4441=CARTESIAN_POINT('Origin',(12.,23.9356651834372,11.9356651834378));
#4442=CARTESIAN_POINT('',(13.8739580760046,26.9356651834373,9.59295710743322));
#4443=CARTESIAN_POINT('Origin',(12.,26.9356651834372,11.9356651834378));
#4444=CARTESIAN_POINT('',(13.8739580760046,23.9356651834373,9.59295710743317));
#4445=CARTESIAN_POINT('Origin',(14.4986107680061,23.9356651834373,8.81205441543166));
#4446=CARTESIAN_POINT('',(15.3514702249477,23.9356651834373,9.33419495849011));
#4447=CARTESIAN_POINT('Origin',(14.4986107680061,23.9356651834373,8.81205441543166));
#4448=CARTESIAN_POINT('',(15.3514702249477,26.9356651834373,9.33419495849016));
#4449=CARTESIAN_POINT('Origin',(14.4986107680061,26.9356651834373,8.81205441543171));
#4450=CARTESIAN_POINT('',(15.3514702249477,23.9356651834373,9.33419495849011));
#4451=CARTESIAN_POINT('Origin',(0.,23.9356651834374,-0.0643348165622334));
#4452=CARTESIAN_POINT('',(15.3514702249477,23.9356651834376,-9.46286459161458));
#4453=CARTESIAN_POINT('Origin',(0.,23.9356651834374,-0.0643348165622334));
#4454=CARTESIAN_POINT('',(15.3514702249477,26.9356651834376,-9.46286459161453));
#4455=CARTESIAN_POINT('Origin',(0.,26.9356651834374,-0.064334816562184));
#4456=CARTESIAN_POINT('',(15.3514702249477,23.9356651834376,-9.46286459161458));
#4457=CARTESIAN_POINT('Origin',(14.4986107680061,23.9356651834376,-8.94072404855612));
#4458=CARTESIAN_POINT('',(13.8739580760046,23.9356651834376,-9.72162674055764));
#4459=CARTESIAN_POINT('Origin',(14.4986107680061,23.9356651834376,-8.94072404855612));
#4460=CARTESIAN_POINT('',(13.8739580760046,26.9356651834376,-9.72162674055759));
#4461=CARTESIAN_POINT('Origin',(14.4986107680061,26.9356651834376,-8.94072404855607));
#4462=CARTESIAN_POINT('',(13.8739580760046,23.9356651834376,-9.72162674055764));
#4463=CARTESIAN_POINT('Origin',(12.,23.9356651834376,-12.0643348165622));
#4464=CARTESIAN_POINT('',(9.65729192399542,23.9356651834376,-13.9382928925668));
#4465=CARTESIAN_POINT('Origin',(12.,23.9356651834376,-12.0643348165622));
#4466=CARTESIAN_POINT('',(9.65729192399542,26.9356651834376,-13.9382928925668));
#4467=CARTESIAN_POINT('Origin',(12.,26.9356651834376,-12.0643348165622));
#4468=CARTESIAN_POINT('',(9.65729192399542,23.9356651834376,-13.9382928925668));
#4469=CARTESIAN_POINT('Origin',(8.87638923199391,23.9356651834376,-14.5629455845684));
#4470=CARTESIAN_POINT('',(9.39852977505235,23.9356651834377,-15.4158050415099));
#4471=CARTESIAN_POINT('Origin',(8.87638923199391,23.9356651834376,-14.5629455845684));
#4472=CARTESIAN_POINT('',(9.39852977505235,26.9356651834377,-15.4158050415098));
#4473=CARTESIAN_POINT('Origin',(8.87638923199391,26.9356651834376,-14.5629455845683));
#4474=CARTESIAN_POINT('',(9.39852977505235,23.9356651834377,-15.4158050415099));
#4475=CARTESIAN_POINT('Origin',(0.,23.9356651834374,-0.0643348165622334));
#4476=CARTESIAN_POINT('',(-9.39852977505235,23.9356651834377,-15.4158050415099));
#4477=CARTESIAN_POINT('Origin',(0.,23.9356651834374,-0.0643348165622334));
#4478=CARTESIAN_POINT('',(-9.39852977505235,26.9356651834377,-15.4158050415098));
#4479=CARTESIAN_POINT('Origin',(0.,26.9356651834374,-0.064334816562184));
#4480=CARTESIAN_POINT('',(-9.39852977505235,23.9356651834377,-15.4158050415099));
#4481=CARTESIAN_POINT('Origin',(-8.87638923199391,23.9356651834376,-14.5629455845684));
#4482=CARTESIAN_POINT('',(-9.65729192399542,23.9356651834376,-13.9382928925668));
#4483=CARTESIAN_POINT('Origin',(-8.87638923199391,23.9356651834376,-14.5629455845684));
#4484=CARTESIAN_POINT('',(-9.65729192399542,26.9356651834376,-13.9382928925668));
#4485=CARTESIAN_POINT('Origin',(-8.87638923199391,26.9356651834376,-14.5629455845683));
#4486=CARTESIAN_POINT('',(-9.65729192399542,23.9356651834376,-13.9382928925668));
#4487=CARTESIAN_POINT('Origin',(-12.,23.9356651834376,-12.0643348165622));
#4488=CARTESIAN_POINT('',(-13.8739580760046,23.9356651834376,-9.72162674055764));
#4489=CARTESIAN_POINT('Origin',(-12.,23.9356651834376,-12.0643348165622));
#4490=CARTESIAN_POINT('',(-13.8739580760046,26.9356651834376,-9.72162674055759));
#4491=CARTESIAN_POINT('Origin',(-12.,26.9356651834376,-12.0643348165622));
#4492=CARTESIAN_POINT('',(-13.8739580760046,23.9356651834376,-9.72162674055764));
#4493=CARTESIAN_POINT('Origin',(-14.4986107680061,23.9356651834376,-8.94072404855612));
#4494=CARTESIAN_POINT('Origin',(-14.4986107680061,23.9356651834376,-8.94072404855612));
#4495=CARTESIAN_POINT('Origin',(-14.4986107680061,26.9356651834376,-8.94072404855607));
#4496=CARTESIAN_POINT('Origin',(-17.6568542494924,23.9356651834377,-17.7211890660546));
#4497=CARTESIAN_POINT('',(-19.1568542494924,26.9356651834377,-17.7211890660546));
#4498=CARTESIAN_POINT('Origin',(-17.6568542494924,26.9356651834377,-17.7211890660546));
#4499=CARTESIAN_POINT('',(-19.1568542494924,23.9356651834377,-17.7211890660546));
#4500=CARTESIAN_POINT('',(-19.1568542494924,23.9356651834377,-17.7211890660546));
#4501=CARTESIAN_POINT('Origin',(-17.6568542494924,23.9356651834377,-17.7211890660546));
#4502=CARTESIAN_POINT('Origin',(-12.,23.9356651834372,11.9356651834378));
#4503=CARTESIAN_POINT('',(-13.55,26.9356651834372,11.9356651834378));
#4504=CARTESIAN_POINT('Origin',(-12.,26.9356651834372,11.9356651834378));
#4505=CARTESIAN_POINT('',(-13.55,23.9356651834372,11.9356651834378));
#4506=CARTESIAN_POINT('',(-13.55,23.9356651834372,11.9356651834378));
#4507=CARTESIAN_POINT('Origin',(-12.,23.9356651834372,11.9356651834378));
#4508=CARTESIAN_POINT('Origin',(-17.6568542494924,23.9356651834371,17.5925194329302));
#4509=CARTESIAN_POINT('',(-19.1568542494924,26.9356651834371,17.5925194329302));
#4510=CARTESIAN_POINT('Origin',(-17.6568542494924,26.9356651834371,17.5925194329302));
#4511=CARTESIAN_POINT('',(-19.1568542494924,23.9356651834371,17.5925194329302));
#4512=CARTESIAN_POINT('',(-19.1568542494924,23.9356651834371,17.5925194329302));
#4513=CARTESIAN_POINT('Origin',(-17.6568542494924,23.9356651834371,17.5925194329302));
#4514=CARTESIAN_POINT('Origin',(-17.6568542494924,23.9356651834371,20.5925194329302));
#4515=CARTESIAN_POINT('',(-17.6568542494924,23.9356651834371,20.5925194329302));
#4516=CARTESIAN_POINT('',(17.6568542494924,23.9356651834371,20.5925194329302));
#4517=CARTESIAN_POINT('',(-17.6568542494924,23.9356651834371,20.5925194329302));
#4518=CARTESIAN_POINT('',(17.6568542494924,26.9356651834371,20.5925194329302));
#4519=CARTESIAN_POINT('',(17.6568542494924,23.9356651834371,20.5925194329302));
#4520=CARTESIAN_POINT('',(-17.6568542494924,26.9356651834371,20.5925194329302));
#4521=CARTESIAN_POINT('',(-17.6568542494924,26.9356651834371,20.5925194329302));
#4522=CARTESIAN_POINT('',(-17.6568542494924,23.9356651834371,20.5925194329302));
#4523=CARTESIAN_POINT('Origin',(-17.6568542494924,23.9356651834371,17.5925194329302));
#4524=CARTESIAN_POINT('',(-20.6568542494924,23.9356651834371,17.5925194329302));
#4525=CARTESIAN_POINT('Origin',(-17.6568542494924,23.9356651834371,17.5925194329302));
#4526=CARTESIAN_POINT('',(-20.6568542494924,26.9356651834371,17.5925194329302));
#4527=CARTESIAN_POINT('Origin',(-17.6568542494924,26.9356651834371,17.5925194329302));
#4528=CARTESIAN_POINT('',(-20.6568542494924,23.9356651834371,17.5925194329302));
#4529=CARTESIAN_POINT('Origin',(-20.6568542494924,23.9356651834377,-17.7211890660546));
#4530=CARTESIAN_POINT('',(-20.6568542494924,23.9356651834377,-17.7211890660546));
#4531=CARTESIAN_POINT('',(-20.6568542494924,23.9356651834377,-17.7211890660546));
#4532=CARTESIAN_POINT('',(-20.6568542494924,26.9356651834377,-17.7211890660546));
#4533=CARTESIAN_POINT('',(-20.6568542494924,26.9356651834377,-17.7211890660546));
#4534=CARTESIAN_POINT('',(-20.6568542494924,23.9356651834377,-17.7211890660546));
#4535=CARTESIAN_POINT('Origin',(-17.6568542494924,23.9356651834377,-17.7211890660546));
#4536=CARTESIAN_POINT('',(-17.6568542494924,23.9356651834377,-20.7211890660546));
#4537=CARTESIAN_POINT('Origin',(-17.6568542494924,23.9356651834377,-17.7211890660546));
#4538=CARTESIAN_POINT('',(-17.6568542494924,26.9356651834377,-20.7211890660546));
#4539=CARTESIAN_POINT('Origin',(-17.6568542494924,26.9356651834377,-17.7211890660546));
#4540=CARTESIAN_POINT('',(-17.6568542494924,23.9356651834377,-20.7211890660546));
#4541=CARTESIAN_POINT('Origin',(17.6568542494924,23.9356651834377,-20.7211890660546));
#4542=CARTESIAN_POINT('',(17.6568542494924,23.9356651834377,-20.7211890660546));
#4543=CARTESIAN_POINT('',(17.6568542494924,23.9356651834377,-20.7211890660546));
#4544=CARTESIAN_POINT('',(17.6568542494924,26.9356651834377,-20.7211890660546));
#4545=CARTESIAN_POINT('',(17.6568542494924,26.9356651834377,-20.7211890660546));
#4546=CARTESIAN_POINT('',(17.6568542494924,23.9356651834377,-20.7211890660546));
#4547=CARTESIAN_POINT('Origin',(17.6568542494924,23.9356651834377,-17.7211890660546));
#4548=CARTESIAN_POINT('',(20.6568542494924,23.9356651834377,-17.7211890660546));
#4549=CARTESIAN_POINT('Origin',(17.6568542494924,23.9356651834377,-17.7211890660546));
#4550=CARTESIAN_POINT('',(20.6568542494924,26.9356651834377,-17.7211890660546));
#4551=CARTESIAN_POINT('Origin',(17.6568542494924,26.9356651834377,-17.7211890660546));
#4552=CARTESIAN_POINT('',(20.6568542494924,23.9356651834377,-17.7211890660546));
#4553=CARTESIAN_POINT('Origin',(20.6568542494924,23.9356651834371,17.5925194329302));
#4554=CARTESIAN_POINT('',(20.6568542494924,23.9356651834371,17.5925194329302));
#4555=CARTESIAN_POINT('',(20.6568542494924,23.9356651834371,17.5925194329302));
#4556=CARTESIAN_POINT('',(20.6568542494924,26.9356651834371,17.5925194329302));
#4557=CARTESIAN_POINT('',(20.6568542494924,26.9356651834371,17.5925194329302));
#4558=CARTESIAN_POINT('',(20.6568542494924,23.9356651834371,17.5925194329302));
#4559=CARTESIAN_POINT('Origin',(17.6568542494924,23.9356651834371,17.5925194329302));
#4560=CARTESIAN_POINT('Origin',(17.6568542494924,23.9356651834371,17.5925194329302));
#4561=CARTESIAN_POINT('Origin',(17.6568542494924,26.9356651834371,17.5925194329302));
#4562=CARTESIAN_POINT('Origin',(0.,26.9356651834374,-0.064334816562184));
#4563=CARTESIAN_POINT('Origin',(0.,23.9356651834374,-0.0643348165622334));
#4564=CARTESIAN_POINT('Origin',(-17.6568542494924,23.9356651834371,17.5925194329302));
#4565=CARTESIAN_POINT('',(-19.1568542494924,17.9356651834371,17.5925194329301));
#4566=CARTESIAN_POINT('Origin',(-17.6568542494924,17.9356651834371,17.5925194329301));
#4567=CARTESIAN_POINT('',(-19.1568542494924,23.9356651834371,17.5925194329302));
#4568=CARTESIAN_POINT('',(-19.1568542494924,23.9356651834371,17.5925194329302));
#4569=CARTESIAN_POINT('Origin',(-17.6568542494924,23.9356651834371,17.5925194329302));
#4570=CARTESIAN_POINT('Origin',(-17.6568542494924,23.9356651834371,17.5925194329302));
#4571=CARTESIAN_POINT('',(-20.6568542494924,17.9356651834371,17.5925194329301));
#4572=CARTESIAN_POINT('Origin',(-17.6568542494924,17.9356651834371,17.5925194329301));
#4573=CARTESIAN_POINT('',(-20.6568542494924,23.9356651834371,17.5925194329302));
#4574=CARTESIAN_POINT('',(-20.6568542494924,23.9356651834371,17.5925194329302));
#4575=CARTESIAN_POINT('Origin',(-17.6568542494924,23.9356651834371,17.5925194329302));
#4576=CARTESIAN_POINT('Origin',(-17.6568542494924,17.9356651834371,17.5925194329301));
#4577=CARTESIAN_POINT('Origin',(-17.6568542494924,23.9356651834371,17.5925194329302));
#4578=CARTESIAN_POINT('Origin',(17.6568542494924,23.9356651834371,17.5925194329302));
#4579=CARTESIAN_POINT('',(16.1568542494924,17.9356651834371,17.5925194329301));
#4580=CARTESIAN_POINT('Origin',(17.6568542494924,17.9356651834371,17.5925194329301));
#4581=CARTESIAN_POINT('',(16.1568542494924,23.9356651834371,17.5925194329302));
#4582=CARTESIAN_POINT('',(16.1568542494924,23.9356651834371,17.5925194329302));
#4583=CARTESIAN_POINT('Origin',(17.6568542494924,23.9356651834371,17.5925194329302));
#4584=CARTESIAN_POINT('Origin',(17.6568542494924,23.9356651834371,17.5925194329302));
#4585=CARTESIAN_POINT('',(14.6568542494924,17.9356651834371,17.5925194329301));
#4586=CARTESIAN_POINT('Origin',(17.6568542494924,17.9356651834371,17.5925194329301));
#4587=CARTESIAN_POINT('',(14.6568542494924,23.9356651834371,17.5925194329302));
#4588=CARTESIAN_POINT('',(14.6568542494924,23.9356651834371,17.5925194329302));
#4589=CARTESIAN_POINT('Origin',(17.6568542494924,23.9356651834371,17.5925194329302));
#4590=CARTESIAN_POINT('Origin',(17.6568542494924,17.9356651834371,17.5925194329301));
#4591=CARTESIAN_POINT('Origin',(17.6568542494924,23.9356651834371,17.5925194329302));
#4592=CARTESIAN_POINT('Origin',(17.6568542494924,23.9356651834377,-17.7211890660546));
#4593=CARTESIAN_POINT('',(16.1568542494924,17.9356651834377,-17.7211890660547));
#4594=CARTESIAN_POINT('Origin',(17.6568542494924,17.9356651834377,-17.7211890660547));
#4595=CARTESIAN_POINT('',(16.1568542494924,23.9356651834377,-17.7211890660546));
#4596=CARTESIAN_POINT('',(16.1568542494924,23.9356651834377,-17.7211890660546));
#4597=CARTESIAN_POINT('Origin',(17.6568542494924,23.9356651834377,-17.7211890660546));
#4598=CARTESIAN_POINT('Origin',(17.6568542494924,23.9356651834377,-17.7211890660546));
#4599=CARTESIAN_POINT('',(14.6568542494924,17.9356651834377,-17.7211890660547));
#4600=CARTESIAN_POINT('Origin',(17.6568542494924,17.9356651834377,-17.7211890660547));
#4601=CARTESIAN_POINT('',(14.6568542494924,23.9356651834377,-17.7211890660546));
#4602=CARTESIAN_POINT('',(14.6568542494924,23.9356651834377,-17.7211890660546));
#4603=CARTESIAN_POINT('Origin',(17.6568542494924,23.9356651834377,-17.7211890660546));
#4604=CARTESIAN_POINT('Origin',(17.6568542494924,17.9356651834377,-17.7211890660547));
#4605=CARTESIAN_POINT('Origin',(17.6568542494924,23.9356651834377,-17.7211890660546));
#4606=CARTESIAN_POINT('Origin',(-17.6568542494924,23.9356651834377,-17.7211890660546));
#4607=CARTESIAN_POINT('',(-19.1568542494924,17.9356651834377,-17.7211890660547));
#4608=CARTESIAN_POINT('Origin',(-17.6568542494924,17.9356651834377,-17.7211890660547));
#4609=CARTESIAN_POINT('',(-19.1568542494924,23.9356651834377,-17.7211890660546));
#4610=CARTESIAN_POINT('',(-19.1568542494924,23.9356651834377,-17.7211890660546));
#4611=CARTESIAN_POINT('Origin',(-17.6568542494924,23.9356651834377,-17.7211890660546));
#4612=CARTESIAN_POINT('Origin',(-17.6568542494924,23.9356651834377,-17.7211890660546));
#4613=CARTESIAN_POINT('',(-20.6568542494924,17.9356651834377,-17.7211890660547));
#4614=CARTESIAN_POINT('Origin',(-17.6568542494924,17.9356651834377,-17.7211890660547));
#4615=CARTESIAN_POINT('',(-20.6568542494924,23.9356651834377,-17.7211890660546));
#4616=CARTESIAN_POINT('',(-20.6568542494924,23.9356651834377,-17.7211890660546));
#4617=CARTESIAN_POINT('Origin',(-17.6568542494924,23.9356651834377,-17.7211890660546));
#4618=CARTESIAN_POINT('Origin',(-17.6568542494924,17.9356651834377,-17.7211890660547));
#4619=CARTESIAN_POINT('Origin',(-17.6568542494924,23.9356651834377,-17.7211890660546));
#4620=CARTESIAN_POINT('',(0.,0.,0.));
#4621=CARTESIAN_POINT('Origin',(0.,3.,0.));
#4622=CARTESIAN_POINT('',(31.8206796873752,3.,-6.61016975829409));
#4623=CARTESIAN_POINT('',(6.6101694915254,3.,-31.8206797427916));
#4624=CARTESIAN_POINT('Origin',(0.,3.,0.));
#4625=CARTESIAN_POINT('',(31.8206796873752,7.,-6.61016975829409));
#4626=CARTESIAN_POINT('',(31.8206796873752,3.,-6.61016975829409));
#4627=CARTESIAN_POINT('',(6.6101694915254,7.,-31.8206797427916));
#4628=CARTESIAN_POINT('Origin',(0.,7.,0.));
#4629=CARTESIAN_POINT('',(6.6101694915254,3.,-31.8206797427916));
#4630=CARTESIAN_POINT('Origin',(28.8833861777714,3.,-6.00000024214387));
#4631=CARTESIAN_POINT('',(28.8833861777714,3.,-3.00000024214387));
#4632=CARTESIAN_POINT('Origin',(28.8833861777714,3.,-6.00000024214387));
#4633=CARTESIAN_POINT('',(28.8833861777714,7.,-3.00000024214387));
#4634=CARTESIAN_POINT('',(28.8833861777714,3.,-3.00000024214387));
#4635=CARTESIAN_POINT('Origin',(28.8833861777714,7.,-6.00000024214387));
#4636=CARTESIAN_POINT('Origin',(14.6969384072717,3.,-3.00000024214387));
#4637=CARTESIAN_POINT('',(14.6969384072717,3.,-3.00000024214387));
#4638=CARTESIAN_POINT('',(7.34846920363583,3.,-3.00000024214388));
#4639=CARTESIAN_POINT('',(14.6969384072717,7.,-3.00000024214387));
#4640=CARTESIAN_POINT('',(14.6969384072717,3.,-3.00000024214387));
#4641=CARTESIAN_POINT('',(7.34846920363583,7.,-3.00000024214388));
#4642=CARTESIAN_POINT('Origin',(0.,3.,0.));
#4643=CARTESIAN_POINT('',(3.,3.,-14.6969384566991));
#4644=CARTESIAN_POINT('Origin',(0.,3.,0.));
#4645=CARTESIAN_POINT('',(3.,7.,-14.6969384566991));
#4646=CARTESIAN_POINT('',(3.,3.,-14.6969384566991));
#4647=CARTESIAN_POINT('Origin',(0.,7.,0.));
#4648=CARTESIAN_POINT('Origin',(3.,3.,-28.8833862280724));
#4649=CARTESIAN_POINT('',(3.,3.,-28.8833862280724));
#4650=CARTESIAN_POINT('',(3.,3.,-14.4416931140362));
#4651=CARTESIAN_POINT('',(3.,7.,-28.8833862280724));
#4652=CARTESIAN_POINT('',(3.,3.,-28.8833862280724));
#4653=CARTESIAN_POINT('',(3.,7.,-14.4416931140362));
#4654=CARTESIAN_POINT('Origin',(6.,3.,-28.8833862280724));
#4655=CARTESIAN_POINT('Origin',(6.,3.,-28.8833862280724));
#4656=CARTESIAN_POINT('Origin',(6.,7.,-28.8833862280724));
#4657=CARTESIAN_POINT('Origin',(-7.,3.,27.6269795670826));
#4658=CARTESIAN_POINT('',(-7.98245614035087,3.,31.5044503835153));
#4659=CARTESIAN_POINT('',(-3.,3.,27.6269795670826));
#4660=CARTESIAN_POINT('Origin',(-7.,3.,27.6269795670826));
#4661=CARTESIAN_POINT('',(-7.98245614035087,7.,31.5044503835153));
#4662=CARTESIAN_POINT('',(-7.98245614035087,3.,31.5044503835153));
#4663=CARTESIAN_POINT('',(-3.,7.,27.6269795670826));
#4664=CARTESIAN_POINT('Origin',(-7.,7.,27.6269795670826));
#4665=CARTESIAN_POINT('',(-3.,3.,27.6269795670826));
#4666=CARTESIAN_POINT('Origin',(0.,3.,0.));
#4667=CARTESIAN_POINT('',(-31.5044504534796,3.,7.9824558642219));
#4668=CARTESIAN_POINT('Origin',(0.,3.,0.));
#4669=CARTESIAN_POINT('',(-31.5044504534796,7.,7.9824558642219));
#4670=CARTESIAN_POINT('',(-31.5044504534796,3.,7.9824558642219));
#4671=CARTESIAN_POINT('Origin',(0.,7.,0.));
#4672=CARTESIAN_POINT('Origin',(-27.6269796284359,3.,6.99999975785613));
#4673=CARTESIAN_POINT('',(-27.6269796284359,3.,2.99999975785613));
#4674=CARTESIAN_POINT('Origin',(-27.6269796284359,3.,6.99999975785613));
#4675=CARTESIAN_POINT('',(-27.6269796284359,7.,2.99999975785613));
#4676=CARTESIAN_POINT('',(-27.6269796284359,3.,2.99999975785613));
#4677=CARTESIAN_POINT('Origin',(-27.6269796284359,7.,6.99999975785613));
#4678=CARTESIAN_POINT('Origin',(-14.6969385061265,3.,2.99999975785613));
#4679=CARTESIAN_POINT('',(-14.6969385061265,3.,2.99999975785613));
#4680=CARTESIAN_POINT('',(-7.34846925306324,3.,2.99999975785613));
#4681=CARTESIAN_POINT('',(-14.6969385061265,7.,2.99999975785613));
#4682=CARTESIAN_POINT('',(-14.6969385061265,3.,2.99999975785613));
#4683=CARTESIAN_POINT('',(-7.34846925306324,7.,2.99999975785613));
#4684=CARTESIAN_POINT('Origin',(0.,3.,0.));
#4685=CARTESIAN_POINT('',(-3.,3.,14.6969384566991));
#4686=CARTESIAN_POINT('Origin',(0.,3.,0.));
#4687=CARTESIAN_POINT('',(-3.,7.,14.6969384566991));
#4688=CARTESIAN_POINT('',(-3.,3.,14.6969384566991));
#4689=CARTESIAN_POINT('Origin',(0.,7.,0.));
#4690=CARTESIAN_POINT('Origin',(-3.,3.,27.6269795670826));
#4691=CARTESIAN_POINT('',(-3.,3.,13.8134897835413));
#4692=CARTESIAN_POINT('',(-3.,7.,13.8134897835413));
#4693=CARTESIAN_POINT('Origin',(-27.6269795057293,3.,-7.00000024214387));
#4694=CARTESIAN_POINT('',(-31.5044503135509,3.,-7.98245641647984));
#4695=CARTESIAN_POINT('',(-27.6269795057293,3.,-3.00000024214387));
#4696=CARTESIAN_POINT('Origin',(-27.6269795057293,3.,-7.00000024214387));
#4697=CARTESIAN_POINT('',(-31.5044503135509,7.,-7.98245641647984));
#4698=CARTESIAN_POINT('',(-31.5044503135509,3.,-7.98245641647984));
#4699=CARTESIAN_POINT('',(-27.6269795057293,7.,-3.00000024214387));
#4700=CARTESIAN_POINT('Origin',(-27.6269795057293,7.,-7.00000024214387));
#4701=CARTESIAN_POINT('',(-27.6269795057293,3.,-3.00000024214387));
#4702=CARTESIAN_POINT('Origin',(0.,3.,0.));
#4703=CARTESIAN_POINT('',(-7.98245614035089,3.,-31.5044503835153));
#4704=CARTESIAN_POINT('Origin',(0.,3.,0.));
#4705=CARTESIAN_POINT('',(-7.98245614035089,7.,-31.5044503835153));
#4706=CARTESIAN_POINT('',(-7.98245614035089,3.,-31.5044503835153));
#4707=CARTESIAN_POINT('Origin',(0.,7.,0.));
#4708=CARTESIAN_POINT('Origin',(-7.,3.,-27.6269795670826));
#4709=CARTESIAN_POINT('',(-3.,3.,-27.6269795670826));
#4710=CARTESIAN_POINT('Origin',(-7.,3.,-27.6269795670826));
#4711=CARTESIAN_POINT('',(-3.,7.,-27.6269795670826));
#4712=CARTESIAN_POINT('',(-3.,3.,-27.6269795670826));
#4713=CARTESIAN_POINT('Origin',(-7.,7.,-27.6269795670826));
#4714=CARTESIAN_POINT('Origin',(-3.,3.,-14.6969384566991));
#4715=CARTESIAN_POINT('',(-3.,3.,-14.6969384566991));
#4716=CARTESIAN_POINT('',(-3.,3.,-7.34846922834953));
#4717=CARTESIAN_POINT('',(-3.,7.,-14.6969384566991));
#4718=CARTESIAN_POINT('',(-3.,3.,-14.6969384566991));
#4719=CARTESIAN_POINT('',(-3.,7.,-7.34846922834953));
#4720=CARTESIAN_POINT('Origin',(0.,3.,0.));
#4721=CARTESIAN_POINT('',(-14.6969384072717,3.,-3.00000024214387));
#4722=CARTESIAN_POINT('Origin',(0.,3.,0.));
#4723=CARTESIAN_POINT('',(-14.6969384072717,7.,-3.00000024214387));
#4724=CARTESIAN_POINT('',(-14.6969384072717,3.,-3.00000024214387));
#4725=CARTESIAN_POINT('Origin',(0.,7.,0.));
#4726=CARTESIAN_POINT('Origin',(-27.6269795057293,3.,-3.00000024214387));
#4727=CARTESIAN_POINT('',(-13.8134897528646,3.,-3.00000024214387));
#4728=CARTESIAN_POINT('',(-13.8134897528646,7.,-3.00000024214387));
#4729=CARTESIAN_POINT('Origin',(0.,3.,0.));
#4730=CARTESIAN_POINT('',(7.98245614035088,3.,31.5044503835153));
#4731=CARTESIAN_POINT('',(31.5044504534796,3.,7.98245586422191));
#4732=CARTESIAN_POINT('Origin',(0.,3.,0.));
#4733=CARTESIAN_POINT('',(7.98245614035088,7.,31.5044503835153));
#4734=CARTESIAN_POINT('',(7.98245614035088,3.,31.5044503835153));
#4735=CARTESIAN_POINT('',(31.5044504534796,7.,7.98245586422191));
#4736=CARTESIAN_POINT('Origin',(0.,7.,0.));
#4737=CARTESIAN_POINT('',(31.5044504534796,3.,7.98245586422191));
#4738=CARTESIAN_POINT('Origin',(7.,3.,27.6269795670826));
#4739=CARTESIAN_POINT('',(3.,3.,27.6269795670826));
#4740=CARTESIAN_POINT('Origin',(7.,3.,27.6269795670826));
#4741=CARTESIAN_POINT('',(3.,7.,27.6269795670826));
#4742=CARTESIAN_POINT('',(3.,3.,27.6269795670826));
#4743=CARTESIAN_POINT('Origin',(7.,7.,27.6269795670826));
#4744=CARTESIAN_POINT('Origin',(3.,3.,14.6969384566991));
#4745=CARTESIAN_POINT('',(3.,3.,14.6969384566991));
#4746=CARTESIAN_POINT('',(3.,3.,7.34846922834953));
#4747=CARTESIAN_POINT('',(3.,7.,14.6969384566991));
#4748=CARTESIAN_POINT('',(3.,3.,14.6969384566991));
#4749=CARTESIAN_POINT('',(3.,7.,7.34846922834953));
#4750=CARTESIAN_POINT('Origin',(0.,3.,0.));
#4751=CARTESIAN_POINT('',(14.6969385061265,3.,2.99999975785613));
#4752=CARTESIAN_POINT('Origin',(0.,3.,0.));
#4753=CARTESIAN_POINT('',(14.6969385061265,7.,2.99999975785613));
#4754=CARTESIAN_POINT('',(14.6969385061265,3.,2.99999975785613));
#4755=CARTESIAN_POINT('Origin',(0.,7.,0.));
#4756=CARTESIAN_POINT('Origin',(27.6269796284359,3.,2.99999975785613));
#4757=CARTESIAN_POINT('',(27.6269796284359,3.,2.99999975785613));
#4758=CARTESIAN_POINT('',(13.813489814218,3.,2.99999975785613));
#4759=CARTESIAN_POINT('',(27.6269796284359,7.,2.99999975785613));
#4760=CARTESIAN_POINT('',(27.6269796284359,3.,2.99999975785613));
#4761=CARTESIAN_POINT('',(13.813489814218,7.,2.99999975785613));
#4762=CARTESIAN_POINT('Origin',(27.6269796284359,3.,6.99999975785613));
#4763=CARTESIAN_POINT('Origin',(27.6269796284359,3.,6.99999975785613));
#4764=CARTESIAN_POINT('Origin',(27.6269796284359,7.,6.99999975785613));
#4765=CARTESIAN_POINT('Origin',(0.,3.,0.));
#4766=CARTESIAN_POINT('',(-40.,3.,4.89858719658941E-15));
#4767=CARTESIAN_POINT('Origin',(0.,3.,0.));
#4768=CARTESIAN_POINT('Origin',(0.,7.,0.));
#4769=CARTESIAN_POINT('',(-40.,7.,4.89858719658941E-15));
#4770=CARTESIAN_POINT('',(-40.,7.,-4.89858719658941E-15));
#4771=CARTESIAN_POINT('Origin',(0.,7.,0.));
#4772=CARTESIAN_POINT('Origin',(0.,7.,0.));
#4773=CARTESIAN_POINT('',(0.,0.,0.));
#4774=CARTESIAN_POINT('',(0.,0.,0.));
#4775=CARTESIAN_POINT('',(0.,0.,0.));
#4776=CARTESIAN_POINT('',(0.,0.,0.));
#4777=CARTESIAN_POINT('',(50.,50.,0.));
#4778=CARTESIAN_POINT('',(50.,50.,0.));
#4779=CARTESIAN_POINT('',(0.,50.,-50.));
#4780=CARTESIAN_POINT('',(0.,50.,-50.));
#4781=UNCERTAINTY_MEASURE_WITH_UNIT(LENGTH_MEASURE(0.01),#4793,
'DISTANCE_ACCURACY_VALUE',
'Maximum model space distance between geometric entities at asserted c
onnectivities');
#4782=UNCERTAINTY_MEASURE_WITH_UNIT(LENGTH_MEASURE(0.01),#4793,
'DISTANCE_ACCURACY_VALUE',
'Maximum model space distance between geometric entities at asserted c
onnectivities');
#4783=UNCERTAINTY_MEASURE_WITH_UNIT(LENGTH_MEASURE(0.01),#4793,
'DISTANCE_ACCURACY_VALUE',
'Maximum model space distance between geometric entities at asserted c
onnectivities');
#4784=UNCERTAINTY_MEASURE_WITH_UNIT(LENGTH_MEASURE(0.01),#4793,
'DISTANCE_ACCURACY_VALUE',
'Maximum model space distance between geometric entities at asserted c
onnectivities');
#4785=UNCERTAINTY_MEASURE_WITH_UNIT(LENGTH_MEASURE(0.01),#4793,
'DISTANCE_ACCURACY_VALUE',
'Maximum model space distance between geometric entities at asserted c
onnectivities');
#4786=UNCERTAINTY_MEASURE_WITH_UNIT(LENGTH_MEASURE(0.01),#4793,
'DISTANCE_ACCURACY_VALUE',
'Maximum model space distance between geometric entities at asserted c
onnectivities');
#4787=(
GEOMETRIC_REPRESENTATION_CONTEXT(3)
GLOBAL_UNCERTAINTY_ASSIGNED_CONTEXT((#4781))
GLOBAL_UNIT_ASSIGNED_CONTEXT((#4793,#4795,#4796))
REPRESENTATION_CONTEXT('','3D')
);
#4788=(
GEOMETRIC_REPRESENTATION_CONTEXT(3)
GLOBAL_UNCERTAINTY_ASSIGNED_CONTEXT((#4782))
GLOBAL_UNIT_ASSIGNED_CONTEXT((#4793,#4795,#4796))
REPRESENTATION_CONTEXT('','3D')
);
#4789=(
GEOMETRIC_REPRESENTATION_CONTEXT(3)
GLOBAL_UNCERTAINTY_ASSIGNED_CONTEXT((#4783))
GLOBAL_UNIT_ASSIGNED_CONTEXT((#4793,#4795,#4796))
REPRESENTATION_CONTEXT('','3D')
);
#4790=(
GEOMETRIC_REPRESENTATION_CONTEXT(3)
GLOBAL_UNCERTAINTY_ASSIGNED_CONTEXT((#4784))
GLOBAL_UNIT_ASSIGNED_CONTEXT((#4793,#4795,#4796))
REPRESENTATION_CONTEXT('','3D')
);
#4791=(
GEOMETRIC_REPRESENTATION_CONTEXT(3)
GLOBAL_UNCERTAINTY_ASSIGNED_CONTEXT((#4785))
GLOBAL_UNIT_ASSIGNED_CONTEXT((#4793,#4795,#4796))
REPRESENTATION_CONTEXT('','3D')
);
#4792=(
GEOMETRIC_REPRESENTATION_CONTEXT(3)
GLOBAL_UNCERTAINTY_ASSIGNED_CONTEXT((#4786))
GLOBAL_UNIT_ASSIGNED_CONTEXT((#4793,#4795,#4796))
REPRESENTATION_CONTEXT('','3D')
);
#4793=(
LENGTH_UNIT()
NAMED_UNIT(*)
SI_UNIT(.MILLI.,.METRE.)
);
#4794=(
LENGTH_UNIT()
NAMED_UNIT(*)
SI_UNIT($,.METRE.)
);
#4795=(
NAMED_UNIT(*)
PLANE_ANGLE_UNIT()
SI_UNIT($,.RADIAN.)
);
#4796=(
NAMED_UNIT(*)
SI_UNIT($,.STERADIAN.)
SOLID_ANGLE_UNIT()
);
#4797=SHAPE_DEFINITION_REPRESENTATION(#4802,#4815);
#4798=SHAPE_DEFINITION_REPRESENTATION(#4803,#4816);
#4799=SHAPE_DEFINITION_REPRESENTATION(#4804,#4817);
#4800=SHAPE_DEFINITION_REPRESENTATION(#4805,#4818);
#4801=SHAPE_DEFINITION_REPRESENTATION(#4806,#4819);
#4802=PRODUCT_DEFINITION_SHAPE('',$,#4821);
#4803=PRODUCT_DEFINITION_SHAPE('',$,#4822);
#4804=PRODUCT_DEFINITION_SHAPE('',$,#4823);
#4805=PRODUCT_DEFINITION_SHAPE('',$,#4824);
#4806=PRODUCT_DEFINITION_SHAPE('',$,#4825);
#4807=PRODUCT_DEFINITION_SHAPE($,$,#35);
#4808=PRODUCT_DEFINITION_SHAPE($,$,#36);
#4809=PRODUCT_DEFINITION_SHAPE($,$,#37);
#4810=PRODUCT_DEFINITION_SHAPE($,$,#38);
#4811=PRODUCT_DEFINITION_SHAPE($,$,#39);
#4812=PRODUCT_DEFINITION_SHAPE($,$,#40);
#4813=PRODUCT_DEFINITION_SHAPE($,$,#41);
#4814=PRODUCT_DEFINITION_SHAPE($,$,#42);
#4815=SHAPE_REPRESENTATION('',(#2790,#3118,#3119,#3120,#3121,#3122,#3123,
#3124,#3125),#4787);
#4816=SHAPE_REPRESENTATION('',(#2791),#4788);
#4817=SHAPE_REPRESENTATION('',(#2801),#4789);
#4818=SHAPE_REPRESENTATION('',(#2830),#4790);
#4819=SHAPE_REPRESENTATION('',(#3056),#4791);
#4820=PRODUCT_DEFINITION_CONTEXT('part definition',#4837,'design');
#4821=PRODUCT_DEFINITION('cubli','cubli v5',#4826,#4820);
#4822=PRODUCT_DEFINITION('inner_frame','inner_frame',#4827,#4820);
#4823=PRODUCT_DEFINITION('outer_frame','outer_frame',#4828,#4820);
#4824=PRODUCT_DEFINITION('motor','motor',#4829,#4820);
#4825=PRODUCT_DEFINITION('fly_wheel','fly_wheel',#4830,#4820);
#4826=PRODUCT_DEFINITION_FORMATION('',$,#4839);
#4827=PRODUCT_DEFINITION_FORMATION('',$,#4840);
#4828=PRODUCT_DEFINITION_FORMATION('',$,#4841);
#4829=PRODUCT_DEFINITION_FORMATION('',$,#4842);
#4830=PRODUCT_DEFINITION_FORMATION('',$,#4843);
#4831=PRODUCT_RELATED_PRODUCT_CATEGORY('cubli v5','cubli v5',(#4839));
#4832=PRODUCT_RELATED_PRODUCT_CATEGORY('inner_frame','inner_frame',(#4840));
#4833=PRODUCT_RELATED_PRODUCT_CATEGORY('outer_frame','outer_frame',(#4841));
#4834=PRODUCT_RELATED_PRODUCT_CATEGORY('motor','motor',(#4842));
#4835=PRODUCT_RELATED_PRODUCT_CATEGORY('fly_wheel','fly_wheel',(#4843));
#4836=APPLICATION_PROTOCOL_DEFINITION('international standard',
'automotive_design',2009,#4837);
#4837=APPLICATION_CONTEXT(
'Core Data for Automotive Mechanical Design Process');
#4838=PRODUCT_CONTEXT('part definition',#4837,'mechanical');
#4839=PRODUCT('cubli','cubli v5',$,(#4838));
#4840=PRODUCT('inner_frame','inner_frame',$,(#4838));
#4841=PRODUCT('outer_frame','outer_frame',$,(#4838));
#4842=PRODUCT('motor','motor',$,(#4838));
#4843=PRODUCT('fly_wheel','fly_wheel',$,(#4838));
#4844=PRESENTATION_STYLE_ASSIGNMENT((#4851));
#4845=PRESENTATION_STYLE_ASSIGNMENT((#4852));
#4846=PRESENTATION_STYLE_ASSIGNMENT((#4853));
#4847=PRESENTATION_STYLE_ASSIGNMENT((#4854));
#4848=PRESENTATION_STYLE_ASSIGNMENT((#4855));
#4849=PRESENTATION_STYLE_ASSIGNMENT((#4856));
#4850=PRESENTATION_STYLE_ASSIGNMENT((#4857));
#4851=SURFACE_STYLE_USAGE(.BOTH.,#4858);
#4852=SURFACE_STYLE_USAGE(.BOTH.,#4859);
#4853=SURFACE_STYLE_USAGE(.BOTH.,#4860);
#4854=SURFACE_STYLE_USAGE(.BOTH.,#4861);
#4855=SURFACE_STYLE_USAGE(.BOTH.,#4862);
#4856=SURFACE_STYLE_USAGE(.BOTH.,#4863);
#4857=SURFACE_STYLE_USAGE(.BOTH.,#4864);
#4858=SURFACE_SIDE_STYLE('',(#4865));
#4859=SURFACE_SIDE_STYLE('',(#4866));
#4860=SURFACE_SIDE_STYLE('',(#4867));
#4861=SURFACE_SIDE_STYLE('',(#4868));
#4862=SURFACE_SIDE_STYLE('',(#4869));
#4863=SURFACE_SIDE_STYLE('',(#4870));
#4864=SURFACE_SIDE_STYLE('',(#4871));
#4865=SURFACE_STYLE_FILL_AREA(#4872);
#4866=SURFACE_STYLE_FILL_AREA(#4873);
#4867=SURFACE_STYLE_FILL_AREA(#4874);
#4868=SURFACE_STYLE_FILL_AREA(#4875);
#4869=SURFACE_STYLE_FILL_AREA(#4876);
#4870=SURFACE_STYLE_FILL_AREA(#4877);
#4871=SURFACE_STYLE_FILL_AREA(#4878);
#4872=FILL_AREA_STYLE('\X2\92FC\X0\ - \X2\30B530C630F3\X0\',(#4879));
#4873=FILL_AREA_STYLE('\X2\30D130A630C030FC\X0\ \X2\30B330FC30C8\X0\(\X2\9EC4\X0\)
 (1) (1)',(#4880));
#4874=FILL_AREA_STYLE('\X2\30D130A630C030FC\X0\ \X2\30B330FC30C8\X0\(\X2\9EC4\X0\)
 (1)',(#4881));
#4875=FILL_AREA_STYLE('\X2\30D130A630C030FC\X0\ \X2\30B330FC30C8\X0\(\X2\7DD1\X0\)',
(#4882));
#4876=FILL_AREA_STYLE('\X2\771F936E\X0\ - \X2\3064308451FA3057\X0\',(#4883));
#4877=FILL_AREA_STYLE('\X2\30A230EB30DF30CB30A630E0\X0\ - \X2\967D697591785316\X0\ 
\X2\51496CA2\X0\(\X2\9752\X0\)',(#4884));
#4878=FILL_AREA_STYLE('\X2\30D130A630C030FC\X0\ \X2\30B330FC30C8\X0\(\X2\9EC4\X0\)',
(#4885));
#4879=FILL_AREA_STYLE_COLOUR('\X2\92FC\X0\ - \X2\30B530C630F3\X0\',#4886);
#4880=FILL_AREA_STYLE_COLOUR('\X2\30D130A630C030FC\X0\ \X2\30B330FC30C8\X0\(
\X2\9EC4\X0\) (1) (1)',#4887);
#4881=FILL_AREA_STYLE_COLOUR('\X2\30D130A630C030FC\X0\ \X2\30B330FC30C8\X0\(
\X2\9EC4\X0\) (1)',#4888);
#4882=FILL_AREA_STYLE_COLOUR('\X2\30D130A630C030FC\X0\ \X2\30B330FC30C8\X0\(
\X2\7DD1\X0\)',#4889);
#4883=FILL_AREA_STYLE_COLOUR('\X2\771F936E\X0\ - \X2\3064308451FA3057\X0\',
#4890);
#4884=FILL_AREA_STYLE_COLOUR(
'\X2\30A230EB30DF30CB30A630E0\X0\ - \X2\967D697591785316\X0\ \X2\51496CA2\X0\(
\X2\9752\X0\)',#4891);
#4885=FILL_AREA_STYLE_COLOUR('\X2\30D130A630C030FC\X0\ \X2\30B330FC30C8\X0\(
\X2\9EC4\X0\)',#4892);
#4886=COLOUR_RGB('\X2\92FC\X0\ - \X2\30B530C630F3\X0\',0.627450980392157,
0.627450980392157,0.627450980392157);
#4887=COLOUR_RGB('\X2\30D130A630C030FC\X0\ \X2\30B330FC30C8\X0\(\X2\9EC4\X0\)
 (1) (1)',0.32156862745098,0.117647058823529,1.);
#4888=COLOUR_RGB('\X2\30D130A630C030FC\X0\ \X2\30B330FC30C8\X0\(\X2\9EC4\X0\)
 (1)',0.796078431372549,0.392156862745098,0.392156862745098);
#4889=COLOUR_RGB('\X2\30D130A630C030FC\X0\ \X2\30B330FC30C8\X0\(\X2\7DD1\X0\)',
0.266666666666667,0.588235294117647,0.282352941176471);
#4890=COLOUR_RGB('\X2\771F936E\X0\ - \X2\3064308451FA3057\X0\',0.952941176470588,
0.796078431372549,0.486274509803922);
#4891=COLOUR_RGB('\X2\30A230EB30DF30CB30A630E0\X0\ - \X2\967D697591785316\X0\ 
\X2\51496CA2\X0\(\X2\9752\X0\)',0.349019607843137,0.584313725490196,0.854901960784314);
#4892=COLOUR_RGB('\X2\30D130A630C030FC\X0\ \X2\30B330FC30C8\X0\(\X2\9EC4\X0\)',
0.909803921568627,0.67843137254902,0.137254901960784);
ENDSEC;
END-ISO-10303-21;
