solid mesh
  facet normal -0.23485878109931946 0.0 0.9720295071601868
    outer loop
      vertex 6.610169410705566 7.0 -31.820680618286133
      vertex 6.610169410705566 3.0 -31.820680618286133
      vertex 8.647710800170898 7.0 -31.3283748626709
    endloop
  endfacet
  facet normal -0.23485878109931946 2.085965010494912e-16 0.9720295071601868
    outer loop
      vertex 8.647710800170898 7.0 -31.3283748626709
      vertex 6.610169410705566 3.0 -31.820680618286133
      vertex 8.647710800170898 3.0 -31.3283748626709
    endloop
  endfacet
  facet normal -0.2970312833786011 2.63816775872706e-16 0.9548677802085876
    outer loop
      vertex 8.647710800170898 7.0 -31.3283748626709
      vertex 8.647710800170898 3.0 -31.3283748626709
      vertex 10.64927864074707 7.0 -30.705745697021484
    endloop
  endfacet
  facet normal -0.2970312833786011 2.63816775872706e-16 0.9548677802085876
    outer loop
      vertex 10.64927864074707 7.0 -30.705745697021484
      vertex 8.647710800170898 3.0 -31.3283748626709
      vertex 10.64927864074707 3.0 -30.705745697021484
    endloop
  endfacet
  facet normal -0.35796812176704407 3.179395606940752e-16 0.9337338209152222
    outer loop
      vertex 10.64927864074707 7.0 -30.705745697021484
      vertex 10.64927864074707 3.0 -30.705745697021484
      vertex 12.606546401977539 7.0 -29.95538330078125
    endloop
  endfacet
  facet normal -0.35796812176704407 3.179395606940752e-16 0.9337338209152222
    outer loop
      vertex 12.606546401977539 7.0 -29.95538330078125
      vertex 10.64927864074707 3.0 -30.705745697021484
      vertex 12.606546401977539 3.0 -29.95538330078125
    endloop
  endfacet
  facet normal -0.4174158573150635 3.7073975650786604e-16 0.9087156057357788
    outer loop
      vertex 12.606546401977539 7.0 -29.95538330078125
      vertex 12.606546401977539 3.0 -29.95538330078125
      vertex 14.511371612548828 7.0 -29.080408096313477
    endloop
  endfacet
  facet normal -0.4174158573150635 0.0 0.9087156057357788
    outer loop
      vertex 14.511371612548828 7.0 -29.080408096313477
      vertex 12.606546401977539 3.0 -29.95538330078125
      vertex 14.511371612548828 3.0 -29.080408096313477
    endloop
  endfacet
  facet normal -0.47512713074684143 0.0 0.8799171447753906
    outer loop
      vertex 14.511371612548828 7.0 -29.080408096313477
      vertex 14.511371612548828 3.0 -29.080408096313477
      vertex 16.3558292388916 7.0 -28.08445930480957
    endloop
  endfacet
  facet normal -0.47512713074684143 4.219976641433844e-16 0.8799171447753906
    outer loop
      vertex 16.3558292388916 7.0 -28.08445930480957
      vertex 14.511371612548828 3.0 -29.080408096313477
      vertex 16.3558292388916 3.0 -28.08445930480957
    endloop
  endfacet
  facet normal -0.5308619141578674 4.715000959957182e-16 0.8474583029747009
    outer loop
      vertex 16.3558292388916 7.0 -28.08445930480957
      vertex 16.3558292388916 3.0 -28.08445930480957
      vertex 18.132247924804688 7.0 -26.9716796875
    endloop
  endfacet
  facet normal -0.5308619141578674 0.0 0.8474583029747009
    outer loop
      vertex 18.132247924804688 7.0 -26.9716796875
      vertex 16.3558292388916 3.0 -28.08445930480957
      vertex 18.132247924804688 3.0 -26.9716796875
    endloop
  endfacet
  facet normal -0.5843883752822876 0.0 0.811474084854126
    outer loop
      vertex 18.132247924804688 7.0 -26.9716796875
      vertex 18.132247924804688 3.0 -26.9716796875
      vertex 19.83323860168457 7.0 -25.746702194213867
    endloop
  endfacet
  facet normal -0.5843883752822876 -2.0169263989888681e-16 0.811474084854126
    outer loop
      vertex 19.83323860168457 7.0 -25.746702194213867
      vertex 18.132247924804688 3.0 -26.9716796875
      vertex 19.83323860168457 3.0 -25.746702194213867
    endloop
  endfacet
  facet normal -0.6354838013648987 -1.2135217365674727e-16 0.7721142172813416
    outer loop
      vertex 19.83323860168457 7.0 -25.746702194213867
      vertex 19.83323860168457 3.0 -25.746702194213867
      vertex 21.451723098754883 7.0 -24.41461753845215
    endloop
  endfacet
  facet normal -0.6354838013648987 -2.4270434731349453e-16 0.7721142172813416
    outer loop
      vertex 21.451723098754883 7.0 -24.41461753845215
      vertex 19.83323860168457 3.0 -25.746702194213867
      vertex 21.451723098754883 3.0 -24.41461753845215
    endloop
  endfacet
  facet normal -0.6839356422424316 -8.101379787820261e-17 0.7295423746109009
    outer loop
      vertex 21.451723098754883 7.0 -24.41461753845215
      vertex 21.451723098754883 3.0 -24.41461753845215
      vertex 22.98097038269043 7.0 -22.98097038269043
    endloop
  endfacet
  facet normal -0.6839356422424316 0.0 0.7295423746109009
    outer loop
      vertex 22.98097038269043 7.0 -22.98097038269043
      vertex 21.451723098754883 3.0 -24.41461753845215
      vertex 22.98097038269043 3.0 -22.98097038269043
    endloop
  endfacet
  facet normal -0.7295423746109009 0.0 0.6839356422424316
    outer loop
      vertex 22.98097038269043 7.0 -22.98097038269043
      vertex 22.98097038269043 3.0 -22.98097038269043
      vertex 24.41461753845215 7.0 -21.451723098754883
    endloop
  endfacet
  facet normal -0.7295423746109009 -2.4703343212174877e-15 0.6839356422424316
    outer loop
      vertex 24.41461753845215 7.0 -21.451723098754883
      vertex 22.98097038269043 3.0 -22.98097038269043
      vertex 24.41461753845215 3.0 -21.451723098754883
    endloop
  endfacet
  facet normal -0.7721142172813416 -2.3790440747777346e-15 0.6354838013648987
    outer loop
      vertex 24.41461753845215 7.0 -21.451723098754883
      vertex 24.41461753845215 3.0 -21.451723098754883
      vertex 25.746702194213867 7.0 -19.83323860168457
    endloop
  endfacet
  facet normal -0.7721142172813416 1.2135217365674727e-16 0.6354838013648987
    outer loop
      vertex 25.746702194213867 7.0 -19.83323860168457
      vertex 24.41461753845215 3.0 -21.451723098754883
      vertex 25.746702194213867 3.0 -19.83323860168457
    endloop
  endfacet
  facet normal -0.811474084854126 2.0169262666399701e-16 0.5843883752822876
    outer loop
      vertex 25.746702194213867 7.0 -19.83323860168457
      vertex 25.746702194213867 3.0 -19.83323860168457
      vertex 26.9716796875 7.0 -18.13224983215332
    endloop
  endfacet
  facet normal -0.811474084854126 0.0 0.5843883752822876
    outer loop
      vertex 26.9716796875 7.0 -18.13224983215332
      vertex 25.746702194213867 3.0 -19.83323860168457
      vertex 26.9716796875 3.0 -18.13224983215332
    endloop
  endfacet
  facet normal -0.8474583029747009 0.0 0.5308619737625122
    outer loop
      vertex 26.9716796875 7.0 -18.13224983215332
      vertex 26.9716796875 3.0 -18.13224983215332
      vertex 28.08445930480957 7.0 -16.3558292388916
    endloop
  endfacet
  facet normal -0.8474583029747009 2.8119405383232197e-16 0.5308619737625122
    outer loop
      vertex 28.08445930480957 7.0 -16.3558292388916
      vertex 26.9716796875 3.0 -18.13224983215332
      vertex 28.08445930480957 3.0 -16.3558292388916
    endloop
  endfacet
  facet normal -0.8799171447753906 3.5952575497026835e-16 0.4751271605491638
    outer loop
      vertex 28.08445930480957 7.0 -16.3558292388916
      vertex 28.08445930480957 3.0 -16.3558292388916
      vertex 29.080408096313477 7.0 -14.511371612548828
    endloop
  endfacet
  facet normal -0.8799171447753906 -6.329965094499664e-16 0.4751271605491638
    outer loop
      vertex 29.080408096313477 7.0 -14.511371612548828
      vertex 28.08445930480957 3.0 -16.3558292388916
      vertex 29.080408096313477 3.0 -14.511371612548828
    endloop
  endfacet
  facet normal -0.9087156057357788 -5.561096347617991e-16 0.4174158573150635
    outer loop
      vertex 29.080408096313477 7.0 -14.511371612548828
      vertex 29.080408096313477 3.0 -14.511371612548828
      vertex 29.95538330078125 7.0 -12.606546401977539
    endloop
  endfacet
  facet normal -0.9087156057357788 -3.7073975650786604e-16 0.4174158573150635
    outer loop
      vertex 29.95538330078125 7.0 -12.606546401977539
      vertex 29.080408096313477 3.0 -14.511371612548828
      vertex 29.95538330078125 3.0 -12.606546401977539
    endloop
  endfacet
  facet normal -0.9337338209152222 -3.179395606940752e-16 0.35796812176704407
    outer loop
      vertex 29.95538330078125 7.0 -12.606546401977539
      vertex 29.95538330078125 3.0 -12.606546401977539
      vertex 30.705745697021484 7.0 -10.649279594421387
    endloop
  endfacet
  facet normal -0.9337338209152222 0.0 0.35796812176704407
    outer loop
      vertex 30.705745697021484 7.0 -10.649279594421387
      vertex 29.95538330078125 3.0 -12.606546401977539
      vertex 30.705745697021484 3.0 -10.649279594421387
    endloop
  endfacet
  facet normal -0.9548677206039429 0.0 0.2970312833786011
    outer loop
      vertex 30.705745697021484 7.0 -10.649279594421387
      vertex 30.705745697021484 3.0 -10.649279594421387
      vertex 31.3283748626709 7.0 -8.647711753845215
    endloop
  endfacet
  facet normal -0.9548677206039429 4.523677922391709e-16 0.2970312833786011
    outer loop
      vertex 31.3283748626709 7.0 -8.647711753845215
      vertex 30.705745697021484 3.0 -10.649279594421387
      vertex 31.3283748626709 3.0 -8.647711753845215
    endloop
  endfacet
  facet normal -0.9720295071601868 5.504408667622997e-16 0.23485879600048065
    outer loop
      vertex 31.3283748626709 7.0 -8.647711753845215
      vertex 31.3283748626709 3.0 -8.647711753845215
      vertex 31.820680618286133 7.0 -6.610169887542725
    endloop
  endfacet
  facet normal -0.9720295071601868 -8.633356315714262e-16 0.23485879600048065
    outer loop
      vertex 31.820680618286133 7.0 -6.610169887542725
      vertex 31.3283748626709 3.0 -8.647711753845215
      vertex 31.820680618286133 3.0 -6.610169887542725
    endloop
  endfacet
  facet normal -0.994368851184845 -8.831769548443846e-16 0.1059742346405983
    outer loop
      vertex 31.820680618286133 7.0 -6.610169887542725
      vertex 31.820680618286133 3.0 -6.610169887542725
      vertex 31.88330078125 7.0 -6.022584915161133
    endloop
  endfacet
  facet normal -0.994368851184845 4.706201412600843e-17 0.1059742346405983
    outer loop
      vertex 31.88330078125 7.0 -6.022584915161133
      vertex 31.820680618286133 3.0 -6.610169887542725
      vertex 31.88330078125 3.0 -6.022584915161133
    endloop
  endfacet
  facet normal -0.9958516955375671 -4.040810048673797e-17 -0.09099095314741135
    outer loop
      vertex 31.88330078125 7.0 -6.022584915161133
      vertex 31.88330078125 3.0 -6.022584915161133
      vertex 31.829532623291016 7.0 -5.434123992919922
    endloop
  endfacet
  facet normal -0.9958516955375671 -8.642899730051858e-16 -0.09099095314741135
    outer loop
      vertex 31.829532623291016 7.0 -5.434123992919922
      vertex 31.88330078125 3.0 -6.022584915161133
      vertex 31.829532623291016 3.0 -5.434123992919922
    endloop
  endfacet
  facet normal -0.958698034286499 -7.883396520588857e-16 -0.28442591428756714
    outer loop
      vertex 31.829532623291016 7.0 -5.434123992919922
      vertex 31.829532623291016 3.0 -5.434123992919922
      vertex 31.661462783813477 7.0 -4.867617607116699
    endloop
  endfacet
  facet normal -0.958698034286499 -0.0 -0.28442591428756714
    outer loop
      vertex 31.661462783813477 7.0 -4.867617607116699
      vertex 31.829532623291016 3.0 -5.434123992919922
      vertex 31.661462783813477 3.0 -4.867617607116699
    endloop
  endfacet
  facet normal -0.8843492269515991 -0.0 -0.4668258726596832
    outer loop
      vertex 31.661462783813477 7.0 -4.867617607116699
      vertex 31.661462783813477 3.0 -4.867617607116699
      vertex 31.385608673095703 7.0 -4.3450446128845215
    endloop
  endfacet
  facet normal -0.8843492269515991 -0.0 -0.4668258726596832
    outer loop
      vertex 31.385608673095703 7.0 -4.3450446128845215
      vertex 31.661462783813477 3.0 -4.867617607116699
      vertex 31.385608673095703 3.0 -4.3450446128845215
    endloop
  endfacet
  facet normal -0.775689959526062 -0.0 -0.6311141848564148
    outer loop
      vertex 31.385608673095703 7.0 -4.3450446128845215
      vertex 31.385608673095703 3.0 -4.3450446128845215
      vertex 31.012676239013672 7.0 -3.8866798877716064
    endloop
  endfacet
  facet normal -0.775689959526062 2.102032431410938e-16 -0.6311141848564148
    outer loop
      vertex 31.012676239013672 7.0 -3.8866798877716064
      vertex 31.385608673095703 3.0 -4.3450446128845215
      vertex 31.012676239013672 3.0 -3.8866798877716064
    endloop
  endfacet
  facet normal -0.636935830116272 2.5676686771314923e-16 -0.7709168195724487
    outer loop
      vertex 31.012676239013672 7.0 -3.8866798877716064
      vertex 31.012676239013672 3.0 -3.8866798877716064
      vertex 30.557132720947266 7.0 -3.5103065967559814
    endloop
  endfacet
  facet normal -0.636935830116272 -3.0894579132990864e-16 -0.7709168195724487
    outer loop
      vertex 30.557132720947266 7.0 -3.5103065967559814
      vertex 31.012676239013672 3.0 -3.8866798877716064
      vertex 30.557132720947266 3.0 -3.5103065967559814
    endloop
  endfacet
  facet normal -0.4734702408313751 -1.2715744630965262e-16 -0.8808098435401917
    outer loop
      vertex 30.557132720947266 7.0 -3.5103065967559814
      vertex 30.557132720947266 3.0 -3.5103065967559814
      vertex 30.036651611328125 7.0 -3.23052716255188
    endloop
  endfacet
  facet normal -0.4734702408313751 1.955790737229605e-16 -0.8808098435401917
    outer loop
      vertex 30.036651611328125 7.0 -3.23052716255188
      vertex 30.557132720947266 3.0 -3.5103065967559814
      vertex 30.036651611328125 3.0 -3.23052716255188
    endloop
  endfacet
  facet normal -0.2916351556777954 2.1239224097459493e-16 -0.9565296173095703
    outer loop
      vertex 30.036651611328125 7.0 -3.23052716255188
      vertex 30.036651611328125 3.0 -3.23052716255188
      vertex 29.471426010131836 7.0 -3.058196544647217
    endloop
  endfacet
  facet normal -0.2916351556777954 5.956430314554316e-17 -0.9565296173095703
    outer loop
      vertex 29.471426010131836 7.0 -3.058196544647217
      vertex 30.036651611328125 3.0 -3.23052716255188
      vertex 29.471426010131836 3.0 -3.058196544647217
    endloop
  endfacet
  facet normal -0.09848538041114807 2.439751084926128e-16 -0.9951385259628296
    outer loop
      vertex 29.471426010131836 7.0 -3.058196544647217
      vertex 29.471426010131836 3.0 -3.058196544647217
      vertex 28.883386611938477 7.0 -3.000000238418579
    endloop
  endfacet
  facet normal -0.09848538041114807 -8.747258953713916e-17 -0.9951385259628296
    outer loop
      vertex 28.883386611938477 7.0 -3.000000238418579
      vertex 29.471426010131836 3.0 -3.058196544647217
      vertex 28.883386611938477 3.0 -3.000000238418579
    endloop
  endfacet
  facet normal 1.252150541778107e-16 1.1121330894231347e-31 -1.0
    outer loop
      vertex 28.883386611938477 3.0 -3.000000238418579
      vertex 14.696938514709473 3.0 -3.000000238418579
      vertex 28.883386611938477 7.0 -3.000000238418579
    endloop
  endfacet
  facet normal 0.0 4.440892098500626e-16 -1.0
    outer loop
      vertex 28.883386611938477 7.0 -3.000000238418579
      vertex 14.696938514709473 3.0 -3.000000238418579
      vertex 14.696938514709473 7.0 -3.000000238418579
    endloop
  endfacet
  facet normal 0.969825029373169 1.08269789491074e-16 -0.24380189180374146
    outer loop
      vertex 14.696938514709473 7.0 -3.000000238418579
      vertex 14.696938514709473 3.0 -3.000000238418579
      vertex 14.368456840515137 7.0 -4.306676387786865
    endloop
  endfacet
  facet normal 0.969825029373169 0.0 -0.24380189180374146
    outer loop
      vertex 14.368456840515137 7.0 -4.306676387786865
      vertex 14.696938514709473 3.0 -3.000000238418579
      vertex 14.368456840515137 3.0 -4.306676387786865
    endloop
  endfacet
  facet normal 0.944036066532135 0.0 -0.3298422396183014
    outer loop
      vertex 14.368456840515137 7.0 -4.306676387786865
      vertex 14.368456840515137 3.0 -4.306676387786865
      vertex 13.924049377441406 7.0 -5.578606128692627
    endloop
  endfacet
  facet normal 0.944036066532135 0.0 -0.3298422396183014
    outer loop
      vertex 13.924049377441406 7.0 -5.578606128692627
      vertex 14.368456840515137 3.0 -4.306676387786865
      vertex 13.924049377441406 3.0 -5.578606128692627
    endloop
  endfacet
  facet normal 0.9106305837631226 0.0 -0.41322141885757446
    outer loop
      vertex 13.924049377441406 7.0 -5.578606128692627
      vertex 13.924049377441406 3.0 -5.578606128692627
      vertex 13.367302894592285 7.0 -6.805527687072754
    endloop
  endfacet
  facet normal 0.9106305837631226 0.0 -0.41322141885757446
    outer loop
      vertex 13.367302894592285 7.0 -6.805527687072754
      vertex 13.924049377441406 3.0 -5.578606128692627
      vertex 13.367302894592285 3.0 -6.805527687072754
    endloop
  endfacet
  facet normal 0.8698781132698059 0.0 -0.4932667016983032
    outer loop
      vertex 13.367302894592285 7.0 -6.805527687072754
      vertex 13.367302894592285 3.0 -6.805527687072754
      vertex 12.702709197998047 7.0 -7.977542400360107
    endloop
  endfacet
  facet normal 0.8698781132698059 0.0 -0.4932667016983032
    outer loop
      vertex 12.702709197998047 7.0 -7.977542400360107
      vertex 13.367302894592285 3.0 -6.805527687072754
      vertex 12.702709197998047 3.0 -7.977542400360107
    endloop
  endfacet
  facet normal 0.8221074938774109 0.0 -0.5693323612213135
    outer loop
      vertex 12.702709197998047 7.0 -7.977542400360107
      vertex 12.702709197998047 3.0 -7.977542400360107
      vertex 11.935629844665527 7.0 -9.085193634033203
    endloop
  endfacet
  facet normal 0.8221074938774109 0.0 -0.5693323612213135
    outer loop
      vertex 11.935629844665527 7.0 -9.085193634033203
      vertex 12.702709197998047 3.0 -7.977542400360107
      vertex 11.935629844665527 3.0 -9.085193634033203
    endloop
  endfacet
  facet normal 0.7677040696144104 0.0 -0.6408045887947083
    outer loop
      vertex 11.935629844665527 7.0 -9.085193634033203
      vertex 11.935629844665527 3.0 -9.085193634033203
      vertex 11.072253227233887 7.0 -10.119545936584473
    endloop
  endfacet
  facet normal 0.7677040696144104 0.0 -0.6408045887947083
    outer loop
      vertex 11.072253227233887 7.0 -10.119545936584473
      vertex 11.935629844665527 3.0 -9.085193634033203
      vertex 11.072253227233887 3.0 -10.119545936584473
    endloop
  endfacet
  facet normal 0.7071067690849304 0.0 -0.7071067690849304
    outer loop
      vertex 11.072253227233887 7.0 -10.119545936584473
      vertex 11.072253227233887 3.0 -10.119545936584473
      vertex 10.119545936584473 7.0 -11.072253227233887
    endloop
  endfacet
  facet normal 0.7071067690849304 0.0 -0.7071067690849304
    outer loop
      vertex 10.119545936584473 7.0 -11.072253227233887
      vertex 11.072253227233887 3.0 -10.119545936584473
      vertex 10.119545936584473 3.0 -11.072253227233887
    endloop
  endfacet
  facet normal 0.6408045291900635 0.0 -0.7677040696144104
    outer loop
      vertex 10.119545936584473 7.0 -11.072253227233887
      vertex 10.119545936584473 3.0 -11.072253227233887
      vertex 9.085193634033203 7.0 -11.935629844665527
    endloop
  endfacet
  facet normal 0.6408045291900635 0.0 -0.7677040696144104
    outer loop
      vertex 9.085193634033203 7.0 -11.935629844665527
      vertex 10.119545936584473 3.0 -11.072253227233887
      vertex 9.085193634033203 3.0 -11.935629844665527
    endloop
  endfacet
  facet normal 0.5693323016166687 0.0 -0.8221074938774109
    outer loop
      vertex 9.085193634033203 7.0 -11.935629844665527
      vertex 9.085193634033203 3.0 -11.935629844665527
      vertex 7.977541923522949 7.0 -12.702709197998047
    endloop
  endfacet
  facet normal 0.5693323016166687 0.0 -0.8221074938774109
    outer loop
      vertex 7.977541923522949 7.0 -12.702709197998047
      vertex 9.085193634033203 3.0 -11.935629844665527
      vertex 7.977541923522949 3.0 -12.702709197998047
    endloop
  endfacet
  facet normal 0.4932667016983032 0.0 -0.8698781132698059
    outer loop
      vertex 7.977541923522949 7.0 -12.702709197998047
      vertex 7.977541923522949 3.0 -12.702709197998047
      vertex 6.805527687072754 7.0 -13.367302894592285
    endloop
  endfacet
  facet normal 0.4932667016983032 0.0 -0.8698781132698059
    outer loop
      vertex 6.805527687072754 7.0 -13.367302894592285
      vertex 7.977541923522949 3.0 -12.702709197998047
      vertex 6.805527687072754 3.0 -13.367302894592285
    endloop
  endfacet
  facet normal 0.4132213890552521 0.0 -0.9106305837631226
    outer loop
      vertex 6.805527687072754 7.0 -13.367302894592285
      vertex 6.805527687072754 3.0 -13.367302894592285
      vertex 5.578606128692627 7.0 -13.924049377441406
    endloop
  endfacet
  facet normal 0.4132213890552521 0.0 -0.9106305837631226
    outer loop
      vertex 5.578606128692627 7.0 -13.924049377441406
      vertex 6.805527687072754 3.0 -13.367302894592285
      vertex 5.578606128692627 3.0 -13.924049377441406
    endloop
  endfacet
  facet normal 0.329842209815979 0.0 -0.944036066532135
    outer loop
      vertex 5.578606128692627 7.0 -13.924049377441406
      vertex 5.578606128692627 3.0 -13.924049377441406
      vertex 4.306676387786865 7.0 -14.368456840515137
    endloop
  endfacet
  facet normal 0.329842209815979 0.0 -0.944036066532135
    outer loop
      vertex 4.306676387786865 7.0 -14.368456840515137
      vertex 5.578606128692627 3.0 -13.924049377441406
      vertex 4.306676387786865 3.0 -14.368456840515137
    endloop
  endfacet
  facet normal 0.24380187690258026 0.0 -0.9698250889778137
    outer loop
      vertex 4.306676387786865 7.0 -14.368456840515137
      vertex 4.306676387786865 3.0 -14.368456840515137
      vertex 3.0 7.0 -14.696938514709473
    endloop
  endfacet
  facet normal 0.24380187690258026 0.0 -0.9698250889778137
    outer loop
      vertex 3.0 7.0 -14.696938514709473
      vertex 4.306676387786865 3.0 -14.368456840515137
      vertex 3.0 3.0 -14.696938514709473
    endloop
  endfacet
  facet normal 1.0 -0.0 0.0
    outer loop
      vertex 3.0 3.0 -14.696938514709473
      vertex 3.0 3.0 -28.883386611938477
      vertex 3.0 7.0 -14.696938514709473
    endloop
  endfacet
  facet normal 1.0 0.0 0.0
    outer loop
      vertex 3.0 7.0 -14.696938514709473
      vertex 3.0 3.0 -28.883386611938477
      vertex 3.0 7.0 -28.883386611938477
    endloop
  endfacet
  facet normal 0.9951385259628296 0.0 0.09848538041114807
    outer loop
      vertex 3.0 7.0 -28.883386611938477
      vertex 3.0 3.0 -28.883386611938477
      vertex 3.0581963062286377 7.0 -29.471426010131836
    endloop
  endfacet
  facet normal 0.9951385259628296 0.0 0.09848538041114807
    outer loop
      vertex 3.0581963062286377 7.0 -29.471426010131836
      vertex 3.0 3.0 -28.883386611938477
      vertex 3.0581963062286377 3.0 -29.471426010131836
    endloop
  endfacet
  facet normal 0.9565296173095703 0.0 0.2916351556777954
    outer loop
      vertex 3.0581963062286377 7.0 -29.471426010131836
      vertex 3.0581963062286377 3.0 -29.471426010131836
      vertex 3.230526924133301 7.0 -30.036651611328125
    endloop
  endfacet
  facet normal 0.9565296173095703 1.0619612048729746e-16 0.2916351556777954
    outer loop
      vertex 3.230526924133301 7.0 -30.036651611328125
      vertex 3.0581963062286377 3.0 -29.471426010131836
      vertex 3.230526924133301 3.0 -30.036651611328125
    endloop
  endfacet
  facet normal 0.8808098435401917 9.778953686148025e-17 0.4734702408313751
    outer loop
      vertex 3.230526924133301 7.0 -30.036651611328125
      vertex 3.230526924133301 3.0 -30.036651611328125
      vertex 3.5103063583374023 7.0 -30.557132720947266
    endloop
  endfacet
  facet normal 0.8808098435401917 9.778953686148025e-17 0.4734702408313751
    outer loop
      vertex 3.5103063583374023 7.0 -30.557132720947266
      vertex 3.230526924133301 3.0 -30.036651611328125
      vertex 3.5103063583374023 3.0 -30.557132720947266
    endloop
  endfacet
  facet normal 0.7709168195724487 8.558896031601301e-17 0.636935830116272
    outer loop
      vertex 3.5103063583374023 7.0 -30.557132720947266
      vertex 3.5103063583374023 3.0 -30.557132720947266
      vertex 3.8866796493530273 7.0 -31.012676239013672
    endloop
  endfacet
  facet normal 0.7709168195724487 0.0 0.636935830116272
    outer loop
      vertex 3.8866796493530273 7.0 -31.012676239013672
      vertex 3.5103063583374023 3.0 -30.557132720947266
      vertex 3.8866796493530273 3.0 -31.012676239013672
    endloop
  endfacet
  facet normal 0.6311141848564148 0.0 0.775689959526062
    outer loop
      vertex 3.8866796493530273 7.0 -31.012676239013672
      vertex 3.8866796493530273 3.0 -31.012676239013672
      vertex 4.345044136047363 7.0 -31.385608673095703
    endloop
  endfacet
  facet normal 0.6311141848564148 1.401354998390258e-16 0.775689959526062
    outer loop
      vertex 4.345044136047363 7.0 -31.385608673095703
      vertex 3.8866796493530273 3.0 -31.012676239013672
      vertex 4.345044136047363 3.0 -31.385608673095703
    endloop
  endfacet
  facet normal 0.4668258726596832 1.0365616646350234e-16 0.8843492269515991
    outer loop
      vertex 4.345044136047363 7.0 -31.385608673095703
      vertex 4.345044136047363 3.0 -31.385608673095703
      vertex 4.867617130279541 7.0 -31.661462783813477
    endloop
  endfacet
  facet normal 0.4668258726596832 1.0365616646350234e-16 0.8843492269515991
    outer loop
      vertex 4.867617130279541 7.0 -31.661462783813477
      vertex 4.345044136047363 3.0 -31.385608673095703
      vertex 4.867617130279541 3.0 -31.661462783813477
    endloop
  endfacet
  facet normal 0.28442591428756714 6.315523976842366e-17 0.958698034286499
    outer loop
      vertex 4.867617130279541 7.0 -31.661462783813477
      vertex 4.867617130279541 3.0 -31.661462783813477
      vertex 5.434123516082764 7.0 -31.829532623291016
    endloop
  endfacet
  facet normal 0.28442591428756714 0.0 0.958698034286499
    outer loop
      vertex 5.434123516082764 7.0 -31.829532623291016
      vertex 4.867617130279541 3.0 -31.661462783813477
      vertex 5.434123516082764 3.0 -31.829532623291016
    endloop
  endfacet
  facet normal 0.09099096059799194 0.0 0.9958516955375671
    outer loop
      vertex 5.434123516082764 7.0 -31.829532623291016
      vertex 5.434123516082764 3.0 -31.829532623291016
      vertex 6.022584915161133 7.0 -31.88330078125
    endloop
  endfacet
  facet normal 0.09099096059799194 0.0 0.9958516955375671
    outer loop
      vertex 6.022584915161133 7.0 -31.88330078125
      vertex 5.434123516082764 3.0 -31.829532623291016
      vertex 6.022584915161133 3.0 -31.88330078125
    endloop
  endfacet
  facet normal -0.1059742271900177 0.0 0.994368851184845
    outer loop
      vertex 6.022584915161133 7.0 -31.88330078125
      vertex 6.022584915161133 3.0 -31.88330078125
      vertex 6.610169410705566 7.0 -31.820680618286133
    endloop
  endfacet
  facet normal -0.1059742271900177 0.0 0.994368851184845
    outer loop
      vertex 6.610169410705566 7.0 -31.820680618286133
      vertex 6.022584915161133 3.0 -31.88330078125
      vertex 6.610169410705566 3.0 -31.820680618286133
    endloop
  endfacet
  facet normal -0.995867133140564 -0.0 -0.09082214534282684
    outer loop
      vertex -3.0 7.0 27.62697982788086
      vertex -3.0 3.0 27.62697982788086
      vertex -3.0659892559051514 7.0 28.350553512573242
    endloop
  endfacet
  facet normal -0.995867133140564 1.1056346206801004e-16 -0.09082214534282684
    outer loop
      vertex -3.0659892559051514 7.0 28.350553512573242
      vertex -3.0 3.0 27.62697982788086
      vertex -3.0659892559051514 3.0 28.350553512573242
    endloop
  endfacet
  facet normal -0.9630088210105896 1.0691545660030828e-16 -0.2694697976112366
    outer loop
      vertex -3.0659892559051514 7.0 28.350553512573242
      vertex -3.0659892559051514 3.0 28.350553512573242
      vertex -3.26177978515625 7.0 29.050254821777344
    endloop
  endfacet
  facet normal -0.9630088210105896 -0.0 -0.2694697976112366
    outer loop
      vertex -3.26177978515625 7.0 29.050254821777344
      vertex -3.0659892559051514 3.0 28.350553512573242
      vertex -3.26177978515625 3.0 29.050254821777344
    endloop
  endfacet
  facet normal -0.8983764052391052 -0.0 -0.439226359128952
    outer loop
      vertex -3.26177978515625 7.0 29.050254821777344
      vertex -3.26177978515625 3.0 29.050254821777344
      vertex -3.580911636352539 7.0 29.702993392944336
    endloop
  endfacet
  facet normal -0.8983764052391052 -0.0 -0.439226359128952
    outer loop
      vertex -3.580911636352539 7.0 29.702993392944336
      vertex -3.26177978515625 3.0 29.050254821777344
      vertex -3.580911636352539 3.0 29.702993392944336
    endloop
  endfacet
  facet normal -0.80410236120224 -0.0 -0.5944908261299133
    outer loop
      vertex -3.580911636352539 7.0 29.702993392944336
      vertex -3.580911636352539 3.0 29.702993392944336
      vertex -4.012855052947998 7.0 30.2872371673584
    endloop
  endfacet
  facet normal -0.80410236120224 -0.0 -0.5944908261299133
    outer loop
      vertex -4.012855052947998 7.0 30.2872371673584
      vertex -3.580911636352539 3.0 29.702993392944336
      vertex -4.012855052947998 3.0 30.2872371673584
    endloop
  endfacet
  facet normal -0.6832972764968872 -0.0 -0.7301402688026428
    outer loop
      vertex -4.012855052947998 7.0 30.2872371673584
      vertex -4.012855052947998 3.0 30.2872371673584
      vertex -4.543358325958252 7.0 30.78370475769043
    endloop
  endfacet
  facet normal -0.6832972764968872 -0.0 -0.7301402688026428
    outer loop
      vertex -4.543358325958252 7.0 30.78370475769043
      vertex -4.012855052947998 3.0 30.2872371673584
      vertex -4.543358325958252 3.0 30.78370475769043
    endloop
  endfacet
  facet normal -0.5399470329284668 -0.0 -0.8416990041732788
    outer loop
      vertex -4.543358325958252 7.0 30.78370475769043
      vertex -4.543358325958252 3.0 30.78370475769043
      vertex -5.1549177169799805 7.0 31.17601776123047
    endloop
  endfacet
  facet normal -0.5399470329284668 -0.0 -0.8416990041732788
    outer loop
      vertex -5.1549177169799805 7.0 31.17601776123047
      vertex -4.543358325958252 3.0 30.78370475769043
      vertex -5.1549177169799805 3.0 31.17601776123047
    endloop
  endfacet
  facet normal -0.37878137826919556 -0.0 -0.925486147403717
    outer loop
      vertex -5.1549177169799805 7.0 31.17601776123047
      vertex -5.1549177169799805 3.0 31.17601776123047
      vertex -5.827354907989502 7.0 31.451231002807617
    endloop
  endfacet
  facet normal -0.37878137826919556 -0.0 -0.925486147403717
    outer loop
      vertex -5.827354907989502 7.0 31.451231002807617
      vertex -5.1549177169799805 3.0 31.17601776123047
      vertex -5.827354907989502 3.0 31.451231002807617
    endloop
  endfacet
  facet normal -0.20511800050735474 -0.0 -0.9787372350692749
    outer loop
      vertex -5.827354907989502 7.0 31.451231002807617
      vertex -5.827354907989502 3.0 31.451231002807617
      vertex -6.538483142852783 7.0 31.600265502929688
    endloop
  endfacet
  facet normal -0.20511800050735474 -0.0 -0.9787372350692749
    outer loop
      vertex -6.538483142852783 7.0 31.600265502929688
      vertex -5.827354907989502 3.0 31.451231002807617
      vertex -6.538483142852783 3.0 31.600265502929688
    endloop
  endfacet
  facet normal -0.024686822667717934 -0.0 -0.9996952414512634
    outer loop
      vertex -6.538483142852783 7.0 31.600265502929688
      vertex -6.538483142852783 3.0 31.600265502929688
      vertex -7.264838695526123 7.0 31.618202209472656
    endloop
  endfacet
  facet normal -0.024686822667717934 -0.0 -0.9996952414512634
    outer loop
      vertex -7.264838695526123 7.0 31.618202209472656
      vertex -6.538483142852783 3.0 31.600265502929688
      vertex -7.264838695526123 3.0 31.618202209472656
    endloop
  endfacet
  facet normal 0.15655888617038727 0.0 -0.9876686334609985
    outer loop
      vertex -7.264838695526123 7.0 31.618202209472656
      vertex -7.264838695526123 3.0 31.618202209472656
      vertex -7.982456207275391 7.0 31.50444984436035
    endloop
  endfacet
  facet normal 0.15655888617038727 0.0 -0.9876686334609985
    outer loop
      vertex -7.982456207275391 7.0 31.50444984436035
      vertex -7.264838695526123 3.0 31.618202209472656
      vertex -7.982456207275391 3.0 31.50444984436035
    endloop
  endfacet
  facet normal 0.2761208713054657 0.0 -0.9611229300498962
    outer loop
      vertex -7.982456207275391 7.0 31.50444984436035
      vertex -7.982456207275391 3.0 31.50444984436035
      vertex -9.956439971923828 7.0 30.937345504760742
    endloop
  endfacet
  facet normal 0.2761208713054657 0.0 -0.9611229300498962
    outer loop
      vertex -9.956439971923828 7.0 30.937345504760742
      vertex -7.982456207275391 3.0 31.50444984436035
      vertex -9.956439971923828 3.0 30.937345504760742
    endloop
  endfacet
  facet normal 0.33627715706825256 0.0 -0.9417630434036255
    outer loop
      vertex -9.956439971923828 7.0 30.937345504760742
      vertex -9.956439971923828 3.0 30.937345504760742
      vertex -11.890661239624023 7.0 30.246688842773438
    endloop
  endfacet
  facet normal 0.33627715706825256 0.0 -0.9417630434036255
    outer loop
      vertex -11.890661239624023 7.0 30.246688842773438
      vertex -9.956439971923828 3.0 30.937345504760742
      vertex -11.890661239624023 3.0 30.246688842773438
    endloop
  endfacet
  facet normal 0.3950904905796051 0.0 -0.9186422228813171
    outer loop
      vertex -11.890661239624023 7.0 30.246688842773438
      vertex -11.890661239624023 3.0 30.246688842773438
      vertex -13.777397155761719 7.0 29.435239791870117
    endloop
  endfacet
  facet normal 0.3950904905796051 0.0 -0.9186422228813171
    outer loop
      vertex -13.777397155761719 7.0 29.435239791870117
      vertex -11.890661239624023 3.0 30.246688842773438
      vertex -13.777397155761719 3.0 29.435239791870117
    endloop
  endfacet
  facet normal 0.4523259699344635 0.0 -0.8918526768684387
    outer loop
      vertex -13.777397155761719 7.0 29.435239791870117
      vertex -13.777397155761719 3.0 29.435239791870117
      vertex -15.609110832214355 7.0 28.50623893737793
    endloop
  endfacet
  facet normal 0.4523259699344635 0.0 -0.8918526768684387
    outer loop
      vertex -15.609110832214355 7.0 28.50623893737793
      vertex -13.777397155761719 3.0 29.435239791870117
      vertex -15.609110832214355 3.0 28.50623893737793
    endloop
  endfacet
  facet normal 0.5077551007270813 0.0 -0.8615014553070068
    outer loop
      vertex -15.609110832214355 7.0 28.50623893737793
      vertex -15.609110832214355 3.0 28.50623893737793
      vertex -17.378488540649414 7.0 27.463396072387695
    endloop
  endfacet
  facet normal 0.5077551007270813 0.0 -0.8615014553070068
    outer loop
      vertex -17.378488540649414 7.0 27.463396072387695
      vertex -15.609110832214355 3.0 28.50623893737793
      vertex -17.378488540649414 3.0 27.463396072387695
    endloop
  endfacet
  facet normal 0.5611563920974731 0.0 -0.8277097940444946
    outer loop
      vertex -17.378488540649414 7.0 27.463396072387695
      vertex -17.378488540649414 3.0 27.463396072387695
      vertex -19.07846450805664 7.0 26.310874938964844
    endloop
  endfacet
  facet normal 0.5611563920974731 -4.984069975377575e-16 -0.8277097940444946
    outer loop
      vertex -19.07846450805664 7.0 26.310874938964844
      vertex -17.378488540649414 3.0 27.463396072387695
      vertex -19.07846450805664 3.0 26.310874938964844
    endloop
  endfacet
  facet normal 0.6123167276382446 -5.438465035096881e-16 -0.7906125783920288
    outer loop
      vertex -19.07846450805664 7.0 26.310874938964844
      vertex -19.07846450805664 3.0 26.310874938964844
      vertex -20.70224952697754 7.0 25.053281784057617
    endloop
  endfacet
  facet normal 0.6123167276382446 0.0 -0.7906125783920288
    outer loop
      vertex -20.70224952697754 7.0 25.053281784057617
      vertex -19.07846450805664 3.0 26.310874938964844
      vertex -20.70224952697754 3.0 25.053281784057617
    endloop
  endfacet
  facet normal 0.6610316634178162 0.0 -0.750357985496521
    outer loop
      vertex -20.70224952697754 7.0 25.053281784057617
      vertex -20.70224952697754 3.0 25.053281784057617
      vertex -22.243356704711914 7.0 23.695634841918945
    endloop
  endfacet
  facet normal 0.6610316634178162 0.0 -0.750357985496521
    outer loop
      vertex -22.243356704711914 7.0 23.695634841918945
      vertex -20.70224952697754 3.0 25.053281784057617
      vertex -22.243356704711914 3.0 23.695634841918945
    endloop
  endfacet
  facet normal 0.7071067690849304 0.0 -0.7071067690849304
    outer loop
      vertex -22.243356704711914 7.0 23.695634841918945
      vertex -22.243356704711914 3.0 23.695634841918945
      vertex -23.695634841918945 7.0 22.243356704711914
    endloop
  endfacet
  facet normal 0.7071067690849304 0.0 -0.7071067690849304
    outer loop
      vertex -23.695634841918945 7.0 22.243356704711914
      vertex -22.243356704711914 3.0 23.695634841918945
      vertex -23.695634841918945 3.0 22.243356704711914
    endloop
  endfacet
  facet normal 0.750357985496521 0.0 -0.6610316634178162
    outer loop
      vertex -23.695634841918945 7.0 22.243356704711914
      vertex -23.695634841918945 3.0 22.243356704711914
      vertex -25.053281784057617 7.0 20.702247619628906
    endloop
  endfacet
  facet normal 0.750357985496521 0.0 -0.6610316634178162
    outer loop
      vertex -25.053281784057617 7.0 20.702247619628906
      vertex -23.695634841918945 3.0 22.243356704711914
      vertex -25.053281784057617 3.0 20.702247619628906
    endloop
  endfacet
  facet normal 0.7906125783920288 0.0 -0.6123167276382446
    outer loop
      vertex -25.053281784057617 7.0 20.702247619628906
      vertex -25.053281784057617 3.0 20.702247619628906
      vertex -26.310876846313477 7.0 19.07846450805664
    endloop
  endfacet
  facet normal 0.7906125783920288 0.0 -0.6123167276382446
    outer loop
      vertex -26.310876846313477 7.0 19.07846450805664
      vertex -25.053281784057617 3.0 20.702247619628906
      vertex -26.310876846313477 3.0 19.07846450805664
    endloop
  endfacet
  facet normal 0.8277097940444946 0.0 -0.5611563920974731
    outer loop
      vertex -26.310876846313477 7.0 19.07846450805664
      vertex -26.310876846313477 3.0 19.07846450805664
      vertex -27.463396072387695 7.0 17.378488540649414
    endloop
  endfacet
  facet normal 0.8277097940444946 0.0 -0.5611563920974731
    outer loop
      vertex -27.463396072387695 7.0 17.378488540649414
      vertex -26.310876846313477 3.0 19.07846450805664
      vertex -27.463396072387695 3.0 17.378488540649414
    endloop
  endfacet
  facet normal 0.8615014553070068 0.0 -0.5077550411224365
    outer loop
      vertex -27.463396072387695 7.0 17.378488540649414
      vertex -27.463396072387695 3.0 17.378488540649414
      vertex -28.50623893737793 7.0 15.609110832214355
    endloop
  endfacet
  facet normal 0.8615014553070068 0.0 -0.5077550411224365
    outer loop
      vertex -28.50623893737793 7.0 15.609110832214355
      vertex -27.463396072387695 3.0 17.378488540649414
      vertex -28.50623893737793 3.0 15.609110832214355
    endloop
  endfacet
  facet normal 0.8918526768684387 0.0 -0.4523259699344635
    outer loop
      vertex -28.50623893737793 7.0 15.609110832214355
      vertex -28.50623893737793 3.0 15.609110832214355
      vertex -29.435239791870117 7.0 13.777396202087402
    endloop
  endfacet
  facet normal 0.8918526768684387 0.0 -0.4523259699344635
    outer loop
      vertex -29.435239791870117 7.0 13.777396202087402
      vertex -28.50623893737793 3.0 15.609110832214355
      vertex -29.435239791870117 3.0 13.777396202087402
    endloop
  endfacet
  facet normal 0.9186422228813171 0.0 -0.3950904607772827
    outer loop
      vertex -29.435239791870117 7.0 13.777396202087402
      vertex -29.435239791870117 3.0 13.777396202087402
      vertex -30.246688842773438 7.0 11.890661239624023
    endloop
  endfacet
  facet normal 0.9186422228813171 0.0 -0.3950904607772827
    outer loop
      vertex -30.246688842773438 7.0 11.890661239624023
      vertex -29.435239791870117 3.0 13.777396202087402
      vertex -30.246688842773438 3.0 11.890661239624023
    endloop
  endfacet
  facet normal 0.9417630434036255 0.0 -0.33627715706825256
    outer loop
      vertex -30.246688842773438 7.0 11.890661239624023
      vertex -30.246688842773438 3.0 11.890661239624023
      vertex -30.937345504760742 7.0 9.956439018249512
    endloop
  endfacet
  facet normal 0.9417630434036255 0.0 -0.33627715706825256
    outer loop
      vertex -30.937345504760742 7.0 9.956439018249512
      vertex -30.246688842773438 3.0 11.890661239624023
      vertex -30.937345504760742 3.0 9.956439018249512
    endloop
  endfacet
  facet normal 0.9611229300498962 0.0 -0.2761208713054657
    outer loop
      vertex -30.937345504760742 7.0 9.956439018249512
      vertex -30.937345504760742 3.0 9.956439018249512
      vertex -31.50444984436035 7.0 7.982455730438232
    endloop
  endfacet
  facet normal 0.9611229300498962 0.0 -0.2761208713054657
    outer loop
      vertex -31.50444984436035 7.0 7.982455730438232
      vertex -30.937345504760742 3.0 9.956439018249512
      vertex -31.50444984436035 3.0 7.982455730438232
    endloop
  endfacet
  facet normal 0.9876686334609985 0.0 -0.15655888617038727
    outer loop
      vertex -31.50444984436035 7.0 7.982455730438232
      vertex -31.50444984436035 3.0 7.982455730438232
      vertex -31.618202209472656 7.0 7.264838218688965
    endloop
  endfacet
  facet normal 0.9876686334609985 0.0 -0.15655888617038727
    outer loop
      vertex -31.618202209472656 7.0 7.264838218688965
      vertex -31.50444984436035 3.0 7.982455730438232
      vertex -31.618202209472656 3.0 7.264838218688965
    endloop
  endfacet
  facet normal 0.9996952414512634 0.0 0.02468683011829853
    outer loop
      vertex -31.618202209472656 7.0 7.264838218688965
      vertex -31.618202209472656 3.0 7.264838218688965
      vertex -31.600265502929688 7.0 6.538482666015625
    endloop
  endfacet
  facet normal 0.9996952414512634 0.0 0.02468683011829853
    outer loop
      vertex -31.600265502929688 7.0 6.538482666015625
      vertex -31.618202209472656 3.0 7.264838218688965
      vertex -31.600265502929688 3.0 6.538482666015625
    endloop
  endfacet
  facet normal 0.9787372350692749 0.0 0.20511801540851593
    outer loop
      vertex -31.600265502929688 7.0 6.538482666015625
      vertex -31.600265502929688 3.0 6.538482666015625
      vertex -31.451231002807617 7.0 5.827354431152344
    endloop
  endfacet
  facet normal 0.9787372350692749 0.0 0.20511801540851593
    outer loop
      vertex -31.451231002807617 7.0 5.827354431152344
      vertex -31.600265502929688 3.0 6.538482666015625
      vertex -31.451231002807617 3.0 5.827354431152344
    endloop
  endfacet
  facet normal 0.925486147403717 0.0 0.37878137826919556
    outer loop
      vertex -31.451231002807617 7.0 5.827354431152344
      vertex -31.451231002807617 3.0 5.827354431152344
      vertex -31.17601776123047 7.0 5.154917240142822
    endloop
  endfacet
  facet normal 0.925486147403717 -8.410636149074237e-17 0.37878137826919556
    outer loop
      vertex -31.17601776123047 7.0 5.154917240142822
      vertex -31.451231002807617 3.0 5.827354431152344
      vertex -31.17601776123047 3.0 5.154917240142822
    endloop
  endfacet
  facet normal 0.8416990041732788 -1.1989232560704428e-16 0.5399470329284668
    outer loop
      vertex -31.17601776123047 7.0 5.154917240142822
      vertex -31.17601776123047 3.0 5.154917240142822
      vertex -30.78370475769043 7.0 4.543358325958252
    endloop
  endfacet
  facet normal 0.8416990041732788 0.0 0.5399470329284668
    outer loop
      vertex -30.78370475769043 7.0 4.543358325958252
      vertex -31.17601776123047 3.0 5.154917240142822
      vertex -30.78370475769043 3.0 4.543358325958252
    endloop
  endfacet
  facet normal 0.7301402688026428 0.0 0.6832972764968872
    outer loop
      vertex -30.78370475769043 7.0 4.543358325958252
      vertex -30.78370475769043 3.0 4.543358325958252
      vertex -30.2872371673584 7.0 4.012855052947998
    endloop
  endfacet
  facet normal 0.7301402688026428 0.0 0.6832972764968872
    outer loop
      vertex -30.2872371673584 7.0 4.012855052947998
      vertex -30.78370475769043 3.0 4.543358325958252
      vertex -30.2872371673584 3.0 4.012855052947998
    endloop
  endfacet
  facet normal 0.5944908261299133 0.0 0.80410236120224
    outer loop
      vertex -30.2872371673584 7.0 4.012855052947998
      vertex -30.2872371673584 3.0 4.012855052947998
      vertex -29.702993392944336 7.0 3.58091139793396
    endloop
  endfacet
  facet normal 0.5944908261299133 0.0 0.80410236120224
    outer loop
      vertex -29.702993392944336 7.0 3.58091139793396
      vertex -30.2872371673584 3.0 4.012855052947998
      vertex -29.702993392944336 3.0 3.58091139793396
    endloop
  endfacet
  facet normal 0.439226359128952 0.0 0.8983764052391052
    outer loop
      vertex -29.702993392944336 7.0 3.58091139793396
      vertex -29.702993392944336 3.0 3.58091139793396
      vertex -29.050254821777344 7.0 3.261779546737671
    endloop
  endfacet
  facet normal 0.439226359128952 0.0 0.8983764052391052
    outer loop
      vertex -29.050254821777344 7.0 3.261779546737671
      vertex -29.702993392944336 3.0 3.58091139793396
      vertex -29.050254821777344 3.0 3.261779546737671
    endloop
  endfacet
  facet normal 0.2694697976112366 0.0 0.9630088210105896
    outer loop
      vertex -29.050254821777344 7.0 3.261779546737671
      vertex -29.050254821777344 3.0 3.261779546737671
      vertex -28.350553512573242 7.0 3.0659890174865723
    endloop
  endfacet
  facet normal 0.2694697976112366 0.0 0.9630088210105896
    outer loop
      vertex -28.350553512573242 7.0 3.0659890174865723
      vertex -29.050254821777344 3.0 3.261779546737671
      vertex -28.350553512573242 3.0 3.0659890174865723
    endloop
  endfacet
  facet normal 0.09082214534282684 0.0 0.995867133140564
    outer loop
      vertex -28.350553512573242 7.0 3.0659890174865723
      vertex -28.350553512573242 3.0 3.0659890174865723
      vertex -27.62697982788086 7.0 2.999999761581421
    endloop
  endfacet
  facet normal 0.09082214534282684 -1.1056346206801004e-16 0.995867133140564
    outer loop
      vertex -27.62697982788086 7.0 2.999999761581421
      vertex -28.350553512573242 3.0 3.0659890174865723
      vertex -27.62697982788086 3.0 2.999999761581421
    endloop
  endfacet
  facet normal -3.4345538267381673e-17 -1.1102230246251565e-16 1.0
    outer loop
      vertex -27.62697982788086 3.0 2.999999761581421
      vertex -14.696938514709473 3.0 2.999999761581421
      vertex -27.62697982788086 7.0 2.999999761581421
    endloop
  endfacet
  facet normal -0.0 0.0 1.0
    outer loop
      vertex -27.62697982788086 7.0 2.999999761581421
      vertex -14.696938514709473 3.0 2.999999761581421
      vertex -14.696938514709473 7.0 2.999999761581421
    endloop
  endfacet
  facet normal -0.9698250889778137 0.0 0.24380186200141907
    outer loop
      vertex -14.696938514709473 7.0 2.999999761581421
      vertex -14.696938514709473 3.0 2.999999761581421
      vertex -14.368456840515137 7.0 4.306675910949707
    endloop
  endfacet
  facet normal -0.9698250889778137 -3.7894419704431e-16 0.24380186200141907
    outer loop
      vertex -14.368456840515137 7.0 4.306675910949707
      vertex -14.696938514709473 3.0 2.999999761581421
      vertex -14.368456840515137 3.0 4.306675910949707
    endloop
  endfacet
  facet normal -0.944036066532135 -5.126777556935388e-16 0.329842209815979
    outer loop
      vertex -14.368456840515137 7.0 4.306675910949707
      vertex -14.368456840515137 3.0 4.306675910949707
      vertex -13.924049377441406 7.0 5.578605651855469
    endloop
  endfacet
  facet normal -0.944036066532135 -2.0201859869106946e-17 0.329842209815979
    outer loop
      vertex -13.924049377441406 7.0 5.578605651855469
      vertex -14.368456840515137 3.0 4.306675910949707
      vertex -13.924049377441406 3.0 5.578605651855469
    endloop
  endfacet
  facet normal -0.9106305837631226 -1.4612025083252046e-16 0.4132213890552521
    outer loop
      vertex -13.924049377441406 7.0 5.578605651855469
      vertex -13.924049377441406 3.0 5.578605651855469
      vertex -13.367302894592285 7.0 6.805527687072754
    endloop
  endfacet
  facet normal -0.9106305837631226 0.0 0.4132213890552521
    outer loop
      vertex -13.367302894592285 7.0 6.805527687072754
      vertex -13.924049377441406 3.0 5.578605651855469
      vertex -13.367302894592285 3.0 6.805527687072754
    endloop
  endfacet
  facet normal -0.8698781132698059 0.0 0.4932667016983032
    outer loop
      vertex -13.367302894592285 7.0 6.805527687072754
      vertex -13.367302894592285 3.0 6.805527687072754
      vertex -12.702709197998047 7.0 7.977541923522949
    endloop
  endfacet
  facet normal -0.8698781132698059 0.0 0.4932667016983032
    outer loop
      vertex -12.702709197998047 7.0 7.977541923522949
      vertex -13.367302894592285 3.0 6.805527687072754
      vertex -12.702709197998047 3.0 7.977541923522949
    endloop
  endfacet
  facet normal -0.8221074938774109 0.0 0.5693323016166687
    outer loop
      vertex -12.702709197998047 7.0 7.977541923522949
      vertex -12.702709197998047 3.0 7.977541923522949
      vertex -11.935629844665527 7.0 9.085193634033203
    endloop
  endfacet
  facet normal -0.8221074938774109 0.0 0.5693323016166687
    outer loop
      vertex -11.935629844665527 7.0 9.085193634033203
      vertex -12.702709197998047 3.0 7.977541923522949
      vertex -11.935629844665527 3.0 9.085193634033203
    endloop
  endfacet
  facet normal -0.7677040696144104 0.0 0.6408045291900635
    outer loop
      vertex -11.935629844665527 7.0 9.085193634033203
      vertex -11.935629844665527 3.0 9.085193634033203
      vertex -11.072253227233887 7.0 10.119545936584473
    endloop
  endfacet
  facet normal -0.7677040696144104 0.0 0.6408045291900635
    outer loop
      vertex -11.072253227233887 7.0 10.119545936584473
      vertex -11.935629844665527 3.0 9.085193634033203
      vertex -11.072253227233887 3.0 10.119545936584473
    endloop
  endfacet
  facet normal -0.7071067690849304 0.0 0.7071067690849304
    outer loop
      vertex -11.072253227233887 7.0 10.119545936584473
      vertex -11.072253227233887 3.0 10.119545936584473
      vertex -10.119545936584473 7.0 11.072253227233887
    endloop
  endfacet
  facet normal -0.7071067690849304 -3.1401848636255743e-16 0.7071067690849304
    outer loop
      vertex -10.119545936584473 7.0 11.072253227233887
      vertex -11.072253227233887 3.0 10.119545936584473
      vertex -10.119545936584473 3.0 11.072253227233887
    endloop
  endfacet
  facet normal -0.6408045887947083 -4.536384475391708e-16 0.7677040696144104
    outer loop
      vertex -10.119545936584473 7.0 11.072253227233887
      vertex -10.119545936584473 3.0 11.072253227233887
      vertex -9.085193634033203 7.0 11.935629844665527
    endloop
  endfacet
  facet normal -0.6408045887947083 0.0 0.7677040696144104
    outer loop
      vertex -9.085193634033203 7.0 11.935629844665527
      vertex -10.119545936584473 3.0 11.072253227233887
      vertex -9.085193634033203 3.0 11.935629844665527
    endloop
  endfacet
  facet normal -0.5693323016166687 0.0 0.8221074938774109
    outer loop
      vertex -9.085193634033203 7.0 11.935629844665527
      vertex -9.085193634033203 3.0 11.935629844665527
      vertex -7.977542400360107 7.0 12.702709197998047
    endloop
  endfacet
  facet normal -0.5693323016166687 0.0 0.8221074938774109
    outer loop
      vertex -7.977542400360107 7.0 12.702709197998047
      vertex -9.085193634033203 3.0 11.935629844665527
      vertex -7.977542400360107 3.0 12.702709197998047
    endloop
  endfacet
  facet normal -0.4932667016983032 0.0 0.8698781132698059
    outer loop
      vertex -7.977542400360107 7.0 12.702709197998047
      vertex -7.977542400360107 3.0 12.702709197998047
      vertex -6.805527687072754 7.0 13.367302894592285
    endloop
  endfacet
  facet normal -0.4932667016983032 0.0 0.8698781132698059
    outer loop
      vertex -6.805527687072754 7.0 13.367302894592285
      vertex -7.977542400360107 3.0 12.702709197998047
      vertex -6.805527687072754 3.0 13.367302894592285
    endloop
  endfacet
  facet normal -0.4132213890552521 0.0 0.9106305837631226
    outer loop
      vertex -6.805527687072754 7.0 13.367302894592285
      vertex -6.805527687072754 3.0 13.367302894592285
      vertex -5.578606128692627 7.0 13.924049377441406
    endloop
  endfacet
  facet normal -0.4132213890552521 0.0 0.9106305837631226
    outer loop
      vertex -5.578606128692627 7.0 13.924049377441406
      vertex -6.805527687072754 3.0 13.367302894592285
      vertex -5.578606128692627 3.0 13.924049377441406
    endloop
  endfacet
  facet normal -0.329842209815979 0.0 0.944036066532135
    outer loop
      vertex -5.578606128692627 7.0 13.924049377441406
      vertex -5.578606128692627 3.0 13.924049377441406
      vertex -4.306676387786865 7.0 14.368456840515137
    endloop
  endfacet
  facet normal -0.329842209815979 2.9295873266475337e-16 0.944036066532135
    outer loop
      vertex -4.306676387786865 7.0 14.368456840515137
      vertex -5.578606128692627 3.0 13.924049377441406
      vertex -4.306676387786865 3.0 14.368456840515137
    endloop
  endfacet
  facet normal -0.24380187690258026 2.165395657472582e-16 0.9698250889778137
    outer loop
      vertex -4.306676387786865 7.0 14.368456840515137
      vertex -4.306676387786865 3.0 14.368456840515137
      vertex -3.0 7.0 14.696938514709473
    endloop
  endfacet
  facet normal -0.24380187690258026 0.0 0.9698250889778137
    outer loop
      vertex -3.0 7.0 14.696938514709473
      vertex -4.306676387786865 3.0 14.368456840515137
      vertex -3.0 3.0 14.696938514709473
    endloop
  endfacet
  facet normal -1.0 0.0 -1.0303661480214502e-16
    outer loop
      vertex -3.0 3.0 14.696938514709473
      vertex -3.0 3.0 27.62697982788086
      vertex -3.0 7.0 14.696938514709473
    endloop
  endfacet
  facet normal -1.0 0.0 -1.0303661480214502e-16
    outer loop
      vertex -3.0 7.0 14.696938514709473
      vertex -3.0 3.0 27.62697982788086
      vertex -3.0 7.0 27.62697982788086
    endloop
  endfacet
  facet normal 0.09082214534282684 0.0 -0.995867133140564
    outer loop
      vertex -27.62697982788086 7.0 -3.000000238418579
      vertex -27.62697982788086 3.0 -3.000000238418579
      vertex -28.350553512573242 7.0 -3.0659894943237305
    endloop
  endfacet
  facet normal 0.09082214534282684 0.0 -0.995867133140564
    outer loop
      vertex -28.350553512573242 7.0 -3.0659894943237305
      vertex -27.62697982788086 3.0 -3.000000238418579
      vertex -28.350553512573242 3.0 -3.0659894943237305
    endloop
  endfacet
  facet normal 0.2694697976112366 0.0 -0.9630088210105896
    outer loop
      vertex -28.350553512573242 7.0 -3.0659894943237305
      vertex -28.350553512573242 3.0 -3.0659894943237305
      vertex -29.050254821777344 7.0 -3.261780023574829
    endloop
  endfacet
  facet normal 0.2694697976112366 0.0 -0.9630088210105896
    outer loop
      vertex -29.050254821777344 7.0 -3.261780023574829
      vertex -28.350553512573242 3.0 -3.0659894943237305
      vertex -29.050254821777344 3.0 -3.261780023574829
    endloop
  endfacet
  facet normal 0.439226359128952 0.0 -0.8983764052391052
    outer loop
      vertex -29.050254821777344 7.0 -3.261780023574829
      vertex -29.050254821777344 3.0 -3.261780023574829
      vertex -29.702993392944336 7.0 -3.580911874771118
    endloop
  endfacet
  facet normal 0.439226359128952 0.0 -0.8983764052391052
    outer loop
      vertex -29.702993392944336 7.0 -3.580911874771118
      vertex -29.050254821777344 3.0 -3.261780023574829
      vertex -29.702993392944336 3.0 -3.580911874771118
    endloop
  endfacet
  facet normal 0.5944908261299133 0.0 -0.80410236120224
    outer loop
      vertex -29.702993392944336 7.0 -3.580911874771118
      vertex -29.702993392944336 3.0 -3.580911874771118
      vertex -30.2872371673584 7.0 -4.012855529785156
    endloop
  endfacet
  facet normal 0.5944908261299133 0.0 -0.80410236120224
    outer loop
      vertex -30.2872371673584 7.0 -4.012855529785156
      vertex -29.702993392944336 3.0 -3.580911874771118
      vertex -30.2872371673584 3.0 -4.012855529785156
    endloop
  endfacet
  facet normal 0.7301402688026428 0.0 -0.6832972764968872
    outer loop
      vertex -30.2872371673584 7.0 -4.012855529785156
      vertex -30.2872371673584 3.0 -4.012855529785156
      vertex -30.78370475769043 7.0 -4.54335880279541
    endloop
  endfacet
  facet normal 0.7301402688026428 6.4849483010455595e-16 -0.6832972764968872
    outer loop
      vertex -30.78370475769043 7.0 -4.54335880279541
      vertex -30.2872371673584 3.0 -4.012855529785156
      vertex -30.78370475769043 3.0 -4.54335880279541
    endloop
  endfacet
  facet normal 0.8416990041732788 7.475788913897919e-16 -0.5399470329284668
    outer loop
      vertex -30.78370475769043 7.0 -4.54335880279541
      vertex -30.78370475769043 3.0 -4.54335880279541
      vertex -31.17601776123047 7.0 -5.154918193817139
    endloop
  endfacet
  facet normal 0.8416990041732788 0.0 -0.5399470329284668
    outer loop
      vertex -31.17601776123047 7.0 -5.154918193817139
      vertex -30.78370475769043 3.0 -4.54335880279541
      vertex -31.17601776123047 3.0 -5.154918193817139
    endloop
  endfacet
  facet normal 0.9254862070083618 0.0 -0.37878137826919556
    outer loop
      vertex -31.17601776123047 7.0 -5.154918193817139
      vertex -31.17601776123047 3.0 -5.154918193817139
      vertex -31.451231002807617 7.0 -5.827354907989502
    endloop
  endfacet
  facet normal 0.9254862070083618 0.0 -0.37878137826919556
    outer loop
      vertex -31.451231002807617 7.0 -5.827354907989502
      vertex -31.17601776123047 3.0 -5.154918193817139
      vertex -31.451231002807617 3.0 -5.827354907989502
    endloop
  endfacet
  facet normal 0.9787372350692749 0.0 -0.20511800050735474
    outer loop
      vertex -31.451231002807617 7.0 -5.827354907989502
      vertex -31.451231002807617 3.0 -5.827354907989502
      vertex -31.600265502929688 7.0 -6.538483142852783
    endloop
  endfacet
  facet normal 0.9787372350692749 0.0 -0.20511800050735474
    outer loop
      vertex -31.600265502929688 7.0 -6.538483142852783
      vertex -31.451231002807617 3.0 -5.827354907989502
      vertex -31.600265502929688 3.0 -6.538483142852783
    endloop
  endfacet
  facet normal 0.9996952414512634 0.0 -0.024686815217137337
    outer loop
      vertex -31.600265502929688 7.0 -6.538483142852783
      vertex -31.600265502929688 3.0 -6.538483142852783
      vertex -31.618202209472656 7.0 -7.264839172363281
    endloop
  endfacet
  facet normal 0.9996952414512634 -5.481574131746511e-18 -0.024686815217137337
    outer loop
      vertex -31.618202209472656 7.0 -7.264839172363281
      vertex -31.600265502929688 3.0 -6.538483142852783
      vertex -31.618202209472656 3.0 -7.264839172363281
    endloop
  endfacet
  facet normal 0.9876686334609985 3.476305933592904e-17 0.15655890107154846
    outer loop
      vertex -31.618202209472656 7.0 -7.264839172363281
      vertex -31.618202209472656 3.0 -7.264839172363281
      vertex -31.50444984436035 7.0 -7.982456207275391
    endloop
  endfacet
  facet normal 0.9876686334609985 0.0 0.15655890107154846
    outer loop
      vertex -31.50444984436035 7.0 -7.982456207275391
      vertex -31.618202209472656 3.0 -7.264839172363281
      vertex -31.50444984436035 3.0 -7.982456207275391
    endloop
  endfacet
  facet normal 0.9611229300498962 0.0 0.2761209011077881
    outer loop
      vertex -31.50444984436035 7.0 -7.982456207275391
      vertex -31.50444984436035 3.0 -7.982456207275391
      vertex -30.937345504760742 7.0 -9.956439971923828
    endloop
  endfacet
  facet normal 0.9611229300498962 -1.226223127960449e-16 0.2761209011077881
    outer loop
      vertex -30.937345504760742 7.0 -9.956439971923828
      vertex -31.50444984436035 3.0 -7.982456207275391
      vertex -30.937345504760742 3.0 -9.956439971923828
    endloop
  endfacet
  facet normal 0.9417630434036255 -1.4933705697306568e-16 0.33627715706825256
    outer loop
      vertex -30.937345504760742 7.0 -9.956439971923828
      vertex -30.937345504760742 3.0 -9.956439971923828
      vertex -30.246688842773438 7.0 -11.890661239624023
    endloop
  endfacet
  facet normal 0.9417630434036255 0.0 0.33627715706825256
    outer loop
      vertex -30.246688842773438 7.0 -11.890661239624023
      vertex -30.937345504760742 3.0 -9.956439971923828
      vertex -30.246688842773438 3.0 -11.890661239624023
    endloop
  endfacet
  facet normal 0.9186422228813171 0.0 0.3950904905796051
    outer loop
      vertex -30.246688842773438 7.0 -11.890661239624023
      vertex -30.246688842773438 3.0 -11.890661239624023
      vertex -29.435239791870117 7.0 -13.777397155761719
    endloop
  endfacet
  facet normal 0.9186422228813171 -1.7545542378077044e-16 0.3950904905796051
    outer loop
      vertex -29.435239791870117 7.0 -13.777397155761719
      vertex -30.246688842773438 3.0 -11.890661239624023
      vertex -29.435239791870117 3.0 -13.777397155761719
    endloop
  endfacet
  facet normal 0.8918526768684387 -2.0087308258285908e-16 0.4523259699344635
    outer loop
      vertex -29.435239791870117 7.0 -13.777397155761719
      vertex -29.435239791870117 3.0 -13.777397155761719
      vertex -28.50623893737793 7.0 -15.609110832214355
    endloop
  endfacet
  facet normal 0.8918526768684387 0.0 0.4523259699344635
    outer loop
      vertex -28.50623893737793 7.0 -15.609110832214355
      vertex -29.435239791870117 3.0 -13.777397155761719
      vertex -28.50623893737793 3.0 -15.609110832214355
    endloop
  endfacet
  facet normal 0.8615014553070068 0.0 0.5077551007270813
    outer loop
      vertex -28.50623893737793 7.0 -15.609110832214355
      vertex -28.50623893737793 3.0 -15.609110832214355
      vertex -27.463396072387695 7.0 -17.378488540649414
    endloop
  endfacet
  facet normal 0.8615014553070068 7.651670011439354e-16 0.5077551007270813
    outer loop
      vertex -27.463396072387695 7.0 -17.378488540649414
      vertex -28.50623893737793 3.0 -15.609110832214355
      vertex -27.463396072387695 3.0 -17.378488540649414
    endloop
  endfacet
  facet normal 0.8277097940444946 7.351539768447554e-16 0.5611563920974731
    outer loop
      vertex -27.463396072387695 7.0 -17.378488540649414
      vertex -27.463396072387695 3.0 -17.378488540649414
      vertex -26.310874938964844 7.0 -19.07846450805664
    endloop
  endfacet
  facet normal 0.8277097940444946 -4.984069975377575e-16 0.5611563920974731
    outer loop
      vertex -26.310874938964844 7.0 -19.07846450805664
      vertex -27.463396072387695 3.0 -17.378488540649414
      vertex -26.310874938964844 3.0 -19.07846450805664
    endloop
  endfacet
  facet normal 0.7906125783920288 -5.438465035096881e-16 0.6123167276382446
    outer loop
      vertex -26.310874938964844 7.0 -19.07846450805664
      vertex -26.310874938964844 3.0 -19.07846450805664
      vertex -25.053281784057617 7.0 -20.70224952697754
    endloop
  endfacet
  facet normal 0.7906125783920288 0.0 0.6123167276382446
    outer loop
      vertex -25.053281784057617 7.0 -20.70224952697754
      vertex -26.310874938964844 3.0 -19.07846450805664
      vertex -25.053281784057617 3.0 -20.70224952697754
    endloop
  endfacet
  facet normal 0.750357985496521 0.0 0.6610317230224609
    outer loop
      vertex -25.053281784057617 7.0 -20.70224952697754
      vertex -25.053281784057617 3.0 -20.70224952697754
      vertex -23.695634841918945 7.0 -22.243356704711914
    endloop
  endfacet
  facet normal 0.750357985496521 -5.077763995442518e-16 0.6610317230224609
    outer loop
      vertex -23.695634841918945 7.0 -22.243356704711914
      vertex -25.053281784057617 3.0 -20.70224952697754
      vertex -23.695634841918945 3.0 -22.243356704711914
    endloop
  endfacet
  facet normal 0.7071067690849304 -6.280369727251149e-16 0.7071067690849304
    outer loop
      vertex -23.695634841918945 7.0 -22.243356704711914
      vertex -23.695634841918945 3.0 -22.243356704711914
      vertex -22.243356704711914 7.0 -23.695634841918945
    endloop
  endfacet
  facet normal 0.7071067690849304 6.280369727251149e-16 0.7071067690849304
    outer loop
      vertex -22.243356704711914 7.0 -23.695634841918945
      vertex -23.695634841918945 3.0 -22.243356704711914
      vertex -22.243356704711914 3.0 -23.695634841918945
    endloop
  endfacet
  facet normal 0.6610316634178162 5.87114058186181e-16 0.750357985496521
    outer loop
      vertex -22.243356704711914 7.0 -23.695634841918945
      vertex -22.243356704711914 3.0 -23.695634841918945
      vertex -20.70224952697754 7.0 -25.053281784057617
    endloop
  endfacet
  facet normal 0.6610316634178162 0.0 0.750357985496521
    outer loop
      vertex -20.70224952697754 7.0 -25.053281784057617
      vertex -22.243356704711914 3.0 -23.695634841918945
      vertex -20.70224952697754 3.0 -25.053281784057617
    endloop
  endfacet
  facet normal 0.6123167276382446 0.0 0.7906125783920288
    outer loop
      vertex -20.70224952697754 7.0 -25.053281784057617
      vertex -20.70224952697754 3.0 -25.053281784057617
      vertex -19.07846450805664 7.0 -26.310876846313477
    endloop
  endfacet
  facet normal 0.6123167276382446 -1.5835854019647522e-16 0.7906125783920288
    outer loop
      vertex -19.07846450805664 7.0 -26.310876846313477
      vertex -20.70224952697754 3.0 -25.053281784057617
      vertex -19.07846450805664 3.0 -26.310876846313477
    endloop
  endfacet
  facet normal 0.5611563920974731 -2.367469528372182e-16 0.8277097940444946
    outer loop
      vertex -19.07846450805664 7.0 -26.310876846313477
      vertex -19.07846450805664 3.0 -26.310876846313477
      vertex -17.378488540649414 7.0 -27.463396072387695
    endloop
  endfacet
  facet normal 0.5611563920974731 0.0 0.8277097940444946
    outer loop
      vertex -17.378488540649414 7.0 -27.463396072387695
      vertex -19.07846450805664 3.0 -26.310876846313477
      vertex -17.378488540649414 3.0 -27.463396072387695
    endloop
  endfacet
  facet normal 0.5077550411224365 0.0 0.8615014553070068
    outer loop
      vertex -17.378488540649414 7.0 -27.463396072387695
      vertex -17.378488540649414 3.0 -27.463396072387695
      vertex -15.609110832214355 7.0 -28.50623893737793
    endloop
  endfacet
  facet normal 0.5077550411224365 0.0 0.8615014553070068
    outer loop
      vertex -15.609110832214355 7.0 -28.50623893737793
      vertex -17.378488540649414 3.0 -27.463396072387695
      vertex -15.609110832214355 3.0 -28.50623893737793
    endloop
  endfacet
  facet normal 0.4523259699344635 0.0 0.8918526768684387
    outer loop
      vertex -15.609110832214355 7.0 -28.50623893737793
      vertex -15.609110832214355 3.0 -28.50623893737793
      vertex -13.777396202087402 7.0 -29.435239791870117
    endloop
  endfacet
  facet normal 0.4523259699344635 0.0 0.8918526768684387
    outer loop
      vertex -13.777396202087402 7.0 -29.435239791870117
      vertex -15.609110832214355 3.0 -28.50623893737793
      vertex -13.777396202087402 3.0 -29.435239791870117
    endloop
  endfacet
  facet normal 0.3950904905796051 0.0 0.9186422228813171
    outer loop
      vertex -13.777396202087402 7.0 -29.435239791870117
      vertex -13.777396202087402 3.0 -29.435239791870117
      vertex -11.890661239624023 7.0 -30.246688842773438
    endloop
  endfacet
  facet normal 0.3950904905796051 0.0 0.9186422228813171
    outer loop
      vertex -11.890661239624023 7.0 -30.246688842773438
      vertex -13.777396202087402 3.0 -29.435239791870117
      vertex -11.890661239624023 3.0 -30.246688842773438
    endloop
  endfacet
  facet normal 0.33627715706825256 0.0 0.9417630434036255
    outer loop
      vertex -11.890661239624023 7.0 -30.246688842773438
      vertex -11.890661239624023 3.0 -30.246688842773438
      vertex -9.956439971923828 7.0 -30.937345504760742
    endloop
  endfacet
  facet normal 0.33627715706825256 0.0 0.9417630434036255
    outer loop
      vertex -9.956439971923828 7.0 -30.937345504760742
      vertex -11.890661239624023 3.0 -30.246688842773438
      vertex -9.956439971923828 3.0 -30.937345504760742
    endloop
  endfacet
  facet normal 0.2761208713054657 0.0 0.9611229300498962
    outer loop
      vertex -9.956439971923828 7.0 -30.937345504760742
      vertex -9.956439971923828 3.0 -30.937345504760742
      vertex -7.982456207275391 7.0 -31.50444984436035
    endloop
  endfacet
  facet normal 0.2761208713054657 0.0 0.9611229300498962
    outer loop
      vertex -7.982456207275391 7.0 -31.50444984436035
      vertex -9.956439971923828 3.0 -30.937345504760742
      vertex -7.982456207275391 3.0 -31.50444984436035
    endloop
  endfacet
  facet normal 0.15655888617038727 0.0 0.9876686334609985
    outer loop
      vertex -7.982456207275391 7.0 -31.50444984436035
      vertex -7.982456207275391 3.0 -31.50444984436035
      vertex -7.264838695526123 7.0 -31.618202209472656
    endloop
  endfacet
  facet normal 0.15655888617038727 0.0 0.9876686334609985
    outer loop
      vertex -7.264838695526123 7.0 -31.618202209472656
      vertex -7.982456207275391 3.0 -31.50444984436035
      vertex -7.264838695526123 3.0 -31.618202209472656
    endloop
  endfacet
  facet normal -0.024686822667717934 0.0 0.9996952414512634
    outer loop
      vertex -7.264838695526123 7.0 -31.618202209472656
      vertex -7.264838695526123 3.0 -31.618202209472656
      vertex -6.538483142852783 7.0 -31.600265502929688
    endloop
  endfacet
  facet normal -0.024686822667717934 0.0 0.9996952414512634
    outer loop
      vertex -6.538483142852783 7.0 -31.600265502929688
      vertex -7.264838695526123 3.0 -31.618202209472656
      vertex -6.538483142852783 3.0 -31.600265502929688
    endloop
  endfacet
  facet normal -0.20511800050735474 0.0 0.9787372350692749
    outer loop
      vertex -6.538483142852783 7.0 -31.600265502929688
      vertex -6.538483142852783 3.0 -31.600265502929688
      vertex -5.827354907989502 7.0 -31.451231002807617
    endloop
  endfacet
  facet normal -0.20511800050735474 0.0 0.9787372350692749
    outer loop
      vertex -5.827354907989502 7.0 -31.451231002807617
      vertex -6.538483142852783 3.0 -31.600265502929688
      vertex -5.827354907989502 3.0 -31.451231002807617
    endloop
  endfacet
  facet normal -0.37878137826919556 0.0 0.925486147403717
    outer loop
      vertex -5.827354907989502 7.0 -31.451231002807617
      vertex -5.827354907989502 3.0 -31.451231002807617
      vertex -5.1549177169799805 7.0 -31.17601776123047
    endloop
  endfacet
  facet normal -0.37878137826919556 0.0 0.925486147403717
    outer loop
      vertex -5.1549177169799805 7.0 -31.17601776123047
      vertex -5.827354907989502 3.0 -31.451231002807617
      vertex -5.1549177169799805 3.0 -31.17601776123047
    endloop
  endfacet
  facet normal -0.5399470329284668 0.0 0.8416990041732788
    outer loop
      vertex -5.1549177169799805 7.0 -31.17601776123047
      vertex -5.1549177169799805 3.0 -31.17601776123047
      vertex -4.543358325958252 7.0 -30.78370475769043
    endloop
  endfacet
  facet normal -0.5399470329284668 0.0 0.8416990041732788
    outer loop
      vertex -4.543358325958252 7.0 -30.78370475769043
      vertex -5.1549177169799805 3.0 -31.17601776123047
      vertex -4.543358325958252 3.0 -30.78370475769043
    endloop
  endfacet
  facet normal -0.6832972764968872 0.0 0.7301402688026428
    outer loop
      vertex -4.543358325958252 7.0 -30.78370475769043
      vertex -4.543358325958252 3.0 -30.78370475769043
      vertex -4.012855052947998 7.0 -30.2872371673584
    endloop
  endfacet
  facet normal -0.6832972764968872 0.0 0.7301402688026428
    outer loop
      vertex -4.012855052947998 7.0 -30.2872371673584
      vertex -4.543358325958252 3.0 -30.78370475769043
      vertex -4.012855052947998 3.0 -30.2872371673584
    endloop
  endfacet
  facet normal -0.80410236120224 0.0 0.5944908261299133
    outer loop
      vertex -4.012855052947998 7.0 -30.2872371673584
      vertex -4.012855052947998 3.0 -30.2872371673584
      vertex -3.580911636352539 7.0 -29.702993392944336
    endloop
  endfacet
  facet normal -0.80410236120224 0.0 0.5944908261299133
    outer loop
      vertex -3.580911636352539 7.0 -29.702993392944336
      vertex -4.012855052947998 3.0 -30.2872371673584
      vertex -3.580911636352539 3.0 -29.702993392944336
    endloop
  endfacet
  facet normal -0.8983764052391052 0.0 0.439226359128952
    outer loop
      vertex -3.580911636352539 7.0 -29.702993392944336
      vertex -3.580911636352539 3.0 -29.702993392944336
      vertex -3.26177978515625 7.0 -29.050254821777344
    endloop
  endfacet
  facet normal -0.8983764052391052 0.0 0.439226359128952
    outer loop
      vertex -3.26177978515625 7.0 -29.050254821777344
      vertex -3.580911636352539 3.0 -29.702993392944336
      vertex -3.26177978515625 3.0 -29.050254821777344
    endloop
  endfacet
  facet normal -0.9630088210105896 0.0 0.2694697976112366
    outer loop
      vertex -3.26177978515625 7.0 -29.050254821777344
      vertex -3.26177978515625 3.0 -29.050254821777344
      vertex -3.0659892559051514 7.0 -28.350553512573242
    endloop
  endfacet
  facet normal -0.9630088210105896 0.0 0.2694697976112366
    outer loop
      vertex -3.0659892559051514 7.0 -28.350553512573242
      vertex -3.26177978515625 3.0 -29.050254821777344
      vertex -3.0659892559051514 3.0 -28.350553512573242
    endloop
  endfacet
  facet normal -0.995867133140564 0.0 0.09082214534282684
    outer loop
      vertex -3.0659892559051514 7.0 -28.350553512573242
      vertex -3.0659892559051514 3.0 -28.350553512573242
      vertex -3.0 7.0 -27.62697982788086
    endloop
  endfacet
  facet normal -0.995867133140564 1.1056346206801004e-16 0.09082214534282684
    outer loop
      vertex -3.0 7.0 -27.62697982788086
      vertex -3.0659892559051514 3.0 -28.350553512573242
      vertex -3.0 3.0 -27.62697982788086
    endloop
  endfacet
  facet normal -1.0 1.1102230246251565e-16 1.373821530695267e-16
    outer loop
      vertex -3.0 3.0 -27.62697982788086
      vertex -3.0 3.0 -14.696938514709473
      vertex -3.0 7.0 -27.62697982788086
    endloop
  endfacet
  facet normal -1.0 2.220446049250313e-16 1.7172768471946347e-16
    outer loop
      vertex -3.0 7.0 -27.62697982788086
      vertex -3.0 3.0 -14.696938514709473
      vertex -3.0 7.0 -14.696938514709473
    endloop
  endfacet
  facet normal -0.24380187690258026 5.413489143681455e-17 -0.9698250889778137
    outer loop
      vertex -3.0 7.0 -14.696938514709473
      vertex -3.0 3.0 -14.696938514709473
      vertex -4.306676387786865 7.0 -14.368456840515137
    endloop
  endfacet
  facet normal -0.24380187690258026 1.624046710017212e-16 -0.9698250889778137
    outer loop
      vertex -4.306676387786865 7.0 -14.368456840515137
      vertex -3.0 3.0 -14.696938514709473
      vertex -4.306676387786865 3.0 -14.368456840515137
    endloop
  endfacet
  facet normal -0.329842209815979 2.1971904949856502e-16 -0.944036066532135
    outer loop
      vertex -4.306676387786865 7.0 -14.368456840515137
      vertex -4.306676387786865 3.0 -14.368456840515137
      vertex -5.578606128692627 7.0 -13.924049377441406
    endloop
  endfacet
  facet normal -0.329842209815979 -1.9951718135765195e-16 -0.944036066532135
    outer loop
      vertex -5.578606128692627 7.0 -13.924049377441406
      vertex -4.306676387786865 3.0 -14.368456840515137
      vertex -5.578606128692627 3.0 -13.924049377441406
    endloop
  endfacet
  facet normal -0.4132213890552521 -1.2914046955318315e-16 -0.9106305837631226
    outer loop
      vertex -5.578606128692627 7.0 -13.924049377441406
      vertex -5.578606128692627 3.0 -13.924049377441406
      vertex -6.805527687072754 7.0 -13.367302894592285
    endloop
  endfacet
  facet normal -0.4132213890552521 -0.0 -0.9106305837631226
    outer loop
      vertex -6.805527687072754 7.0 -13.367302894592285
      vertex -5.578606128692627 3.0 -13.924049377441406
      vertex -6.805527687072754 3.0 -13.367302894592285
    endloop
  endfacet
  facet normal -0.4932667016983032 -0.0 -0.8698781132698059
    outer loop
      vertex -6.805527687072754 7.0 -13.367302894592285
      vertex -6.805527687072754 3.0 -13.367302894592285
      vertex -7.977541923522949 7.0 -12.702709197998047
    endloop
  endfacet
  facet normal -0.4932667016983032 -0.0 -0.8698781132698059
    outer loop
      vertex -7.977541923522949 7.0 -12.702709197998047
      vertex -6.805527687072754 3.0 -13.367302894592285
      vertex -7.977541923522949 3.0 -12.702709197998047
    endloop
  endfacet
  facet normal -0.5693323016166687 -0.0 -0.8221074938774109
    outer loop
      vertex -7.977541923522949 7.0 -12.702709197998047
      vertex -7.977541923522949 3.0 -12.702709197998047
      vertex -9.085193634033203 7.0 -11.935629844665527
    endloop
  endfacet
  facet normal -0.5693323016166687 -0.0 -0.8221074938774109
    outer loop
      vertex -9.085193634033203 7.0 -11.935629844665527
      vertex -7.977541923522949 3.0 -12.702709197998047
      vertex -9.085193634033203 3.0 -11.935629844665527
    endloop
  endfacet
  facet normal -0.6408045291900635 -0.0 -0.7677040696144104
    outer loop
      vertex -9.085193634033203 7.0 -11.935629844665527
      vertex -9.085193634033203 3.0 -11.935629844665527
      vertex -10.119545936584473 7.0 -11.072253227233887
    endloop
  endfacet
  facet normal -0.6408045291900635 -0.0 -0.7677040696144104
    outer loop
      vertex -10.119545936584473 7.0 -11.072253227233887
      vertex -9.085193634033203 3.0 -11.935629844665527
      vertex -10.119545936584473 3.0 -11.072253227233887
    endloop
  endfacet
  facet normal -0.7071067690849304 -0.0 -0.7071067690849304
    outer loop
      vertex -10.119545936584473 7.0 -11.072253227233887
      vertex -10.119545936584473 3.0 -11.072253227233887
      vertex -11.072253227233887 7.0 -10.119545936584473
    endloop
  endfacet
  facet normal -0.7071067690849304 -0.0 -0.7071067690849304
    outer loop
      vertex -11.072253227233887 7.0 -10.119545936584473
      vertex -10.119545936584473 3.0 -11.072253227233887
      vertex -11.072253227233887 3.0 -10.119545936584473
    endloop
  endfacet
  facet normal -0.7677040696144104 -0.0 -0.6408045887947083
    outer loop
      vertex -11.072253227233887 7.0 -10.119545936584473
      vertex -11.072253227233887 3.0 -10.119545936584473
      vertex -11.935629844665527 7.0 -9.085193634033203
    endloop
  endfacet
  facet normal -0.7677040696144104 -0.0 -0.6408045887947083
    outer loop
      vertex -11.935629844665527 7.0 -9.085193634033203
      vertex -11.072253227233887 3.0 -10.119545936584473
      vertex -11.935629844665527 3.0 -9.085193634033203
    endloop
  endfacet
  facet normal -0.8221074938774109 -0.0 -0.5693323612213135
    outer loop
      vertex -11.935629844665527 7.0 -9.085193634033203
      vertex -11.935629844665527 3.0 -9.085193634033203
      vertex -12.702709197998047 7.0 -7.977542400360107
    endloop
  endfacet
  facet normal -0.8221074938774109 -0.0 -0.5693323612213135
    outer loop
      vertex -12.702709197998047 7.0 -7.977542400360107
      vertex -11.935629844665527 3.0 -9.085193634033203
      vertex -12.702709197998047 3.0 -7.977542400360107
    endloop
  endfacet
  facet normal -0.8698781132698059 -0.0 -0.4932667016983032
    outer loop
      vertex -12.702709197998047 7.0 -7.977542400360107
      vertex -12.702709197998047 3.0 -7.977542400360107
      vertex -13.367302894592285 7.0 -6.805527687072754
    endloop
  endfacet
  facet normal -0.8698781132698059 -0.0 -0.4932667016983032
    outer loop
      vertex -13.367302894592285 7.0 -6.805527687072754
      vertex -12.702709197998047 3.0 -7.977542400360107
      vertex -13.367302894592285 3.0 -6.805527687072754
    endloop
  endfacet
  facet normal -0.9106305837631226 -0.0 -0.41322141885757446
    outer loop
      vertex -13.367302894592285 7.0 -6.805527687072754
      vertex -13.367302894592285 3.0 -6.805527687072754
      vertex -13.924049377441406 7.0 -5.578606128692627
    endloop
  endfacet
  facet normal -0.9106305837631226 -0.0 -0.41322141885757446
    outer loop
      vertex -13.924049377441406 7.0 -5.578606128692627
      vertex -13.367302894592285 3.0 -6.805527687072754
      vertex -13.924049377441406 3.0 -5.578606128692627
    endloop
  endfacet
  facet normal -0.944036066532135 -0.0 -0.3298422396183014
    outer loop
      vertex -13.924049377441406 7.0 -5.578606128692627
      vertex -13.924049377441406 3.0 -5.578606128692627
      vertex -14.368456840515137 7.0 -4.306676387786865
    endloop
  endfacet
  facet normal -0.944036066532135 -0.0 -0.3298422396183014
    outer loop
      vertex -14.368456840515137 7.0 -4.306676387786865
      vertex -13.924049377441406 3.0 -5.578606128692627
      vertex -14.368456840515137 3.0 -4.306676387786865
    endloop
  endfacet
  facet normal -0.969825029373169 -0.0 -0.24380189180374146
    outer loop
      vertex -14.368456840515137 7.0 -4.306676387786865
      vertex -14.368456840515137 3.0 -4.306676387786865
      vertex -14.696938514709473 7.0 -3.000000238418579
    endloop
  endfacet
  facet normal -0.969825029373169 -0.0 -0.24380189180374146
    outer loop
      vertex -14.696938514709473 7.0 -3.000000238418579
      vertex -14.368456840515137 3.0 -4.306676387786865
      vertex -14.696938514709473 3.0 -3.000000238418579
    endloop
  endfacet
  facet normal -6.869107653476335e-17 0.0 -1.0
    outer loop
      vertex -14.696938514709473 3.0 -3.000000238418579
      vertex -27.62697982788086 3.0 -3.000000238418579
      vertex -14.696938514709473 7.0 -3.000000238418579
    endloop
  endfacet
  facet normal -6.869107653476335e-17 0.0 -1.0
    outer loop
      vertex -14.696938514709473 7.0 -3.000000238418579
      vertex -27.62697982788086 3.0 -3.000000238418579
      vertex -27.62697982788086 7.0 -3.000000238418579
    endloop
  endfacet
  facet normal -0.9611229300498962 -0.0 -0.2761208713054657
    outer loop
      vertex 31.50444984436035 7.0 7.982455730438232
      vertex 31.50444984436035 3.0 7.982455730438232
      vertex 30.937345504760742 7.0 9.956439018249512
    endloop
  endfacet
  facet normal -0.9611229300498962 -0.0 -0.2761208713054657
    outer loop
      vertex 30.937345504760742 7.0 9.956439018249512
      vertex 31.50444984436035 3.0 7.982455730438232
      vertex 30.937345504760742 3.0 9.956439018249512
    endloop
  endfacet
  facet normal -0.9417630434036255 -0.0 -0.33627715706825256
    outer loop
      vertex 30.937345504760742 7.0 9.956439018249512
      vertex 30.937345504760742 3.0 9.956439018249512
      vertex 30.246688842773438 7.0 11.890661239624023
    endloop
  endfacet
  facet normal -0.9417630434036255 -0.0 -0.33627715706825256
    outer loop
      vertex 30.246688842773438 7.0 11.890661239624023
      vertex 30.937345504760742 3.0 9.956439018249512
      vertex 30.246688842773438 3.0 11.890661239624023
    endloop
  endfacet
  facet normal -0.9186422228813171 -0.0 -0.3950904607772827
    outer loop
      vertex 30.246688842773438 7.0 11.890661239624023
      vertex 30.246688842773438 3.0 11.890661239624023
      vertex 29.435239791870117 7.0 13.777396202087402
    endloop
  endfacet
  facet normal -0.9186422228813171 -0.0 -0.3950904607772827
    outer loop
      vertex 29.435239791870117 7.0 13.777396202087402
      vertex 30.246688842773438 3.0 11.890661239624023
      vertex 29.435239791870117 3.0 13.777396202087402
    endloop
  endfacet
  facet normal -0.8918526768684387 -0.0 -0.4523259699344635
    outer loop
      vertex 29.435239791870117 7.0 13.777396202087402
      vertex 29.435239791870117 3.0 13.777396202087402
      vertex 28.50623893737793 7.0 15.609110832214355
    endloop
  endfacet
  facet normal -0.8918526768684387 -0.0 -0.4523259699344635
    outer loop
      vertex 28.50623893737793 7.0 15.609110832214355
      vertex 29.435239791870117 3.0 13.777396202087402
      vertex 28.50623893737793 3.0 15.609110832214355
    endloop
  endfacet
  facet normal -0.8615014553070068 -0.0 -0.5077550411224365
    outer loop
      vertex 28.50623893737793 7.0 15.609110832214355
      vertex 28.50623893737793 3.0 15.609110832214355
      vertex 27.463396072387695 7.0 17.378488540649414
    endloop
  endfacet
  facet normal -0.8615014553070068 -0.0 -0.5077550411224365
    outer loop
      vertex 27.463396072387695 7.0 17.378488540649414
      vertex 28.50623893737793 3.0 15.609110832214355
      vertex 27.463396072387695 3.0 17.378488540649414
    endloop
  endfacet
  facet normal -0.8277097940444946 -0.0 -0.5611563920974731
    outer loop
      vertex 27.463396072387695 7.0 17.378488540649414
      vertex 27.463396072387695 3.0 17.378488540649414
      vertex 26.310876846313477 7.0 19.07846450805664
    endloop
  endfacet
  facet normal -0.8277097940444946 -0.0 -0.5611563920974731
    outer loop
      vertex 26.310876846313477 7.0 19.07846450805664
      vertex 27.463396072387695 3.0 17.378488540649414
      vertex 26.310876846313477 3.0 19.07846450805664
    endloop
  endfacet
  facet normal -0.7906125783920288 -0.0 -0.6123167276382446
    outer loop
      vertex 26.310876846313477 7.0 19.07846450805664
      vertex 26.310876846313477 3.0 19.07846450805664
      vertex 25.053281784057617 7.0 20.702247619628906
    endloop
  endfacet
  facet normal -0.7906125783920288 -0.0 -0.6123167276382446
    outer loop
      vertex 25.053281784057617 7.0 20.702247619628906
      vertex 26.310876846313477 3.0 19.07846450805664
      vertex 25.053281784057617 3.0 20.702247619628906
    endloop
  endfacet
  facet normal -0.750357985496521 -0.0 -0.6610316634178162
    outer loop
      vertex 25.053281784057617 7.0 20.702247619628906
      vertex 25.053281784057617 3.0 20.702247619628906
      vertex 23.695634841918945 7.0 22.243356704711914
    endloop
  endfacet
  facet normal -0.750357985496521 -0.0 -0.6610316634178162
    outer loop
      vertex 23.695634841918945 7.0 22.243356704711914
      vertex 25.053281784057617 3.0 20.702247619628906
      vertex 23.695634841918945 3.0 22.243356704711914
    endloop
  endfacet
  facet normal -0.7071067690849304 -0.0 -0.7071067690849304
    outer loop
      vertex 23.695634841918945 7.0 22.243356704711914
      vertex 23.695634841918945 3.0 22.243356704711914
      vertex 22.243356704711914 7.0 23.695634841918945
    endloop
  endfacet
  facet normal -0.7071067690849304 -0.0 -0.7071067690849304
    outer loop
      vertex 22.243356704711914 7.0 23.695634841918945
      vertex 23.695634841918945 3.0 22.243356704711914
      vertex 22.243356704711914 3.0 23.695634841918945
    endloop
  endfacet
  facet normal -0.6610316634178162 -0.0 -0.750357985496521
    outer loop
      vertex 22.243356704711914 7.0 23.695634841918945
      vertex 22.243356704711914 3.0 23.695634841918945
      vertex 20.70224952697754 7.0 25.053281784057617
    endloop
  endfacet
  facet normal -0.6610316634178162 -0.0 -0.750357985496521
    outer loop
      vertex 20.70224952697754 7.0 25.053281784057617
      vertex 22.243356704711914 3.0 23.695634841918945
      vertex 20.70224952697754 3.0 25.053281784057617
    endloop
  endfacet
  facet normal -0.6123167276382446 -0.0 -0.7906125783920288
    outer loop
      vertex 20.70224952697754 7.0 25.053281784057617
      vertex 20.70224952697754 3.0 25.053281784057617
      vertex 19.07846450805664 7.0 26.310874938964844
    endloop
  endfacet
  facet normal -0.6123167276382446 -0.0 -0.7906125783920288
    outer loop
      vertex 19.07846450805664 7.0 26.310874938964844
      vertex 20.70224952697754 3.0 25.053281784057617
      vertex 19.07846450805664 3.0 26.310874938964844
    endloop
  endfacet
  facet normal -0.5611563920974731 -0.0 -0.8277097940444946
    outer loop
      vertex 19.07846450805664 7.0 26.310874938964844
      vertex 19.07846450805664 3.0 26.310874938964844
      vertex 17.378488540649414 7.0 27.463396072387695
    endloop
  endfacet
  facet normal -0.5611563920974731 -0.0 -0.8277097940444946
    outer loop
      vertex 17.378488540649414 7.0 27.463396072387695
      vertex 19.07846450805664 3.0 26.310874938964844
      vertex 17.378488540649414 3.0 27.463396072387695
    endloop
  endfacet
  facet normal -0.5077551007270813 -0.0 -0.8615014553070068
    outer loop
      vertex 17.378488540649414 7.0 27.463396072387695
      vertex 17.378488540649414 3.0 27.463396072387695
      vertex 15.609110832214355 7.0 28.50623893737793
    endloop
  endfacet
  facet normal -0.5077551007270813 -0.0 -0.8615014553070068
    outer loop
      vertex 15.609110832214355 7.0 28.50623893737793
      vertex 17.378488540649414 3.0 27.463396072387695
      vertex 15.609110832214355 3.0 28.50623893737793
    endloop
  endfacet
  facet normal -0.4523259699344635 -0.0 -0.8918526768684387
    outer loop
      vertex 15.609110832214355 7.0 28.50623893737793
      vertex 15.609110832214355 3.0 28.50623893737793
      vertex 13.777397155761719 7.0 29.435239791870117
    endloop
  endfacet
  facet normal -0.4523259699344635 -0.0 -0.8918526768684387
    outer loop
      vertex 13.777397155761719 7.0 29.435239791870117
      vertex 15.609110832214355 3.0 28.50623893737793
      vertex 13.777397155761719 3.0 29.435239791870117
    endloop
  endfacet
  facet normal -0.3950904905796051 -0.0 -0.9186422228813171
    outer loop
      vertex 13.777397155761719 7.0 29.435239791870117
      vertex 13.777397155761719 3.0 29.435239791870117
      vertex 11.890661239624023 7.0 30.246688842773438
    endloop
  endfacet
  facet normal -0.3950904905796051 -0.0 -0.9186422228813171
    outer loop
      vertex 11.890661239624023 7.0 30.246688842773438
      vertex 13.777397155761719 3.0 29.435239791870117
      vertex 11.890661239624023 3.0 30.246688842773438
    endloop
  endfacet
  facet normal -0.33627715706825256 -0.0 -0.9417630434036255
    outer loop
      vertex 11.890661239624023 7.0 30.246688842773438
      vertex 11.890661239624023 3.0 30.246688842773438
      vertex 9.956439971923828 7.0 30.937345504760742
    endloop
  endfacet
  facet normal -0.33627715706825256 -0.0 -0.9417630434036255
    outer loop
      vertex 9.956439971923828 7.0 30.937345504760742
      vertex 11.890661239624023 3.0 30.246688842773438
      vertex 9.956439971923828 3.0 30.937345504760742
    endloop
  endfacet
  facet normal -0.2761208713054657 -0.0 -0.9611229300498962
    outer loop
      vertex 9.956439971923828 7.0 30.937345504760742
      vertex 9.956439971923828 3.0 30.937345504760742
      vertex 7.982456207275391 7.0 31.50444984436035
    endloop
  endfacet
  facet normal -0.2761208713054657 -0.0 -0.9611229300498962
    outer loop
      vertex 7.982456207275391 7.0 31.50444984436035
      vertex 9.956439971923828 3.0 30.937345504760742
      vertex 7.982456207275391 3.0 31.50444984436035
    endloop
  endfacet
  facet normal -0.15655888617038727 -0.0 -0.9876686334609985
    outer loop
      vertex 7.982456207275391 7.0 31.50444984436035
      vertex 7.982456207275391 3.0 31.50444984436035
      vertex 7.264838695526123 7.0 31.618202209472656
    endloop
  endfacet
  facet normal -0.15655888617038727 3.476305602720659e-17 -0.9876686334609985
    outer loop
      vertex 7.264838695526123 7.0 31.618202209472656
      vertex 7.982456207275391 3.0 31.50444984436035
      vertex 7.264838695526123 3.0 31.618202209472656
    endloop
  endfacet
  facet normal 0.024686822667717934 -5.481575786107736e-18 -0.9996952414512634
    outer loop
      vertex 7.264838695526123 7.0 31.618202209472656
      vertex 7.264838695526123 3.0 31.618202209472656
      vertex 6.538483142852783 7.0 31.600265502929688
    endloop
  endfacet
  facet normal 0.024686822667717934 -8.879077397339183e-16 -0.9996952414512634
    outer loop
      vertex 6.538483142852783 7.0 31.600265502929688
      vertex 7.264838695526123 3.0 31.618202209472656
      vertex 6.538483142852783 3.0 31.600265502929688
    endloop
  endfacet
  facet normal 0.20511800050735474 -8.692932907454986e-16 -0.9787372350692749
    outer loop
      vertex 6.538483142852783 7.0 31.600265502929688
      vertex 6.538483142852783 3.0 31.600265502929688
      vertex 5.827354907989502 7.0 31.451231002807617
    endloop
  endfacet
  facet normal 0.20511800050735474 0.0 -0.9787372350692749
    outer loop
      vertex 5.827354907989502 7.0 31.451231002807617
      vertex 6.538483142852783 3.0 31.600265502929688
      vertex 5.827354907989502 3.0 31.451231002807617
    endloop
  endfacet
  facet normal 0.37878137826919556 0.0 -0.925486147403717
    outer loop
      vertex 5.827354907989502 7.0 31.451231002807617
      vertex 5.827354907989502 3.0 31.451231002807617
      vertex 5.1549177169799805 7.0 31.17601776123047
    endloop
  endfacet
  facet normal 0.37878137826919556 0.0 -0.925486147403717
    outer loop
      vertex 5.1549177169799805 7.0 31.17601776123047
      vertex 5.827354907989502 3.0 31.451231002807617
      vertex 5.1549177169799805 3.0 31.17601776123047
    endloop
  endfacet
  facet normal 0.5399470329284668 0.0 -0.8416990041732788
    outer loop
      vertex 5.1549177169799805 7.0 31.17601776123047
      vertex 5.1549177169799805 3.0 31.17601776123047
      vertex 4.543358325958252 7.0 30.78370475769043
    endloop
  endfacet
  facet normal 0.5399470329284668 0.0 -0.8416990041732788
    outer loop
      vertex 4.543358325958252 7.0 30.78370475769043
      vertex 5.1549177169799805 3.0 31.17601776123047
      vertex 4.543358325958252 3.0 30.78370475769043
    endloop
  endfacet
  facet normal 0.6832972764968872 0.0 -0.7301402688026428
    outer loop
      vertex 4.543358325958252 7.0 30.78370475769043
      vertex 4.543358325958252 3.0 30.78370475769043
      vertex 4.012855052947998 7.0 30.2872371673584
    endloop
  endfacet
  facet normal 0.6832972764968872 0.0 -0.7301402688026428
    outer loop
      vertex 4.012855052947998 7.0 30.2872371673584
      vertex 4.543358325958252 3.0 30.78370475769043
      vertex 4.012855052947998 3.0 30.2872371673584
    endloop
  endfacet
  facet normal 0.80410236120224 0.0 -0.5944908261299133
    outer loop
      vertex 4.012855052947998 7.0 30.2872371673584
      vertex 4.012855052947998 3.0 30.2872371673584
      vertex 3.580911636352539 7.0 29.702993392944336
    endloop
  endfacet
  facet normal 0.80410236120224 0.0 -0.5944908261299133
    outer loop
      vertex 3.580911636352539 7.0 29.702993392944336
      vertex 4.012855052947998 3.0 30.2872371673584
      vertex 3.580911636352539 3.0 29.702993392944336
    endloop
  endfacet
  facet normal 0.8983764052391052 0.0 -0.439226359128952
    outer loop
      vertex 3.580911636352539 7.0 29.702993392944336
      vertex 3.580911636352539 3.0 29.702993392944336
      vertex 3.26177978515625 7.0 29.050254821777344
    endloop
  endfacet
  facet normal 0.8983764052391052 0.0 -0.439226359128952
    outer loop
      vertex 3.26177978515625 7.0 29.050254821777344
      vertex 3.580911636352539 3.0 29.702993392944336
      vertex 3.26177978515625 3.0 29.050254821777344
    endloop
  endfacet
  facet normal 0.9630088210105896 0.0 -0.2694697976112366
    outer loop
      vertex 3.26177978515625 7.0 29.050254821777344
      vertex 3.26177978515625 3.0 29.050254821777344
      vertex 3.0659892559051514 7.0 28.350553512573242
    endloop
  endfacet
  facet normal 0.9630088210105896 -2.1383091320061656e-16 -0.2694697976112366
    outer loop
      vertex 3.0659892559051514 7.0 28.350553512573242
      vertex 3.26177978515625 3.0 29.050254821777344
      vertex 3.0659892559051514 3.0 28.350553512573242
    endloop
  endfacet
  facet normal 0.995867133140564 -2.2112692413602008e-16 -0.09082214534282684
    outer loop
      vertex 3.0659892559051514 7.0 28.350553512573242
      vertex 3.0659892559051514 3.0 28.350553512573242
      vertex 3.0 7.0 27.62697982788086
    endloop
  endfacet
  facet normal 0.995867133140564 4.4225384827204016e-16 -0.09082214534282684
    outer loop
      vertex 3.0 7.0 27.62697982788086
      vertex 3.0659892559051514 3.0 28.350553512573242
      vertex 3.0 3.0 27.62697982788086
    endloop
  endfacet
  facet normal 1.0 4.440892098500626e-16 -2.0607322960429004e-16
    outer loop
      vertex 3.0 3.0 27.62697982788086
      vertex 3.0 3.0 14.696938514709473
      vertex 3.0 7.0 27.62697982788086
    endloop
  endfacet
  facet normal 1.0 -2.220446049250313e-16 0.0
    outer loop
      vertex 3.0 7.0 27.62697982788086
      vertex 3.0 3.0 14.696938514709473
      vertex 3.0 7.0 14.696938514709473
    endloop
  endfacet
  facet normal 0.24380187690258026 -5.413489143681455e-17 0.9698250889778137
    outer loop
      vertex 3.0 7.0 14.696938514709473
      vertex 3.0 3.0 14.696938514709473
      vertex 4.306676387786865 7.0 14.368456840515137
    endloop
  endfacet
  facet normal 0.24380187690258026 -1.624046710017212e-16 0.9698250889778137
    outer loop
      vertex 4.306676387786865 7.0 14.368456840515137
      vertex 3.0 3.0 14.696938514709473
      vertex 4.306676387786865 3.0 14.368456840515137
    endloop
  endfacet
  facet normal 0.329842209815979 -2.1971906273345483e-16 0.944036066532135
    outer loop
      vertex 4.306676387786865 7.0 14.368456840515137
      vertex 4.306676387786865 3.0 14.368456840515137
      vertex 5.578606128692627 7.0 13.924049377441406
    endloop
  endfacet
  facet normal 0.329842209815979 0.0 0.944036066532135
    outer loop
      vertex 5.578606128692627 7.0 13.924049377441406
      vertex 4.306676387786865 3.0 14.368456840515137
      vertex 5.578606128692627 3.0 13.924049377441406
    endloop
  endfacet
  facet normal 0.4132213890552521 0.0 0.9106305837631226
    outer loop
      vertex 5.578606128692627 7.0 13.924049377441406
      vertex 5.578606128692627 3.0 13.924049377441406
      vertex 6.805527687072754 7.0 13.367302894592285
    endloop
  endfacet
  facet normal 0.4132213890552521 0.0 0.9106305837631226
    outer loop
      vertex 6.805527687072754 7.0 13.367302894592285
      vertex 5.578606128692627 3.0 13.924049377441406
      vertex 6.805527687072754 3.0 13.367302894592285
    endloop
  endfacet
  facet normal 0.4932667016983032 0.0 0.8698781132698059
    outer loop
      vertex 6.805527687072754 7.0 13.367302894592285
      vertex 6.805527687072754 3.0 13.367302894592285
      vertex 7.977542400360107 7.0 12.702709197998047
    endloop
  endfacet
  facet normal 0.4932667016983032 0.0 0.8698781132698059
    outer loop
      vertex 7.977542400360107 7.0 12.702709197998047
      vertex 6.805527687072754 3.0 13.367302894592285
      vertex 7.977542400360107 3.0 12.702709197998047
    endloop
  endfacet
  facet normal 0.5693323016166687 0.0 0.8221074938774109
    outer loop
      vertex 7.977542400360107 7.0 12.702709197998047
      vertex 7.977542400360107 3.0 12.702709197998047
      vertex 9.085193634033203 7.0 11.935629844665527
    endloop
  endfacet
  facet normal 0.5693323016166687 0.0 0.8221074938774109
    outer loop
      vertex 9.085193634033203 7.0 11.935629844665527
      vertex 7.977542400360107 3.0 12.702709197998047
      vertex 9.085193634033203 3.0 11.935629844665527
    endloop
  endfacet
  facet normal 0.6408045887947083 0.0 0.7677040696144104
    outer loop
      vertex 9.085193634033203 7.0 11.935629844665527
      vertex 9.085193634033203 3.0 11.935629844665527
      vertex 10.119545936584473 7.0 11.072253227233887
    endloop
  endfacet
  facet normal 0.6408045887947083 3.972837838413457e-16 0.7677040696144104
    outer loop
      vertex 10.119545936584473 7.0 11.072253227233887
      vertex 9.085193634033203 3.0 11.935629844665527
      vertex 10.119545936584473 3.0 11.072253227233887
    endloop
  endfacet
  facet normal 0.7071067690849304 3.1401848636255743e-16 0.7071067690849304
    outer loop
      vertex 10.119545936584473 7.0 11.072253227233887
      vertex 10.119545936584473 3.0 11.072253227233887
      vertex 11.072253227233887 7.0 10.119545936584473
    endloop
  endfacet
  facet normal 0.7071067690849304 0.0 0.7071067690849304
    outer loop
      vertex 11.072253227233887 7.0 10.119545936584473
      vertex 10.119545936584473 3.0 11.072253227233887
      vertex 11.072253227233887 3.0 10.119545936584473
    endloop
  endfacet
  facet normal 0.7677040696144104 0.0 0.6408045291900635
    outer loop
      vertex 11.072253227233887 7.0 10.119545936584473
      vertex 11.072253227233887 3.0 10.119545936584473
      vertex 11.935629844665527 7.0 9.085193634033203
    endloop
  endfacet
  facet normal 0.7677040696144104 0.0 0.6408045291900635
    outer loop
      vertex 11.935629844665527 7.0 9.085193634033203
      vertex 11.072253227233887 3.0 10.119545936584473
      vertex 11.935629844665527 3.0 9.085193634033203
    endloop
  endfacet
  facet normal 0.8221074938774109 0.0 0.5693323016166687
    outer loop
      vertex 11.935629844665527 7.0 9.085193634033203
      vertex 11.935629844665527 3.0 9.085193634033203
      vertex 12.702709197998047 7.0 7.977541923522949
    endloop
  endfacet
  facet normal 0.8221074938774109 0.0 0.5693323016166687
    outer loop
      vertex 12.702709197998047 7.0 7.977541923522949
      vertex 11.935629844665527 3.0 9.085193634033203
      vertex 12.702709197998047 3.0 7.977541923522949
    endloop
  endfacet
  facet normal 0.8698781132698059 0.0 0.4932667016983032
    outer loop
      vertex 12.702709197998047 7.0 7.977541923522949
      vertex 12.702709197998047 3.0 7.977541923522949
      vertex 13.367302894592285 7.0 6.805527687072754
    endloop
  endfacet
  facet normal 0.8698781132698059 0.0 0.4932667016983032
    outer loop
      vertex 13.367302894592285 7.0 6.805527687072754
      vertex 12.702709197998047 3.0 7.977541923522949
      vertex 13.367302894592285 3.0 6.805527687072754
    endloop
  endfacet
  facet normal 0.9106305837631226 0.0 0.4132213890552521
    outer loop
      vertex 13.367302894592285 7.0 6.805527687072754
      vertex 13.367302894592285 3.0 6.805527687072754
      vertex 13.924049377441406 7.0 5.578605651855469
    endloop
  endfacet
  facet normal 0.9106305837631226 0.0 0.4132213890552521
    outer loop
      vertex 13.924049377441406 7.0 5.578605651855469
      vertex 13.367302894592285 3.0 6.805527687072754
      vertex 13.924049377441406 3.0 5.578605651855469
    endloop
  endfacet
  facet normal 0.944036066532135 0.0 0.329842209815979
    outer loop
      vertex 13.924049377441406 7.0 5.578605651855469
      vertex 13.924049377441406 3.0 5.578605651855469
      vertex 14.368456840515137 7.0 4.306675910949707
    endloop
  endfacet
  facet normal 0.944036066532135 7.323968316618834e-17 0.329842209815979
    outer loop
      vertex 14.368456840515137 7.0 4.306675910949707
      vertex 13.924049377441406 3.0 5.578605651855469
      vertex 14.368456840515137 3.0 4.306675910949707
    endloop
  endfacet
  facet normal 0.9698250889778137 5.41348881280921e-17 0.24380186200141907
    outer loop
      vertex 14.368456840515137 7.0 4.306675910949707
      vertex 14.368456840515137 3.0 4.306675910949707
      vertex 14.696938514709473 7.0 2.999999761581421
    endloop
  endfacet
  facet normal 0.9698250889778137 0.0 0.24380186200141907
    outer loop
      vertex 14.696938514709473 7.0 2.999999761581421
      vertex 14.368456840515137 3.0 4.306675910949707
      vertex 14.696938514709473 3.0 2.999999761581421
    endloop
  endfacet
  facet normal 0.0 0.0 1.0
    outer loop
      vertex 14.696938514709473 3.0 2.999999761581421
      vertex 27.62697982788086 3.0 2.999999761581421
      vertex 14.696938514709473 7.0 2.999999761581421
    endloop
  endfacet
  facet normal -0.0 0.0 1.0
    outer loop
      vertex 14.696938514709473 7.0 2.999999761581421
      vertex 27.62697982788086 3.0 2.999999761581421
      vertex 27.62697982788086 7.0 2.999999761581421
    endloop
  endfacet
  facet normal -0.09082214534282684 0.0 0.995867133140564
    outer loop
      vertex 27.62697982788086 7.0 2.999999761581421
      vertex 27.62697982788086 3.0 2.999999761581421
      vertex 28.350553512573242 7.0 3.0659890174865723
    endloop
  endfacet
  facet normal -0.09082214534282684 0.0 0.995867133140564
    outer loop
      vertex 28.350553512573242 7.0 3.0659890174865723
      vertex 27.62697982788086 3.0 2.999999761581421
      vertex 28.350553512573242 3.0 3.0659890174865723
    endloop
  endfacet
  facet normal -0.2694697976112366 0.0 0.9630088210105896
    outer loop
      vertex 28.350553512573242 7.0 3.0659890174865723
      vertex 28.350553512573242 3.0 3.0659890174865723
      vertex 29.050254821777344 7.0 3.261779546737671
    endloop
  endfacet
  facet normal -0.2694697976112366 0.0 0.9630088210105896
    outer loop
      vertex 29.050254821777344 7.0 3.261779546737671
      vertex 28.350553512573242 3.0 3.0659890174865723
      vertex 29.050254821777344 3.0 3.261779546737671
    endloop
  endfacet
  facet normal -0.439226359128952 0.0 0.8983764052391052
    outer loop
      vertex 29.050254821777344 7.0 3.261779546737671
      vertex 29.050254821777344 3.0 3.261779546737671
      vertex 29.702993392944336 7.0 3.58091139793396
    endloop
  endfacet
  facet normal -0.439226359128952 0.0 0.8983764052391052
    outer loop
      vertex 29.702993392944336 7.0 3.58091139793396
      vertex 29.050254821777344 3.0 3.261779546737671
      vertex 29.702993392944336 3.0 3.58091139793396
    endloop
  endfacet
  facet normal -0.5944908261299133 0.0 0.80410236120224
    outer loop
      vertex 29.702993392944336 7.0 3.58091139793396
      vertex 29.702993392944336 3.0 3.58091139793396
      vertex 30.2872371673584 7.0 4.012855052947998
    endloop
  endfacet
  facet normal -0.5944908261299133 0.0 0.80410236120224
    outer loop
      vertex 30.2872371673584 7.0 4.012855052947998
      vertex 29.702993392944336 3.0 3.58091139793396
      vertex 30.2872371673584 3.0 4.012855052947998
    endloop
  endfacet
  facet normal -0.7301402688026428 0.0 0.6832972764968872
    outer loop
      vertex 30.2872371673584 7.0 4.012855052947998
      vertex 30.2872371673584 3.0 4.012855052947998
      vertex 30.78370475769043 7.0 4.543358325958252
    endloop
  endfacet
  facet normal -0.7301402688026428 0.0 0.6832972764968872
    outer loop
      vertex 30.78370475769043 7.0 4.543358325958252
      vertex 30.2872371673584 3.0 4.012855052947998
      vertex 30.78370475769043 3.0 4.543358325958252
    endloop
  endfacet
  facet normal -0.8416990041732788 0.0 0.5399470329284668
    outer loop
      vertex 30.78370475769043 7.0 4.543358325958252
      vertex 30.78370475769043 3.0 4.543358325958252
      vertex 31.17601776123047 7.0 5.154917240142822
    endloop
  endfacet
  facet normal -0.8416990041732788 0.0 0.5399470329284668
    outer loop
      vertex 31.17601776123047 7.0 5.154917240142822
      vertex 30.78370475769043 3.0 4.543358325958252
      vertex 31.17601776123047 3.0 5.154917240142822
    endloop
  endfacet
  facet normal -0.925486147403717 0.0 0.37878137826919556
    outer loop
      vertex 31.17601776123047 7.0 5.154917240142822
      vertex 31.17601776123047 3.0 5.154917240142822
      vertex 31.451231002807617 7.0 5.827354431152344
    endloop
  endfacet
  facet normal -0.925486147403717 0.0 0.37878137826919556
    outer loop
      vertex 31.451231002807617 7.0 5.827354431152344
      vertex 31.17601776123047 3.0 5.154917240142822
      vertex 31.451231002807617 3.0 5.827354431152344
    endloop
  endfacet
  facet normal -0.9787372350692749 0.0 0.20511801540851593
    outer loop
      vertex 31.451231002807617 7.0 5.827354431152344
      vertex 31.451231002807617 3.0 5.827354431152344
      vertex 31.600265502929688 7.0 6.538482666015625
    endloop
  endfacet
  facet normal -0.9787372350692749 0.0 0.20511801540851593
    outer loop
      vertex 31.600265502929688 7.0 6.538482666015625
      vertex 31.451231002807617 3.0 5.827354431152344
      vertex 31.600265502929688 3.0 6.538482666015625
    endloop
  endfacet
  facet normal -0.9996952414512634 0.0 0.02468683011829853
    outer loop
      vertex 31.600265502929688 7.0 6.538482666015625
      vertex 31.600265502929688 3.0 6.538482666015625
      vertex 31.618202209472656 7.0 7.264838218688965
    endloop
  endfacet
  facet normal -0.9996952414512634 0.0 0.02468683011829853
    outer loop
      vertex 31.618202209472656 7.0 7.264838218688965
      vertex 31.600265502929688 3.0 6.538482666015625
      vertex 31.618202209472656 3.0 7.264838218688965
    endloop
  endfacet
  facet normal -0.9876686334609985 -0.0 -0.15655888617038727
    outer loop
      vertex 31.618202209472656 7.0 7.264838218688965
      vertex 31.618202209472656 3.0 7.264838218688965
      vertex 31.50444984436035 7.0 7.982455730438232
    endloop
  endfacet
  facet normal -0.9876686334609985 -0.0 -0.15655888617038727
    outer loop
      vertex 31.50444984436035 7.0 7.982455730438232
      vertex 31.618202209472656 3.0 7.264838218688965
      vertex 31.50444984436035 3.0 7.982455730438232
    endloop
  endfacet
  facet normal 0.0 -1.0 0.0
    outer loop
      vertex 31.3283748626709 3.0 -8.647711753845215
      vertex 38.92179489135742 3.0 -9.224635124206543
      vertex 31.820680618286133 3.0 -6.610169887542725
    endloop
  endfacet
  facet normal 0.0 -1.0 0.0
    outer loop
      vertex 31.820680618286133 3.0 -6.610169887542725
      vertex 38.92179489135742 3.0 -9.224635124206543
      vertex 39.392311096191406 3.0 -6.945927143096924
    endloop
  endfacet
  facet normal 0.0 -1.0 0.0
    outer loop
      vertex 31.820680618286133 3.0 -6.610169887542725
      vertex 39.392311096191406 3.0 -6.945927143096924
      vertex 31.88330078125 3.0 -6.022584915161133
    endloop
  endfacet
  facet normal 0.0 -1.0 0.0
    outer loop
      vertex 31.88330078125 3.0 -6.022584915161133
      vertex 39.392311096191406 3.0 -6.945927143096924
      vertex 31.829532623291016 3.0 -5.434123992919922
    endloop
  endfacet
  facet normal 0.0 -1.0 0.0
    outer loop
      vertex 31.829532623291016 3.0 -5.434123992919922
      vertex 39.392311096191406 3.0 -6.945927143096924
      vertex 39.72953414916992 3.0 -4.643716335296631
    endloop
  endfacet
  facet normal 0.0 -1.0 0.0
    outer loop
      vertex 31.829532623291016 3.0 -5.434123992919922
      vertex 39.72953414916992 3.0 -4.643716335296631
      vertex 31.661462783813477 3.0 -4.867617607116699
    endloop
  endfacet
  facet normal 0.0 -1.0 0.0
    outer loop
      vertex 31.661462783813477 3.0 -4.867617607116699
      vertex 39.72953414916992 3.0 -4.643716335296631
      vertex 39.93232727050781 3.0 -2.3257932662963867
    endloop
  endfacet
  facet normal 0.0 -1.0 0.0
    outer loop
      vertex 31.661462783813477 3.0 -4.867617607116699
      vertex 39.93232727050781 3.0 -2.3257932662963867
      vertex 31.385608673095703 3.0 -4.3450446128845215
    endloop
  endfacet
  facet normal 0.0 -1.0 0.0
    outer loop
      vertex 31.385608673095703 3.0 -4.3450446128845215
      vertex 39.93232727050781 3.0 -2.3257932662963867
      vertex 40.0 3.0 0.0
    endloop
  endfacet
  facet normal 0.0 -1.0 0.0
    outer loop
      vertex 31.385608673095703 3.0 -4.3450446128845215
      vertex 40.0 3.0 0.0
      vertex 31.012676239013672 3.0 -3.8866798877716064
    endloop
  endfacet
  facet normal 0.0 -1.0 0.0
    outer loop
      vertex 31.012676239013672 3.0 -3.8866798877716064
      vertex 40.0 3.0 0.0
      vertex 30.2872371673584 3.0 4.012855052947998
    endloop
  endfacet
  facet normal 0.0 -1.0 0.0
    outer loop
      vertex 31.012676239013672 3.0 -3.8866798877716064
      vertex 30.2872371673584 3.0 4.012855052947998
      vertex 30.557132720947266 3.0 -3.5103065967559814
    endloop
  endfacet
  facet normal 0.0 -1.0 0.0
    outer loop
      vertex 30.557132720947266 3.0 -3.5103065967559814
      vertex 30.2872371673584 3.0 4.012855052947998
      vertex 29.702993392944336 3.0 3.58091139793396
    endloop
  endfacet
  facet normal 0.0 -1.0 0.0
    outer loop
      vertex 30.557132720947266 3.0 -3.5103065967559814
      vertex 29.702993392944336 3.0 3.58091139793396
      vertex 30.036651611328125 3.0 -3.23052716255188
    endloop
  endfacet
  facet normal 0.0 -1.0 0.0
    outer loop
      vertex 30.036651611328125 3.0 -3.23052716255188
      vertex 29.702993392944336 3.0 3.58091139793396
      vertex 29.050254821777344 3.0 3.261779546737671
    endloop
  endfacet
  facet normal 0.0 -1.0 0.0
    outer loop
      vertex 30.036651611328125 3.0 -3.23052716255188
      vertex 29.050254821777344 3.0 3.261779546737671
      vertex 29.471426010131836 3.0 -3.058196544647217
    endloop
  endfacet
  facet normal 0.0 -1.0 0.0
    outer loop
      vertex 29.471426010131836 3.0 -3.058196544647217
      vertex 29.050254821777344 3.0 3.261779546737671
      vertex 28.350553512573242 3.0 3.0659890174865723
    endloop
  endfacet
  facet normal 0.0 -1.0 0.0
    outer loop
      vertex 29.471426010131836 3.0 -3.058196544647217
      vertex 28.350553512573242 3.0 3.0659890174865723
      vertex 28.883386611938477 3.0 -3.000000238418579
    endloop
  endfacet
  facet normal 0.0 -1.0 0.0
    outer loop
      vertex 28.883386611938477 3.0 -3.000000238418579
      vertex 28.350553512573242 3.0 3.0659890174865723
      vertex 27.62697982788086 3.0 2.999999761581421
    endloop
  endfacet
  facet normal -0.0 -1.0 0.0
    outer loop
      vertex 28.883386611938477 3.0 -3.000000238418579
      vertex 27.62697982788086 3.0 2.999999761581421
      vertex 14.696938514709473 3.0 -3.000000238418579
    endloop
  endfacet
  facet normal 0.0 -1.0 0.0
    outer loop
      vertex 14.696938514709473 3.0 -3.000000238418579
      vertex 27.62697982788086 3.0 2.999999761581421
      vertex 14.696938514709473 3.0 2.999999761581421
    endloop
  endfacet
  facet normal 0.0 -1.0 0.0
    outer loop
      vertex 14.696938514709473 3.0 -3.000000238418579
      vertex 14.696938514709473 3.0 2.999999761581421
      vertex -14.368456840515137 3.0 4.306675910949707
    endloop
  endfacet
  facet normal 0.0 -1.0 0.0
    outer loop
      vertex -14.368456840515137 3.0 4.306675910949707
      vertex 14.696938514709473 3.0 2.999999761581421
      vertex 14.368456840515137 3.0 4.306675910949707
    endloop
  endfacet
  facet normal 0.0 -1.0 0.0
    outer loop
      vertex -14.368456840515137 3.0 4.306675910949707
      vertex 14.368456840515137 3.0 4.306675910949707
      vertex -13.924049377441406 3.0 5.578605651855469
    endloop
  endfacet
  facet normal 0.0 -1.0 0.0
    outer loop
      vertex -13.924049377441406 3.0 5.578605651855469
      vertex 14.368456840515137 3.0 4.306675910949707
      vertex 13.924049377441406 3.0 5.578605651855469
    endloop
  endfacet
  facet normal 0.0 -1.0 0.0
    outer loop
      vertex -13.924049377441406 3.0 5.578605651855469
      vertex 13.924049377441406 3.0 5.578605651855469
      vertex -13.367302894592285 3.0 6.805527687072754
    endloop
  endfacet
  facet normal 0.0 -1.0 0.0
    outer loop
      vertex -13.367302894592285 3.0 6.805527687072754
      vertex 13.924049377441406 3.0 5.578605651855469
      vertex 13.367302894592285 3.0 6.805527687072754
    endloop
  endfacet
  facet normal 0.0 -1.0 0.0
    outer loop
      vertex -13.367302894592285 3.0 6.805527687072754
      vertex 13.367302894592285 3.0 6.805527687072754
      vertex -12.702709197998047 3.0 7.977541923522949
    endloop
  endfacet
  facet normal 0.0 -1.0 0.0
    outer loop
      vertex -12.702709197998047 3.0 7.977541923522949
      vertex 13.367302894592285 3.0 6.805527687072754
      vertex 12.702709197998047 3.0 7.977541923522949
    endloop
  endfacet
  facet normal 0.0 -1.0 0.0
    outer loop
      vertex -12.702709197998047 3.0 7.977541923522949
      vertex 12.702709197998047 3.0 7.977541923522949
      vertex -11.935629844665527 3.0 9.085193634033203
    endloop
  endfacet
  facet normal 0.0 -1.0 0.0
    outer loop
      vertex -11.935629844665527 3.0 9.085193634033203
      vertex 12.702709197998047 3.0 7.977541923522949
      vertex 11.935629844665527 3.0 9.085193634033203
    endloop
  endfacet
  facet normal 0.0 -1.0 0.0
    outer loop
      vertex -11.935629844665527 3.0 9.085193634033203
      vertex 11.935629844665527 3.0 9.085193634033203
      vertex -11.072253227233887 3.0 10.119545936584473
    endloop
  endfacet
  facet normal 0.0 -1.0 0.0
    outer loop
      vertex -11.072253227233887 3.0 10.119545936584473
      vertex 11.935629844665527 3.0 9.085193634033203
      vertex 11.072253227233887 3.0 10.119545936584473
    endloop
  endfacet
  facet normal 0.0 -1.0 0.0
    outer loop
      vertex -11.072253227233887 3.0 10.119545936584473
      vertex 11.072253227233887 3.0 10.119545936584473
      vertex -10.119545936584473 3.0 11.072253227233887
    endloop
  endfacet
  facet normal 0.0 -1.0 0.0
    outer loop
      vertex -10.119545936584473 3.0 11.072253227233887
      vertex 11.072253227233887 3.0 10.119545936584473
      vertex 10.119545936584473 3.0 11.072253227233887
    endloop
  endfacet
  facet normal 0.0 -1.0 0.0
    outer loop
      vertex -10.119545936584473 3.0 11.072253227233887
      vertex 10.119545936584473 3.0 11.072253227233887
      vertex -9.085193634033203 3.0 11.935629844665527
    endloop
  endfacet
  facet normal 0.0 -1.0 0.0
    outer loop
      vertex -9.085193634033203 3.0 11.935629844665527
      vertex 10.119545936584473 3.0 11.072253227233887
      vertex 9.085193634033203 3.0 11.935629844665527
    endloop
  endfacet
  facet normal 0.0 -1.0 0.0
    outer loop
      vertex -9.085193634033203 3.0 11.935629844665527
      vertex 9.085193634033203 3.0 11.935629844665527
      vertex -7.977542400360107 3.0 12.702709197998047
    endloop
  endfacet
  facet normal 0.0 -1.0 0.0
    outer loop
      vertex -7.977542400360107 3.0 12.702709197998047
      vertex 9.085193634033203 3.0 11.935629844665527
      vertex 7.977542400360107 3.0 12.702709197998047
    endloop
  endfacet
  facet normal 0.0 -1.0 0.0
    outer loop
      vertex -7.977542400360107 3.0 12.702709197998047
      vertex 7.977542400360107 3.0 12.702709197998047
      vertex -6.805527687072754 3.0 13.367302894592285
    endloop
  endfacet
  facet normal 0.0 -1.0 0.0
    outer loop
      vertex -6.805527687072754 3.0 13.367302894592285
      vertex 7.977542400360107 3.0 12.702709197998047
      vertex 6.805527687072754 3.0 13.367302894592285
    endloop
  endfacet
  facet normal 0.0 -1.0 0.0
    outer loop
      vertex -6.805527687072754 3.0 13.367302894592285
      vertex 6.805527687072754 3.0 13.367302894592285
      vertex -5.578606128692627 3.0 13.924049377441406
    endloop
  endfacet
  facet normal 0.0 -1.0 0.0
    outer loop
      vertex -5.578606128692627 3.0 13.924049377441406
      vertex 6.805527687072754 3.0 13.367302894592285
      vertex 5.578606128692627 3.0 13.924049377441406
    endloop
  endfacet
  facet normal 0.0 -1.0 0.0
    outer loop
      vertex -5.578606128692627 3.0 13.924049377441406
      vertex 5.578606128692627 3.0 13.924049377441406
      vertex -4.306676387786865 3.0 14.368456840515137
    endloop
  endfacet
  facet normal 0.0 -1.0 0.0
    outer loop
      vertex -4.306676387786865 3.0 14.368456840515137
      vertex 5.578606128692627 3.0 13.924049377441406
      vertex 4.306676387786865 3.0 14.368456840515137
    endloop
  endfacet
  facet normal 0.0 -1.0 0.0
    outer loop
      vertex -4.306676387786865 3.0 14.368456840515137
      vertex 4.306676387786865 3.0 14.368456840515137
      vertex -3.0 3.0 14.696938514709473
    endloop
  endfacet
  facet normal 0.0 -1.0 0.0
    outer loop
      vertex -3.0 3.0 14.696938514709473
      vertex 4.306676387786865 3.0 14.368456840515137
      vertex 3.0 3.0 14.696938514709473
    endloop
  endfacet
  facet normal 0.0 -1.0 0.0
    outer loop
      vertex -3.0 3.0 14.696938514709473
      vertex 3.0 3.0 14.696938514709473
      vertex -3.0 3.0 27.62697982788086
    endloop
  endfacet
  facet normal 0.0 -1.0 0.0
    outer loop
      vertex -3.0 3.0 27.62697982788086
      vertex 3.0 3.0 14.696938514709473
      vertex 3.0 3.0 27.62697982788086
    endloop
  endfacet
  facet normal 0.0 -1.0 0.0
    outer loop
      vertex -3.0 3.0 27.62697982788086
      vertex 3.0 3.0 27.62697982788086
      vertex -3.0659892559051514 3.0 28.350553512573242
    endloop
  endfacet
  facet normal 0.0 -1.0 0.0
    outer loop
      vertex -3.0659892559051514 3.0 28.350553512573242
      vertex 3.0 3.0 27.62697982788086
      vertex 3.0659892559051514 3.0 28.350553512573242
    endloop
  endfacet
  facet normal 0.0 -1.0 0.0
    outer loop
      vertex -3.0659892559051514 3.0 28.350553512573242
      vertex 3.0659892559051514 3.0 28.350553512573242
      vertex -3.26177978515625 3.0 29.050254821777344
    endloop
  endfacet
  facet normal 0.0 -1.0 0.0
    outer loop
      vertex -3.26177978515625 3.0 29.050254821777344
      vertex 3.0659892559051514 3.0 28.350553512573242
      vertex 3.26177978515625 3.0 29.050254821777344
    endloop
  endfacet
  facet normal 0.0 -1.0 0.0
    outer loop
      vertex -3.26177978515625 3.0 29.050254821777344
      vertex 3.26177978515625 3.0 29.050254821777344
      vertex -3.580911636352539 3.0 29.702993392944336
    endloop
  endfacet
  facet normal 0.0 -1.0 0.0
    outer loop
      vertex -3.580911636352539 3.0 29.702993392944336
      vertex 3.26177978515625 3.0 29.050254821777344
      vertex 3.580911636352539 3.0 29.702993392944336
    endloop
  endfacet
  facet normal 0.0 -1.0 0.0
    outer loop
      vertex -3.580911636352539 3.0 29.702993392944336
      vertex 3.580911636352539 3.0 29.702993392944336
      vertex -4.012855052947998 3.0 30.2872371673584
    endloop
  endfacet
  facet normal 0.0 -1.0 0.0
    outer loop
      vertex -4.012855052947998 3.0 30.2872371673584
      vertex 3.580911636352539 3.0 29.702993392944336
      vertex 4.012855052947998 3.0 30.2872371673584
    endloop
  endfacet
  facet normal 0.0 -1.0 0.0
    outer loop
      vertex -4.012855052947998 3.0 30.2872371673584
      vertex 4.012855052947998 3.0 30.2872371673584
      vertex 2.4492935992912173e-15 3.0 40.0
    endloop
  endfacet
  facet normal 0.0 -1.0 0.0
    outer loop
      vertex 2.4492935992912173e-15 3.0 40.0
      vertex 4.012855052947998 3.0 30.2872371673584
      vertex 4.543358325958252 3.0 30.78370475769043
    endloop
  endfacet
  facet normal 0.0 -1.0 0.0
    outer loop
      vertex 2.4492935992912173e-15 3.0 40.0
      vertex 4.543358325958252 3.0 30.78370475769043
      vertex 2.3257932662963867 3.0 39.93232727050781
    endloop
  endfacet
  facet normal 0.0 -1.0 0.0
    outer loop
      vertex 2.3257932662963867 3.0 39.93232727050781
      vertex 4.543358325958252 3.0 30.78370475769043
      vertex 5.1549177169799805 3.0 31.17601776123047
    endloop
  endfacet
  facet normal 0.0 -1.0 0.0
    outer loop
      vertex 2.3257932662963867 3.0 39.93232727050781
      vertex 5.1549177169799805 3.0 31.17601776123047
      vertex 4.643716335296631 3.0 39.72953414916992
    endloop
  endfacet
  facet normal 0.0 -1.0 0.0
    outer loop
      vertex 4.643716335296631 3.0 39.72953414916992
      vertex 5.1549177169799805 3.0 31.17601776123047
      vertex 5.827354907989502 3.0 31.451231002807617
    endloop
  endfacet
  facet normal 0.0 -1.0 0.0
    outer loop
      vertex 4.643716335296631 3.0 39.72953414916992
      vertex 5.827354907989502 3.0 31.451231002807617
      vertex 6.945927143096924 3.0 39.392311096191406
    endloop
  endfacet
  facet normal 0.0 -1.0 0.0
    outer loop
      vertex 6.945927143096924 3.0 39.392311096191406
      vertex 5.827354907989502 3.0 31.451231002807617
      vertex 6.538483142852783 3.0 31.600265502929688
    endloop
  endfacet
  facet normal 0.0 -1.0 -0.0
    outer loop
      vertex 6.945927143096924 3.0 39.392311096191406
      vertex 6.538483142852783 3.0 31.600265502929688
      vertex 7.264838695526123 3.0 31.618202209472656
    endloop
  endfacet
  facet normal -0.0 -1.0 0.0
    outer loop
      vertex 38.92179489135742 3.0 -9.224635124206543
      vertex 31.3283748626709 3.0 -8.647711753845215
      vertex 38.319580078125 3.0 -11.472128868103027
    endloop
  endfacet
  facet normal 0.0 -1.0 0.0
    outer loop
      vertex 38.319580078125 3.0 -11.472128868103027
      vertex 31.3283748626709 3.0 -8.647711753845215
      vertex 30.705745697021484 3.0 -10.649279594421387
    endloop
  endfacet
  facet normal -0.0 -1.0 0.0
    outer loop
      vertex 38.319580078125 3.0 -11.472128868103027
      vertex 30.705745697021484 3.0 -10.649279594421387
      vertex 37.587703704833984 3.0 -13.680806159973145
    endloop
  endfacet
  facet normal 0.0 -1.0 0.0
    outer loop
      vertex 37.587703704833984 3.0 -13.680806159973145
      vertex 30.705745697021484 3.0 -10.649279594421387
      vertex 29.95538330078125 3.0 -12.606546401977539
    endloop
  endfacet
  facet normal -0.0 -1.0 0.0
    outer loop
      vertex 37.587703704833984 3.0 -13.680806159973145
      vertex 29.95538330078125 3.0 -12.606546401977539
      vertex 36.72864532470703 3.0 -15.84319019317627
    endloop
  endfacet
  facet normal 0.0 -1.0 0.0
    outer loop
      vertex 36.72864532470703 3.0 -15.84319019317627
      vertex 29.95538330078125 3.0 -12.606546401977539
      vertex 29.080408096313477 3.0 -14.511371612548828
    endloop
  endfacet
  facet normal -0.0 -1.0 0.0
    outer loop
      vertex 36.72864532470703 3.0 -15.84319019317627
      vertex 29.080408096313477 3.0 -14.511371612548828
      vertex 35.745304107666016 3.0 -17.951967239379883
    endloop
  endfacet
  facet normal -0.0 -1.0 0.0
    outer loop
      vertex 35.745304107666016 3.0 -17.951967239379883
      vertex 29.080408096313477 3.0 -14.511371612548828
      vertex 34.64101791381836 3.0 -20.0
    endloop
  endfacet
  facet normal 0.0 -1.0 0.0
    outer loop
      vertex 34.64101791381836 3.0 -20.0
      vertex 29.080408096313477 3.0 -14.511371612548828
      vertex 28.08445930480957 3.0 -16.3558292388916
    endloop
  endfacet
  facet normal -0.0 -1.0 0.0
    outer loop
      vertex 34.64101791381836 3.0 -20.0
      vertex 28.08445930480957 3.0 -16.3558292388916
      vertex 33.41951370239258 3.0 -21.98036003112793
    endloop
  endfacet
  facet normal 0.0 -1.0 0.0
    outer loop
      vertex 33.41951370239258 3.0 -21.98036003112793
      vertex 28.08445930480957 3.0 -16.3558292388916
      vertex 26.9716796875 3.0 -18.13224983215332
    endloop
  endfacet
  facet normal -0.0 -1.0 0.0
    outer loop
      vertex 33.41951370239258 3.0 -21.98036003112793
      vertex 26.9716796875 3.0 -18.13224983215332
      vertex 32.08492660522461 3.0 -23.886343002319336
    endloop
  endfacet
  facet normal 0.0 -1.0 0.0
    outer loop
      vertex 32.08492660522461 3.0 -23.886343002319336
      vertex 26.9716796875 3.0 -18.13224983215332
      vertex 25.746702194213867 3.0 -19.83323860168457
    endloop
  endfacet
  facet normal -0.0 -1.0 0.0
    outer loop
      vertex 32.08492660522461 3.0 -23.886343002319336
      vertex 25.746702194213867 3.0 -19.83323860168457
      vertex 30.64177703857422 3.0 -25.711503982543945
    endloop
  endfacet
  facet normal 0.0 -1.0 0.0
    outer loop
      vertex 30.64177703857422 3.0 -25.711503982543945
      vertex 25.746702194213867 3.0 -19.83323860168457
      vertex 24.41461753845215 3.0 -21.451723098754883
    endloop
  endfacet
  facet normal -0.0 -1.0 0.0
    outer loop
      vertex 30.64177703857422 3.0 -25.711503982543945
      vertex 24.41461753845215 3.0 -21.451723098754883
      vertex 29.094945907592773 3.0 -27.449665069580078
    endloop
  endfacet
  facet normal 0.0 -1.0 0.0
    outer loop
      vertex 29.094945907592773 3.0 -27.449665069580078
      vertex 24.41461753845215 3.0 -21.451723098754883
      vertex 22.98097038269043 3.0 -22.98097038269043
    endloop
  endfacet
  facet normal -0.0 -1.0 0.0
    outer loop
      vertex 29.094945907592773 3.0 -27.449665069580078
      vertex 22.98097038269043 3.0 -22.98097038269043
      vertex 27.449665069580078 3.0 -29.094945907592773
    endloop
  endfacet
  facet normal 0.0 -1.0 0.0
    outer loop
      vertex 27.449665069580078 3.0 -29.094945907592773
      vertex 22.98097038269043 3.0 -22.98097038269043
      vertex 21.451723098754883 3.0 -24.41461753845215
    endloop
  endfacet
  facet normal -0.0 -1.0 0.0
    outer loop
      vertex 27.449665069580078 3.0 -29.094945907592773
      vertex 21.451723098754883 3.0 -24.41461753845215
      vertex 25.711503982543945 3.0 -30.64177703857422
    endloop
  endfacet
  facet normal 0.0 -1.0 0.0
    outer loop
      vertex 25.711503982543945 3.0 -30.64177703857422
      vertex 21.451723098754883 3.0 -24.41461753845215
      vertex 19.83323860168457 3.0 -25.746702194213867
    endloop
  endfacet
  facet normal -0.0 -1.0 0.0
    outer loop
      vertex 25.711503982543945 3.0 -30.64177703857422
      vertex 19.83323860168457 3.0 -25.746702194213867
      vertex 23.886343002319336 3.0 -32.08492660522461
    endloop
  endfacet
  facet normal 0.0 -1.0 0.0
    outer loop
      vertex 23.886343002319336 3.0 -32.08492660522461
      vertex 19.83323860168457 3.0 -25.746702194213867
      vertex 18.132247924804688 3.0 -26.9716796875
    endloop
  endfacet
  facet normal -0.0 -1.0 0.0
    outer loop
      vertex 23.886343002319336 3.0 -32.08492660522461
      vertex 18.132247924804688 3.0 -26.9716796875
      vertex 21.98036003112793 3.0 -33.41951370239258
    endloop
  endfacet
  facet normal 0.0 -1.0 0.0
    outer loop
      vertex 21.98036003112793 3.0 -33.41951370239258
      vertex 18.132247924804688 3.0 -26.9716796875
      vertex 16.3558292388916 3.0 -28.08445930480957
    endloop
  endfacet
  facet normal -0.0 -1.0 0.0
    outer loop
      vertex 21.98036003112793 3.0 -33.41951370239258
      vertex 16.3558292388916 3.0 -28.08445930480957
      vertex 20.0 3.0 -34.64101791381836
    endloop
  endfacet
  facet normal 0.0 -1.0 0.0
    outer loop
      vertex 20.0 3.0 -34.64101791381836
      vertex 16.3558292388916 3.0 -28.08445930480957
      vertex 14.511371612548828 3.0 -29.080408096313477
    endloop
  endfacet
  facet normal -0.0 -1.0 0.0
    outer loop
      vertex 20.0 3.0 -34.64101791381836
      vertex 14.511371612548828 3.0 -29.080408096313477
      vertex 17.951967239379883 3.0 -35.745304107666016
    endloop
  endfacet
  facet normal -0.0 -1.0 0.0
    outer loop
      vertex 17.951967239379883 3.0 -35.745304107666016
      vertex 14.511371612548828 3.0 -29.080408096313477
      vertex 15.84319019317627 3.0 -36.72864532470703
    endloop
  endfacet
  facet normal 0.0 -1.0 0.0
    outer loop
      vertex 15.84319019317627 3.0 -36.72864532470703
      vertex 14.511371612548828 3.0 -29.080408096313477
      vertex 12.606546401977539 3.0 -29.95538330078125
    endloop
  endfacet
  facet normal -0.0 -1.0 0.0
    outer loop
      vertex 15.84319019317627 3.0 -36.72864532470703
      vertex 12.606546401977539 3.0 -29.95538330078125
      vertex 13.680806159973145 3.0 -37.587703704833984
    endloop
  endfacet
  facet normal 0.0 -1.0 0.0
    outer loop
      vertex 13.680806159973145 3.0 -37.587703704833984
      vertex 12.606546401977539 3.0 -29.95538330078125
      vertex 10.64927864074707 3.0 -30.705745697021484
    endloop
  endfacet
  facet normal -0.0 -1.0 0.0
    outer loop
      vertex 13.680806159973145 3.0 -37.587703704833984
      vertex 10.64927864074707 3.0 -30.705745697021484
      vertex 11.472128868103027 3.0 -38.319580078125
    endloop
  endfacet
  facet normal 0.0 -1.0 0.0
    outer loop
      vertex 11.472128868103027 3.0 -38.319580078125
      vertex 10.64927864074707 3.0 -30.705745697021484
      vertex 8.647710800170898 3.0 -31.3283748626709
    endloop
  endfacet
  facet normal -0.0 -1.0 0.0
    outer loop
      vertex 11.472128868103027 3.0 -38.319580078125
      vertex 8.647710800170898 3.0 -31.3283748626709
      vertex 9.224635124206543 3.0 -38.92179489135742
    endloop
  endfacet
  facet normal 0.0 -1.0 0.0
    outer loop
      vertex 9.224635124206543 3.0 -38.92179489135742
      vertex 8.647710800170898 3.0 -31.3283748626709
      vertex 6.610169410705566 3.0 -31.820680618286133
    endloop
  endfacet
  facet normal -0.0 -1.0 0.0
    outer loop
      vertex 9.224635124206543 3.0 -38.92179489135742
      vertex 6.610169410705566 3.0 -31.820680618286133
      vertex 6.945927143096924 3.0 -39.392311096191406
    endloop
  endfacet
  facet normal 0.0 -1.0 0.0
    outer loop
      vertex 6.945927143096924 3.0 -39.392311096191406
      vertex 6.610169410705566 3.0 -31.820680618286133
      vertex 6.022584915161133 3.0 -31.88330078125
    endloop
  endfacet
  facet normal 0.0 -1.0 0.0
    outer loop
      vertex 6.945927143096924 3.0 -39.392311096191406
      vertex 6.022584915161133 3.0 -31.88330078125
      vertex 5.434123516082764 3.0 -31.829532623291016
    endloop
  endfacet
  facet normal -0.0 -1.0 0.0
    outer loop
      vertex 6.945927143096924 3.0 -39.392311096191406
      vertex 5.434123516082764 3.0 -31.829532623291016
      vertex 4.643716335296631 3.0 -39.72953414916992
    endloop
  endfacet
  facet normal 0.0 -1.0 0.0
    outer loop
      vertex 4.643716335296631 3.0 -39.72953414916992
      vertex 5.434123516082764 3.0 -31.829532623291016
      vertex 4.867617130279541 3.0 -31.661462783813477
    endloop
  endfacet
  facet normal -0.0 -1.0 0.0
    outer loop
      vertex 4.643716335296631 3.0 -39.72953414916992
      vertex 4.867617130279541 3.0 -31.661462783813477
      vertex 2.3257932662963867 3.0 -39.93232727050781
    endloop
  endfacet
  facet normal 0.0 -1.0 0.0
    outer loop
      vertex 2.3257932662963867 3.0 -39.93232727050781
      vertex 4.867617130279541 3.0 -31.661462783813477
      vertex 4.345044136047363 3.0 -31.385608673095703
    endloop
  endfacet
  facet normal -0.0 -1.0 0.0
    outer loop
      vertex 2.3257932662963867 3.0 -39.93232727050781
      vertex 4.345044136047363 3.0 -31.385608673095703
      vertex 2.4492935992912173e-15 3.0 -40.0
    endloop
  endfacet
  facet normal 0.0 -1.0 0.0
    outer loop
      vertex 2.4492935992912173e-15 3.0 -40.0
      vertex 4.345044136047363 3.0 -31.385608673095703
      vertex 3.8866796493530273 3.0 -31.012676239013672
    endloop
  endfacet
  facet normal 0.0 -1.0 0.0
    outer loop
      vertex 2.4492935992912173e-15 3.0 -40.0
      vertex 3.8866796493530273 3.0 -31.012676239013672
      vertex -4.012855052947998 3.0 -30.2872371673584
    endloop
  endfacet
  facet normal 0.0 -1.0 0.0
    outer loop
      vertex -4.012855052947998 3.0 -30.2872371673584
      vertex 3.8866796493530273 3.0 -31.012676239013672
      vertex 3.5103063583374023 3.0 -30.557132720947266
    endloop
  endfacet
  facet normal 0.0 -1.0 0.0
    outer loop
      vertex -4.012855052947998 3.0 -30.2872371673584
      vertex 3.5103063583374023 3.0 -30.557132720947266
      vertex -3.580911636352539 3.0 -29.702993392944336
    endloop
  endfacet
  facet normal 0.0 -1.0 0.0
    outer loop
      vertex -3.580911636352539 3.0 -29.702993392944336
      vertex 3.5103063583374023 3.0 -30.557132720947266
      vertex 3.230526924133301 3.0 -30.036651611328125
    endloop
  endfacet
  facet normal 0.0 -1.0 0.0
    outer loop
      vertex -3.580911636352539 3.0 -29.702993392944336
      vertex 3.230526924133301 3.0 -30.036651611328125
      vertex -3.26177978515625 3.0 -29.050254821777344
    endloop
  endfacet
  facet normal 0.0 -1.0 0.0
    outer loop
      vertex -3.26177978515625 3.0 -29.050254821777344
      vertex 3.230526924133301 3.0 -30.036651611328125
      vertex 3.0581963062286377 3.0 -29.471426010131836
    endloop
  endfacet
  facet normal 0.0 -1.0 0.0
    outer loop
      vertex -3.26177978515625 3.0 -29.050254821777344
      vertex 3.0581963062286377 3.0 -29.471426010131836
      vertex -3.0659892559051514 3.0 -28.350553512573242
    endloop
  endfacet
  facet normal 0.0 -1.0 0.0
    outer loop
      vertex -3.0659892559051514 3.0 -28.350553512573242
      vertex 3.0581963062286377 3.0 -29.471426010131836
      vertex 3.0 3.0 -28.883386611938477
    endloop
  endfacet
  facet normal 0.0 -1.0 0.0
    outer loop
      vertex -3.0659892559051514 3.0 -28.350553512573242
      vertex 3.0 3.0 -28.883386611938477
      vertex -3.0 3.0 -27.62697982788086
    endloop
  endfacet
  facet normal 0.0 -1.0 0.0
    outer loop
      vertex -3.0 3.0 -27.62697982788086
      vertex 3.0 3.0 -28.883386611938477
      vertex 3.0 3.0 -14.696938514709473
    endloop
  endfacet
  facet normal 0.0 -1.0 0.0
    outer loop
      vertex -3.0 3.0 -27.62697982788086
      vertex 3.0 3.0 -14.696938514709473
      vertex -3.0 3.0 -14.696938514709473
    endloop
  endfacet
  facet normal 0.0 -1.0 0.0
    outer loop
      vertex -3.0 3.0 -14.696938514709473
      vertex 3.0 3.0 -14.696938514709473
      vertex -4.306676387786865 3.0 -14.368456840515137
    endloop
  endfacet
  facet normal 0.0 -1.0 0.0
    outer loop
      vertex -4.306676387786865 3.0 -14.368456840515137
      vertex 3.0 3.0 -14.696938514709473
      vertex 4.306676387786865 3.0 -14.368456840515137
    endloop
  endfacet
  facet normal 0.0 -1.0 0.0
    outer loop
      vertex -4.306676387786865 3.0 -14.368456840515137
      vertex 4.306676387786865 3.0 -14.368456840515137
      vertex -5.578606128692627 3.0 -13.924049377441406
    endloop
  endfacet
  facet normal 0.0 -1.0 0.0
    outer loop
      vertex -5.578606128692627 3.0 -13.924049377441406
      vertex 4.306676387786865 3.0 -14.368456840515137
      vertex 5.578606128692627 3.0 -13.924049377441406
    endloop
  endfacet
  facet normal 0.0 -1.0 0.0
    outer loop
      vertex -5.578606128692627 3.0 -13.924049377441406
      vertex 5.578606128692627 3.0 -13.924049377441406
      vertex -6.805527687072754 3.0 -13.367302894592285
    endloop
  endfacet
  facet normal 0.0 -1.0 0.0
    outer loop
      vertex -6.805527687072754 3.0 -13.367302894592285
      vertex 5.578606128692627 3.0 -13.924049377441406
      vertex 6.805527687072754 3.0 -13.367302894592285
    endloop
  endfacet
  facet normal 0.0 -1.0 0.0
    outer loop
      vertex -6.805527687072754 3.0 -13.367302894592285
      vertex 6.805527687072754 3.0 -13.367302894592285
      vertex -7.977541923522949 3.0 -12.702709197998047
    endloop
  endfacet
  facet normal 0.0 -1.0 0.0
    outer loop
      vertex -7.977541923522949 3.0 -12.702709197998047
      vertex 6.805527687072754 3.0 -13.367302894592285
      vertex 7.977541923522949 3.0 -12.702709197998047
    endloop
  endfacet
  facet normal 0.0 -1.0 0.0
    outer loop
      vertex -7.977541923522949 3.0 -12.702709197998047
      vertex 7.977541923522949 3.0 -12.702709197998047
      vertex -9.085193634033203 3.0 -11.935629844665527
    endloop
  endfacet
  facet normal 0.0 -1.0 0.0
    outer loop
      vertex -9.085193634033203 3.0 -11.935629844665527
      vertex 7.977541923522949 3.0 -12.702709197998047
      vertex 9.085193634033203 3.0 -11.935629844665527
    endloop
  endfacet
  facet normal 0.0 -1.0 0.0
    outer loop
      vertex -9.085193634033203 3.0 -11.935629844665527
      vertex 9.085193634033203 3.0 -11.935629844665527
      vertex -10.119545936584473 3.0 -11.072253227233887
    endloop
  endfacet
  facet normal 0.0 -1.0 0.0
    outer loop
      vertex -10.119545936584473 3.0 -11.072253227233887
      vertex 9.085193634033203 3.0 -11.935629844665527
      vertex 10.119545936584473 3.0 -11.072253227233887
    endloop
  endfacet
  facet normal 0.0 -1.0 0.0
    outer loop
      vertex -10.119545936584473 3.0 -11.072253227233887
      vertex 10.119545936584473 3.0 -11.072253227233887
      vertex -11.072253227233887 3.0 -10.119545936584473
    endloop
  endfacet
  facet normal 0.0 -1.0 0.0
    outer loop
      vertex -11.072253227233887 3.0 -10.119545936584473
      vertex 10.119545936584473 3.0 -11.072253227233887
      vertex 11.072253227233887 3.0 -10.119545936584473
    endloop
  endfacet
  facet normal 0.0 -1.0 0.0
    outer loop
      vertex -11.072253227233887 3.0 -10.119545936584473
      vertex 11.072253227233887 3.0 -10.119545936584473
      vertex -11.935629844665527 3.0 -9.085193634033203
    endloop
  endfacet
  facet normal 0.0 -1.0 0.0
    outer loop
      vertex -11.935629844665527 3.0 -9.085193634033203
      vertex 11.072253227233887 3.0 -10.119545936584473
      vertex 11.935629844665527 3.0 -9.085193634033203
    endloop
  endfacet
  facet normal 0.0 -1.0 0.0
    outer loop
      vertex -11.935629844665527 3.0 -9.085193634033203
      vertex 11.935629844665527 3.0 -9.085193634033203
      vertex -12.702709197998047 3.0 -7.977542400360107
    endloop
  endfacet
  facet normal 0.0 -1.0 0.0
    outer loop
      vertex -12.702709197998047 3.0 -7.977542400360107
      vertex 11.935629844665527 3.0 -9.085193634033203
      vertex 12.702709197998047 3.0 -7.977542400360107
    endloop
  endfacet
  facet normal 0.0 -1.0 0.0
    outer loop
      vertex -12.702709197998047 3.0 -7.977542400360107
      vertex 12.702709197998047 3.0 -7.977542400360107
      vertex -13.367302894592285 3.0 -6.805527687072754
    endloop
  endfacet
  facet normal 0.0 -1.0 0.0
    outer loop
      vertex -13.367302894592285 3.0 -6.805527687072754
      vertex 12.702709197998047 3.0 -7.977542400360107
      vertex 13.367302894592285 3.0 -6.805527687072754
    endloop
  endfacet
  facet normal 0.0 -1.0 0.0
    outer loop
      vertex -13.367302894592285 3.0 -6.805527687072754
      vertex 13.367302894592285 3.0 -6.805527687072754
      vertex -13.924049377441406 3.0 -5.578606128692627
    endloop
  endfacet
  facet normal 0.0 -1.0 0.0
    outer loop
      vertex -13.924049377441406 3.0 -5.578606128692627
      vertex 13.367302894592285 3.0 -6.805527687072754
      vertex 13.924049377441406 3.0 -5.578606128692627
    endloop
  endfacet
  facet normal 0.0 -1.0 0.0
    outer loop
      vertex -13.924049377441406 3.0 -5.578606128692627
      vertex 13.924049377441406 3.0 -5.578606128692627
      vertex -14.368456840515137 3.0 -4.306676387786865
    endloop
  endfacet
  facet normal 0.0 -1.0 0.0
    outer loop
      vertex -14.368456840515137 3.0 -4.306676387786865
      vertex 13.924049377441406 3.0 -5.578606128692627
      vertex 14.368456840515137 3.0 -4.306676387786865
    endloop
  endfacet
  facet normal 0.0 -1.0 0.0
    outer loop
      vertex -14.368456840515137 3.0 -4.306676387786865
      vertex 14.368456840515137 3.0 -4.306676387786865
      vertex -14.696938514709473 3.0 -3.000000238418579
    endloop
  endfacet
  facet normal 0.0 -1.0 0.0
    outer loop
      vertex -14.696938514709473 3.0 -3.000000238418579
      vertex 14.368456840515137 3.0 -4.306676387786865
      vertex -14.696938514709473 3.0 2.999999761581421
    endloop
  endfacet
  facet normal 0.0 -1.0 0.0
    outer loop
      vertex -14.696938514709473 3.0 -3.000000238418579
      vertex -14.696938514709473 3.0 2.999999761581421
      vertex -27.62697982788086 3.0 -3.000000238418579
    endloop
  endfacet
  facet normal 0.0 -1.0 0.0
    outer loop
      vertex -27.62697982788086 3.0 -3.000000238418579
      vertex -14.696938514709473 3.0 2.999999761581421
      vertex -27.62697982788086 3.0 2.999999761581421
    endloop
  endfacet
  facet normal -0.0 -1.0 0.0
    outer loop
      vertex -27.62697982788086 3.0 -3.000000238418579
      vertex -27.62697982788086 3.0 2.999999761581421
      vertex -28.350553512573242 3.0 -3.0659894943237305
    endloop
  endfacet
  facet normal 0.0 -1.0 0.0
    outer loop
      vertex -28.350553512573242 3.0 -3.0659894943237305
      vertex -27.62697982788086 3.0 2.999999761581421
      vertex -28.350553512573242 3.0 3.0659890174865723
    endloop
  endfacet
  facet normal -0.0 -1.0 0.0
    outer loop
      vertex -28.350553512573242 3.0 -3.0659894943237305
      vertex -28.350553512573242 3.0 3.0659890174865723
      vertex -29.050254821777344 3.0 -3.261780023574829
    endloop
  endfacet
  facet normal 0.0 -1.0 0.0
    outer loop
      vertex -29.050254821777344 3.0 -3.261780023574829
      vertex -28.350553512573242 3.0 3.0659890174865723
      vertex -29.050254821777344 3.0 3.261779546737671
    endloop
  endfacet
  facet normal -0.0 -1.0 0.0
    outer loop
      vertex -29.050254821777344 3.0 -3.261780023574829
      vertex -29.050254821777344 3.0 3.261779546737671
      vertex -29.702993392944336 3.0 -3.580911874771118
    endloop
  endfacet
  facet normal 0.0 -1.0 0.0
    outer loop
      vertex -29.702993392944336 3.0 -3.580911874771118
      vertex -29.050254821777344 3.0 3.261779546737671
      vertex -29.702993392944336 3.0 3.58091139793396
    endloop
  endfacet
  facet normal -0.0 -1.0 0.0
    outer loop
      vertex -29.702993392944336 3.0 -3.580911874771118
      vertex -29.702993392944336 3.0 3.58091139793396
      vertex -30.2872371673584 3.0 -4.012855529785156
    endloop
  endfacet
  facet normal 0.0 -1.0 0.0
    outer loop
      vertex -30.2872371673584 3.0 -4.012855529785156
      vertex -29.702993392944336 3.0 3.58091139793396
      vertex -30.2872371673584 3.0 4.012855052947998
    endloop
  endfacet
  facet normal 0.0 -1.0 0.0
    outer loop
      vertex -30.2872371673584 3.0 -4.012855529785156
      vertex -30.2872371673584 3.0 4.012855052947998
      vertex -40.0 3.0 4.8985871985824346e-15
    endloop
  endfacet
  facet normal 0.0 -1.0 0.0
    outer loop
      vertex -40.0 3.0 4.8985871985824346e-15
      vertex -30.2872371673584 3.0 4.012855052947998
      vertex -30.78370475769043 3.0 4.543358325958252
    endloop
  endfacet
  facet normal 0.0 -1.0 0.0
    outer loop
      vertex -40.0 3.0 4.8985871985824346e-15
      vertex -30.78370475769043 3.0 4.543358325958252
      vertex -39.93232727050781 3.0 2.3257932662963867
    endloop
  endfacet
  facet normal 0.0 -1.0 0.0
    outer loop
      vertex -39.93232727050781 3.0 2.3257932662963867
      vertex -30.78370475769043 3.0 4.543358325958252
      vertex -31.17601776123047 3.0 5.154917240142822
    endloop
  endfacet
  facet normal 0.0 -1.0 0.0
    outer loop
      vertex -39.93232727050781 3.0 2.3257932662963867
      vertex -31.17601776123047 3.0 5.154917240142822
      vertex -39.72953414916992 3.0 4.643716335296631
    endloop
  endfacet
  facet normal 0.0 -1.0 0.0
    outer loop
      vertex -39.72953414916992 3.0 4.643716335296631
      vertex -31.17601776123047 3.0 5.154917240142822
      vertex -31.451231002807617 3.0 5.827354431152344
    endloop
  endfacet
  facet normal 0.0 -1.0 0.0
    outer loop
      vertex -39.72953414916992 3.0 4.643716335296631
      vertex -31.451231002807617 3.0 5.827354431152344
      vertex -39.392311096191406 3.0 6.945927143096924
    endloop
  endfacet
  facet normal 0.0 -1.0 0.0
    outer loop
      vertex -39.392311096191406 3.0 6.945927143096924
      vertex -31.451231002807617 3.0 5.827354431152344
      vertex -31.600265502929688 3.0 6.538482666015625
    endloop
  endfacet
  facet normal 0.0 -1.0 0.0
    outer loop
      vertex -39.392311096191406 3.0 6.945927143096924
      vertex -31.600265502929688 3.0 6.538482666015625
      vertex -31.618202209472656 3.0 7.264838218688965
    endloop
  endfacet
  facet normal 0.0 -1.0 0.0
    outer loop
      vertex 14.368456840515137 3.0 -4.306676387786865
      vertex 14.696938514709473 3.0 -3.000000238418579
      vertex -14.696938514709473 3.0 2.999999761581421
    endloop
  endfacet
  facet normal 0.0 -1.0 0.0
    outer loop
      vertex -14.696938514709473 3.0 2.999999761581421
      vertex 14.696938514709473 3.0 -3.000000238418579
      vertex -14.368456840515137 3.0 4.306675910949707
    endloop
  endfacet
  facet normal -0.0 -1.0 0.0
    outer loop
      vertex -7.264838695526123 3.0 31.618202209472656
      vertex -9.224635124206543 3.0 38.92179489135742
      vertex -7.982456207275391 3.0 31.50444984436035
    endloop
  endfacet
  facet normal 0.0 -1.0 0.0
    outer loop
      vertex -7.982456207275391 3.0 31.50444984436035
      vertex -9.224635124206543 3.0 38.92179489135742
      vertex -11.472128868103027 3.0 38.319580078125
    endloop
  endfacet
  facet normal -0.0 -1.0 0.0
    outer loop
      vertex -7.982456207275391 3.0 31.50444984436035
      vertex -11.472128868103027 3.0 38.319580078125
      vertex -9.956439971923828 3.0 30.937345504760742
    endloop
  endfacet
  facet normal 0.0 -1.0 0.0
    outer loop
      vertex -9.956439971923828 3.0 30.937345504760742
      vertex -11.472128868103027 3.0 38.319580078125
      vertex -13.680806159973145 3.0 37.587703704833984
    endloop
  endfacet
  facet normal -0.0 -1.0 0.0
    outer loop
      vertex -9.956439971923828 3.0 30.937345504760742
      vertex -13.680806159973145 3.0 37.587703704833984
      vertex -11.890661239624023 3.0 30.246688842773438
    endloop
  endfacet
  facet normal 0.0 -1.0 0.0
    outer loop
      vertex -11.890661239624023 3.0 30.246688842773438
      vertex -13.680806159973145 3.0 37.587703704833984
      vertex -15.84319019317627 3.0 36.72864532470703
    endloop
  endfacet
  facet normal -0.0 -1.0 0.0
    outer loop
      vertex -11.890661239624023 3.0 30.246688842773438
      vertex -15.84319019317627 3.0 36.72864532470703
      vertex -13.777397155761719 3.0 29.435239791870117
    endloop
  endfacet
  facet normal 0.0 -1.0 0.0
    outer loop
      vertex -13.777397155761719 3.0 29.435239791870117
      vertex -15.84319019317627 3.0 36.72864532470703
      vertex -17.951967239379883 3.0 35.745304107666016
    endloop
  endfacet
  facet normal -0.0 -1.0 0.0
    outer loop
      vertex -13.777397155761719 3.0 29.435239791870117
      vertex -17.951967239379883 3.0 35.745304107666016
      vertex -15.609110832214355 3.0 28.50623893737793
    endloop
  endfacet
  facet normal 0.0 -1.0 0.0
    outer loop
      vertex -15.609110832214355 3.0 28.50623893737793
      vertex -17.951967239379883 3.0 35.745304107666016
      vertex -20.0 3.0 34.64101791381836
    endloop
  endfacet
  facet normal -0.0 -1.0 0.0
    outer loop
      vertex -15.609110832214355 3.0 28.50623893737793
      vertex -20.0 3.0 34.64101791381836
      vertex -17.378488540649414 3.0 27.463396072387695
    endloop
  endfacet
  facet normal 0.0 -1.0 0.0
    outer loop
      vertex -17.378488540649414 3.0 27.463396072387695
      vertex -20.0 3.0 34.64101791381836
      vertex -21.98036003112793 3.0 33.41951370239258
    endloop
  endfacet
  facet normal -0.0 -1.0 0.0
    outer loop
      vertex -17.378488540649414 3.0 27.463396072387695
      vertex -21.98036003112793 3.0 33.41951370239258
      vertex -19.07846450805664 3.0 26.310874938964844
    endloop
  endfacet
  facet normal 0.0 -1.0 0.0
    outer loop
      vertex -19.07846450805664 3.0 26.310874938964844
      vertex -21.98036003112793 3.0 33.41951370239258
      vertex -23.886343002319336 3.0 32.08492660522461
    endloop
  endfacet
  facet normal -0.0 -1.0 0.0
    outer loop
      vertex -19.07846450805664 3.0 26.310874938964844
      vertex -23.886343002319336 3.0 32.08492660522461
      vertex -20.70224952697754 3.0 25.053281784057617
    endloop
  endfacet
  facet normal 0.0 -1.0 0.0
    outer loop
      vertex -20.70224952697754 3.0 25.053281784057617
      vertex -23.886343002319336 3.0 32.08492660522461
      vertex -25.711503982543945 3.0 30.64177703857422
    endloop
  endfacet
  facet normal -0.0 -1.0 0.0
    outer loop
      vertex -20.70224952697754 3.0 25.053281784057617
      vertex -25.711503982543945 3.0 30.64177703857422
      vertex -22.243356704711914 3.0 23.695634841918945
    endloop
  endfacet
  facet normal 0.0 -1.0 0.0
    outer loop
      vertex -22.243356704711914 3.0 23.695634841918945
      vertex -25.711503982543945 3.0 30.64177703857422
      vertex -27.449665069580078 3.0 29.094945907592773
    endloop
  endfacet
  facet normal 0.0 -1.0 0.0
    outer loop
      vertex -22.243356704711914 3.0 23.695634841918945
      vertex -27.449665069580078 3.0 29.094945907592773
      vertex -29.094945907592773 3.0 27.449665069580078
    endloop
  endfacet
  facet normal 0.0 -1.0 0.0
    outer loop
      vertex -9.224635124206543 3.0 38.92179489135742
      vertex -7.264838695526123 3.0 31.618202209472656
      vertex -6.945927143096924 3.0 39.392311096191406
    endloop
  endfacet
  facet normal 0.0 -1.0 -0.0
    outer loop
      vertex -6.945927143096924 3.0 39.392311096191406
      vertex -7.264838695526123 3.0 31.618202209472656
      vertex -6.538483142852783 3.0 31.600265502929688
    endloop
  endfacet
  facet normal 0.0 -1.0 0.0
    outer loop
      vertex -6.945927143096924 3.0 39.392311096191406
      vertex -6.538483142852783 3.0 31.600265502929688
      vertex -5.827354907989502 3.0 31.451231002807617
    endloop
  endfacet
  facet normal 0.0 -1.0 0.0
    outer loop
      vertex -6.945927143096924 3.0 39.392311096191406
      vertex -5.827354907989502 3.0 31.451231002807617
      vertex -4.643716335296631 3.0 39.72953414916992
    endloop
  endfacet
  facet normal 0.0 -1.0 0.0
    outer loop
      vertex -4.643716335296631 3.0 39.72953414916992
      vertex -5.827354907989502 3.0 31.451231002807617
      vertex -5.1549177169799805 3.0 31.17601776123047
    endloop
  endfacet
  facet normal 0.0 -1.0 -0.0
    outer loop
      vertex -4.643716335296631 3.0 39.72953414916992
      vertex -5.1549177169799805 3.0 31.17601776123047
      vertex -2.3257932662963867 3.0 39.93232727050781
    endloop
  endfacet
  facet normal 0.0 -1.0 0.0
    outer loop
      vertex -2.3257932662963867 3.0 39.93232727050781
      vertex -5.1549177169799805 3.0 31.17601776123047
      vertex -4.543358325958252 3.0 30.78370475769043
    endloop
  endfacet
  facet normal 0.0 -1.0 -0.0
    outer loop
      vertex -2.3257932662963867 3.0 39.93232727050781
      vertex -4.543358325958252 3.0 30.78370475769043
      vertex 2.4492935992912173e-15 3.0 40.0
    endloop
  endfacet
  facet normal 0.0 -1.0 0.0
    outer loop
      vertex 2.4492935992912173e-15 3.0 40.0
      vertex -4.543358325958252 3.0 30.78370475769043
      vertex -4.012855052947998 3.0 30.2872371673584
    endloop
  endfacet
  facet normal 0.0 -1.0 0.0
    outer loop
      vertex -39.392311096191406 3.0 6.945927143096924
      vertex -31.618202209472656 3.0 7.264838218688965
      vertex -38.92179489135742 3.0 9.224635124206543
    endloop
  endfacet
  facet normal 0.0 -1.0 0.0
    outer loop
      vertex -38.92179489135742 3.0 9.224635124206543
      vertex -31.618202209472656 3.0 7.264838218688965
      vertex -31.50444984436035 3.0 7.982455730438232
    endloop
  endfacet
  facet normal 0.0 -1.0 0.0
    outer loop
      vertex -38.92179489135742 3.0 9.224635124206543
      vertex -31.50444984436035 3.0 7.982455730438232
      vertex -38.319580078125 3.0 11.472128868103027
    endloop
  endfacet
  facet normal 0.0 -1.0 0.0
    outer loop
      vertex -38.319580078125 3.0 11.472128868103027
      vertex -31.50444984436035 3.0 7.982455730438232
      vertex -30.937345504760742 3.0 9.956439018249512
    endloop
  endfacet
  facet normal 0.0 -1.0 0.0
    outer loop
      vertex -38.319580078125 3.0 11.472128868103027
      vertex -30.937345504760742 3.0 9.956439018249512
      vertex -37.587703704833984 3.0 13.680806159973145
    endloop
  endfacet
  facet normal 0.0 -1.0 0.0
    outer loop
      vertex -37.587703704833984 3.0 13.680806159973145
      vertex -30.937345504760742 3.0 9.956439018249512
      vertex -30.246688842773438 3.0 11.890661239624023
    endloop
  endfacet
  facet normal 0.0 -1.0 0.0
    outer loop
      vertex -37.587703704833984 3.0 13.680806159973145
      vertex -30.246688842773438 3.0 11.890661239624023
      vertex -36.72864532470703 3.0 15.84319019317627
    endloop
  endfacet
  facet normal 0.0 -1.0 0.0
    outer loop
      vertex -36.72864532470703 3.0 15.84319019317627
      vertex -30.246688842773438 3.0 11.890661239624023
      vertex -29.435239791870117 3.0 13.777396202087402
    endloop
  endfacet
  facet normal 0.0 -1.0 0.0
    outer loop
      vertex -36.72864532470703 3.0 15.84319019317627
      vertex -29.435239791870117 3.0 13.777396202087402
      vertex -35.745304107666016 3.0 17.951967239379883
    endloop
  endfacet
  facet normal 0.0 -1.0 0.0
    outer loop
      vertex -35.745304107666016 3.0 17.951967239379883
      vertex -29.435239791870117 3.0 13.777396202087402
      vertex -28.50623893737793 3.0 15.609110832214355
    endloop
  endfacet
  facet normal 0.0 -1.0 0.0
    outer loop
      vertex -35.745304107666016 3.0 17.951967239379883
      vertex -28.50623893737793 3.0 15.609110832214355
      vertex -34.64101791381836 3.0 20.0
    endloop
  endfacet
  facet normal 0.0 -1.0 0.0
    outer loop
      vertex -34.64101791381836 3.0 20.0
      vertex -28.50623893737793 3.0 15.609110832214355
      vertex -27.463396072387695 3.0 17.378488540649414
    endloop
  endfacet
  facet normal 0.0 -1.0 0.0
    outer loop
      vertex -34.64101791381836 3.0 20.0
      vertex -27.463396072387695 3.0 17.378488540649414
      vertex -33.41951370239258 3.0 21.98036003112793
    endloop
  endfacet
  facet normal 0.0 -1.0 0.0
    outer loop
      vertex -33.41951370239258 3.0 21.98036003112793
      vertex -27.463396072387695 3.0 17.378488540649414
      vertex -26.310876846313477 3.0 19.07846450805664
    endloop
  endfacet
  facet normal 0.0 -1.0 0.0
    outer loop
      vertex -33.41951370239258 3.0 21.98036003112793
      vertex -26.310876846313477 3.0 19.07846450805664
      vertex -32.08492660522461 3.0 23.886343002319336
    endloop
  endfacet
  facet normal 0.0 -1.0 0.0
    outer loop
      vertex -32.08492660522461 3.0 23.886343002319336
      vertex -26.310876846313477 3.0 19.07846450805664
      vertex -25.053281784057617 3.0 20.702247619628906
    endloop
  endfacet
  facet normal 0.0 -1.0 0.0
    outer loop
      vertex -32.08492660522461 3.0 23.886343002319336
      vertex -25.053281784057617 3.0 20.702247619628906
      vertex -30.64177703857422 3.0 25.711503982543945
    endloop
  endfacet
  facet normal 0.0 -1.0 0.0
    outer loop
      vertex -30.64177703857422 3.0 25.711503982543945
      vertex -25.053281784057617 3.0 20.702247619628906
      vertex -23.695634841918945 3.0 22.243356704711914
    endloop
  endfacet
  facet normal 0.0 -1.0 0.0
    outer loop
      vertex -30.64177703857422 3.0 25.711503982543945
      vertex -23.695634841918945 3.0 22.243356704711914
      vertex -29.094945907592773 3.0 27.449665069580078
    endloop
  endfacet
  facet normal 0.0 -1.0 0.0
    outer loop
      vertex -29.094945907592773 3.0 27.449665069580078
      vertex -23.695634841918945 3.0 22.243356704711914
      vertex -22.243356704711914 3.0 23.695634841918945
    endloop
  endfacet
  facet normal 0.0 -1.0 -0.0
    outer loop
      vertex -31.618202209472656 3.0 -7.264839172363281
      vertex -38.92179489135742 3.0 -9.224635124206543
      vertex -31.50444984436035 3.0 -7.982456207275391
    endloop
  endfacet
  facet normal 0.0 -1.0 0.0
    outer loop
      vertex -31.50444984436035 3.0 -7.982456207275391
      vertex -38.92179489135742 3.0 -9.224635124206543
      vertex -38.319580078125 3.0 -11.472128868103027
    endloop
  endfacet
  facet normal 0.0 -1.0 -0.0
    outer loop
      vertex -31.50444984436035 3.0 -7.982456207275391
      vertex -38.319580078125 3.0 -11.472128868103027
      vertex -30.937345504760742 3.0 -9.956439971923828
    endloop
  endfacet
  facet normal 0.0 -1.0 0.0
    outer loop
      vertex -30.937345504760742 3.0 -9.956439971923828
      vertex -38.319580078125 3.0 -11.472128868103027
      vertex -37.587703704833984 3.0 -13.680806159973145
    endloop
  endfacet
  facet normal 0.0 -1.0 -0.0
    outer loop
      vertex -30.937345504760742 3.0 -9.956439971923828
      vertex -37.587703704833984 3.0 -13.680806159973145
      vertex -30.246688842773438 3.0 -11.890661239624023
    endloop
  endfacet
  facet normal 0.0 -1.0 0.0
    outer loop
      vertex -30.246688842773438 3.0 -11.890661239624023
      vertex -37.587703704833984 3.0 -13.680806159973145
      vertex -36.72864532470703 3.0 -15.84319019317627
    endloop
  endfacet
  facet normal 0.0 -1.0 -0.0
    outer loop
      vertex -30.246688842773438 3.0 -11.890661239624023
      vertex -36.72864532470703 3.0 -15.84319019317627
      vertex -29.435239791870117 3.0 -13.777397155761719
    endloop
  endfacet
  facet normal 0.0 -1.0 0.0
    outer loop
      vertex -29.435239791870117 3.0 -13.777397155761719
      vertex -36.72864532470703 3.0 -15.84319019317627
      vertex -35.745304107666016 3.0 -17.951967239379883
    endloop
  endfacet
  facet normal 0.0 -1.0 -0.0
    outer loop
      vertex -29.435239791870117 3.0 -13.777397155761719
      vertex -35.745304107666016 3.0 -17.951967239379883
      vertex -28.50623893737793 3.0 -15.609110832214355
    endloop
  endfacet
  facet normal 0.0 -1.0 0.0
    outer loop
      vertex -28.50623893737793 3.0 -15.609110832214355
      vertex -35.745304107666016 3.0 -17.951967239379883
      vertex -34.64101791381836 3.0 -20.0
    endloop
  endfacet
  facet normal 0.0 -1.0 -0.0
    outer loop
      vertex -28.50623893737793 3.0 -15.609110832214355
      vertex -34.64101791381836 3.0 -20.0
      vertex -27.463396072387695 3.0 -17.378488540649414
    endloop
  endfacet
  facet normal 0.0 -1.0 0.0
    outer loop
      vertex -27.463396072387695 3.0 -17.378488540649414
      vertex -34.64101791381836 3.0 -20.0
      vertex -33.41951370239258 3.0 -21.98036003112793
    endloop
  endfacet
  facet normal 0.0 -1.0 -0.0
    outer loop
      vertex -27.463396072387695 3.0 -17.378488540649414
      vertex -33.41951370239258 3.0 -21.98036003112793
      vertex -26.310874938964844 3.0 -19.07846450805664
    endloop
  endfacet
  facet normal 0.0 -1.0 0.0
    outer loop
      vertex -26.310874938964844 3.0 -19.07846450805664
      vertex -33.41951370239258 3.0 -21.98036003112793
      vertex -32.08492660522461 3.0 -23.886343002319336
    endloop
  endfacet
  facet normal 0.0 -1.0 -0.0
    outer loop
      vertex -26.310874938964844 3.0 -19.07846450805664
      vertex -32.08492660522461 3.0 -23.886343002319336
      vertex -25.053281784057617 3.0 -20.70224952697754
    endloop
  endfacet
  facet normal 0.0 -1.0 0.0
    outer loop
      vertex -25.053281784057617 3.0 -20.70224952697754
      vertex -32.08492660522461 3.0 -23.886343002319336
      vertex -30.64177703857422 3.0 -25.711503982543945
    endloop
  endfacet
  facet normal 0.0 -1.0 -0.0
    outer loop
      vertex -25.053281784057617 3.0 -20.70224952697754
      vertex -30.64177703857422 3.0 -25.711503982543945
      vertex -23.695634841918945 3.0 -22.243356704711914
    endloop
  endfacet
  facet normal 0.0 -1.0 0.0
    outer loop
      vertex -23.695634841918945 3.0 -22.243356704711914
      vertex -30.64177703857422 3.0 -25.711503982543945
      vertex -29.094945907592773 3.0 -27.449665069580078
    endloop
  endfacet
  facet normal 0.0 -1.0 0.0
    outer loop
      vertex -23.695634841918945 3.0 -22.243356704711914
      vertex -29.094945907592773 3.0 -27.449665069580078
      vertex -27.449665069580078 3.0 -29.094945907592773
    endloop
  endfacet
  facet normal 0.0 -1.0 0.0
    outer loop
      vertex -38.92179489135742 3.0 -9.224635124206543
      vertex -31.618202209472656 3.0 -7.264839172363281
      vertex -39.392311096191406 3.0 -6.945927143096924
    endloop
  endfacet
  facet normal 0.0 -1.0 0.0
    outer loop
      vertex -39.392311096191406 3.0 -6.945927143096924
      vertex -31.618202209472656 3.0 -7.264839172363281
      vertex -31.600265502929688 3.0 -6.538483142852783
    endloop
  endfacet
  facet normal 0.0 -1.0 0.0
    outer loop
      vertex -39.392311096191406 3.0 -6.945927143096924
      vertex -31.600265502929688 3.0 -6.538483142852783
      vertex -31.451231002807617 3.0 -5.827354907989502
    endloop
  endfacet
  facet normal 0.0 -1.0 0.0
    outer loop
      vertex -39.392311096191406 3.0 -6.945927143096924
      vertex -31.451231002807617 3.0 -5.827354907989502
      vertex -39.72953414916992 3.0 -4.643716335296631
    endloop
  endfacet
  facet normal 0.0 -1.0 0.0
    outer loop
      vertex -39.72953414916992 3.0 -4.643716335296631
      vertex -31.451231002807617 3.0 -5.827354907989502
      vertex -31.17601776123047 3.0 -5.154918193817139
    endloop
  endfacet
  facet normal 0.0 -1.0 0.0
    outer loop
      vertex -39.72953414916992 3.0 -4.643716335296631
      vertex -31.17601776123047 3.0 -5.154918193817139
      vertex -39.93232727050781 3.0 -2.3257932662963867
    endloop
  endfacet
  facet normal 0.0 -1.0 0.0
    outer loop
      vertex -39.93232727050781 3.0 -2.3257932662963867
      vertex -31.17601776123047 3.0 -5.154918193817139
      vertex -30.78370475769043 3.0 -4.54335880279541
    endloop
  endfacet
  facet normal 0.0 -1.0 0.0
    outer loop
      vertex -39.93232727050781 3.0 -2.3257932662963867
      vertex -30.78370475769043 3.0 -4.54335880279541
      vertex -40.0 3.0 4.8985871985824346e-15
    endloop
  endfacet
  facet normal 0.0 -1.0 0.0
    outer loop
      vertex -40.0 3.0 4.8985871985824346e-15
      vertex -30.78370475769043 3.0 -4.54335880279541
      vertex -30.2872371673584 3.0 -4.012855529785156
    endloop
  endfacet
  facet normal 0.0 -1.0 -0.0
    outer loop
      vertex -4.012855052947998 3.0 -30.2872371673584
      vertex -4.543358325958252 3.0 -30.78370475769043
      vertex 2.4492935992912173e-15 3.0 -40.0
    endloop
  endfacet
  facet normal 0.0 -1.0 0.0
    outer loop
      vertex 2.4492935992912173e-15 3.0 -40.0
      vertex -4.543358325958252 3.0 -30.78370475769043
      vertex -2.3257932662963867 3.0 -39.93232727050781
    endloop
  endfacet
  facet normal 0.0 -1.0 0.0
    outer loop
      vertex -2.3257932662963867 3.0 -39.93232727050781
      vertex -4.543358325958252 3.0 -30.78370475769043
      vertex -5.1549177169799805 3.0 -31.17601776123047
    endloop
  endfacet
  facet normal 0.0 -1.0 0.0
    outer loop
      vertex -2.3257932662963867 3.0 -39.93232727050781
      vertex -5.1549177169799805 3.0 -31.17601776123047
      vertex -4.643716335296631 3.0 -39.72953414916992
    endloop
  endfacet
  facet normal 0.0 -1.0 0.0
    outer loop
      vertex -4.643716335296631 3.0 -39.72953414916992
      vertex -5.1549177169799805 3.0 -31.17601776123047
      vertex -5.827354907989502 3.0 -31.451231002807617
    endloop
  endfacet
  facet normal 0.0 -1.0 0.0
    outer loop
      vertex -4.643716335296631 3.0 -39.72953414916992
      vertex -5.827354907989502 3.0 -31.451231002807617
      vertex -6.945927143096924 3.0 -39.392311096191406
    endloop
  endfacet
  facet normal 0.0 -1.0 0.0
    outer loop
      vertex -6.945927143096924 3.0 -39.392311096191406
      vertex -5.827354907989502 3.0 -31.451231002807617
      vertex -6.538483142852783 3.0 -31.600265502929688
    endloop
  endfacet
  facet normal 0.0 -1.0 0.0
    outer loop
      vertex -6.945927143096924 3.0 -39.392311096191406
      vertex -6.538483142852783 3.0 -31.600265502929688
      vertex -7.264838695526123 3.0 -31.618202209472656
    endloop
  endfacet
  facet normal 0.0 -1.0 0.0
    outer loop
      vertex -6.945927143096924 3.0 -39.392311096191406
      vertex -7.264838695526123 3.0 -31.618202209472656
      vertex -9.224635124206543 3.0 -38.92179489135742
    endloop
  endfacet
  facet normal 0.0 -1.0 0.0
    outer loop
      vertex -9.224635124206543 3.0 -38.92179489135742
      vertex -7.264838695526123 3.0 -31.618202209472656
      vertex -7.982456207275391 3.0 -31.50444984436035
    endloop
  endfacet
  facet normal 0.0 -1.0 0.0
    outer loop
      vertex -9.224635124206543 3.0 -38.92179489135742
      vertex -7.982456207275391 3.0 -31.50444984436035
      vertex -11.472128868103027 3.0 -38.319580078125
    endloop
  endfacet
  facet normal 0.0 -1.0 0.0
    outer loop
      vertex -11.472128868103027 3.0 -38.319580078125
      vertex -7.982456207275391 3.0 -31.50444984436035
      vertex -9.956439971923828 3.0 -30.937345504760742
    endloop
  endfacet
  facet normal 0.0 -1.0 0.0
    outer loop
      vertex -11.472128868103027 3.0 -38.319580078125
      vertex -9.956439971923828 3.0 -30.937345504760742
      vertex -13.680806159973145 3.0 -37.587703704833984
    endloop
  endfacet
  facet normal 0.0 -1.0 0.0
    outer loop
      vertex -13.680806159973145 3.0 -37.587703704833984
      vertex -9.956439971923828 3.0 -30.937345504760742
      vertex -11.890661239624023 3.0 -30.246688842773438
    endloop
  endfacet
  facet normal 0.0 -1.0 0.0
    outer loop
      vertex -13.680806159973145 3.0 -37.587703704833984
      vertex -11.890661239624023 3.0 -30.246688842773438
      vertex -15.84319019317627 3.0 -36.72864532470703
    endloop
  endfacet
  facet normal 0.0 -1.0 0.0
    outer loop
      vertex -15.84319019317627 3.0 -36.72864532470703
      vertex -11.890661239624023 3.0 -30.246688842773438
      vertex -13.777396202087402 3.0 -29.435239791870117
    endloop
  endfacet
  facet normal 0.0 -1.0 0.0
    outer loop
      vertex -15.84319019317627 3.0 -36.72864532470703
      vertex -13.777396202087402 3.0 -29.435239791870117
      vertex -17.951967239379883 3.0 -35.745304107666016
    endloop
  endfacet
  facet normal 0.0 -1.0 0.0
    outer loop
      vertex -17.951967239379883 3.0 -35.745304107666016
      vertex -13.777396202087402 3.0 -29.435239791870117
      vertex -15.609110832214355 3.0 -28.50623893737793
    endloop
  endfacet
  facet normal 0.0 -1.0 0.0
    outer loop
      vertex -17.951967239379883 3.0 -35.745304107666016
      vertex -15.609110832214355 3.0 -28.50623893737793
      vertex -20.0 3.0 -34.64101791381836
    endloop
  endfacet
  facet normal 0.0 -1.0 0.0
    outer loop
      vertex -20.0 3.0 -34.64101791381836
      vertex -15.609110832214355 3.0 -28.50623893737793
      vertex -17.378488540649414 3.0 -27.463396072387695
    endloop
  endfacet
  facet normal 0.0 -1.0 0.0
    outer loop
      vertex -20.0 3.0 -34.64101791381836
      vertex -17.378488540649414 3.0 -27.463396072387695
      vertex -21.98036003112793 3.0 -33.41951370239258
    endloop
  endfacet
  facet normal 0.0 -1.0 0.0
    outer loop
      vertex -21.98036003112793 3.0 -33.41951370239258
      vertex -17.378488540649414 3.0 -27.463396072387695
      vertex -19.07846450805664 3.0 -26.310876846313477
    endloop
  endfacet
  facet normal 0.0 -1.0 0.0
    outer loop
      vertex -21.98036003112793 3.0 -33.41951370239258
      vertex -19.07846450805664 3.0 -26.310876846313477
      vertex -23.886343002319336 3.0 -32.08492660522461
    endloop
  endfacet
  facet normal 0.0 -1.0 0.0
    outer loop
      vertex -23.886343002319336 3.0 -32.08492660522461
      vertex -19.07846450805664 3.0 -26.310876846313477
      vertex -20.70224952697754 3.0 -25.053281784057617
    endloop
  endfacet
  facet normal 0.0 -1.0 0.0
    outer loop
      vertex -23.886343002319336 3.0 -32.08492660522461
      vertex -20.70224952697754 3.0 -25.053281784057617
      vertex -25.711503982543945 3.0 -30.64177703857422
    endloop
  endfacet
  facet normal 0.0 -1.0 0.0
    outer loop
      vertex -25.711503982543945 3.0 -30.64177703857422
      vertex -20.70224952697754 3.0 -25.053281784057617
      vertex -22.243356704711914 3.0 -23.695634841918945
    endloop
  endfacet
  facet normal 0.0 -1.0 0.0
    outer loop
      vertex -25.711503982543945 3.0 -30.64177703857422
      vertex -22.243356704711914 3.0 -23.695634841918945
      vertex -27.449665069580078 3.0 -29.094945907592773
    endloop
  endfacet
  facet normal 0.0 -1.0 0.0
    outer loop
      vertex -27.449665069580078 3.0 -29.094945907592773
      vertex -22.243356704711914 3.0 -23.695634841918945
      vertex -23.695634841918945 3.0 -22.243356704711914
    endloop
  endfacet
  facet normal 0.0 -1.0 0.0
    outer loop
      vertex 9.956439971923828 3.0 30.937345504760742
      vertex 11.472128868103027 3.0 38.319580078125
      vertex 7.982456207275391 3.0 31.50444984436035
    endloop
  endfacet
  facet normal 0.0 -1.0 0.0
    outer loop
      vertex 7.982456207275391 3.0 31.50444984436035
      vertex 11.472128868103027 3.0 38.319580078125
      vertex 9.224635124206543 3.0 38.92179489135742
    endloop
  endfacet
  facet normal 0.0 -1.0 0.0
    outer loop
      vertex 7.982456207275391 3.0 31.50444984436035
      vertex 9.224635124206543 3.0 38.92179489135742
      vertex 7.264838695526123 3.0 31.618202209472656
    endloop
  endfacet
  facet normal 0.0 -1.0 0.0
    outer loop
      vertex 7.264838695526123 3.0 31.618202209472656
      vertex 9.224635124206543 3.0 38.92179489135742
      vertex 6.945927143096924 3.0 39.392311096191406
    endloop
  endfacet
  facet normal 0.0 -1.0 -0.0
    outer loop
      vertex 11.472128868103027 3.0 38.319580078125
      vertex 9.956439971923828 3.0 30.937345504760742
      vertex 13.680806159973145 3.0 37.587703704833984
    endloop
  endfacet
  facet normal 0.0 -1.0 0.0
    outer loop
      vertex 13.680806159973145 3.0 37.587703704833984
      vertex 9.956439971923828 3.0 30.937345504760742
      vertex 11.890661239624023 3.0 30.246688842773438
    endloop
  endfacet
  facet normal 0.0 -1.0 -0.0
    outer loop
      vertex 13.680806159973145 3.0 37.587703704833984
      vertex 11.890661239624023 3.0 30.246688842773438
      vertex 15.84319019317627 3.0 36.72864532470703
    endloop
  endfacet
  facet normal 0.0 -1.0 0.0
    outer loop
      vertex 15.84319019317627 3.0 36.72864532470703
      vertex 11.890661239624023 3.0 30.246688842773438
      vertex 13.777397155761719 3.0 29.435239791870117
    endloop
  endfacet
  facet normal 0.0 -1.0 -0.0
    outer loop
      vertex 15.84319019317627 3.0 36.72864532470703
      vertex 13.777397155761719 3.0 29.435239791870117
      vertex 17.951967239379883 3.0 35.745304107666016
    endloop
  endfacet
  facet normal 0.0 -1.0 0.0
    outer loop
      vertex 17.951967239379883 3.0 35.745304107666016
      vertex 13.777397155761719 3.0 29.435239791870117
      vertex 15.609110832214355 3.0 28.50623893737793
    endloop
  endfacet
  facet normal 0.0 -1.0 -0.0
    outer loop
      vertex 17.951967239379883 3.0 35.745304107666016
      vertex 15.609110832214355 3.0 28.50623893737793
      vertex 20.0 3.0 34.64101791381836
    endloop
  endfacet
  facet normal 0.0 -1.0 0.0
    outer loop
      vertex 20.0 3.0 34.64101791381836
      vertex 15.609110832214355 3.0 28.50623893737793
      vertex 17.378488540649414 3.0 27.463396072387695
    endloop
  endfacet
  facet normal 0.0 -1.0 -0.0
    outer loop
      vertex 20.0 3.0 34.64101791381836
      vertex 17.378488540649414 3.0 27.463396072387695
      vertex 21.98036003112793 3.0 33.41951370239258
    endloop
  endfacet
  facet normal 0.0 -1.0 0.0
    outer loop
      vertex 21.98036003112793 3.0 33.41951370239258
      vertex 17.378488540649414 3.0 27.463396072387695
      vertex 19.07846450805664 3.0 26.310874938964844
    endloop
  endfacet
  facet normal 0.0 -1.0 -0.0
    outer loop
      vertex 21.98036003112793 3.0 33.41951370239258
      vertex 19.07846450805664 3.0 26.310874938964844
      vertex 23.886343002319336 3.0 32.08492660522461
    endloop
  endfacet
  facet normal 0.0 -1.0 0.0
    outer loop
      vertex 23.886343002319336 3.0 32.08492660522461
      vertex 19.07846450805664 3.0 26.310874938964844
      vertex 20.70224952697754 3.0 25.053281784057617
    endloop
  endfacet
  facet normal 0.0 -1.0 -0.0
    outer loop
      vertex 23.886343002319336 3.0 32.08492660522461
      vertex 20.70224952697754 3.0 25.053281784057617
      vertex 25.711503982543945 3.0 30.64177703857422
    endloop
  endfacet
  facet normal 0.0 -1.0 0.0
    outer loop
      vertex 25.711503982543945 3.0 30.64177703857422
      vertex 20.70224952697754 3.0 25.053281784057617
      vertex 22.243356704711914 3.0 23.695634841918945
    endloop
  endfacet
  facet normal 0.0 -1.0 -0.0
    outer loop
      vertex 25.711503982543945 3.0 30.64177703857422
      vertex 22.243356704711914 3.0 23.695634841918945
      vertex 27.449665069580078 3.0 29.094945907592773
    endloop
  endfacet
  facet normal 0.0 -1.0 -0.0
    outer loop
      vertex 27.449665069580078 3.0 29.094945907592773
      vertex 22.243356704711914 3.0 23.695634841918945
      vertex 29.094945907592773 3.0 27.449665069580078
    endloop
  endfacet
  facet normal 0.0 -1.0 0.0
    outer loop
      vertex 29.094945907592773 3.0 27.449665069580078
      vertex 22.243356704711914 3.0 23.695634841918945
      vertex 23.695634841918945 3.0 22.243356704711914
    endloop
  endfacet
  facet normal 0.0 -1.0 -0.0
    outer loop
      vertex 29.094945907592773 3.0 27.449665069580078
      vertex 23.695634841918945 3.0 22.243356704711914
      vertex 30.64177703857422 3.0 25.711503982543945
    endloop
  endfacet
  facet normal 0.0 -1.0 0.0
    outer loop
      vertex 30.64177703857422 3.0 25.711503982543945
      vertex 23.695634841918945 3.0 22.243356704711914
      vertex 25.053281784057617 3.0 20.702247619628906
    endloop
  endfacet
  facet normal 0.0 -1.0 -0.0
    outer loop
      vertex 30.64177703857422 3.0 25.711503982543945
      vertex 25.053281784057617 3.0 20.702247619628906
      vertex 32.08492660522461 3.0 23.886343002319336
    endloop
  endfacet
  facet normal 0.0 -1.0 0.0
    outer loop
      vertex 32.08492660522461 3.0 23.886343002319336
      vertex 25.053281784057617 3.0 20.702247619628906
      vertex 26.310876846313477 3.0 19.07846450805664
    endloop
  endfacet
  facet normal 0.0 -1.0 -0.0
    outer loop
      vertex 32.08492660522461 3.0 23.886343002319336
      vertex 26.310876846313477 3.0 19.07846450805664
      vertex 33.41951370239258 3.0 21.98036003112793
    endloop
  endfacet
  facet normal 0.0 -1.0 0.0
    outer loop
      vertex 33.41951370239258 3.0 21.98036003112793
      vertex 26.310876846313477 3.0 19.07846450805664
      vertex 27.463396072387695 3.0 17.378488540649414
    endloop
  endfacet
  facet normal 0.0 -1.0 -0.0
    outer loop
      vertex 33.41951370239258 3.0 21.98036003112793
      vertex 27.463396072387695 3.0 17.378488540649414
      vertex 34.64101791381836 3.0 20.0
    endloop
  endfacet
  facet normal 0.0 -1.0 0.0
    outer loop
      vertex 34.64101791381836 3.0 20.0
      vertex 27.463396072387695 3.0 17.378488540649414
      vertex 28.50623893737793 3.0 15.609110832214355
    endloop
  endfacet
  facet normal 0.0 -1.0 -0.0
    outer loop
      vertex 34.64101791381836 3.0 20.0
      vertex 28.50623893737793 3.0 15.609110832214355
      vertex 35.745304107666016 3.0 17.951967239379883
    endloop
  endfacet
  facet normal 0.0 -1.0 0.0
    outer loop
      vertex 35.745304107666016 3.0 17.951967239379883
      vertex 28.50623893737793 3.0 15.609110832214355
      vertex 29.435239791870117 3.0 13.777396202087402
    endloop
  endfacet
  facet normal 0.0 -1.0 -0.0
    outer loop
      vertex 35.745304107666016 3.0 17.951967239379883
      vertex 29.435239791870117 3.0 13.777396202087402
      vertex 36.72864532470703 3.0 15.84319019317627
    endloop
  endfacet
  facet normal 0.0 -1.0 0.0
    outer loop
      vertex 36.72864532470703 3.0 15.84319019317627
      vertex 29.435239791870117 3.0 13.777396202087402
      vertex 30.246688842773438 3.0 11.890661239624023
    endloop
  endfacet
  facet normal 0.0 -1.0 -0.0
    outer loop
      vertex 36.72864532470703 3.0 15.84319019317627
      vertex 30.246688842773438 3.0 11.890661239624023
      vertex 37.587703704833984 3.0 13.680806159973145
    endloop
  endfacet
  facet normal 0.0 -1.0 0.0
    outer loop
      vertex 37.587703704833984 3.0 13.680806159973145
      vertex 30.246688842773438 3.0 11.890661239624023
      vertex 30.937345504760742 3.0 9.956439018249512
    endloop
  endfacet
  facet normal 0.0 -1.0 -0.0
    outer loop
      vertex 37.587703704833984 3.0 13.680806159973145
      vertex 30.937345504760742 3.0 9.956439018249512
      vertex 38.319580078125 3.0 11.472128868103027
    endloop
  endfacet
  facet normal 0.0 -1.0 0.0
    outer loop
      vertex 38.319580078125 3.0 11.472128868103027
      vertex 30.937345504760742 3.0 9.956439018249512
      vertex 31.50444984436035 3.0 7.982455730438232
    endloop
  endfacet
  facet normal 0.0 -1.0 -0.0
    outer loop
      vertex 38.319580078125 3.0 11.472128868103027
      vertex 31.50444984436035 3.0 7.982455730438232
      vertex 38.92179489135742 3.0 9.224635124206543
    endloop
  endfacet
  facet normal 0.0 -1.0 0.0
    outer loop
      vertex 38.92179489135742 3.0 9.224635124206543
      vertex 31.50444984436035 3.0 7.982455730438232
      vertex 31.618202209472656 3.0 7.264838218688965
    endloop
  endfacet
  facet normal 0.0 -1.0 -0.0
    outer loop
      vertex 38.92179489135742 3.0 9.224635124206543
      vertex 31.618202209472656 3.0 7.264838218688965
      vertex 39.392311096191406 3.0 6.945927143096924
    endloop
  endfacet
  facet normal -0.0 -1.0 0.0
    outer loop
      vertex 39.392311096191406 3.0 6.945927143096924
      vertex 31.618202209472656 3.0 7.264838218688965
      vertex 31.600265502929688 3.0 6.538482666015625
    endloop
  endfacet
  facet normal 0.0 -1.0 0.0
    outer loop
      vertex 39.392311096191406 3.0 6.945927143096924
      vertex 31.600265502929688 3.0 6.538482666015625
      vertex 31.451231002807617 3.0 5.827354431152344
    endloop
  endfacet
  facet normal 0.0 -1.0 -0.0
    outer loop
      vertex 39.392311096191406 3.0 6.945927143096924
      vertex 31.451231002807617 3.0 5.827354431152344
      vertex 39.72953414916992 3.0 4.643716335296631
    endloop
  endfacet
  facet normal 0.0 -1.0 0.0
    outer loop
      vertex 39.72953414916992 3.0 4.643716335296631
      vertex 31.451231002807617 3.0 5.827354431152344
      vertex 31.17601776123047 3.0 5.154917240142822
    endloop
  endfacet
  facet normal -0.0 -1.0 -0.0
    outer loop
      vertex 39.72953414916992 3.0 4.643716335296631
      vertex 31.17601776123047 3.0 5.154917240142822
      vertex 39.93232727050781 3.0 2.3257932662963867
    endloop
  endfacet
  facet normal 0.0 -1.0 0.0
    outer loop
      vertex 39.93232727050781 3.0 2.3257932662963867
      vertex 31.17601776123047 3.0 5.154917240142822
      vertex 30.78370475769043 3.0 4.543358325958252
    endloop
  endfacet
  facet normal -0.0 -1.0 -0.0
    outer loop
      vertex 39.93232727050781 3.0 2.3257932662963867
      vertex 30.78370475769043 3.0 4.543358325958252
      vertex 40.0 3.0 0.0
    endloop
  endfacet
  facet normal 0.0 -1.0 0.0
    outer loop
      vertex 40.0 3.0 0.0
      vertex 30.78370475769043 3.0 4.543358325958252
      vertex 30.2872371673584 3.0 4.012855052947998
    endloop
  endfacet
  facet normal -0.9995769262313843 0.0 0.029084717854857445
    outer loop
      vertex -39.93232727050781 3.0 2.3257932662963867
      vertex -39.93232727050781 7.0 2.3257932662963867
      vertex -40.0 3.0 4.8985871985824346e-15
    endloop
  endfacet
  facet normal -0.9995769262313843 0.0 0.029084717854857445
    outer loop
      vertex -40.0 3.0 4.8985871985824346e-15
      vertex -39.93232727050781 7.0 2.3257932662963867
      vertex -40.0 7.0 4.8985871985824346e-15
    endloop
  endfacet
  facet normal -0.9995769262313843 0.0 -0.029084717854857445
    outer loop
      vertex -40.0 3.0 4.8985871985824346e-15
      vertex -40.0 7.0 4.8985871985824346e-15
      vertex -39.93232727050781 3.0 -2.3257932662963867
    endloop
  endfacet
  facet normal -0.9995769262313843 0.0 -0.029084717854857445
    outer loop
      vertex -39.93232727050781 3.0 -2.3257932662963867
      vertex -40.0 7.0 4.8985871985824346e-15
      vertex -39.93232727050781 7.0 -2.3257932662963867
    endloop
  endfacet
  facet normal -0.9961947202682495 0.0 -0.08715574443340302
    outer loop
      vertex -39.93232727050781 3.0 -2.3257932662963867
      vertex -39.93232727050781 7.0 -2.3257932662963867
      vertex -39.72953414916992 3.0 -4.643716335296631
    endloop
  endfacet
  facet normal -0.9961947202682495 0.0 -0.08715574443340302
    outer loop
      vertex -39.72953414916992 3.0 -4.643716335296631
      vertex -39.93232727050781 7.0 -2.3257932662963867
      vertex -39.72953414916992 7.0 -4.643716335296631
    endloop
  endfacet
  facet normal -0.9894416332244873 0.0 -0.1449318528175354
    outer loop
      vertex -39.72953414916992 3.0 -4.643716335296631
      vertex -39.72953414916992 7.0 -4.643716335296631
      vertex -39.392311096191406 3.0 -6.945927143096924
    endloop
  endfacet
  facet normal -0.9894416332244873 0.0 -0.1449318528175354
    outer loop
      vertex -39.392311096191406 3.0 -6.945927143096924
      vertex -39.72953414916992 7.0 -4.643716335296631
      vertex -39.392311096191406 7.0 -6.945927143096924
    endloop
  endfacet
  facet normal -0.9793406128883362 0.0 -0.20221757888793945
    outer loop
      vertex -39.392311096191406 3.0 -6.945927143096924
      vertex -39.392311096191406 7.0 -6.945927143096924
      vertex -38.92179489135742 3.0 -9.224635124206543
    endloop
  endfacet
  facet normal -0.9793406128883362 0.0 -0.20221757888793945
    outer loop
      vertex -38.92179489135742 3.0 -9.224635124206543
      vertex -39.392311096191406 7.0 -6.945927143096924
      vertex -38.92179489135742 7.0 -9.224635124206543
    endloop
  endfacet
  facet normal -0.9659258127212524 0.0 -0.258819043636322
    outer loop
      vertex -38.92179489135742 3.0 -9.224635124206543
      vertex -38.92179489135742 7.0 -9.224635124206543
      vertex -38.319580078125 3.0 -11.472128868103027
    endloop
  endfacet
  facet normal -0.9659258127212524 0.0 -0.258819043636322
    outer loop
      vertex -38.319580078125 3.0 -11.472128868103027
      vertex -38.92179489135742 7.0 -9.224635124206543
      vertex -38.319580078125 7.0 -11.472128868103027
    endloop
  endfacet
  facet normal -0.9492426514625549 0.0 -0.31454476714134216
    outer loop
      vertex -38.319580078125 3.0 -11.472128868103027
      vertex -38.319580078125 7.0 -11.472128868103027
      vertex -37.587703704833984 3.0 -13.680806159973145
    endloop
  endfacet
  facet normal -0.9492426514625549 0.0 -0.31454476714134216
    outer loop
      vertex -37.587703704833984 3.0 -13.680806159973145
      vertex -38.319580078125 7.0 -11.472128868103027
      vertex -37.587703704833984 7.0 -13.680806159973145
    endloop
  endfacet
  facet normal -0.9293475151062012 0.0 -0.36920616030693054
    outer loop
      vertex -37.587703704833984 3.0 -13.680806159973145
      vertex -37.587703704833984 7.0 -13.680806159973145
      vertex -36.72864532470703 3.0 -15.84319019317627
    endloop
  endfacet
  facet normal -0.9293475151062012 0.0 -0.36920616030693054
    outer loop
      vertex -36.72864532470703 3.0 -15.84319019317627
      vertex -37.587703704833984 7.0 -13.680806159973145
      vertex -36.72864532470703 7.0 -15.84319019317627
    endloop
  endfacet
  facet normal -0.9063078165054321 0.0 -0.4226182699203491
    outer loop
      vertex -36.72864532470703 3.0 -15.84319019317627
      vertex -36.72864532470703 7.0 -15.84319019317627
      vertex -35.745304107666016 3.0 -17.951967239379883
    endloop
  endfacet
  facet normal -0.9063078165054321 0.0 -0.4226182699203491
    outer loop
      vertex -35.745304107666016 3.0 -17.951967239379883
      vertex -36.72864532470703 7.0 -15.84319019317627
      vertex -35.745304107666016 7.0 -17.951967239379883
    endloop
  endfacet
  facet normal -0.8802013993263245 0.0 -0.4746003746986389
    outer loop
      vertex -35.745304107666016 3.0 -17.951967239379883
      vertex -35.745304107666016 7.0 -17.951967239379883
      vertex -34.64101791381836 3.0 -20.0
    endloop
  endfacet
  facet normal -0.8802013993263245 0.0 -0.4746003746986389
    outer loop
      vertex -34.64101791381836 3.0 -20.0
      vertex -35.745304107666016 7.0 -17.951967239379883
      vertex -34.64101791381836 7.0 -20.0
    endloop
  endfacet
  facet normal -0.8511166572570801 0.0 -0.5249765515327454
    outer loop
      vertex -34.64101791381836 3.0 -20.0
      vertex -34.64101791381836 7.0 -20.0
      vertex -33.41951370239258 3.0 -21.98036003112793
    endloop
  endfacet
  facet normal -0.8511166572570801 0.0 -0.5249765515327454
    outer loop
      vertex -33.41951370239258 3.0 -21.98036003112793
      vertex -34.64101791381836 7.0 -20.0
      vertex -33.41951370239258 7.0 -21.98036003112793
    endloop
  endfacet
  facet normal -0.8191520571708679 0.0 -0.5735764503479004
    outer loop
      vertex -33.41951370239258 3.0 -21.98036003112793
      vertex -33.41951370239258 7.0 -21.98036003112793
      vertex -32.08492660522461 3.0 -23.886343002319336
    endloop
  endfacet
  facet normal -0.8191520571708679 0.0 -0.5735764503479004
    outer loop
      vertex -32.08492660522461 3.0 -23.886343002319336
      vertex -33.41951370239258 7.0 -21.98036003112793
      vertex -32.08492660522461 7.0 -23.886343002319336
    endloop
  endfacet
  facet normal -0.7844156622886658 0.0 -0.6202355027198792
    outer loop
      vertex -32.08492660522461 3.0 -23.886343002319336
      vertex -32.08492660522461 7.0 -23.886343002319336
      vertex -30.64177703857422 3.0 -25.711503982543945
    endloop
  endfacet
  facet normal -0.7844156622886658 0.0 -0.6202355027198792
    outer loop
      vertex -30.64177703857422 3.0 -25.711503982543945
      vertex -32.08492660522461 7.0 -23.886343002319336
      vertex -30.64177703857422 7.0 -25.711503982543945
    endloop
  endfacet
  facet normal -0.7470250725746155 0.0 -0.6647958755493164
    outer loop
      vertex -30.64177703857422 3.0 -25.711503982543945
      vertex -30.64177703857422 7.0 -25.711503982543945
      vertex -29.094945907592773 3.0 -27.449665069580078
    endloop
  endfacet
  facet normal -0.7470250725746155 0.0 -0.6647958755493164
    outer loop
      vertex -29.094945907592773 3.0 -27.449665069580078
      vertex -30.64177703857422 7.0 -25.711503982543945
      vertex -29.094945907592773 7.0 -27.449665069580078
    endloop
  endfacet
  facet normal -0.7071067690849304 0.0 -0.7071067690849304
    outer loop
      vertex -29.094945907592773 3.0 -27.449665069580078
      vertex -29.094945907592773 7.0 -27.449665069580078
      vertex -27.449665069580078 3.0 -29.094945907592773
    endloop
  endfacet
  facet normal -0.7071067690849304 0.0 -0.7071067690849304
    outer loop
      vertex -27.449665069580078 3.0 -29.094945907592773
      vertex -29.094945907592773 7.0 -27.449665069580078
      vertex -27.449665069580078 7.0 -29.094945907592773
    endloop
  endfacet
  facet normal -0.6647958755493164 0.0 -0.7470250725746155
    outer loop
      vertex -27.449665069580078 3.0 -29.094945907592773
      vertex -27.449665069580078 7.0 -29.094945907592773
      vertex -25.711503982543945 3.0 -30.64177703857422
    endloop
  endfacet
  facet normal -0.6647958755493164 0.0 -0.7470250725746155
    outer loop
      vertex -25.711503982543945 3.0 -30.64177703857422
      vertex -27.449665069580078 7.0 -29.094945907592773
      vertex -25.711503982543945 7.0 -30.64177703857422
    endloop
  endfacet
  facet normal -0.6202355027198792 0.0 -0.7844156622886658
    outer loop
      vertex -25.711503982543945 3.0 -30.64177703857422
      vertex -25.711503982543945 7.0 -30.64177703857422
      vertex -23.886343002319336 3.0 -32.08492660522461
    endloop
  endfacet
  facet normal -0.6202355027198792 0.0 -0.7844156622886658
    outer loop
      vertex -23.886343002319336 3.0 -32.08492660522461
      vertex -25.711503982543945 7.0 -30.64177703857422
      vertex -23.886343002319336 7.0 -32.08492660522461
    endloop
  endfacet
  facet normal -0.5735764503479004 0.0 -0.8191520571708679
    outer loop
      vertex -23.886343002319336 3.0 -32.08492660522461
      vertex -23.886343002319336 7.0 -32.08492660522461
      vertex -21.98036003112793 3.0 -33.41951370239258
    endloop
  endfacet
  facet normal -0.5735764503479004 0.0 -0.8191520571708679
    outer loop
      vertex -21.98036003112793 3.0 -33.41951370239258
      vertex -23.886343002319336 7.0 -32.08492660522461
      vertex -21.98036003112793 7.0 -33.41951370239258
    endloop
  endfacet
  facet normal -0.5249765515327454 0.0 -0.8511166572570801
    outer loop
      vertex -21.98036003112793 3.0 -33.41951370239258
      vertex -21.98036003112793 7.0 -33.41951370239258
      vertex -20.0 3.0 -34.64101791381836
    endloop
  endfacet
  facet normal -0.5249765515327454 0.0 -0.8511166572570801
    outer loop
      vertex -20.0 3.0 -34.64101791381836
      vertex -21.98036003112793 7.0 -33.41951370239258
      vertex -20.0 7.0 -34.64101791381836
    endloop
  endfacet
  facet normal -0.4746003746986389 0.0 -0.8802013993263245
    outer loop
      vertex -20.0 3.0 -34.64101791381836
      vertex -20.0 7.0 -34.64101791381836
      vertex -17.951967239379883 3.0 -35.745304107666016
    endloop
  endfacet
  facet normal -0.4746003746986389 0.0 -0.8802013993263245
    outer loop
      vertex -17.951967239379883 3.0 -35.745304107666016
      vertex -20.0 7.0 -34.64101791381836
      vertex -17.951967239379883 7.0 -35.745304107666016
    endloop
  endfacet
  facet normal -0.4226182699203491 0.0 -0.9063078165054321
    outer loop
      vertex -17.951967239379883 3.0 -35.745304107666016
      vertex -17.951967239379883 7.0 -35.745304107666016
      vertex -15.84319019317627 3.0 -36.72864532470703
    endloop
  endfacet
  facet normal -0.4226182699203491 0.0 -0.9063078165054321
    outer loop
      vertex -15.84319019317627 3.0 -36.72864532470703
      vertex -17.951967239379883 7.0 -35.745304107666016
      vertex -15.84319019317627 7.0 -36.72864532470703
    endloop
  endfacet
  facet normal -0.36920616030693054 0.0 -0.9293475151062012
    outer loop
      vertex -15.84319019317627 3.0 -36.72864532470703
      vertex -15.84319019317627 7.0 -36.72864532470703
      vertex -13.680806159973145 3.0 -37.587703704833984
    endloop
  endfacet
  facet normal -0.36920616030693054 0.0 -0.9293475151062012
    outer loop
      vertex -13.680806159973145 3.0 -37.587703704833984
      vertex -15.84319019317627 7.0 -36.72864532470703
      vertex -13.680806159973145 7.0 -37.587703704833984
    endloop
  endfacet
  facet normal -0.31454476714134216 0.0 -0.9492426514625549
    outer loop
      vertex -13.680806159973145 3.0 -37.587703704833984
      vertex -13.680806159973145 7.0 -37.587703704833984
      vertex -11.472128868103027 3.0 -38.319580078125
    endloop
  endfacet
  facet normal -0.31454476714134216 0.0 -0.9492426514625549
    outer loop
      vertex -11.472128868103027 3.0 -38.319580078125
      vertex -13.680806159973145 7.0 -37.587703704833984
      vertex -11.472128868103027 7.0 -38.319580078125
    endloop
  endfacet
  facet normal -0.258819043636322 0.0 -0.9659258127212524
    outer loop
      vertex -11.472128868103027 3.0 -38.319580078125
      vertex -11.472128868103027 7.0 -38.319580078125
      vertex -9.224635124206543 3.0 -38.92179489135742
    endloop
  endfacet
  facet normal -0.258819043636322 0.0 -0.9659258127212524
    outer loop
      vertex -9.224635124206543 3.0 -38.92179489135742
      vertex -11.472128868103027 7.0 -38.319580078125
      vertex -9.224635124206543 7.0 -38.92179489135742
    endloop
  endfacet
  facet normal -0.20221757888793945 0.0 -0.9793406128883362
    outer loop
      vertex -9.224635124206543 3.0 -38.92179489135742
      vertex -9.224635124206543 7.0 -38.92179489135742
      vertex -6.945927143096924 3.0 -39.392311096191406
    endloop
  endfacet
  facet normal -0.20221757888793945 0.0 -0.9793406128883362
    outer loop
      vertex -6.945927143096924 3.0 -39.392311096191406
      vertex -9.224635124206543 7.0 -38.92179489135742
      vertex -6.945927143096924 7.0 -39.392311096191406
    endloop
  endfacet
  facet normal -0.1449318528175354 0.0 -0.9894416332244873
    outer loop
      vertex -6.945927143096924 3.0 -39.392311096191406
      vertex -6.945927143096924 7.0 -39.392311096191406
      vertex -4.643716335296631 3.0 -39.72953414916992
    endloop
  endfacet
  facet normal -0.1449318528175354 0.0 -0.9894416332244873
    outer loop
      vertex -4.643716335296631 3.0 -39.72953414916992
      vertex -6.945927143096924 7.0 -39.392311096191406
      vertex -4.643716335296631 7.0 -39.72953414916992
    endloop
  endfacet
  facet normal -0.08715574443340302 0.0 -0.9961947202682495
    outer loop
      vertex -4.643716335296631 3.0 -39.72953414916992
      vertex -4.643716335296631 7.0 -39.72953414916992
      vertex -2.3257932662963867 3.0 -39.93232727050781
    endloop
  endfacet
  facet normal -0.08715574443340302 0.0 -0.9961947202682495
    outer loop
      vertex -2.3257932662963867 3.0 -39.93232727050781
      vertex -4.643716335296631 7.0 -39.72953414916992
      vertex -2.3257932662963867 7.0 -39.93232727050781
    endloop
  endfacet
  facet normal -0.029084717854857445 0.0 -0.9995769262313843
    outer loop
      vertex -2.3257932662963867 3.0 -39.93232727050781
      vertex -2.3257932662963867 7.0 -39.93232727050781
      vertex 2.4492935992912173e-15 3.0 -40.0
    endloop
  endfacet
  facet normal -0.029084717854857445 0.0 -0.9995769262313843
    outer loop
      vertex 2.4492935992912173e-15 3.0 -40.0
      vertex -2.3257932662963867 7.0 -39.93232727050781
      vertex 2.4492935992912173e-15 7.0 -40.0
    endloop
  endfacet
  facet normal 0.029084717854857445 0.0 -0.9995769262313843
    outer loop
      vertex 2.4492935992912173e-15 3.0 -40.0
      vertex 2.4492935992912173e-15 7.0 -40.0
      vertex 2.3257932662963867 3.0 -39.93232727050781
    endloop
  endfacet
  facet normal 0.029084717854857445 0.0 -0.9995769262313843
    outer loop
      vertex 2.3257932662963867 3.0 -39.93232727050781
      vertex 2.4492935992912173e-15 7.0 -40.0
      vertex 2.3257932662963867 7.0 -39.93232727050781
    endloop
  endfacet
  facet normal 0.08715574443340302 0.0 -0.9961947202682495
    outer loop
      vertex 2.3257932662963867 3.0 -39.93232727050781
      vertex 2.3257932662963867 7.0 -39.93232727050781
      vertex 4.643716335296631 3.0 -39.72953414916992
    endloop
  endfacet
  facet normal 0.08715574443340302 0.0 -0.9961947202682495
    outer loop
      vertex 4.643716335296631 3.0 -39.72953414916992
      vertex 2.3257932662963867 7.0 -39.93232727050781
      vertex 4.643716335296631 7.0 -39.72953414916992
    endloop
  endfacet
  facet normal 0.1449318528175354 0.0 -0.9894416332244873
    outer loop
      vertex 4.643716335296631 3.0 -39.72953414916992
      vertex 4.643716335296631 7.0 -39.72953414916992
      vertex 6.945927143096924 3.0 -39.392311096191406
    endloop
  endfacet
  facet normal 0.1449318528175354 0.0 -0.9894416332244873
    outer loop
      vertex 6.945927143096924 3.0 -39.392311096191406
      vertex 4.643716335296631 7.0 -39.72953414916992
      vertex 6.945927143096924 7.0 -39.392311096191406
    endloop
  endfacet
  facet normal 0.20221757888793945 0.0 -0.9793406128883362
    outer loop
      vertex 6.945927143096924 3.0 -39.392311096191406
      vertex 6.945927143096924 7.0 -39.392311096191406
      vertex 9.224635124206543 3.0 -38.92179489135742
    endloop
  endfacet
  facet normal 0.20221757888793945 0.0 -0.9793406128883362
    outer loop
      vertex 9.224635124206543 3.0 -38.92179489135742
      vertex 6.945927143096924 7.0 -39.392311096191406
      vertex 9.224635124206543 7.0 -38.92179489135742
    endloop
  endfacet
  facet normal 0.258819043636322 0.0 -0.9659258127212524
    outer loop
      vertex 9.224635124206543 3.0 -38.92179489135742
      vertex 9.224635124206543 7.0 -38.92179489135742
      vertex 11.472128868103027 3.0 -38.319580078125
    endloop
  endfacet
  facet normal 0.258819043636322 0.0 -0.9659258127212524
    outer loop
      vertex 11.472128868103027 3.0 -38.319580078125
      vertex 9.224635124206543 7.0 -38.92179489135742
      vertex 11.472128868103027 7.0 -38.319580078125
    endloop
  endfacet
  facet normal 0.31454476714134216 0.0 -0.9492426514625549
    outer loop
      vertex 11.472128868103027 3.0 -38.319580078125
      vertex 11.472128868103027 7.0 -38.319580078125
      vertex 13.680806159973145 3.0 -37.587703704833984
    endloop
  endfacet
  facet normal 0.31454476714134216 0.0 -0.9492426514625549
    outer loop
      vertex 13.680806159973145 3.0 -37.587703704833984
      vertex 11.472128868103027 7.0 -38.319580078125
      vertex 13.680806159973145 7.0 -37.587703704833984
    endloop
  endfacet
  facet normal 0.36920616030693054 0.0 -0.9293475151062012
    outer loop
      vertex 13.680806159973145 3.0 -37.587703704833984
      vertex 13.680806159973145 7.0 -37.587703704833984
      vertex 15.84319019317627 3.0 -36.72864532470703
    endloop
  endfacet
  facet normal 0.36920616030693054 0.0 -0.9293475151062012
    outer loop
      vertex 15.84319019317627 3.0 -36.72864532470703
      vertex 13.680806159973145 7.0 -37.587703704833984
      vertex 15.84319019317627 7.0 -36.72864532470703
    endloop
  endfacet
  facet normal 0.4226182699203491 0.0 -0.9063078165054321
    outer loop
      vertex 15.84319019317627 3.0 -36.72864532470703
      vertex 15.84319019317627 7.0 -36.72864532470703
      vertex 17.951967239379883 3.0 -35.745304107666016
    endloop
  endfacet
  facet normal 0.4226182699203491 0.0 -0.9063078165054321
    outer loop
      vertex 17.951967239379883 3.0 -35.745304107666016
      vertex 15.84319019317627 7.0 -36.72864532470703
      vertex 17.951967239379883 7.0 -35.745304107666016
    endloop
  endfacet
  facet normal 0.4746003746986389 0.0 -0.8802013993263245
    outer loop
      vertex 17.951967239379883 3.0 -35.745304107666016
      vertex 17.951967239379883 7.0 -35.745304107666016
      vertex 20.0 3.0 -34.64101791381836
    endloop
  endfacet
  facet normal 0.4746003746986389 0.0 -0.8802013993263245
    outer loop
      vertex 20.0 3.0 -34.64101791381836
      vertex 17.951967239379883 7.0 -35.745304107666016
      vertex 20.0 7.0 -34.64101791381836
    endloop
  endfacet
  facet normal 0.5249765515327454 0.0 -0.8511166572570801
    outer loop
      vertex 20.0 3.0 -34.64101791381836
      vertex 20.0 7.0 -34.64101791381836
      vertex 21.98036003112793 3.0 -33.41951370239258
    endloop
  endfacet
  facet normal 0.5249765515327454 0.0 -0.8511166572570801
    outer loop
      vertex 21.98036003112793 3.0 -33.41951370239258
      vertex 20.0 7.0 -34.64101791381836
      vertex 21.98036003112793 7.0 -33.41951370239258
    endloop
  endfacet
  facet normal 0.5735764503479004 0.0 -0.8191520571708679
    outer loop
      vertex 21.98036003112793 3.0 -33.41951370239258
      vertex 21.98036003112793 7.0 -33.41951370239258
      vertex 23.886343002319336 3.0 -32.08492660522461
    endloop
  endfacet
  facet normal 0.5735764503479004 0.0 -0.8191520571708679
    outer loop
      vertex 23.886343002319336 3.0 -32.08492660522461
      vertex 21.98036003112793 7.0 -33.41951370239258
      vertex 23.886343002319336 7.0 -32.08492660522461
    endloop
  endfacet
  facet normal 0.6202355027198792 0.0 -0.7844156622886658
    outer loop
      vertex 23.886343002319336 3.0 -32.08492660522461
      vertex 23.886343002319336 7.0 -32.08492660522461
      vertex 25.711503982543945 3.0 -30.64177703857422
    endloop
  endfacet
  facet normal 0.6202355027198792 0.0 -0.7844156622886658
    outer loop
      vertex 25.711503982543945 3.0 -30.64177703857422
      vertex 23.886343002319336 7.0 -32.08492660522461
      vertex 25.711503982543945 7.0 -30.64177703857422
    endloop
  endfacet
  facet normal 0.6647958755493164 0.0 -0.7470250725746155
    outer loop
      vertex 25.711503982543945 3.0 -30.64177703857422
      vertex 25.711503982543945 7.0 -30.64177703857422
      vertex 27.449665069580078 3.0 -29.094945907592773
    endloop
  endfacet
  facet normal 0.6647958755493164 0.0 -0.7470250725746155
    outer loop
      vertex 27.449665069580078 3.0 -29.094945907592773
      vertex 25.711503982543945 7.0 -30.64177703857422
      vertex 27.449665069580078 7.0 -29.094945907592773
    endloop
  endfacet
  facet normal 0.7071067690849304 0.0 -0.7071067690849304
    outer loop
      vertex 27.449665069580078 3.0 -29.094945907592773
      vertex 27.449665069580078 7.0 -29.094945907592773
      vertex 29.094945907592773 3.0 -27.449665069580078
    endloop
  endfacet
  facet normal 0.7071067690849304 0.0 -0.7071067690849304
    outer loop
      vertex 29.094945907592773 3.0 -27.449665069580078
      vertex 27.449665069580078 7.0 -29.094945907592773
      vertex 29.094945907592773 7.0 -27.449665069580078
    endloop
  endfacet
  facet normal 0.7470250725746155 0.0 -0.6647958755493164
    outer loop
      vertex 29.094945907592773 3.0 -27.449665069580078
      vertex 29.094945907592773 7.0 -27.449665069580078
      vertex 30.64177703857422 3.0 -25.711503982543945
    endloop
  endfacet
  facet normal 0.7470250725746155 0.0 -0.6647958755493164
    outer loop
      vertex 30.64177703857422 3.0 -25.711503982543945
      vertex 29.094945907592773 7.0 -27.449665069580078
      vertex 30.64177703857422 7.0 -25.711503982543945
    endloop
  endfacet
  facet normal 0.7844156622886658 0.0 -0.6202355027198792
    outer loop
      vertex 30.64177703857422 3.0 -25.711503982543945
      vertex 30.64177703857422 7.0 -25.711503982543945
      vertex 32.08492660522461 3.0 -23.886343002319336
    endloop
  endfacet
  facet normal 0.7844156622886658 0.0 -0.6202355027198792
    outer loop
      vertex 32.08492660522461 3.0 -23.886343002319336
      vertex 30.64177703857422 7.0 -25.711503982543945
      vertex 32.08492660522461 7.0 -23.886343002319336
    endloop
  endfacet
  facet normal 0.8191520571708679 0.0 -0.5735764503479004
    outer loop
      vertex 32.08492660522461 3.0 -23.886343002319336
      vertex 32.08492660522461 7.0 -23.886343002319336
      vertex 33.41951370239258 3.0 -21.98036003112793
    endloop
  endfacet
  facet normal 0.8191520571708679 0.0 -0.5735764503479004
    outer loop
      vertex 33.41951370239258 3.0 -21.98036003112793
      vertex 32.08492660522461 7.0 -23.886343002319336
      vertex 33.41951370239258 7.0 -21.98036003112793
    endloop
  endfacet
  facet normal 0.8511166572570801 0.0 -0.5249765515327454
    outer loop
      vertex 33.41951370239258 3.0 -21.98036003112793
      vertex 33.41951370239258 7.0 -21.98036003112793
      vertex 34.64101791381836 3.0 -20.0
    endloop
  endfacet
  facet normal 0.8511166572570801 0.0 -0.5249765515327454
    outer loop
      vertex 34.64101791381836 3.0 -20.0
      vertex 33.41951370239258 7.0 -21.98036003112793
      vertex 34.64101791381836 7.0 -20.0
    endloop
  endfacet
  facet normal 0.8802013993263245 0.0 -0.4746003746986389
    outer loop
      vertex 34.64101791381836 3.0 -20.0
      vertex 34.64101791381836 7.0 -20.0
      vertex 35.745304107666016 3.0 -17.951967239379883
    endloop
  endfacet
  facet normal 0.8802013993263245 0.0 -0.4746003746986389
    outer loop
      vertex 35.745304107666016 3.0 -17.951967239379883
      vertex 34.64101791381836 7.0 -20.0
      vertex 35.745304107666016 7.0 -17.951967239379883
    endloop
  endfacet
  facet normal 0.9063078165054321 0.0 -0.4226182699203491
    outer loop
      vertex 35.745304107666016 3.0 -17.951967239379883
      vertex 35.745304107666016 7.0 -17.951967239379883
      vertex 36.72864532470703 3.0 -15.84319019317627
    endloop
  endfacet
  facet normal 0.9063078165054321 0.0 -0.4226182699203491
    outer loop
      vertex 36.72864532470703 3.0 -15.84319019317627
      vertex 35.745304107666016 7.0 -17.951967239379883
      vertex 36.72864532470703 7.0 -15.84319019317627
    endloop
  endfacet
  facet normal 0.9293475151062012 0.0 -0.36920616030693054
    outer loop
      vertex 36.72864532470703 3.0 -15.84319019317627
      vertex 36.72864532470703 7.0 -15.84319019317627
      vertex 37.587703704833984 3.0 -13.680806159973145
    endloop
  endfacet
  facet normal 0.9293475151062012 0.0 -0.36920616030693054
    outer loop
      vertex 37.587703704833984 3.0 -13.680806159973145
      vertex 36.72864532470703 7.0 -15.84319019317627
      vertex 37.587703704833984 7.0 -13.680806159973145
    endloop
  endfacet
  facet normal 0.9492426514625549 0.0 -0.31454476714134216
    outer loop
      vertex 37.587703704833984 3.0 -13.680806159973145
      vertex 37.587703704833984 7.0 -13.680806159973145
      vertex 38.319580078125 3.0 -11.472128868103027
    endloop
  endfacet
  facet normal 0.9492426514625549 0.0 -0.31454476714134216
    outer loop
      vertex 38.319580078125 3.0 -11.472128868103027
      vertex 37.587703704833984 7.0 -13.680806159973145
      vertex 38.319580078125 7.0 -11.472128868103027
    endloop
  endfacet
  facet normal 0.9659258127212524 0.0 -0.258819043636322
    outer loop
      vertex 38.319580078125 3.0 -11.472128868103027
      vertex 38.319580078125 7.0 -11.472128868103027
      vertex 38.92179489135742 3.0 -9.224635124206543
    endloop
  endfacet
  facet normal 0.9659258127212524 0.0 -0.258819043636322
    outer loop
      vertex 38.92179489135742 3.0 -9.224635124206543
      vertex 38.319580078125 7.0 -11.472128868103027
      vertex 38.92179489135742 7.0 -9.224635124206543
    endloop
  endfacet
  facet normal 0.9793406128883362 0.0 -0.20221757888793945
    outer loop
      vertex 38.92179489135742 3.0 -9.224635124206543
      vertex 38.92179489135742 7.0 -9.224635124206543
      vertex 39.392311096191406 3.0 -6.945927143096924
    endloop
  endfacet
  facet normal 0.9793406128883362 0.0 -0.20221757888793945
    outer loop
      vertex 39.392311096191406 3.0 -6.945927143096924
      vertex 38.92179489135742 7.0 -9.224635124206543
      vertex 39.392311096191406 7.0 -6.945927143096924
    endloop
  endfacet
  facet normal 0.9894416332244873 0.0 -0.1449318528175354
    outer loop
      vertex 39.392311096191406 3.0 -6.945927143096924
      vertex 39.392311096191406 7.0 -6.945927143096924
      vertex 39.72953414916992 3.0 -4.643716335296631
    endloop
  endfacet
  facet normal 0.9894416332244873 0.0 -0.1449318528175354
    outer loop
      vertex 39.72953414916992 3.0 -4.643716335296631
      vertex 39.392311096191406 7.0 -6.945927143096924
      vertex 39.72953414916992 7.0 -4.643716335296631
    endloop
  endfacet
  facet normal 0.9961947202682495 0.0 -0.08715574443340302
    outer loop
      vertex 39.72953414916992 3.0 -4.643716335296631
      vertex 39.72953414916992 7.0 -4.643716335296631
      vertex 39.93232727050781 3.0 -2.3257932662963867
    endloop
  endfacet
  facet normal 0.9961947202682495 0.0 -0.08715574443340302
    outer loop
      vertex 39.93232727050781 3.0 -2.3257932662963867
      vertex 39.72953414916992 7.0 -4.643716335296631
      vertex 39.93232727050781 7.0 -2.3257932662963867
    endloop
  endfacet
  facet normal 0.9995769262313843 0.0 -0.029084717854857445
    outer loop
      vertex 39.93232727050781 3.0 -2.3257932662963867
      vertex 39.93232727050781 7.0 -2.3257932662963867
      vertex 40.0 3.0 0.0
    endloop
  endfacet
  facet normal 0.9995769262313843 0.0 -0.029084717854857445
    outer loop
      vertex 40.0 3.0 0.0
      vertex 39.93232727050781 7.0 -2.3257932662963867
      vertex 40.0 7.0 0.0
    endloop
  endfacet
  facet normal 0.9995769262313843 -0.0 0.029084717854857445
    outer loop
      vertex 40.0 3.0 0.0
      vertex 40.0 7.0 0.0
      vertex 39.93232727050781 3.0 2.3257932662963867
    endloop
  endfacet
  facet normal 0.9995769262313843 -0.0 0.029084717854857445
    outer loop
      vertex 39.93232727050781 3.0 2.3257932662963867
      vertex 40.0 7.0 0.0
      vertex 39.93232727050781 7.0 2.3257932662963867
    endloop
  endfacet
  facet normal 0.9961947202682495 -0.0 0.08715574443340302
    outer loop
      vertex 39.93232727050781 3.0 2.3257932662963867
      vertex 39.93232727050781 7.0 2.3257932662963867
      vertex 39.72953414916992 3.0 4.643716335296631
    endloop
  endfacet
  facet normal 0.9961947202682495 -0.0 0.08715574443340302
    outer loop
      vertex 39.72953414916992 3.0 4.643716335296631
      vertex 39.93232727050781 7.0 2.3257932662963867
      vertex 39.72953414916992 7.0 4.643716335296631
    endloop
  endfacet
  facet normal 0.9894416332244873 -0.0 0.1449318528175354
    outer loop
      vertex 39.72953414916992 3.0 4.643716335296631
      vertex 39.72953414916992 7.0 4.643716335296631
      vertex 39.392311096191406 3.0 6.945927143096924
    endloop
  endfacet
  facet normal 0.9894416332244873 -0.0 0.1449318528175354
    outer loop
      vertex 39.392311096191406 3.0 6.945927143096924
      vertex 39.72953414916992 7.0 4.643716335296631
      vertex 39.392311096191406 7.0 6.945927143096924
    endloop
  endfacet
  facet normal 0.9793406128883362 -0.0 0.20221757888793945
    outer loop
      vertex 39.392311096191406 3.0 6.945927143096924
      vertex 39.392311096191406 7.0 6.945927143096924
      vertex 38.92179489135742 3.0 9.224635124206543
    endloop
  endfacet
  facet normal 0.9793406128883362 -0.0 0.20221757888793945
    outer loop
      vertex 38.92179489135742 3.0 9.224635124206543
      vertex 39.392311096191406 7.0 6.945927143096924
      vertex 38.92179489135742 7.0 9.224635124206543
    endloop
  endfacet
  facet normal 0.9659258127212524 -0.0 0.258819043636322
    outer loop
      vertex 38.92179489135742 3.0 9.224635124206543
      vertex 38.92179489135742 7.0 9.224635124206543
      vertex 38.319580078125 3.0 11.472128868103027
    endloop
  endfacet
  facet normal 0.9659258127212524 -0.0 0.258819043636322
    outer loop
      vertex 38.319580078125 3.0 11.472128868103027
      vertex 38.92179489135742 7.0 9.224635124206543
      vertex 38.319580078125 7.0 11.472128868103027
    endloop
  endfacet
  facet normal 0.9492426514625549 -0.0 0.31454476714134216
    outer loop
      vertex 38.319580078125 3.0 11.472128868103027
      vertex 38.319580078125 7.0 11.472128868103027
      vertex 37.587703704833984 3.0 13.680806159973145
    endloop
  endfacet
  facet normal 0.9492426514625549 -0.0 0.31454476714134216
    outer loop
      vertex 37.587703704833984 3.0 13.680806159973145
      vertex 38.319580078125 7.0 11.472128868103027
      vertex 37.587703704833984 7.0 13.680806159973145
    endloop
  endfacet
  facet normal 0.9293475151062012 -0.0 0.36920616030693054
    outer loop
      vertex 37.587703704833984 3.0 13.680806159973145
      vertex 37.587703704833984 7.0 13.680806159973145
      vertex 36.72864532470703 3.0 15.84319019317627
    endloop
  endfacet
  facet normal 0.9293475151062012 -0.0 0.36920616030693054
    outer loop
      vertex 36.72864532470703 3.0 15.84319019317627
      vertex 37.587703704833984 7.0 13.680806159973145
      vertex 36.72864532470703 7.0 15.84319019317627
    endloop
  endfacet
  facet normal 0.9063078165054321 -0.0 0.4226182699203491
    outer loop
      vertex 36.72864532470703 3.0 15.84319019317627
      vertex 36.72864532470703 7.0 15.84319019317627
      vertex 35.745304107666016 3.0 17.951967239379883
    endloop
  endfacet
  facet normal 0.9063078165054321 -0.0 0.4226182699203491
    outer loop
      vertex 35.745304107666016 3.0 17.951967239379883
      vertex 36.72864532470703 7.0 15.84319019317627
      vertex 35.745304107666016 7.0 17.951967239379883
    endloop
  endfacet
  facet normal 0.8802013993263245 -0.0 0.4746003746986389
    outer loop
      vertex 35.745304107666016 3.0 17.951967239379883
      vertex 35.745304107666016 7.0 17.951967239379883
      vertex 34.64101791381836 3.0 20.0
    endloop
  endfacet
  facet normal 0.8802013993263245 -0.0 0.4746003746986389
    outer loop
      vertex 34.64101791381836 3.0 20.0
      vertex 35.745304107666016 7.0 17.951967239379883
      vertex 34.64101791381836 7.0 20.0
    endloop
  endfacet
  facet normal 0.8511166572570801 -0.0 0.5249765515327454
    outer loop
      vertex 34.64101791381836 3.0 20.0
      vertex 34.64101791381836 7.0 20.0
      vertex 33.41951370239258 3.0 21.98036003112793
    endloop
  endfacet
  facet normal 0.8511166572570801 -0.0 0.5249765515327454
    outer loop
      vertex 33.41951370239258 3.0 21.98036003112793
      vertex 34.64101791381836 7.0 20.0
      vertex 33.41951370239258 7.0 21.98036003112793
    endloop
  endfacet
  facet normal 0.8191520571708679 -0.0 0.5735764503479004
    outer loop
      vertex 33.41951370239258 3.0 21.98036003112793
      vertex 33.41951370239258 7.0 21.98036003112793
      vertex 32.08492660522461 3.0 23.886343002319336
    endloop
  endfacet
  facet normal 0.8191520571708679 -0.0 0.5735764503479004
    outer loop
      vertex 32.08492660522461 3.0 23.886343002319336
      vertex 33.41951370239258 7.0 21.98036003112793
      vertex 32.08492660522461 7.0 23.886343002319336
    endloop
  endfacet
  facet normal 0.7844156622886658 -0.0 0.6202355027198792
    outer loop
      vertex 32.08492660522461 3.0 23.886343002319336
      vertex 32.08492660522461 7.0 23.886343002319336
      vertex 30.64177703857422 3.0 25.711503982543945
    endloop
  endfacet
  facet normal 0.7844156622886658 -0.0 0.6202355027198792
    outer loop
      vertex 30.64177703857422 3.0 25.711503982543945
      vertex 32.08492660522461 7.0 23.886343002319336
      vertex 30.64177703857422 7.0 25.711503982543945
    endloop
  endfacet
  facet normal 0.7470250725746155 -0.0 0.6647958755493164
    outer loop
      vertex 30.64177703857422 3.0 25.711503982543945
      vertex 30.64177703857422 7.0 25.711503982543945
      vertex 29.094945907592773 3.0 27.449665069580078
    endloop
  endfacet
  facet normal 0.7470250725746155 -0.0 0.6647958755493164
    outer loop
      vertex 29.094945907592773 3.0 27.449665069580078
      vertex 30.64177703857422 7.0 25.711503982543945
      vertex 29.094945907592773 7.0 27.449665069580078
    endloop
  endfacet
  facet normal 0.7071067690849304 -0.0 0.7071067690849304
    outer loop
      vertex 29.094945907592773 3.0 27.449665069580078
      vertex 29.094945907592773 7.0 27.449665069580078
      vertex 27.449665069580078 3.0 29.094945907592773
    endloop
  endfacet
  facet normal 0.7071067690849304 -0.0 0.7071067690849304
    outer loop
      vertex 27.449665069580078 3.0 29.094945907592773
      vertex 29.094945907592773 7.0 27.449665069580078
      vertex 27.449665069580078 7.0 29.094945907592773
    endloop
  endfacet
  facet normal 0.6647958755493164 -0.0 0.7470250725746155
    outer loop
      vertex 27.449665069580078 3.0 29.094945907592773
      vertex 27.449665069580078 7.0 29.094945907592773
      vertex 25.711503982543945 3.0 30.64177703857422
    endloop
  endfacet
  facet normal 0.6647958755493164 -0.0 0.7470250725746155
    outer loop
      vertex 25.711503982543945 3.0 30.64177703857422
      vertex 27.449665069580078 7.0 29.094945907592773
      vertex 25.711503982543945 7.0 30.64177703857422
    endloop
  endfacet
  facet normal 0.6202355027198792 -0.0 0.7844156622886658
    outer loop
      vertex 25.711503982543945 3.0 30.64177703857422
      vertex 25.711503982543945 7.0 30.64177703857422
      vertex 23.886343002319336 3.0 32.08492660522461
    endloop
  endfacet
  facet normal 0.6202355027198792 -0.0 0.7844156622886658
    outer loop
      vertex 23.886343002319336 3.0 32.08492660522461
      vertex 25.711503982543945 7.0 30.64177703857422
      vertex 23.886343002319336 7.0 32.08492660522461
    endloop
  endfacet
  facet normal 0.5735764503479004 -0.0 0.8191520571708679
    outer loop
      vertex 23.886343002319336 3.0 32.08492660522461
      vertex 23.886343002319336 7.0 32.08492660522461
      vertex 21.98036003112793 3.0 33.41951370239258
    endloop
  endfacet
  facet normal 0.5735764503479004 -0.0 0.8191520571708679
    outer loop
      vertex 21.98036003112793 3.0 33.41951370239258
      vertex 23.886343002319336 7.0 32.08492660522461
      vertex 21.98036003112793 7.0 33.41951370239258
    endloop
  endfacet
  facet normal 0.5249765515327454 -0.0 0.8511166572570801
    outer loop
      vertex 21.98036003112793 3.0 33.41951370239258
      vertex 21.98036003112793 7.0 33.41951370239258
      vertex 20.0 3.0 34.64101791381836
    endloop
  endfacet
  facet normal 0.5249765515327454 -0.0 0.8511166572570801
    outer loop
      vertex 20.0 3.0 34.64101791381836
      vertex 21.98036003112793 7.0 33.41951370239258
      vertex 20.0 7.0 34.64101791381836
    endloop
  endfacet
  facet normal 0.4746003746986389 -0.0 0.8802013993263245
    outer loop
      vertex 20.0 3.0 34.64101791381836
      vertex 20.0 7.0 34.64101791381836
      vertex 17.951967239379883 3.0 35.745304107666016
    endloop
  endfacet
  facet normal 0.4746003746986389 -0.0 0.8802013993263245
    outer loop
      vertex 17.951967239379883 3.0 35.745304107666016
      vertex 20.0 7.0 34.64101791381836
      vertex 17.951967239379883 7.0 35.745304107666016
    endloop
  endfacet
  facet normal 0.4226182699203491 -0.0 0.9063078165054321
    outer loop
      vertex 17.951967239379883 3.0 35.745304107666016
      vertex 17.951967239379883 7.0 35.745304107666016
      vertex 15.84319019317627 3.0 36.72864532470703
    endloop
  endfacet
  facet normal 0.4226182699203491 -0.0 0.9063078165054321
    outer loop
      vertex 15.84319019317627 3.0 36.72864532470703
      vertex 17.951967239379883 7.0 35.745304107666016
      vertex 15.84319019317627 7.0 36.72864532470703
    endloop
  endfacet
  facet normal 0.36920616030693054 -0.0 0.9293475151062012
    outer loop
      vertex 15.84319019317627 3.0 36.72864532470703
      vertex 15.84319019317627 7.0 36.72864532470703
      vertex 13.680806159973145 3.0 37.587703704833984
    endloop
  endfacet
  facet normal 0.36920616030693054 -0.0 0.9293475151062012
    outer loop
      vertex 13.680806159973145 3.0 37.587703704833984
      vertex 15.84319019317627 7.0 36.72864532470703
      vertex 13.680806159973145 7.0 37.587703704833984
    endloop
  endfacet
  facet normal 0.31454476714134216 -0.0 0.9492426514625549
    outer loop
      vertex 13.680806159973145 3.0 37.587703704833984
      vertex 13.680806159973145 7.0 37.587703704833984
      vertex 11.472128868103027 3.0 38.319580078125
    endloop
  endfacet
  facet normal 0.31454476714134216 -0.0 0.9492426514625549
    outer loop
      vertex 11.472128868103027 3.0 38.319580078125
      vertex 13.680806159973145 7.0 37.587703704833984
      vertex 11.472128868103027 7.0 38.319580078125
    endloop
  endfacet
  facet normal 0.258819043636322 -0.0 0.9659258127212524
    outer loop
      vertex 11.472128868103027 3.0 38.319580078125
      vertex 11.472128868103027 7.0 38.319580078125
      vertex 9.224635124206543 3.0 38.92179489135742
    endloop
  endfacet
  facet normal 0.258819043636322 -0.0 0.9659258127212524
    outer loop
      vertex 9.224635124206543 3.0 38.92179489135742
      vertex 11.472128868103027 7.0 38.319580078125
      vertex 9.224635124206543 7.0 38.92179489135742
    endloop
  endfacet
  facet normal 0.20221757888793945 -0.0 0.9793406128883362
    outer loop
      vertex 9.224635124206543 3.0 38.92179489135742
      vertex 9.224635124206543 7.0 38.92179489135742
      vertex 6.945927143096924 3.0 39.392311096191406
    endloop
  endfacet
  facet normal 0.20221757888793945 -0.0 0.9793406128883362
    outer loop
      vertex 6.945927143096924 3.0 39.392311096191406
      vertex 9.224635124206543 7.0 38.92179489135742
      vertex 6.945927143096924 7.0 39.392311096191406
    endloop
  endfacet
  facet normal 0.1449318528175354 -0.0 0.9894416332244873
    outer loop
      vertex 6.945927143096924 3.0 39.392311096191406
      vertex 6.945927143096924 7.0 39.392311096191406
      vertex 4.643716335296631 3.0 39.72953414916992
    endloop
  endfacet
  facet normal 0.1449318528175354 -0.0 0.9894416332244873
    outer loop
      vertex 4.643716335296631 3.0 39.72953414916992
      vertex 6.945927143096924 7.0 39.392311096191406
      vertex 4.643716335296631 7.0 39.72953414916992
    endloop
  endfacet
  facet normal 0.08715574443340302 -0.0 0.9961947202682495
    outer loop
      vertex 4.643716335296631 3.0 39.72953414916992
      vertex 4.643716335296631 7.0 39.72953414916992
      vertex 2.3257932662963867 3.0 39.93232727050781
    endloop
  endfacet
  facet normal 0.08715574443340302 -0.0 0.9961947202682495
    outer loop
      vertex 2.3257932662963867 3.0 39.93232727050781
      vertex 4.643716335296631 7.0 39.72953414916992
      vertex 2.3257932662963867 7.0 39.93232727050781
    endloop
  endfacet
  facet normal 0.029084717854857445 -0.0 0.9995769262313843
    outer loop
      vertex 2.3257932662963867 3.0 39.93232727050781
      vertex 2.3257932662963867 7.0 39.93232727050781
      vertex 2.4492935992912173e-15 3.0 40.0
    endloop
  endfacet
  facet normal 0.029084717854857445 -0.0 0.9995769262313843
    outer loop
      vertex 2.4492935992912173e-15 3.0 40.0
      vertex 2.3257932662963867 7.0 39.93232727050781
      vertex 2.4492935992912173e-15 7.0 40.0
    endloop
  endfacet
  facet normal -0.029084717854857445 0.0 0.9995769262313843
    outer loop
      vertex 2.4492935992912173e-15 3.0 40.0
      vertex 2.4492935992912173e-15 7.0 40.0
      vertex -2.3257932662963867 3.0 39.93232727050781
    endloop
  endfacet
  facet normal -0.029084717854857445 0.0 0.9995769262313843
    outer loop
      vertex -2.3257932662963867 3.0 39.93232727050781
      vertex 2.4492935992912173e-15 7.0 40.0
      vertex -2.3257932662963867 7.0 39.93232727050781
    endloop
  endfacet
  facet normal -0.08715574443340302 0.0 0.9961947202682495
    outer loop
      vertex -2.3257932662963867 3.0 39.93232727050781
      vertex -2.3257932662963867 7.0 39.93232727050781
      vertex -4.643716335296631 3.0 39.72953414916992
    endloop
  endfacet
  facet normal -0.08715574443340302 0.0 0.9961947202682495
    outer loop
      vertex -4.643716335296631 3.0 39.72953414916992
      vertex -2.3257932662963867 7.0 39.93232727050781
      vertex -4.643716335296631 7.0 39.72953414916992
    endloop
  endfacet
  facet normal -0.1449318528175354 0.0 0.9894416332244873
    outer loop
      vertex -4.643716335296631 3.0 39.72953414916992
      vertex -4.643716335296631 7.0 39.72953414916992
      vertex -6.945927143096924 3.0 39.392311096191406
    endloop
  endfacet
  facet normal -0.1449318528175354 0.0 0.9894416332244873
    outer loop
      vertex -6.945927143096924 3.0 39.392311096191406
      vertex -4.643716335296631 7.0 39.72953414916992
      vertex -6.945927143096924 7.0 39.392311096191406
    endloop
  endfacet
  facet normal -0.20221757888793945 0.0 0.9793406128883362
    outer loop
      vertex -6.945927143096924 3.0 39.392311096191406
      vertex -6.945927143096924 7.0 39.392311096191406
      vertex -9.224635124206543 3.0 38.92179489135742
    endloop
  endfacet
  facet normal -0.20221757888793945 0.0 0.9793406128883362
    outer loop
      vertex -9.224635124206543 3.0 38.92179489135742
      vertex -6.945927143096924 7.0 39.392311096191406
      vertex -9.224635124206543 7.0 38.92179489135742
    endloop
  endfacet
  facet normal -0.258819043636322 0.0 0.9659258127212524
    outer loop
      vertex -9.224635124206543 3.0 38.92179489135742
      vertex -9.224635124206543 7.0 38.92179489135742
      vertex -11.472128868103027 3.0 38.319580078125
    endloop
  endfacet
  facet normal -0.258819043636322 0.0 0.9659258127212524
    outer loop
      vertex -11.472128868103027 3.0 38.319580078125
      vertex -9.224635124206543 7.0 38.92179489135742
      vertex -11.472128868103027 7.0 38.319580078125
    endloop
  endfacet
  facet normal -0.31454476714134216 0.0 0.9492426514625549
    outer loop
      vertex -11.472128868103027 3.0 38.319580078125
      vertex -11.472128868103027 7.0 38.319580078125
      vertex -13.680806159973145 3.0 37.587703704833984
    endloop
  endfacet
  facet normal -0.31454476714134216 0.0 0.9492426514625549
    outer loop
      vertex -13.680806159973145 3.0 37.587703704833984
      vertex -11.472128868103027 7.0 38.319580078125
      vertex -13.680806159973145 7.0 37.587703704833984
    endloop
  endfacet
  facet normal -0.36920616030693054 0.0 0.9293475151062012
    outer loop
      vertex -13.680806159973145 3.0 37.587703704833984
      vertex -13.680806159973145 7.0 37.587703704833984
      vertex -15.84319019317627 3.0 36.72864532470703
    endloop
  endfacet
  facet normal -0.36920616030693054 0.0 0.9293475151062012
    outer loop
      vertex -15.84319019317627 3.0 36.72864532470703
      vertex -13.680806159973145 7.0 37.587703704833984
      vertex -15.84319019317627 7.0 36.72864532470703
    endloop
  endfacet
  facet normal -0.4226182699203491 0.0 0.9063078165054321
    outer loop
      vertex -15.84319019317627 3.0 36.72864532470703
      vertex -15.84319019317627 7.0 36.72864532470703
      vertex -17.951967239379883 3.0 35.745304107666016
    endloop
  endfacet
  facet normal -0.4226182699203491 0.0 0.9063078165054321
    outer loop
      vertex -17.951967239379883 3.0 35.745304107666016
      vertex -15.84319019317627 7.0 36.72864532470703
      vertex -17.951967239379883 7.0 35.745304107666016
    endloop
  endfacet
  facet normal -0.4746003746986389 0.0 0.8802013993263245
    outer loop
      vertex -17.951967239379883 3.0 35.745304107666016
      vertex -17.951967239379883 7.0 35.745304107666016
      vertex -20.0 3.0 34.64101791381836
    endloop
  endfacet
  facet normal -0.4746003746986389 0.0 0.8802013993263245
    outer loop
      vertex -20.0 3.0 34.64101791381836
      vertex -17.951967239379883 7.0 35.745304107666016
      vertex -20.0 7.0 34.64101791381836
    endloop
  endfacet
  facet normal -0.5249765515327454 0.0 0.8511166572570801
    outer loop
      vertex -20.0 3.0 34.64101791381836
      vertex -20.0 7.0 34.64101791381836
      vertex -21.98036003112793 3.0 33.41951370239258
    endloop
  endfacet
  facet normal -0.5249765515327454 0.0 0.8511166572570801
    outer loop
      vertex -21.98036003112793 3.0 33.41951370239258
      vertex -20.0 7.0 34.64101791381836
      vertex -21.98036003112793 7.0 33.41951370239258
    endloop
  endfacet
  facet normal -0.5735764503479004 0.0 0.8191520571708679
    outer loop
      vertex -21.98036003112793 3.0 33.41951370239258
      vertex -21.98036003112793 7.0 33.41951370239258
      vertex -23.886343002319336 3.0 32.08492660522461
    endloop
  endfacet
  facet normal -0.5735764503479004 0.0 0.8191520571708679
    outer loop
      vertex -23.886343002319336 3.0 32.08492660522461
      vertex -21.98036003112793 7.0 33.41951370239258
      vertex -23.886343002319336 7.0 32.08492660522461
    endloop
  endfacet
  facet normal -0.6202355027198792 0.0 0.7844156622886658
    outer loop
      vertex -23.886343002319336 3.0 32.08492660522461
      vertex -23.886343002319336 7.0 32.08492660522461
      vertex -25.711503982543945 3.0 30.64177703857422
    endloop
  endfacet
  facet normal -0.6202355027198792 0.0 0.7844156622886658
    outer loop
      vertex -25.711503982543945 3.0 30.64177703857422
      vertex -23.886343002319336 7.0 32.08492660522461
      vertex -25.711503982543945 7.0 30.64177703857422
    endloop
  endfacet
  facet normal -0.6647958755493164 0.0 0.7470250725746155
    outer loop
      vertex -25.711503982543945 3.0 30.64177703857422
      vertex -25.711503982543945 7.0 30.64177703857422
      vertex -27.449665069580078 3.0 29.094945907592773
    endloop
  endfacet
  facet normal -0.6647958755493164 0.0 0.7470250725746155
    outer loop
      vertex -27.449665069580078 3.0 29.094945907592773
      vertex -25.711503982543945 7.0 30.64177703857422
      vertex -27.449665069580078 7.0 29.094945907592773
    endloop
  endfacet
  facet normal -0.7071067690849304 0.0 0.7071067690849304
    outer loop
      vertex -27.449665069580078 3.0 29.094945907592773
      vertex -27.449665069580078 7.0 29.094945907592773
      vertex -29.094945907592773 3.0 27.449665069580078
    endloop
  endfacet
  facet normal -0.7071067690849304 0.0 0.7071067690849304
    outer loop
      vertex -29.094945907592773 3.0 27.449665069580078
      vertex -27.449665069580078 7.0 29.094945907592773
      vertex -29.094945907592773 7.0 27.449665069580078
    endloop
  endfacet
  facet normal -0.7470250725746155 0.0 0.6647958755493164
    outer loop
      vertex -29.094945907592773 3.0 27.449665069580078
      vertex -29.094945907592773 7.0 27.449665069580078
      vertex -30.64177703857422 3.0 25.711503982543945
    endloop
  endfacet
  facet normal -0.7470250725746155 0.0 0.6647958755493164
    outer loop
      vertex -30.64177703857422 3.0 25.711503982543945
      vertex -29.094945907592773 7.0 27.449665069580078
      vertex -30.64177703857422 7.0 25.711503982543945
    endloop
  endfacet
  facet normal -0.7844156622886658 0.0 0.6202355027198792
    outer loop
      vertex -30.64177703857422 3.0 25.711503982543945
      vertex -30.64177703857422 7.0 25.711503982543945
      vertex -32.08492660522461 3.0 23.886343002319336
    endloop
  endfacet
  facet normal -0.7844156622886658 0.0 0.6202355027198792
    outer loop
      vertex -32.08492660522461 3.0 23.886343002319336
      vertex -30.64177703857422 7.0 25.711503982543945
      vertex -32.08492660522461 7.0 23.886343002319336
    endloop
  endfacet
  facet normal -0.8191520571708679 0.0 0.5735764503479004
    outer loop
      vertex -32.08492660522461 3.0 23.886343002319336
      vertex -32.08492660522461 7.0 23.886343002319336
      vertex -33.41951370239258 3.0 21.98036003112793
    endloop
  endfacet
  facet normal -0.8191520571708679 0.0 0.5735764503479004
    outer loop
      vertex -33.41951370239258 3.0 21.98036003112793
      vertex -32.08492660522461 7.0 23.886343002319336
      vertex -33.41951370239258 7.0 21.98036003112793
    endloop
  endfacet
  facet normal -0.8511166572570801 0.0 0.5249765515327454
    outer loop
      vertex -33.41951370239258 3.0 21.98036003112793
      vertex -33.41951370239258 7.0 21.98036003112793
      vertex -34.64101791381836 3.0 20.0
    endloop
  endfacet
  facet normal -0.8511166572570801 0.0 0.5249765515327454
    outer loop
      vertex -34.64101791381836 3.0 20.0
      vertex -33.41951370239258 7.0 21.98036003112793
      vertex -34.64101791381836 7.0 20.0
    endloop
  endfacet
  facet normal -0.8802013993263245 0.0 0.4746003746986389
    outer loop
      vertex -34.64101791381836 3.0 20.0
      vertex -34.64101791381836 7.0 20.0
      vertex -35.745304107666016 3.0 17.951967239379883
    endloop
  endfacet
  facet normal -0.8802013993263245 0.0 0.4746003746986389
    outer loop
      vertex -35.745304107666016 3.0 17.951967239379883
      vertex -34.64101791381836 7.0 20.0
      vertex -35.745304107666016 7.0 17.951967239379883
    endloop
  endfacet
  facet normal -0.9063078165054321 0.0 0.4226182699203491
    outer loop
      vertex -35.745304107666016 3.0 17.951967239379883
      vertex -35.745304107666016 7.0 17.951967239379883
      vertex -36.72864532470703 3.0 15.84319019317627
    endloop
  endfacet
  facet normal -0.9063078165054321 0.0 0.4226182699203491
    outer loop
      vertex -36.72864532470703 3.0 15.84319019317627
      vertex -35.745304107666016 7.0 17.951967239379883
      vertex -36.72864532470703 7.0 15.84319019317627
    endloop
  endfacet
  facet normal -0.9293475151062012 0.0 0.36920616030693054
    outer loop
      vertex -36.72864532470703 3.0 15.84319019317627
      vertex -36.72864532470703 7.0 15.84319019317627
      vertex -37.587703704833984 3.0 13.680806159973145
    endloop
  endfacet
  facet normal -0.9293475151062012 0.0 0.36920616030693054
    outer loop
      vertex -37.587703704833984 3.0 13.680806159973145
      vertex -36.72864532470703 7.0 15.84319019317627
      vertex -37.587703704833984 7.0 13.680806159973145
    endloop
  endfacet
  facet normal -0.9492426514625549 0.0 0.31454476714134216
    outer loop
      vertex -37.587703704833984 3.0 13.680806159973145
      vertex -37.587703704833984 7.0 13.680806159973145
      vertex -38.319580078125 3.0 11.472128868103027
    endloop
  endfacet
  facet normal -0.9492426514625549 0.0 0.31454476714134216
    outer loop
      vertex -38.319580078125 3.0 11.472128868103027
      vertex -37.587703704833984 7.0 13.680806159973145
      vertex -38.319580078125 7.0 11.472128868103027
    endloop
  endfacet
  facet normal -0.9659258127212524 0.0 0.258819043636322
    outer loop
      vertex -38.319580078125 3.0 11.472128868103027
      vertex -38.319580078125 7.0 11.472128868103027
      vertex -38.92179489135742 3.0 9.224635124206543
    endloop
  endfacet
  facet normal -0.9659258127212524 0.0 0.258819043636322
    outer loop
      vertex -38.92179489135742 3.0 9.224635124206543
      vertex -38.319580078125 7.0 11.472128868103027
      vertex -38.92179489135742 7.0 9.224635124206543
    endloop
  endfacet
  facet normal -0.9793406128883362 0.0 0.20221757888793945
    outer loop
      vertex -38.92179489135742 3.0 9.224635124206543
      vertex -38.92179489135742 7.0 9.224635124206543
      vertex -39.392311096191406 3.0 6.945927143096924
    endloop
  endfacet
  facet normal -0.9793406128883362 0.0 0.20221757888793945
    outer loop
      vertex -39.392311096191406 3.0 6.945927143096924
      vertex -38.92179489135742 7.0 9.224635124206543
      vertex -39.392311096191406 7.0 6.945927143096924
    endloop
  endfacet
  facet normal -0.9894416332244873 0.0 0.1449318528175354
    outer loop
      vertex -39.392311096191406 3.0 6.945927143096924
      vertex -39.392311096191406 7.0 6.945927143096924
      vertex -39.72953414916992 3.0 4.643716335296631
    endloop
  endfacet
  facet normal -0.9894416332244873 0.0 0.1449318528175354
    outer loop
      vertex -39.72953414916992 3.0 4.643716335296631
      vertex -39.392311096191406 7.0 6.945927143096924
      vertex -39.72953414916992 7.0 4.643716335296631
    endloop
  endfacet
  facet normal -0.9961947202682495 0.0 0.08715574443340302
    outer loop
      vertex -39.72953414916992 3.0 4.643716335296631
      vertex -39.72953414916992 7.0 4.643716335296631
      vertex -39.93232727050781 3.0 2.3257932662963867
    endloop
  endfacet
  facet normal -0.9961947202682495 0.0 0.08715574443340302
    outer loop
      vertex -39.93232727050781 3.0 2.3257932662963867
      vertex -39.72953414916992 7.0 4.643716335296631
      vertex -39.93232727050781 7.0 2.3257932662963867
    endloop
  endfacet
  facet normal 0.0 1.0 0.0
    outer loop
      vertex 8.647710800170898 7.0 -31.3283748626709
      vertex 9.224635124206543 7.0 -38.92179489135742
      vertex 6.610169410705566 7.0 -31.820680618286133
    endloop
  endfacet
  facet normal 0.0 1.0 0.0
    outer loop
      vertex 6.610169410705566 7.0 -31.820680618286133
      vertex 9.224635124206543 7.0 -38.92179489135742
      vertex 6.945927143096924 7.0 -39.392311096191406
    endloop
  endfacet
  facet normal 0.0 1.0 0.0
    outer loop
      vertex 6.610169410705566 7.0 -31.820680618286133
      vertex 6.945927143096924 7.0 -39.392311096191406
      vertex 6.022584915161133 7.0 -31.88330078125
    endloop
  endfacet
  facet normal 0.0 1.0 0.0
    outer loop
      vertex 6.022584915161133 7.0 -31.88330078125
      vertex 6.945927143096924 7.0 -39.392311096191406
      vertex 5.434123516082764 7.0 -31.829532623291016
    endloop
  endfacet
  facet normal 0.0 1.0 0.0
    outer loop
      vertex 5.434123516082764 7.0 -31.829532623291016
      vertex 6.945927143096924 7.0 -39.392311096191406
      vertex 4.643716335296631 7.0 -39.72953414916992
    endloop
  endfacet
  facet normal 0.0 1.0 0.0
    outer loop
      vertex 5.434123516082764 7.0 -31.829532623291016
      vertex 4.643716335296631 7.0 -39.72953414916992
      vertex 4.867617130279541 7.0 -31.661462783813477
    endloop
  endfacet
  facet normal 0.0 1.0 0.0
    outer loop
      vertex 4.867617130279541 7.0 -31.661462783813477
      vertex 4.643716335296631 7.0 -39.72953414916992
      vertex 2.3257932662963867 7.0 -39.93232727050781
    endloop
  endfacet
  facet normal 0.0 1.0 0.0
    outer loop
      vertex 4.867617130279541 7.0 -31.661462783813477
      vertex 2.3257932662963867 7.0 -39.93232727050781
      vertex 4.345044136047363 7.0 -31.385608673095703
    endloop
  endfacet
  facet normal 0.0 1.0 0.0
    outer loop
      vertex 4.345044136047363 7.0 -31.385608673095703
      vertex 2.3257932662963867 7.0 -39.93232727050781
      vertex 2.4492935992912173e-15 7.0 -40.0
    endloop
  endfacet
  facet normal 0.0 1.0 0.0
    outer loop
      vertex 4.345044136047363 7.0 -31.385608673095703
      vertex 2.4492935992912173e-15 7.0 -40.0
      vertex 3.8866796493530273 7.0 -31.012676239013672
    endloop
  endfacet
  facet normal 0.0 1.0 0.0
    outer loop
      vertex 3.8866796493530273 7.0 -31.012676239013672
      vertex 2.4492935992912173e-15 7.0 -40.0
      vertex -4.012855052947998 7.0 -30.2872371673584
    endloop
  endfacet
  facet normal 0.0 1.0 0.0
    outer loop
      vertex 3.8866796493530273 7.0 -31.012676239013672
      vertex -4.012855052947998 7.0 -30.2872371673584
      vertex 3.5103063583374023 7.0 -30.557132720947266
    endloop
  endfacet
  facet normal 0.0 1.0 0.0
    outer loop
      vertex 3.5103063583374023 7.0 -30.557132720947266
      vertex -4.012855052947998 7.0 -30.2872371673584
      vertex -3.580911636352539 7.0 -29.702993392944336
    endloop
  endfacet
  facet normal 0.0 1.0 0.0
    outer loop
      vertex 3.5103063583374023 7.0 -30.557132720947266
      vertex -3.580911636352539 7.0 -29.702993392944336
      vertex 3.230526924133301 7.0 -30.036651611328125
    endloop
  endfacet
  facet normal 0.0 1.0 0.0
    outer loop
      vertex 3.230526924133301 7.0 -30.036651611328125
      vertex -3.580911636352539 7.0 -29.702993392944336
      vertex -3.26177978515625 7.0 -29.050254821777344
    endloop
  endfacet
  facet normal 0.0 1.0 0.0
    outer loop
      vertex 3.230526924133301 7.0 -30.036651611328125
      vertex -3.26177978515625 7.0 -29.050254821777344
      vertex 3.0581963062286377 7.0 -29.471426010131836
    endloop
  endfacet
  facet normal 0.0 1.0 0.0
    outer loop
      vertex 3.0581963062286377 7.0 -29.471426010131836
      vertex -3.26177978515625 7.0 -29.050254821777344
      vertex -3.0659892559051514 7.0 -28.350553512573242
    endloop
  endfacet
  facet normal 0.0 1.0 0.0
    outer loop
      vertex 3.0581963062286377 7.0 -29.471426010131836
      vertex -3.0659892559051514 7.0 -28.350553512573242
      vertex 3.0 7.0 -28.883386611938477
    endloop
  endfacet
  facet normal 0.0 1.0 0.0
    outer loop
      vertex 3.0 7.0 -28.883386611938477
      vertex -3.0659892559051514 7.0 -28.350553512573242
      vertex -3.0 7.0 -27.62697982788086
    endloop
  endfacet
  facet normal 0.0 1.0 -0.0
    outer loop
      vertex 3.0 7.0 -28.883386611938477
      vertex -3.0 7.0 -27.62697982788086
      vertex 3.0 7.0 -14.696938514709473
    endloop
  endfacet
  facet normal 0.0 1.0 0.0
    outer loop
      vertex 3.0 7.0 -14.696938514709473
      vertex -3.0 7.0 -27.62697982788086
      vertex -3.0 7.0 -14.696938514709473
    endloop
  endfacet
  facet normal 0.0 1.0 -0.0
    outer loop
      vertex 3.0 7.0 -14.696938514709473
      vertex -3.0 7.0 -14.696938514709473
      vertex 4.306676387786865 7.0 -14.368456840515137
    endloop
  endfacet
  facet normal 0.0 1.0 0.0
    outer loop
      vertex 4.306676387786865 7.0 -14.368456840515137
      vertex -3.0 7.0 -14.696938514709473
      vertex -4.306676387786865 7.0 -14.368456840515137
    endloop
  endfacet
  facet normal 0.0 1.0 -0.0
    outer loop
      vertex 4.306676387786865 7.0 -14.368456840515137
      vertex -4.306676387786865 7.0 -14.368456840515137
      vertex 5.578606128692627 7.0 -13.924049377441406
    endloop
  endfacet
  facet normal 0.0 1.0 0.0
    outer loop
      vertex 5.578606128692627 7.0 -13.924049377441406
      vertex -4.306676387786865 7.0 -14.368456840515137
      vertex -5.578606128692627 7.0 -13.924049377441406
    endloop
  endfacet
  facet normal 0.0 1.0 -0.0
    outer loop
      vertex 5.578606128692627 7.0 -13.924049377441406
      vertex -5.578606128692627 7.0 -13.924049377441406
      vertex 6.805527687072754 7.0 -13.367302894592285
    endloop
  endfacet
  facet normal 0.0 1.0 0.0
    outer loop
      vertex 6.805527687072754 7.0 -13.367302894592285
      vertex -5.578606128692627 7.0 -13.924049377441406
      vertex -6.805527687072754 7.0 -13.367302894592285
    endloop
  endfacet
  facet normal 0.0 1.0 -0.0
    outer loop
      vertex 6.805527687072754 7.0 -13.367302894592285
      vertex -6.805527687072754 7.0 -13.367302894592285
      vertex 7.977541923522949 7.0 -12.702709197998047
    endloop
  endfacet
  facet normal 0.0 1.0 0.0
    outer loop
      vertex 7.977541923522949 7.0 -12.702709197998047
      vertex -6.805527687072754 7.0 -13.367302894592285
      vertex -7.977541923522949 7.0 -12.702709197998047
    endloop
  endfacet
  facet normal 0.0 1.0 -0.0
    outer loop
      vertex 7.977541923522949 7.0 -12.702709197998047
      vertex -7.977541923522949 7.0 -12.702709197998047
      vertex 9.085193634033203 7.0 -11.935629844665527
    endloop
  endfacet
  facet normal 0.0 1.0 0.0
    outer loop
      vertex 9.085193634033203 7.0 -11.935629844665527
      vertex -7.977541923522949 7.0 -12.702709197998047
      vertex -9.085193634033203 7.0 -11.935629844665527
    endloop
  endfacet
  facet normal 0.0 1.0 -0.0
    outer loop
      vertex 9.085193634033203 7.0 -11.935629844665527
      vertex -9.085193634033203 7.0 -11.935629844665527
      vertex 10.119545936584473 7.0 -11.072253227233887
    endloop
  endfacet
  facet normal 0.0 1.0 0.0
    outer loop
      vertex 10.119545936584473 7.0 -11.072253227233887
      vertex -9.085193634033203 7.0 -11.935629844665527
      vertex -10.119545936584473 7.0 -11.072253227233887
    endloop
  endfacet
  facet normal 0.0 1.0 -0.0
    outer loop
      vertex 10.119545936584473 7.0 -11.072253227233887
      vertex -10.119545936584473 7.0 -11.072253227233887
      vertex 11.072253227233887 7.0 -10.119545936584473
    endloop
  endfacet
  facet normal 0.0 1.0 0.0
    outer loop
      vertex 11.072253227233887 7.0 -10.119545936584473
      vertex -10.119545936584473 7.0 -11.072253227233887
      vertex -11.072253227233887 7.0 -10.119545936584473
    endloop
  endfacet
  facet normal 0.0 1.0 -0.0
    outer loop
      vertex 11.072253227233887 7.0 -10.119545936584473
      vertex -11.072253227233887 7.0 -10.119545936584473
      vertex 11.935629844665527 7.0 -9.085193634033203
    endloop
  endfacet
  facet normal 0.0 1.0 0.0
    outer loop
      vertex 11.935629844665527 7.0 -9.085193634033203
      vertex -11.072253227233887 7.0 -10.119545936584473
      vertex -11.935629844665527 7.0 -9.085193634033203
    endloop
  endfacet
  facet normal 0.0 1.0 -0.0
    outer loop
      vertex 11.935629844665527 7.0 -9.085193634033203
      vertex -11.935629844665527 7.0 -9.085193634033203
      vertex 12.702709197998047 7.0 -7.977542400360107
    endloop
  endfacet
  facet normal 0.0 1.0 0.0
    outer loop
      vertex 12.702709197998047 7.0 -7.977542400360107
      vertex -11.935629844665527 7.0 -9.085193634033203
      vertex -12.702709197998047 7.0 -7.977542400360107
    endloop
  endfacet
  facet normal 0.0 1.0 -0.0
    outer loop
      vertex 12.702709197998047 7.0 -7.977542400360107
      vertex -12.702709197998047 7.0 -7.977542400360107
      vertex 13.367302894592285 7.0 -6.805527687072754
    endloop
  endfacet
  facet normal 0.0 1.0 0.0
    outer loop
      vertex 13.367302894592285 7.0 -6.805527687072754
      vertex -12.702709197998047 7.0 -7.977542400360107
      vertex -13.367302894592285 7.0 -6.805527687072754
    endloop
  endfacet
  facet normal 0.0 1.0 -0.0
    outer loop
      vertex 13.367302894592285 7.0 -6.805527687072754
      vertex -13.367302894592285 7.0 -6.805527687072754
      vertex 13.924049377441406 7.0 -5.578606128692627
    endloop
  endfacet
  facet normal 0.0 1.0 0.0
    outer loop
      vertex 13.924049377441406 7.0 -5.578606128692627
      vertex -13.367302894592285 7.0 -6.805527687072754
      vertex -13.924049377441406 7.0 -5.578606128692627
    endloop
  endfacet
  facet normal 0.0 1.0 -0.0
    outer loop
      vertex 13.924049377441406 7.0 -5.578606128692627
      vertex -13.924049377441406 7.0 -5.578606128692627
      vertex 14.368456840515137 7.0 -4.306676387786865
    endloop
  endfacet
  facet normal 0.0 1.0 0.0
    outer loop
      vertex 14.368456840515137 7.0 -4.306676387786865
      vertex -13.924049377441406 7.0 -5.578606128692627
      vertex -14.368456840515137 7.0 -4.306676387786865
    endloop
  endfacet
  facet normal 0.0 1.0 -0.0
    outer loop
      vertex 14.368456840515137 7.0 -4.306676387786865
      vertex -14.368456840515137 7.0 -4.306676387786865
      vertex 14.696938514709473 7.0 -3.000000238418579
    endloop
  endfacet
  facet normal 0.0 1.0 -0.0
    outer loop
      vertex 14.696938514709473 7.0 -3.000000238418579
      vertex -14.368456840515137 7.0 -4.306676387786865
      vertex 14.696938514709473 7.0 2.999999761581421
    endloop
  endfacet
  facet normal 0.0 1.0 0.0
    outer loop
      vertex 14.696938514709473 7.0 -3.000000238418579
      vertex 14.696938514709473 7.0 2.999999761581421
      vertex 27.62697982788086 7.0 2.999999761581421
    endloop
  endfacet
  facet normal 0.0 1.0 -0.0
    outer loop
      vertex 9.224635124206543 7.0 -38.92179489135742
      vertex 8.647710800170898 7.0 -31.3283748626709
      vertex 11.472128868103027 7.0 -38.319580078125
    endloop
  endfacet
  facet normal 0.0 1.0 0.0
    outer loop
      vertex 11.472128868103027 7.0 -38.319580078125
      vertex 8.647710800170898 7.0 -31.3283748626709
      vertex 10.64927864074707 7.0 -30.705745697021484
    endloop
  endfacet
  facet normal 0.0 1.0 -0.0
    outer loop
      vertex 11.472128868103027 7.0 -38.319580078125
      vertex 10.64927864074707 7.0 -30.705745697021484
      vertex 13.680806159973145 7.0 -37.587703704833984
    endloop
  endfacet
  facet normal 0.0 1.0 0.0
    outer loop
      vertex 13.680806159973145 7.0 -37.587703704833984
      vertex 10.64927864074707 7.0 -30.705745697021484
      vertex 12.606546401977539 7.0 -29.95538330078125
    endloop
  endfacet
  facet normal 0.0 1.0 -0.0
    outer loop
      vertex 13.680806159973145 7.0 -37.587703704833984
      vertex 12.606546401977539 7.0 -29.95538330078125
      vertex 15.84319019317627 7.0 -36.72864532470703
    endloop
  endfacet
  facet normal 0.0 1.0 0.0
    outer loop
      vertex 15.84319019317627 7.0 -36.72864532470703
      vertex 12.606546401977539 7.0 -29.95538330078125
      vertex 14.511371612548828 7.0 -29.080408096313477
    endloop
  endfacet
  facet normal 0.0 1.0 -0.0
    outer loop
      vertex 15.84319019317627 7.0 -36.72864532470703
      vertex 14.511371612548828 7.0 -29.080408096313477
      vertex 17.951967239379883 7.0 -35.745304107666016
    endloop
  endfacet
  facet normal 0.0 1.0 -0.0
    outer loop
      vertex 17.951967239379883 7.0 -35.745304107666016
      vertex 14.511371612548828 7.0 -29.080408096313477
      vertex 20.0 7.0 -34.64101791381836
    endloop
  endfacet
  facet normal 0.0 1.0 0.0
    outer loop
      vertex 20.0 7.0 -34.64101791381836
      vertex 14.511371612548828 7.0 -29.080408096313477
      vertex 16.3558292388916 7.0 -28.08445930480957
    endloop
  endfacet
  facet normal 0.0 1.0 -0.0
    outer loop
      vertex 20.0 7.0 -34.64101791381836
      vertex 16.3558292388916 7.0 -28.08445930480957
      vertex 21.98036003112793 7.0 -33.41951370239258
    endloop
  endfacet
  facet normal 0.0 1.0 0.0
    outer loop
      vertex 21.98036003112793 7.0 -33.41951370239258
      vertex 16.3558292388916 7.0 -28.08445930480957
      vertex 18.132247924804688 7.0 -26.9716796875
    endloop
  endfacet
  facet normal 0.0 1.0 -0.0
    outer loop
      vertex 21.98036003112793 7.0 -33.41951370239258
      vertex 18.132247924804688 7.0 -26.9716796875
      vertex 23.886343002319336 7.0 -32.08492660522461
    endloop
  endfacet
  facet normal 0.0 1.0 0.0
    outer loop
      vertex 23.886343002319336 7.0 -32.08492660522461
      vertex 18.132247924804688 7.0 -26.9716796875
      vertex 19.83323860168457 7.0 -25.746702194213867
    endloop
  endfacet
  facet normal 0.0 1.0 -0.0
    outer loop
      vertex 23.886343002319336 7.0 -32.08492660522461
      vertex 19.83323860168457 7.0 -25.746702194213867
      vertex 25.711503982543945 7.0 -30.64177703857422
    endloop
  endfacet
  facet normal 0.0 1.0 0.0
    outer loop
      vertex 25.711503982543945 7.0 -30.64177703857422
      vertex 19.83323860168457 7.0 -25.746702194213867
      vertex 21.451723098754883 7.0 -24.41461753845215
    endloop
  endfacet
  facet normal 0.0 1.0 -0.0
    outer loop
      vertex 25.711503982543945 7.0 -30.64177703857422
      vertex 21.451723098754883 7.0 -24.41461753845215
      vertex 27.449665069580078 7.0 -29.094945907592773
    endloop
  endfacet
  facet normal 0.0 1.0 0.0
    outer loop
      vertex 27.449665069580078 7.0 -29.094945907592773
      vertex 21.451723098754883 7.0 -24.41461753845215
      vertex 22.98097038269043 7.0 -22.98097038269043
    endloop
  endfacet
  facet normal 0.0 1.0 -0.0
    outer loop
      vertex 27.449665069580078 7.0 -29.094945907592773
      vertex 22.98097038269043 7.0 -22.98097038269043
      vertex 29.094945907592773 7.0 -27.449665069580078
    endloop
  endfacet
  facet normal 0.0 1.0 0.0
    outer loop
      vertex 29.094945907592773 7.0 -27.449665069580078
      vertex 22.98097038269043 7.0 -22.98097038269043
      vertex 24.41461753845215 7.0 -21.451723098754883
    endloop
  endfacet
  facet normal 0.0 1.0 -0.0
    outer loop
      vertex 29.094945907592773 7.0 -27.449665069580078
      vertex 24.41461753845215 7.0 -21.451723098754883
      vertex 30.64177703857422 7.0 -25.711503982543945
    endloop
  endfacet
  facet normal 0.0 1.0 0.0
    outer loop
      vertex 30.64177703857422 7.0 -25.711503982543945
      vertex 24.41461753845215 7.0 -21.451723098754883
      vertex 25.746702194213867 7.0 -19.83323860168457
    endloop
  endfacet
  facet normal 0.0 1.0 -0.0
    outer loop
      vertex 30.64177703857422 7.0 -25.711503982543945
      vertex 25.746702194213867 7.0 -19.83323860168457
      vertex 32.08492660522461 7.0 -23.886343002319336
    endloop
  endfacet
  facet normal 0.0 1.0 0.0
    outer loop
      vertex 32.08492660522461 7.0 -23.886343002319336
      vertex 25.746702194213867 7.0 -19.83323860168457
      vertex 26.9716796875 7.0 -18.13224983215332
    endloop
  endfacet
  facet normal 0.0 1.0 -0.0
    outer loop
      vertex 32.08492660522461 7.0 -23.886343002319336
      vertex 26.9716796875 7.0 -18.13224983215332
      vertex 33.41951370239258 7.0 -21.98036003112793
    endloop
  endfacet
  facet normal 0.0 1.0 0.0
    outer loop
      vertex 33.41951370239258 7.0 -21.98036003112793
      vertex 26.9716796875 7.0 -18.13224983215332
      vertex 28.08445930480957 7.0 -16.3558292388916
    endloop
  endfacet
  facet normal 0.0 1.0 -0.0
    outer loop
      vertex 33.41951370239258 7.0 -21.98036003112793
      vertex 28.08445930480957 7.0 -16.3558292388916
      vertex 34.64101791381836 7.0 -20.0
    endloop
  endfacet
  facet normal 0.0 1.0 0.0
    outer loop
      vertex 34.64101791381836 7.0 -20.0
      vertex 28.08445930480957 7.0 -16.3558292388916
      vertex 29.080408096313477 7.0 -14.511371612548828
    endloop
  endfacet
  facet normal 0.0 1.0 -0.0
    outer loop
      vertex 34.64101791381836 7.0 -20.0
      vertex 29.080408096313477 7.0 -14.511371612548828
      vertex 35.745304107666016 7.0 -17.951967239379883
    endloop
  endfacet
  facet normal 0.0 1.0 -0.0
    outer loop
      vertex 35.745304107666016 7.0 -17.951967239379883
      vertex 29.080408096313477 7.0 -14.511371612548828
      vertex 36.72864532470703 7.0 -15.84319019317627
    endloop
  endfacet
  facet normal 0.0 1.0 0.0
    outer loop
      vertex 36.72864532470703 7.0 -15.84319019317627
      vertex 29.080408096313477 7.0 -14.511371612548828
      vertex 29.95538330078125 7.0 -12.606546401977539
    endloop
  endfacet
  facet normal 0.0 1.0 -0.0
    outer loop
      vertex 36.72864532470703 7.0 -15.84319019317627
      vertex 29.95538330078125 7.0 -12.606546401977539
      vertex 37.587703704833984 7.0 -13.680806159973145
    endloop
  endfacet
  facet normal 0.0 1.0 0.0
    outer loop
      vertex 37.587703704833984 7.0 -13.680806159973145
      vertex 29.95538330078125 7.0 -12.606546401977539
      vertex 30.705745697021484 7.0 -10.649279594421387
    endloop
  endfacet
  facet normal 0.0 1.0 -0.0
    outer loop
      vertex 37.587703704833984 7.0 -13.680806159973145
      vertex 30.705745697021484 7.0 -10.649279594421387
      vertex 38.319580078125 7.0 -11.472128868103027
    endloop
  endfacet
  facet normal 0.0 1.0 0.0
    outer loop
      vertex 38.319580078125 7.0 -11.472128868103027
      vertex 30.705745697021484 7.0 -10.649279594421387
      vertex 31.3283748626709 7.0 -8.647711753845215
    endloop
  endfacet
  facet normal 0.0 1.0 -0.0
    outer loop
      vertex 38.319580078125 7.0 -11.472128868103027
      vertex 31.3283748626709 7.0 -8.647711753845215
      vertex 38.92179489135742 7.0 -9.224635124206543
    endloop
  endfacet
  facet normal 0.0 1.0 0.0
    outer loop
      vertex 38.92179489135742 7.0 -9.224635124206543
      vertex 31.3283748626709 7.0 -8.647711753845215
      vertex 31.820680618286133 7.0 -6.610169887542725
    endloop
  endfacet
  facet normal 0.0 1.0 -0.0
    outer loop
      vertex 38.92179489135742 7.0 -9.224635124206543
      vertex 31.820680618286133 7.0 -6.610169887542725
      vertex 39.392311096191406 7.0 -6.945927143096924
    endloop
  endfacet
  facet normal 0.0 1.0 0.0
    outer loop
      vertex 39.392311096191406 7.0 -6.945927143096924
      vertex 31.820680618286133 7.0 -6.610169887542725
      vertex 31.88330078125 7.0 -6.022584915161133
    endloop
  endfacet
  facet normal 0.0 1.0 0.0
    outer loop
      vertex 39.392311096191406 7.0 -6.945927143096924
      vertex 31.88330078125 7.0 -6.022584915161133
      vertex 31.829532623291016 7.0 -5.434123992919922
    endloop
  endfacet
  facet normal 0.0 1.0 -0.0
    outer loop
      vertex 39.392311096191406 7.0 -6.945927143096924
      vertex 31.829532623291016 7.0 -5.434123992919922
      vertex 39.72953414916992 7.0 -4.643716335296631
    endloop
  endfacet
  facet normal 0.0 1.0 0.0
    outer loop
      vertex 39.72953414916992 7.0 -4.643716335296631
      vertex 31.829532623291016 7.0 -5.434123992919922
      vertex 31.661462783813477 7.0 -4.867617607116699
    endloop
  endfacet
  facet normal 0.0 1.0 -0.0
    outer loop
      vertex 39.72953414916992 7.0 -4.643716335296631
      vertex 31.661462783813477 7.0 -4.867617607116699
      vertex 39.93232727050781 7.0 -2.3257932662963867
    endloop
  endfacet
  facet normal 0.0 1.0 0.0
    outer loop
      vertex 39.93232727050781 7.0 -2.3257932662963867
      vertex 31.661462783813477 7.0 -4.867617607116699
      vertex 31.385608673095703 7.0 -4.3450446128845215
    endloop
  endfacet
  facet normal 0.0 1.0 -0.0
    outer loop
      vertex 39.93232727050781 7.0 -2.3257932662963867
      vertex 31.385608673095703 7.0 -4.3450446128845215
      vertex 40.0 7.0 0.0
    endloop
  endfacet
  facet normal 0.0 1.0 0.0
    outer loop
      vertex 40.0 7.0 0.0
      vertex 31.385608673095703 7.0 -4.3450446128845215
      vertex 31.012676239013672 7.0 -3.8866798877716064
    endloop
  endfacet
  facet normal 0.0 1.0 0.0
    outer loop
      vertex 40.0 7.0 0.0
      vertex 31.012676239013672 7.0 -3.8866798877716064
      vertex 30.2872371673584 7.0 4.012855052947998
    endloop
  endfacet
  facet normal 0.0 1.0 0.0
    outer loop
      vertex 30.2872371673584 7.0 4.012855052947998
      vertex 31.012676239013672 7.0 -3.8866798877716064
      vertex 30.557132720947266 7.0 -3.5103065967559814
    endloop
  endfacet
  facet normal 0.0 1.0 0.0
    outer loop
      vertex 30.2872371673584 7.0 4.012855052947998
      vertex 30.557132720947266 7.0 -3.5103065967559814
      vertex 29.702993392944336 7.0 3.58091139793396
    endloop
  endfacet
  facet normal 0.0 1.0 0.0
    outer loop
      vertex 29.702993392944336 7.0 3.58091139793396
      vertex 30.557132720947266 7.0 -3.5103065967559814
      vertex 30.036651611328125 7.0 -3.23052716255188
    endloop
  endfacet
  facet normal 0.0 1.0 0.0
    outer loop
      vertex 29.702993392944336 7.0 3.58091139793396
      vertex 30.036651611328125 7.0 -3.23052716255188
      vertex 29.050254821777344 7.0 3.261779546737671
    endloop
  endfacet
  facet normal 0.0 1.0 0.0
    outer loop
      vertex 29.050254821777344 7.0 3.261779546737671
      vertex 30.036651611328125 7.0 -3.23052716255188
      vertex 29.471426010131836 7.0 -3.058196544647217
    endloop
  endfacet
  facet normal 0.0 1.0 0.0
    outer loop
      vertex 29.050254821777344 7.0 3.261779546737671
      vertex 29.471426010131836 7.0 -3.058196544647217
      vertex 28.350553512573242 7.0 3.0659890174865723
    endloop
  endfacet
  facet normal 0.0 1.0 0.0
    outer loop
      vertex 28.350553512573242 7.0 3.0659890174865723
      vertex 29.471426010131836 7.0 -3.058196544647217
      vertex 28.883386611938477 7.0 -3.000000238418579
    endloop
  endfacet
  facet normal 0.0 1.0 0.0
    outer loop
      vertex 28.350553512573242 7.0 3.0659890174865723
      vertex 28.883386611938477 7.0 -3.000000238418579
      vertex 27.62697982788086 7.0 2.999999761581421
    endloop
  endfacet
  facet normal 0.0 1.0 0.0
    outer loop
      vertex 27.62697982788086 7.0 2.999999761581421
      vertex 28.883386611938477 7.0 -3.000000238418579
      vertex 14.696938514709473 7.0 -3.000000238418579
    endloop
  endfacet
  facet normal 0.0 1.0 0.0
    outer loop
      vertex -3.0659892559051514 7.0 28.350553512573242
      vertex 3.0659892559051514 7.0 28.350553512573242
      vertex -3.0 7.0 27.62697982788086
    endloop
  endfacet
  facet normal 0.0 1.0 0.0
    outer loop
      vertex -3.0 7.0 27.62697982788086
      vertex 3.0659892559051514 7.0 28.350553512573242
      vertex 3.0 7.0 27.62697982788086
    endloop
  endfacet
  facet normal -0.0 1.0 0.0
    outer loop
      vertex -3.0 7.0 27.62697982788086
      vertex 3.0 7.0 27.62697982788086
      vertex -3.0 7.0 14.696938514709473
    endloop
  endfacet
  facet normal 0.0 1.0 0.0
    outer loop
      vertex -3.0 7.0 14.696938514709473
      vertex 3.0 7.0 27.62697982788086
      vertex 3.0 7.0 14.696938514709473
    endloop
  endfacet
  facet normal -0.0 1.0 0.0
    outer loop
      vertex -3.0 7.0 14.696938514709473
      vertex 3.0 7.0 14.696938514709473
      vertex -4.306676387786865 7.0 14.368456840515137
    endloop
  endfacet
  facet normal 0.0 1.0 0.0
    outer loop
      vertex -4.306676387786865 7.0 14.368456840515137
      vertex 3.0 7.0 14.696938514709473
      vertex 4.306676387786865 7.0 14.368456840515137
    endloop
  endfacet
  facet normal -0.0 1.0 0.0
    outer loop
      vertex -4.306676387786865 7.0 14.368456840515137
      vertex 4.306676387786865 7.0 14.368456840515137
      vertex -5.578606128692627 7.0 13.924049377441406
    endloop
  endfacet
  facet normal -0.0 1.0 0.0
    outer loop
      vertex -5.578606128692627 7.0 13.924049377441406
      vertex 4.306676387786865 7.0 14.368456840515137
      vertex 5.578606128692627 7.0 13.924049377441406
    endloop
  endfacet
  facet normal 0.0 1.0 0.0
    outer loop
      vertex -5.578606128692627 7.0 13.924049377441406
      vertex 5.578606128692627 7.0 13.924049377441406
      vertex -6.805527687072754 7.0 13.367302894592285
    endloop
  endfacet
  facet normal -0.0 1.0 0.0
    outer loop
      vertex -6.805527687072754 7.0 13.367302894592285
      vertex 5.578606128692627 7.0 13.924049377441406
      vertex 6.805527687072754 7.0 13.367302894592285
    endloop
  endfacet
  facet normal 0.0 1.0 0.0
    outer loop
      vertex -6.805527687072754 7.0 13.367302894592285
      vertex 6.805527687072754 7.0 13.367302894592285
      vertex -7.977542400360107 7.0 12.702709197998047
    endloop
  endfacet
  facet normal -0.0 1.0 0.0
    outer loop
      vertex -7.977542400360107 7.0 12.702709197998047
      vertex 6.805527687072754 7.0 13.367302894592285
      vertex 7.977542400360107 7.0 12.702709197998047
    endloop
  endfacet
  facet normal 0.0 1.0 0.0
    outer loop
      vertex -7.977542400360107 7.0 12.702709197998047
      vertex 7.977542400360107 7.0 12.702709197998047
      vertex -9.085193634033203 7.0 11.935629844665527
    endloop
  endfacet
  facet normal -0.0 1.0 0.0
    outer loop
      vertex -9.085193634033203 7.0 11.935629844665527
      vertex 7.977542400360107 7.0 12.702709197998047
      vertex 9.085193634033203 7.0 11.935629844665527
    endloop
  endfacet
  facet normal 0.0 1.0 0.0
    outer loop
      vertex -9.085193634033203 7.0 11.935629844665527
      vertex 9.085193634033203 7.0 11.935629844665527
      vertex -10.119545936584473 7.0 11.072253227233887
    endloop
  endfacet
  facet normal -0.0 1.0 0.0
    outer loop
      vertex -10.119545936584473 7.0 11.072253227233887
      vertex 9.085193634033203 7.0 11.935629844665527
      vertex 10.119545936584473 7.0 11.072253227233887
    endloop
  endfacet
  facet normal 0.0 1.0 0.0
    outer loop
      vertex -10.119545936584473 7.0 11.072253227233887
      vertex 10.119545936584473 7.0 11.072253227233887
      vertex -11.072253227233887 7.0 10.119545936584473
    endloop
  endfacet
  facet normal -0.0 1.0 0.0
    outer loop
      vertex -11.072253227233887 7.0 10.119545936584473
      vertex 10.119545936584473 7.0 11.072253227233887
      vertex 11.072253227233887 7.0 10.119545936584473
    endloop
  endfacet
  facet normal 0.0 1.0 0.0
    outer loop
      vertex -11.072253227233887 7.0 10.119545936584473
      vertex 11.072253227233887 7.0 10.119545936584473
      vertex -11.935629844665527 7.0 9.085193634033203
    endloop
  endfacet
  facet normal -0.0 1.0 0.0
    outer loop
      vertex -11.935629844665527 7.0 9.085193634033203
      vertex 11.072253227233887 7.0 10.119545936584473
      vertex 11.935629844665527 7.0 9.085193634033203
    endloop
  endfacet
  facet normal 0.0 1.0 0.0
    outer loop
      vertex -11.935629844665527 7.0 9.085193634033203
      vertex 11.935629844665527 7.0 9.085193634033203
      vertex -12.702709197998047 7.0 7.977541923522949
    endloop
  endfacet
  facet normal 0.0 1.0 0.0
    outer loop
      vertex -12.702709197998047 7.0 7.977541923522949
      vertex 11.935629844665527 7.0 9.085193634033203
      vertex 12.702709197998047 7.0 7.977541923522949
    endloop
  endfacet
  facet normal -0.0 1.0 0.0
    outer loop
      vertex -12.702709197998047 7.0 7.977541923522949
      vertex 12.702709197998047 7.0 7.977541923522949
      vertex -13.367302894592285 7.0 6.805527687072754
    endloop
  endfacet
  facet normal 0.0 1.0 0.0
    outer loop
      vertex -13.367302894592285 7.0 6.805527687072754
      vertex 12.702709197998047 7.0 7.977541923522949
      vertex 13.367302894592285 7.0 6.805527687072754
    endloop
  endfacet
  facet normal -0.0 1.0 0.0
    outer loop
      vertex -13.367302894592285 7.0 6.805527687072754
      vertex 13.367302894592285 7.0 6.805527687072754
      vertex -13.924049377441406 7.0 5.578605651855469
    endloop
  endfacet
  facet normal -0.0 1.0 0.0
    outer loop
      vertex -13.924049377441406 7.0 5.578605651855469
      vertex 13.367302894592285 7.0 6.805527687072754
      vertex 13.924049377441406 7.0 5.578605651855469
    endloop
  endfacet
  facet normal 0.0 1.0 0.0
    outer loop
      vertex -13.924049377441406 7.0 5.578605651855469
      vertex 13.924049377441406 7.0 5.578605651855469
      vertex -14.368456840515137 7.0 4.306675910949707
    endloop
  endfacet
  facet normal -0.0 1.0 0.0
    outer loop
      vertex -14.368456840515137 7.0 4.306675910949707
      vertex 13.924049377441406 7.0 5.578605651855469
      vertex 14.368456840515137 7.0 4.306675910949707
    endloop
  endfacet
  facet normal 0.0 1.0 0.0
    outer loop
      vertex -14.368456840515137 7.0 4.306675910949707
      vertex 14.368456840515137 7.0 4.306675910949707
      vertex -14.696938514709473 7.0 2.999999761581421
    endloop
  endfacet
  facet normal -0.0 1.0 0.0
    outer loop
      vertex -14.696938514709473 7.0 2.999999761581421
      vertex 14.368456840515137 7.0 4.306675910949707
      vertex -14.696938514709473 7.0 -3.000000238418579
    endloop
  endfacet
  facet normal 0.0 1.0 0.0
    outer loop
      vertex -14.696938514709473 7.0 2.999999761581421
      vertex -14.696938514709473 7.0 -3.000000238418579
      vertex -27.62697982788086 7.0 -3.000000238418579
    endloop
  endfacet
  facet normal 0.0 1.0 -0.0
    outer loop
      vertex 3.0659892559051514 7.0 28.350553512573242
      vertex -3.0659892559051514 7.0 28.350553512573242
      vertex 3.26177978515625 7.0 29.050254821777344
    endloop
  endfacet
  facet normal 0.0 1.0 0.0
    outer loop
      vertex 3.26177978515625 7.0 29.050254821777344
      vertex -3.0659892559051514 7.0 28.350553512573242
      vertex -3.26177978515625 7.0 29.050254821777344
    endloop
  endfacet
  facet normal 0.0 1.0 -0.0
    outer loop
      vertex 3.26177978515625 7.0 29.050254821777344
      vertex -3.26177978515625 7.0 29.050254821777344
      vertex 3.580911636352539 7.0 29.702993392944336
    endloop
  endfacet
  facet normal 0.0 1.0 0.0
    outer loop
      vertex 3.580911636352539 7.0 29.702993392944336
      vertex -3.26177978515625 7.0 29.050254821777344
      vertex -3.580911636352539 7.0 29.702993392944336
    endloop
  endfacet
  facet normal 0.0 1.0 -0.0
    outer loop
      vertex 3.580911636352539 7.0 29.702993392944336
      vertex -3.580911636352539 7.0 29.702993392944336
      vertex 4.012855052947998 7.0 30.2872371673584
    endloop
  endfacet
  facet normal 0.0 1.0 0.0
    outer loop
      vertex 4.012855052947998 7.0 30.2872371673584
      vertex -3.580911636352539 7.0 29.702993392944336
      vertex -4.012855052947998 7.0 30.2872371673584
    endloop
  endfacet
  facet normal 0.0 1.0 0.0
    outer loop
      vertex 4.012855052947998 7.0 30.2872371673584
      vertex -4.012855052947998 7.0 30.2872371673584
      vertex 2.4492935992912173e-15 7.0 40.0
    endloop
  endfacet
  facet normal 0.0 1.0 0.0
    outer loop
      vertex 2.4492935992912173e-15 7.0 40.0
      vertex -4.012855052947998 7.0 30.2872371673584
      vertex -4.543358325958252 7.0 30.78370475769043
    endloop
  endfacet
  facet normal 0.0 1.0 0.0
    outer loop
      vertex 2.4492935992912173e-15 7.0 40.0
      vertex -4.543358325958252 7.0 30.78370475769043
      vertex -2.3257932662963867 7.0 39.93232727050781
    endloop
  endfacet
  facet normal 0.0 1.0 0.0
    outer loop
      vertex -2.3257932662963867 7.0 39.93232727050781
      vertex -4.543358325958252 7.0 30.78370475769043
      vertex -5.1549177169799805 7.0 31.17601776123047
    endloop
  endfacet
  facet normal 0.0 1.0 0.0
    outer loop
      vertex -2.3257932662963867 7.0 39.93232727050781
      vertex -5.1549177169799805 7.0 31.17601776123047
      vertex -4.643716335296631 7.0 39.72953414916992
    endloop
  endfacet
  facet normal 0.0 1.0 0.0
    outer loop
      vertex -4.643716335296631 7.0 39.72953414916992
      vertex -5.1549177169799805 7.0 31.17601776123047
      vertex -5.827354907989502 7.0 31.451231002807617
    endloop
  endfacet
  facet normal 0.0 1.0 0.0
    outer loop
      vertex -4.643716335296631 7.0 39.72953414916992
      vertex -5.827354907989502 7.0 31.451231002807617
      vertex -6.945927143096924 7.0 39.392311096191406
    endloop
  endfacet
  facet normal 0.0 1.0 0.0
    outer loop
      vertex -6.945927143096924 7.0 39.392311096191406
      vertex -5.827354907989502 7.0 31.451231002807617
      vertex -6.538483142852783 7.0 31.600265502929688
    endloop
  endfacet
  facet normal 0.0 1.0 0.0
    outer loop
      vertex -6.945927143096924 7.0 39.392311096191406
      vertex -6.538483142852783 7.0 31.600265502929688
      vertex -7.264838695526123 7.0 31.618202209472656
    endloop
  endfacet
  facet normal 0.0 1.0 0.0
    outer loop
      vertex -6.945927143096924 7.0 39.392311096191406
      vertex -7.264838695526123 7.0 31.618202209472656
      vertex -9.224635124206543 7.0 38.92179489135742
    endloop
  endfacet
  facet normal 0.0 1.0 0.0
    outer loop
      vertex -9.224635124206543 7.0 38.92179489135742
      vertex -7.264838695526123 7.0 31.618202209472656
      vertex -7.982456207275391 7.0 31.50444984436035
    endloop
  endfacet
  facet normal 0.0 1.0 0.0
    outer loop
      vertex -9.224635124206543 7.0 38.92179489135742
      vertex -7.982456207275391 7.0 31.50444984436035
      vertex -11.472128868103027 7.0 38.319580078125
    endloop
  endfacet
  facet normal 0.0 1.0 0.0
    outer loop
      vertex -11.472128868103027 7.0 38.319580078125
      vertex -7.982456207275391 7.0 31.50444984436035
      vertex -9.956439971923828 7.0 30.937345504760742
    endloop
  endfacet
  facet normal 0.0 1.0 0.0
    outer loop
      vertex -11.472128868103027 7.0 38.319580078125
      vertex -9.956439971923828 7.0 30.937345504760742
      vertex -13.680806159973145 7.0 37.587703704833984
    endloop
  endfacet
  facet normal 0.0 1.0 0.0
    outer loop
      vertex -13.680806159973145 7.0 37.587703704833984
      vertex -9.956439971923828 7.0 30.937345504760742
      vertex -11.890661239624023 7.0 30.246688842773438
    endloop
  endfacet
  facet normal 0.0 1.0 0.0
    outer loop
      vertex -13.680806159973145 7.0 37.587703704833984
      vertex -11.890661239624023 7.0 30.246688842773438
      vertex -15.84319019317627 7.0 36.72864532470703
    endloop
  endfacet
  facet normal 0.0 1.0 0.0
    outer loop
      vertex -15.84319019317627 7.0 36.72864532470703
      vertex -11.890661239624023 7.0 30.246688842773438
      vertex -13.777397155761719 7.0 29.435239791870117
    endloop
  endfacet
  facet normal 0.0 1.0 0.0
    outer loop
      vertex -15.84319019317627 7.0 36.72864532470703
      vertex -13.777397155761719 7.0 29.435239791870117
      vertex -17.951967239379883 7.0 35.745304107666016
    endloop
  endfacet
  facet normal 0.0 1.0 0.0
    outer loop
      vertex -17.951967239379883 7.0 35.745304107666016
      vertex -13.777397155761719 7.0 29.435239791870117
      vertex -15.609110832214355 7.0 28.50623893737793
    endloop
  endfacet
  facet normal 0.0 1.0 0.0
    outer loop
      vertex -17.951967239379883 7.0 35.745304107666016
      vertex -15.609110832214355 7.0 28.50623893737793
      vertex -20.0 7.0 34.64101791381836
    endloop
  endfacet
  facet normal 0.0 1.0 0.0
    outer loop
      vertex -20.0 7.0 34.64101791381836
      vertex -15.609110832214355 7.0 28.50623893737793
      vertex -17.378488540649414 7.0 27.463396072387695
    endloop
  endfacet
  facet normal 0.0 1.0 0.0
    outer loop
      vertex -20.0 7.0 34.64101791381836
      vertex -17.378488540649414 7.0 27.463396072387695
      vertex -21.98036003112793 7.0 33.41951370239258
    endloop
  endfacet
  facet normal 0.0 1.0 0.0
    outer loop
      vertex -21.98036003112793 7.0 33.41951370239258
      vertex -17.378488540649414 7.0 27.463396072387695
      vertex -19.07846450805664 7.0 26.310874938964844
    endloop
  endfacet
  facet normal 0.0 1.0 0.0
    outer loop
      vertex -21.98036003112793 7.0 33.41951370239258
      vertex -19.07846450805664 7.0 26.310874938964844
      vertex -23.886343002319336 7.0 32.08492660522461
    endloop
  endfacet
  facet normal 0.0 1.0 0.0
    outer loop
      vertex -23.886343002319336 7.0 32.08492660522461
      vertex -19.07846450805664 7.0 26.310874938964844
      vertex -20.70224952697754 7.0 25.053281784057617
    endloop
  endfacet
  facet normal 0.0 1.0 0.0
    outer loop
      vertex -23.886343002319336 7.0 32.08492660522461
      vertex -20.70224952697754 7.0 25.053281784057617
      vertex -25.711503982543945 7.0 30.64177703857422
    endloop
  endfacet
  facet normal 0.0 1.0 0.0
    outer loop
      vertex -25.711503982543945 7.0 30.64177703857422
      vertex -20.70224952697754 7.0 25.053281784057617
      vertex -22.243356704711914 7.0 23.695634841918945
    endloop
  endfacet
  facet normal 0.0 1.0 0.0
    outer loop
      vertex -25.711503982543945 7.0 30.64177703857422
      vertex -22.243356704711914 7.0 23.695634841918945
      vertex -27.449665069580078 7.0 29.094945907592773
    endloop
  endfacet
  facet normal 0.0 1.0 0.0
    outer loop
      vertex -27.449665069580078 7.0 29.094945907592773
      vertex -22.243356704711914 7.0 23.695634841918945
      vertex -29.094945907592773 7.0 27.449665069580078
    endloop
  endfacet
  facet normal 0.0 1.0 0.0
    outer loop
      vertex -29.094945907592773 7.0 27.449665069580078
      vertex -22.243356704711914 7.0 23.695634841918945
      vertex -23.695634841918945 7.0 22.243356704711914
    endloop
  endfacet
  facet normal 0.0 1.0 0.0
    outer loop
      vertex -29.094945907592773 7.0 27.449665069580078
      vertex -23.695634841918945 7.0 22.243356704711914
      vertex -30.64177703857422 7.0 25.711503982543945
    endloop
  endfacet
  facet normal 0.0 1.0 0.0
    outer loop
      vertex -30.64177703857422 7.0 25.711503982543945
      vertex -23.695634841918945 7.0 22.243356704711914
      vertex -25.053281784057617 7.0 20.702247619628906
    endloop
  endfacet
  facet normal 0.0 1.0 0.0
    outer loop
      vertex -30.64177703857422 7.0 25.711503982543945
      vertex -25.053281784057617 7.0 20.702247619628906
      vertex -32.08492660522461 7.0 23.886343002319336
    endloop
  endfacet
  facet normal 0.0 1.0 0.0
    outer loop
      vertex -32.08492660522461 7.0 23.886343002319336
      vertex -25.053281784057617 7.0 20.702247619628906
      vertex -26.310876846313477 7.0 19.07846450805664
    endloop
  endfacet
  facet normal 0.0 1.0 0.0
    outer loop
      vertex -32.08492660522461 7.0 23.886343002319336
      vertex -26.310876846313477 7.0 19.07846450805664
      vertex -33.41951370239258 7.0 21.98036003112793
    endloop
  endfacet
  facet normal 0.0 1.0 0.0
    outer loop
      vertex -33.41951370239258 7.0 21.98036003112793
      vertex -26.310876846313477 7.0 19.07846450805664
      vertex -27.463396072387695 7.0 17.378488540649414
    endloop
  endfacet
  facet normal 0.0 1.0 0.0
    outer loop
      vertex -33.41951370239258 7.0 21.98036003112793
      vertex -27.463396072387695 7.0 17.378488540649414
      vertex -34.64101791381836 7.0 20.0
    endloop
  endfacet
  facet normal 0.0 1.0 0.0
    outer loop
      vertex -34.64101791381836 7.0 20.0
      vertex -27.463396072387695 7.0 17.378488540649414
      vertex -28.50623893737793 7.0 15.609110832214355
    endloop
  endfacet
  facet normal 0.0 1.0 0.0
    outer loop
      vertex -34.64101791381836 7.0 20.0
      vertex -28.50623893737793 7.0 15.609110832214355
      vertex -35.745304107666016 7.0 17.951967239379883
    endloop
  endfacet
  facet normal 0.0 1.0 0.0
    outer loop
      vertex -35.745304107666016 7.0 17.951967239379883
      vertex -28.50623893737793 7.0 15.609110832214355
      vertex -29.435239791870117 7.0 13.777396202087402
    endloop
  endfacet
  facet normal 0.0 1.0 0.0
    outer loop
      vertex -35.745304107666016 7.0 17.951967239379883
      vertex -29.435239791870117 7.0 13.777396202087402
      vertex -36.72864532470703 7.0 15.84319019317627
    endloop
  endfacet
  facet normal 0.0 1.0 0.0
    outer loop
      vertex -36.72864532470703 7.0 15.84319019317627
      vertex -29.435239791870117 7.0 13.777396202087402
      vertex -30.246688842773438 7.0 11.890661239624023
    endloop
  endfacet
  facet normal 0.0 1.0 0.0
    outer loop
      vertex -36.72864532470703 7.0 15.84319019317627
      vertex -30.246688842773438 7.0 11.890661239624023
      vertex -37.587703704833984 7.0 13.680806159973145
    endloop
  endfacet
  facet normal 0.0 1.0 0.0
    outer loop
      vertex -37.587703704833984 7.0 13.680806159973145
      vertex -30.246688842773438 7.0 11.890661239624023
      vertex -30.937345504760742 7.0 9.956439018249512
    endloop
  endfacet
  facet normal 0.0 1.0 0.0
    outer loop
      vertex -37.587703704833984 7.0 13.680806159973145
      vertex -30.937345504760742 7.0 9.956439018249512
      vertex -38.319580078125 7.0 11.472128868103027
    endloop
  endfacet
  facet normal 0.0 1.0 0.0
    outer loop
      vertex -38.319580078125 7.0 11.472128868103027
      vertex -30.937345504760742 7.0 9.956439018249512
      vertex -31.50444984436035 7.0 7.982455730438232
    endloop
  endfacet
  facet normal 0.0 1.0 0.0
    outer loop
      vertex -38.319580078125 7.0 11.472128868103027
      vertex -31.50444984436035 7.0 7.982455730438232
      vertex -38.92179489135742 7.0 9.224635124206543
    endloop
  endfacet
  facet normal 0.0 1.0 0.0
    outer loop
      vertex -38.92179489135742 7.0 9.224635124206543
      vertex -31.50444984436035 7.0 7.982455730438232
      vertex -31.618202209472656 7.0 7.264838218688965
    endloop
  endfacet
  facet normal 0.0 1.0 0.0
    outer loop
      vertex -38.92179489135742 7.0 9.224635124206543
      vertex -31.618202209472656 7.0 7.264838218688965
      vertex -39.392311096191406 7.0 6.945927143096924
    endloop
  endfacet
  facet normal -0.0 1.0 0.0
    outer loop
      vertex -39.392311096191406 7.0 6.945927143096924
      vertex -31.618202209472656 7.0 7.264838218688965
      vertex -31.600265502929688 7.0 6.538482666015625
    endloop
  endfacet
  facet normal 0.0 1.0 0.0
    outer loop
      vertex -39.392311096191406 7.0 6.945927143096924
      vertex -31.600265502929688 7.0 6.538482666015625
      vertex -31.451231002807617 7.0 5.827354431152344
    endloop
  endfacet
  facet normal 0.0 1.0 0.0
    outer loop
      vertex -39.392311096191406 7.0 6.945927143096924
      vertex -31.451231002807617 7.0 5.827354431152344
      vertex -39.72953414916992 7.0 4.643716335296631
    endloop
  endfacet
  facet normal 0.0 1.0 0.0
    outer loop
      vertex -39.72953414916992 7.0 4.643716335296631
      vertex -31.451231002807617 7.0 5.827354431152344
      vertex -31.17601776123047 7.0 5.154917240142822
    endloop
  endfacet
  facet normal -0.0 1.0 0.0
    outer loop
      vertex -39.72953414916992 7.0 4.643716335296631
      vertex -31.17601776123047 7.0 5.154917240142822
      vertex -39.93232727050781 7.0 2.3257932662963867
    endloop
  endfacet
  facet normal 0.0 1.0 0.0
    outer loop
      vertex -39.93232727050781 7.0 2.3257932662963867
      vertex -31.17601776123047 7.0 5.154917240142822
      vertex -30.78370475769043 7.0 4.543358325958252
    endloop
  endfacet
  facet normal -0.0 1.0 0.0
    outer loop
      vertex -39.93232727050781 7.0 2.3257932662963867
      vertex -30.78370475769043 7.0 4.543358325958252
      vertex -40.0 7.0 4.8985871985824346e-15
    endloop
  endfacet
  facet normal 0.0 1.0 0.0
    outer loop
      vertex -40.0 7.0 4.8985871985824346e-15
      vertex -30.78370475769043 7.0 4.543358325958252
      vertex -30.2872371673584 7.0 4.012855052947998
    endloop
  endfacet
  facet normal -0.0 1.0 0.0
    outer loop
      vertex -40.0 7.0 4.8985871985824346e-15
      vertex -30.2872371673584 7.0 4.012855052947998
      vertex -30.2872371673584 7.0 -4.012855529785156
    endloop
  endfacet
  facet normal 0.0 1.0 -0.0
    outer loop
      vertex -30.2872371673584 7.0 -4.012855529785156
      vertex -30.2872371673584 7.0 4.012855052947998
      vertex -29.702993392944336 7.0 3.58091139793396
    endloop
  endfacet
  facet normal 0.0 1.0 0.0
    outer loop
      vertex -30.2872371673584 7.0 -4.012855529785156
      vertex -29.702993392944336 7.0 3.58091139793396
      vertex -29.702993392944336 7.0 -3.580911874771118
    endloop
  endfacet
  facet normal 0.0 1.0 -0.0
    outer loop
      vertex -29.702993392944336 7.0 -3.580911874771118
      vertex -29.702993392944336 7.0 3.58091139793396
      vertex -29.050254821777344 7.0 3.261779546737671
    endloop
  endfacet
  facet normal 0.0 1.0 0.0
    outer loop
      vertex -29.702993392944336 7.0 -3.580911874771118
      vertex -29.050254821777344 7.0 3.261779546737671
      vertex -29.050254821777344 7.0 -3.261780023574829
    endloop
  endfacet
  facet normal 0.0 1.0 -0.0
    outer loop
      vertex -29.050254821777344 7.0 -3.261780023574829
      vertex -29.050254821777344 7.0 3.261779546737671
      vertex -28.350553512573242 7.0 3.0659890174865723
    endloop
  endfacet
  facet normal 0.0 1.0 0.0
    outer loop
      vertex -29.050254821777344 7.0 -3.261780023574829
      vertex -28.350553512573242 7.0 3.0659890174865723
      vertex -28.350553512573242 7.0 -3.0659894943237305
    endloop
  endfacet
  facet normal 0.0 1.0 -0.0
    outer loop
      vertex -28.350553512573242 7.0 -3.0659894943237305
      vertex -28.350553512573242 7.0 3.0659890174865723
      vertex -27.62697982788086 7.0 2.999999761581421
    endloop
  endfacet
  facet normal 0.0 1.0 0.0
    outer loop
      vertex -28.350553512573242 7.0 -3.0659894943237305
      vertex -27.62697982788086 7.0 2.999999761581421
      vertex -27.62697982788086 7.0 -3.000000238418579
    endloop
  endfacet
  facet normal 0.0 1.0 -0.0
    outer loop
      vertex -27.62697982788086 7.0 -3.000000238418579
      vertex -27.62697982788086 7.0 2.999999761581421
      vertex -14.696938514709473 7.0 2.999999761581421
    endloop
  endfacet
  facet normal 0.0 1.0 0.0
    outer loop
      vertex -30.2872371673584 7.0 -4.012855529785156
      vertex -30.78370475769043 7.0 -4.54335880279541
      vertex -40.0 7.0 4.8985871985824346e-15
    endloop
  endfacet
  facet normal 0.0 1.0 0.0
    outer loop
      vertex -40.0 7.0 4.8985871985824346e-15
      vertex -30.78370475769043 7.0 -4.54335880279541
      vertex -39.93232727050781 7.0 -2.3257932662963867
    endloop
  endfacet
  facet normal 0.0 1.0 0.0
    outer loop
      vertex -39.93232727050781 7.0 -2.3257932662963867
      vertex -30.78370475769043 7.0 -4.54335880279541
      vertex -31.17601776123047 7.0 -5.154918193817139
    endloop
  endfacet
  facet normal 0.0 1.0 0.0
    outer loop
      vertex -39.93232727050781 7.0 -2.3257932662963867
      vertex -31.17601776123047 7.0 -5.154918193817139
      vertex -39.72953414916992 7.0 -4.643716335296631
    endloop
  endfacet
  facet normal 0.0 1.0 0.0
    outer loop
      vertex -39.72953414916992 7.0 -4.643716335296631
      vertex -31.17601776123047 7.0 -5.154918193817139
      vertex -31.451231002807617 7.0 -5.827354907989502
    endloop
  endfacet
  facet normal 0.0 1.0 0.0
    outer loop
      vertex -39.72953414916992 7.0 -4.643716335296631
      vertex -31.451231002807617 7.0 -5.827354907989502
      vertex -39.392311096191406 7.0 -6.945927143096924
    endloop
  endfacet
  facet normal 0.0 1.0 0.0
    outer loop
      vertex -39.392311096191406 7.0 -6.945927143096924
      vertex -31.451231002807617 7.0 -5.827354907989502
      vertex -31.600265502929688 7.0 -6.538483142852783
    endloop
  endfacet
  facet normal -0.0 1.0 0.0
    outer loop
      vertex -39.392311096191406 7.0 -6.945927143096924
      vertex -31.600265502929688 7.0 -6.538483142852783
      vertex -31.618202209472656 7.0 -7.264839172363281
    endloop
  endfacet
  facet normal 0.0 1.0 0.0
    outer loop
      vertex -39.392311096191406 7.0 -6.945927143096924
      vertex -31.618202209472656 7.0 -7.264839172363281
      vertex -38.92179489135742 7.0 -9.224635124206543
    endloop
  endfacet
  facet normal 0.0 1.0 0.0
    outer loop
      vertex -38.92179489135742 7.0 -9.224635124206543
      vertex -31.618202209472656 7.0 -7.264839172363281
      vertex -31.50444984436035 7.0 -7.982456207275391
    endloop
  endfacet
  facet normal -0.0 1.0 0.0
    outer loop
      vertex -38.92179489135742 7.0 -9.224635124206543
      vertex -31.50444984436035 7.0 -7.982456207275391
      vertex -38.319580078125 7.0 -11.472128868103027
    endloop
  endfacet
  facet normal 0.0 1.0 0.0
    outer loop
      vertex -38.319580078125 7.0 -11.472128868103027
      vertex -31.50444984436035 7.0 -7.982456207275391
      vertex -30.937345504760742 7.0 -9.956439971923828
    endloop
  endfacet
  facet normal -0.0 1.0 0.0
    outer loop
      vertex -38.319580078125 7.0 -11.472128868103027
      vertex -30.937345504760742 7.0 -9.956439971923828
      vertex -37.587703704833984 7.0 -13.680806159973145
    endloop
  endfacet
  facet normal 0.0 1.0 0.0
    outer loop
      vertex -37.587703704833984 7.0 -13.680806159973145
      vertex -30.937345504760742 7.0 -9.956439971923828
      vertex -30.246688842773438 7.0 -11.890661239624023
    endloop
  endfacet
  facet normal -0.0 1.0 0.0
    outer loop
      vertex -37.587703704833984 7.0 -13.680806159973145
      vertex -30.246688842773438 7.0 -11.890661239624023
      vertex -36.72864532470703 7.0 -15.84319019317627
    endloop
  endfacet
  facet normal 0.0 1.0 0.0
    outer loop
      vertex -36.72864532470703 7.0 -15.84319019317627
      vertex -30.246688842773438 7.0 -11.890661239624023
      vertex -29.435239791870117 7.0 -13.777397155761719
    endloop
  endfacet
  facet normal -0.0 1.0 0.0
    outer loop
      vertex -36.72864532470703 7.0 -15.84319019317627
      vertex -29.435239791870117 7.0 -13.777397155761719
      vertex -35.745304107666016 7.0 -17.951967239379883
    endloop
  endfacet
  facet normal 0.0 1.0 0.0
    outer loop
      vertex -35.745304107666016 7.0 -17.951967239379883
      vertex -29.435239791870117 7.0 -13.777397155761719
      vertex -28.50623893737793 7.0 -15.609110832214355
    endloop
  endfacet
  facet normal -0.0 1.0 0.0
    outer loop
      vertex -35.745304107666016 7.0 -17.951967239379883
      vertex -28.50623893737793 7.0 -15.609110832214355
      vertex -34.64101791381836 7.0 -20.0
    endloop
  endfacet
  facet normal 0.0 1.0 0.0
    outer loop
      vertex -34.64101791381836 7.0 -20.0
      vertex -28.50623893737793 7.0 -15.609110832214355
      vertex -27.463396072387695 7.0 -17.378488540649414
    endloop
  endfacet
  facet normal -0.0 1.0 0.0
    outer loop
      vertex -34.64101791381836 7.0 -20.0
      vertex -27.463396072387695 7.0 -17.378488540649414
      vertex -33.41951370239258 7.0 -21.98036003112793
    endloop
  endfacet
  facet normal 0.0 1.0 0.0
    outer loop
      vertex -33.41951370239258 7.0 -21.98036003112793
      vertex -27.463396072387695 7.0 -17.378488540649414
      vertex -26.310874938964844 7.0 -19.07846450805664
    endloop
  endfacet
  facet normal -0.0 1.0 0.0
    outer loop
      vertex -33.41951370239258 7.0 -21.98036003112793
      vertex -26.310874938964844 7.0 -19.07846450805664
      vertex -32.08492660522461 7.0 -23.886343002319336
    endloop
  endfacet
  facet normal 0.0 1.0 0.0
    outer loop
      vertex -32.08492660522461 7.0 -23.886343002319336
      vertex -26.310874938964844 7.0 -19.07846450805664
      vertex -25.053281784057617 7.0 -20.70224952697754
    endloop
  endfacet
  facet normal -0.0 1.0 0.0
    outer loop
      vertex -32.08492660522461 7.0 -23.886343002319336
      vertex -25.053281784057617 7.0 -20.70224952697754
      vertex -30.64177703857422 7.0 -25.711503982543945
    endloop
  endfacet
  facet normal 0.0 1.0 0.0
    outer loop
      vertex -30.64177703857422 7.0 -25.711503982543945
      vertex -25.053281784057617 7.0 -20.70224952697754
      vertex -23.695634841918945 7.0 -22.243356704711914
    endloop
  endfacet
  facet normal -0.0 1.0 0.0
    outer loop
      vertex -30.64177703857422 7.0 -25.711503982543945
      vertex -23.695634841918945 7.0 -22.243356704711914
      vertex -29.094945907592773 7.0 -27.449665069580078
    endloop
  endfacet
  facet normal -0.0 1.0 0.0
    outer loop
      vertex -29.094945907592773 7.0 -27.449665069580078
      vertex -23.695634841918945 7.0 -22.243356704711914
      vertex -27.449665069580078 7.0 -29.094945907592773
    endloop
  endfacet
  facet normal 0.0 1.0 0.0
    outer loop
      vertex -27.449665069580078 7.0 -29.094945907592773
      vertex -23.695634841918945 7.0 -22.243356704711914
      vertex -22.243356704711914 7.0 -23.695634841918945
    endloop
  endfacet
  facet normal -0.0 1.0 0.0
    outer loop
      vertex -27.449665069580078 7.0 -29.094945907592773
      vertex -22.243356704711914 7.0 -23.695634841918945
      vertex -25.711503982543945 7.0 -30.64177703857422
    endloop
  endfacet
  facet normal 0.0 1.0 0.0
    outer loop
      vertex -25.711503982543945 7.0 -30.64177703857422
      vertex -22.243356704711914 7.0 -23.695634841918945
      vertex -20.70224952697754 7.0 -25.053281784057617
    endloop
  endfacet
  facet normal -0.0 1.0 0.0
    outer loop
      vertex -25.711503982543945 7.0 -30.64177703857422
      vertex -20.70224952697754 7.0 -25.053281784057617
      vertex -23.886343002319336 7.0 -32.08492660522461
    endloop
  endfacet
  facet normal 0.0 1.0 0.0
    outer loop
      vertex -23.886343002319336 7.0 -32.08492660522461
      vertex -20.70224952697754 7.0 -25.053281784057617
      vertex -19.07846450805664 7.0 -26.310876846313477
    endloop
  endfacet
  facet normal -0.0 1.0 0.0
    outer loop
      vertex -23.886343002319336 7.0 -32.08492660522461
      vertex -19.07846450805664 7.0 -26.310876846313477
      vertex -21.98036003112793 7.0 -33.41951370239258
    endloop
  endfacet
  facet normal 0.0 1.0 0.0
    outer loop
      vertex -21.98036003112793 7.0 -33.41951370239258
      vertex -19.07846450805664 7.0 -26.310876846313477
      vertex -17.378488540649414 7.0 -27.463396072387695
    endloop
  endfacet
  facet normal -0.0 1.0 0.0
    outer loop
      vertex -21.98036003112793 7.0 -33.41951370239258
      vertex -17.378488540649414 7.0 -27.463396072387695
      vertex -20.0 7.0 -34.64101791381836
    endloop
  endfacet
  facet normal 0.0 1.0 0.0
    outer loop
      vertex -20.0 7.0 -34.64101791381836
      vertex -17.378488540649414 7.0 -27.463396072387695
      vertex -15.609110832214355 7.0 -28.50623893737793
    endloop
  endfacet
  facet normal -0.0 1.0 0.0
    outer loop
      vertex -20.0 7.0 -34.64101791381836
      vertex -15.609110832214355 7.0 -28.50623893737793
      vertex -17.951967239379883 7.0 -35.745304107666016
    endloop
  endfacet
  facet normal 0.0 1.0 0.0
    outer loop
      vertex -17.951967239379883 7.0 -35.745304107666016
      vertex -15.609110832214355 7.0 -28.50623893737793
      vertex -13.777396202087402 7.0 -29.435239791870117
    endloop
  endfacet
  facet normal -0.0 1.0 0.0
    outer loop
      vertex -17.951967239379883 7.0 -35.745304107666016
      vertex -13.777396202087402 7.0 -29.435239791870117
      vertex -15.84319019317627 7.0 -36.72864532470703
    endloop
  endfacet
  facet normal 0.0 1.0 0.0
    outer loop
      vertex -15.84319019317627 7.0 -36.72864532470703
      vertex -13.777396202087402 7.0 -29.435239791870117
      vertex -11.890661239624023 7.0 -30.246688842773438
    endloop
  endfacet
  facet normal -0.0 1.0 0.0
    outer loop
      vertex -15.84319019317627 7.0 -36.72864532470703
      vertex -11.890661239624023 7.0 -30.246688842773438
      vertex -13.680806159973145 7.0 -37.587703704833984
    endloop
  endfacet
  facet normal 0.0 1.0 0.0
    outer loop
      vertex -13.680806159973145 7.0 -37.587703704833984
      vertex -11.890661239624023 7.0 -30.246688842773438
      vertex -9.956439971923828 7.0 -30.937345504760742
    endloop
  endfacet
  facet normal -0.0 1.0 0.0
    outer loop
      vertex -13.680806159973145 7.0 -37.587703704833984
      vertex -9.956439971923828 7.0 -30.937345504760742
      vertex -11.472128868103027 7.0 -38.319580078125
    endloop
  endfacet
  facet normal 0.0 1.0 0.0
    outer loop
      vertex -11.472128868103027 7.0 -38.319580078125
      vertex -9.956439971923828 7.0 -30.937345504760742
      vertex -7.982456207275391 7.0 -31.50444984436035
    endloop
  endfacet
  facet normal -0.0 1.0 0.0
    outer loop
      vertex -11.472128868103027 7.0 -38.319580078125
      vertex -7.982456207275391 7.0 -31.50444984436035
      vertex -9.224635124206543 7.0 -38.92179489135742
    endloop
  endfacet
  facet normal 0.0 1.0 0.0
    outer loop
      vertex -9.224635124206543 7.0 -38.92179489135742
      vertex -7.982456207275391 7.0 -31.50444984436035
      vertex -7.264838695526123 7.0 -31.618202209472656
    endloop
  endfacet
  facet normal -0.0 1.0 0.0
    outer loop
      vertex -9.224635124206543 7.0 -38.92179489135742
      vertex -7.264838695526123 7.0 -31.618202209472656
      vertex -6.945927143096924 7.0 -39.392311096191406
    endloop
  endfacet
  facet normal 0.0 1.0 -0.0
    outer loop
      vertex -6.945927143096924 7.0 -39.392311096191406
      vertex -7.264838695526123 7.0 -31.618202209472656
      vertex -6.538483142852783 7.0 -31.600265502929688
    endloop
  endfacet
  facet normal 0.0 1.0 0.0
    outer loop
      vertex -6.945927143096924 7.0 -39.392311096191406
      vertex -6.538483142852783 7.0 -31.600265502929688
      vertex -5.827354907989502 7.0 -31.451231002807617
    endloop
  endfacet
  facet normal -0.0 1.0 0.0
    outer loop
      vertex -6.945927143096924 7.0 -39.392311096191406
      vertex -5.827354907989502 7.0 -31.451231002807617
      vertex -4.643716335296631 7.0 -39.72953414916992
    endloop
  endfacet
  facet normal 0.0 1.0 0.0
    outer loop
      vertex -4.643716335296631 7.0 -39.72953414916992
      vertex -5.827354907989502 7.0 -31.451231002807617
      vertex -5.1549177169799805 7.0 -31.17601776123047
    endloop
  endfacet
  facet normal -0.0 1.0 -0.0
    outer loop
      vertex -4.643716335296631 7.0 -39.72953414916992
      vertex -5.1549177169799805 7.0 -31.17601776123047
      vertex -2.3257932662963867 7.0 -39.93232727050781
    endloop
  endfacet
  facet normal 0.0 1.0 0.0
    outer loop
      vertex -2.3257932662963867 7.0 -39.93232727050781
      vertex -5.1549177169799805 7.0 -31.17601776123047
      vertex -4.543358325958252 7.0 -30.78370475769043
    endloop
  endfacet
  facet normal -0.0 1.0 -0.0
    outer loop
      vertex -2.3257932662963867 7.0 -39.93232727050781
      vertex -4.543358325958252 7.0 -30.78370475769043
      vertex 2.4492935992912173e-15 7.0 -40.0
    endloop
  endfacet
  facet normal 0.0 1.0 0.0
    outer loop
      vertex 2.4492935992912173e-15 7.0 -40.0
      vertex -4.543358325958252 7.0 -30.78370475769043
      vertex -4.012855052947998 7.0 -30.2872371673584
    endloop
  endfacet
  facet normal 0.0 1.0 -0.0
    outer loop
      vertex -14.368456840515137 7.0 -4.306676387786865
      vertex -14.696938514709473 7.0 -3.000000238418579
      vertex 14.696938514709473 7.0 2.999999761581421
    endloop
  endfacet
  facet normal 0.0 1.0 0.0
    outer loop
      vertex 14.696938514709473 7.0 2.999999761581421
      vertex -14.696938514709473 7.0 -3.000000238418579
      vertex 14.368456840515137 7.0 4.306675910949707
    endloop
  endfacet
  facet normal -0.0 1.0 0.0
    outer loop
      vertex 30.937345504760742 7.0 9.956439018249512
      vertex 38.319580078125 7.0 11.472128868103027
      vertex 31.50444984436035 7.0 7.982455730438232
    endloop
  endfacet
  facet normal 0.0 1.0 0.0
    outer loop
      vertex 31.50444984436035 7.0 7.982455730438232
      vertex 38.319580078125 7.0 11.472128868103027
      vertex 38.92179489135742 7.0 9.224635124206543
    endloop
  endfacet
  facet normal -0.0 1.0 0.0
    outer loop
      vertex 31.50444984436035 7.0 7.982455730438232
      vertex 38.92179489135742 7.0 9.224635124206543
      vertex 31.618202209472656 7.0 7.264838218688965
    endloop
  endfacet
  facet normal -0.0 1.0 0.0
    outer loop
      vertex 31.618202209472656 7.0 7.264838218688965
      vertex 38.92179489135742 7.0 9.224635124206543
      vertex 39.392311096191406 7.0 6.945927143096924
    endloop
  endfacet
  facet normal 0.0 1.0 0.0
    outer loop
      vertex 31.618202209472656 7.0 7.264838218688965
      vertex 39.392311096191406 7.0 6.945927143096924
      vertex 31.600265502929688 7.0 6.538482666015625
    endloop
  endfacet
  facet normal -0.0 1.0 0.0
    outer loop
      vertex 31.600265502929688 7.0 6.538482666015625
      vertex 39.392311096191406 7.0 6.945927143096924
      vertex 31.451231002807617 7.0 5.827354431152344
    endloop
  endfacet
  facet normal -0.0 1.0 0.0
    outer loop
      vertex 31.451231002807617 7.0 5.827354431152344
      vertex 39.392311096191406 7.0 6.945927143096924
      vertex 39.72953414916992 7.0 4.643716335296631
    endloop
  endfacet
  facet normal 0.0 1.0 0.0
    outer loop
      vertex 31.451231002807617 7.0 5.827354431152344
      vertex 39.72953414916992 7.0 4.643716335296631
      vertex 31.17601776123047 7.0 5.154917240142822
    endloop
  endfacet
  facet normal 0.0 1.0 0.0
    outer loop
      vertex 31.17601776123047 7.0 5.154917240142822
      vertex 39.72953414916992 7.0 4.643716335296631
      vertex 39.93232727050781 7.0 2.3257932662963867
    endloop
  endfacet
  facet normal 0.0 1.0 0.0
    outer loop
      vertex 31.17601776123047 7.0 5.154917240142822
      vertex 39.93232727050781 7.0 2.3257932662963867
      vertex 30.78370475769043 7.0 4.543358325958252
    endloop
  endfacet
  facet normal 0.0 1.0 0.0
    outer loop
      vertex 30.78370475769043 7.0 4.543358325958252
      vertex 39.93232727050781 7.0 2.3257932662963867
      vertex 40.0 7.0 0.0
    endloop
  endfacet
  facet normal 0.0 1.0 0.0
    outer loop
      vertex 30.78370475769043 7.0 4.543358325958252
      vertex 40.0 7.0 0.0
      vertex 30.2872371673584 7.0 4.012855052947998
    endloop
  endfacet
  facet normal 0.0 1.0 0.0
    outer loop
      vertex 38.319580078125 7.0 11.472128868103027
      vertex 30.937345504760742 7.0 9.956439018249512
      vertex 37.587703704833984 7.0 13.680806159973145
    endloop
  endfacet
  facet normal 0.0 1.0 0.0
    outer loop
      vertex 37.587703704833984 7.0 13.680806159973145
      vertex 30.937345504760742 7.0 9.956439018249512
      vertex 30.246688842773438 7.0 11.890661239624023
    endloop
  endfacet
  facet normal 0.0 1.0 0.0
    outer loop
      vertex 37.587703704833984 7.0 13.680806159973145
      vertex 30.246688842773438 7.0 11.890661239624023
      vertex 36.72864532470703 7.0 15.84319019317627
    endloop
  endfacet
  facet normal 0.0 1.0 0.0
    outer loop
      vertex 36.72864532470703 7.0 15.84319019317627
      vertex 30.246688842773438 7.0 11.890661239624023
      vertex 29.435239791870117 7.0 13.777396202087402
    endloop
  endfacet
  facet normal 0.0 1.0 0.0
    outer loop
      vertex 36.72864532470703 7.0 15.84319019317627
      vertex 29.435239791870117 7.0 13.777396202087402
      vertex 35.745304107666016 7.0 17.951967239379883
    endloop
  endfacet
  facet normal 0.0 1.0 0.0
    outer loop
      vertex 35.745304107666016 7.0 17.951967239379883
      vertex 29.435239791870117 7.0 13.777396202087402
      vertex 28.50623893737793 7.0 15.609110832214355
    endloop
  endfacet
  facet normal 0.0 1.0 0.0
    outer loop
      vertex 35.745304107666016 7.0 17.951967239379883
      vertex 28.50623893737793 7.0 15.609110832214355
      vertex 34.64101791381836 7.0 20.0
    endloop
  endfacet
  facet normal 0.0 1.0 0.0
    outer loop
      vertex 34.64101791381836 7.0 20.0
      vertex 28.50623893737793 7.0 15.609110832214355
      vertex 27.463396072387695 7.0 17.378488540649414
    endloop
  endfacet
  facet normal 0.0 1.0 0.0
    outer loop
      vertex 34.64101791381836 7.0 20.0
      vertex 27.463396072387695 7.0 17.378488540649414
      vertex 33.41951370239258 7.0 21.98036003112793
    endloop
  endfacet
  facet normal 0.0 1.0 0.0
    outer loop
      vertex 33.41951370239258 7.0 21.98036003112793
      vertex 27.463396072387695 7.0 17.378488540649414
      vertex 26.310876846313477 7.0 19.07846450805664
    endloop
  endfacet
  facet normal 0.0 1.0 0.0
    outer loop
      vertex 33.41951370239258 7.0 21.98036003112793
      vertex 26.310876846313477 7.0 19.07846450805664
      vertex 32.08492660522461 7.0 23.886343002319336
    endloop
  endfacet
  facet normal 0.0 1.0 0.0
    outer loop
      vertex 32.08492660522461 7.0 23.886343002319336
      vertex 26.310876846313477 7.0 19.07846450805664
      vertex 25.053281784057617 7.0 20.702247619628906
    endloop
  endfacet
  facet normal 0.0 1.0 0.0
    outer loop
      vertex 32.08492660522461 7.0 23.886343002319336
      vertex 25.053281784057617 7.0 20.702247619628906
      vertex 30.64177703857422 7.0 25.711503982543945
    endloop
  endfacet
  facet normal 0.0 1.0 0.0
    outer loop
      vertex 30.64177703857422 7.0 25.711503982543945
      vertex 25.053281784057617 7.0 20.702247619628906
      vertex 23.695634841918945 7.0 22.243356704711914
    endloop
  endfacet
  facet normal 0.0 1.0 0.0
    outer loop
      vertex 30.64177703857422 7.0 25.711503982543945
      vertex 23.695634841918945 7.0 22.243356704711914
      vertex 29.094945907592773 7.0 27.449665069580078
    endloop
  endfacet
  facet normal 0.0 1.0 0.0
    outer loop
      vertex 29.094945907592773 7.0 27.449665069580078
      vertex 23.695634841918945 7.0 22.243356704711914
      vertex 22.243356704711914 7.0 23.695634841918945
    endloop
  endfacet
  facet normal 0.0 1.0 0.0
    outer loop
      vertex 29.094945907592773 7.0 27.449665069580078
      vertex 22.243356704711914 7.0 23.695634841918945
      vertex 27.449665069580078 7.0 29.094945907592773
    endloop
  endfacet
  facet normal 0.0 1.0 0.0
    outer loop
      vertex 27.449665069580078 7.0 29.094945907592773
      vertex 22.243356704711914 7.0 23.695634841918945
      vertex 25.711503982543945 7.0 30.64177703857422
    endloop
  endfacet
  facet normal 0.0 1.0 0.0
    outer loop
      vertex 25.711503982543945 7.0 30.64177703857422
      vertex 22.243356704711914 7.0 23.695634841918945
      vertex 20.70224952697754 7.0 25.053281784057617
    endloop
  endfacet
  facet normal 0.0 1.0 0.0
    outer loop
      vertex 25.711503982543945 7.0 30.64177703857422
      vertex 20.70224952697754 7.0 25.053281784057617
      vertex 23.886343002319336 7.0 32.08492660522461
    endloop
  endfacet
  facet normal 0.0 1.0 0.0
    outer loop
      vertex 23.886343002319336 7.0 32.08492660522461
      vertex 20.70224952697754 7.0 25.053281784057617
      vertex 19.07846450805664 7.0 26.310874938964844
    endloop
  endfacet
  facet normal 0.0 1.0 0.0
    outer loop
      vertex 23.886343002319336 7.0 32.08492660522461
      vertex 19.07846450805664 7.0 26.310874938964844
      vertex 21.98036003112793 7.0 33.41951370239258
    endloop
  endfacet
  facet normal 0.0 1.0 0.0
    outer loop
      vertex 21.98036003112793 7.0 33.41951370239258
      vertex 19.07846450805664 7.0 26.310874938964844
      vertex 17.378488540649414 7.0 27.463396072387695
    endloop
  endfacet
  facet normal 0.0 1.0 0.0
    outer loop
      vertex 21.98036003112793 7.0 33.41951370239258
      vertex 17.378488540649414 7.0 27.463396072387695
      vertex 20.0 7.0 34.64101791381836
    endloop
  endfacet
  facet normal 0.0 1.0 0.0
    outer loop
      vertex 20.0 7.0 34.64101791381836
      vertex 17.378488540649414 7.0 27.463396072387695
      vertex 15.609110832214355 7.0 28.50623893737793
    endloop
  endfacet
  facet normal 0.0 1.0 0.0
    outer loop
      vertex 20.0 7.0 34.64101791381836
      vertex 15.609110832214355 7.0 28.50623893737793
      vertex 17.951967239379883 7.0 35.745304107666016
    endloop
  endfacet
  facet normal 0.0 1.0 0.0
    outer loop
      vertex 17.951967239379883 7.0 35.745304107666016
      vertex 15.609110832214355 7.0 28.50623893737793
      vertex 13.777397155761719 7.0 29.435239791870117
    endloop
  endfacet
  facet normal 0.0 1.0 0.0
    outer loop
      vertex 17.951967239379883 7.0 35.745304107666016
      vertex 13.777397155761719 7.0 29.435239791870117
      vertex 15.84319019317627 7.0 36.72864532470703
    endloop
  endfacet
  facet normal 0.0 1.0 0.0
    outer loop
      vertex 15.84319019317627 7.0 36.72864532470703
      vertex 13.777397155761719 7.0 29.435239791870117
      vertex 11.890661239624023 7.0 30.246688842773438
    endloop
  endfacet
  facet normal 0.0 1.0 0.0
    outer loop
      vertex 15.84319019317627 7.0 36.72864532470703
      vertex 11.890661239624023 7.0 30.246688842773438
      vertex 13.680806159973145 7.0 37.587703704833984
    endloop
  endfacet
  facet normal 0.0 1.0 0.0
    outer loop
      vertex 13.680806159973145 7.0 37.587703704833984
      vertex 11.890661239624023 7.0 30.246688842773438
      vertex 9.956439971923828 7.0 30.937345504760742
    endloop
  endfacet
  facet normal 0.0 1.0 0.0
    outer loop
      vertex 13.680806159973145 7.0 37.587703704833984
      vertex 9.956439971923828 7.0 30.937345504760742
      vertex 11.472128868103027 7.0 38.319580078125
    endloop
  endfacet
  facet normal 0.0 1.0 0.0
    outer loop
      vertex 11.472128868103027 7.0 38.319580078125
      vertex 9.956439971923828 7.0 30.937345504760742
      vertex 7.982456207275391 7.0 31.50444984436035
    endloop
  endfacet
  facet normal 0.0 1.0 0.0
    outer loop
      vertex 11.472128868103027 7.0 38.319580078125
      vertex 7.982456207275391 7.0 31.50444984436035
      vertex 9.224635124206543 7.0 38.92179489135742
    endloop
  endfacet
  facet normal 0.0 1.0 0.0
    outer loop
      vertex 9.224635124206543 7.0 38.92179489135742
      vertex 7.982456207275391 7.0 31.50444984436035
      vertex 7.264838695526123 7.0 31.618202209472656
    endloop
  endfacet
  facet normal 0.0 1.0 0.0
    outer loop
      vertex 9.224635124206543 7.0 38.92179489135742
      vertex 7.264838695526123 7.0 31.618202209472656
      vertex 6.945927143096924 7.0 39.392311096191406
    endloop
  endfacet
  facet normal 0.0 1.0 0.0
    outer loop
      vertex 6.945927143096924 7.0 39.392311096191406
      vertex 7.264838695526123 7.0 31.618202209472656
      vertex 6.538483142852783 7.0 31.600265502929688
    endloop
  endfacet
  facet normal 0.0 1.0 0.0
    outer loop
      vertex 6.945927143096924 7.0 39.392311096191406
      vertex 6.538483142852783 7.0 31.600265502929688
      vertex 5.827354907989502 7.0 31.451231002807617
    endloop
  endfacet
  facet normal 0.0 1.0 0.0
    outer loop
      vertex 6.945927143096924 7.0 39.392311096191406
      vertex 5.827354907989502 7.0 31.451231002807617
      vertex 4.643716335296631 7.0 39.72953414916992
    endloop
  endfacet
  facet normal 0.0 1.0 0.0
    outer loop
      vertex 4.643716335296631 7.0 39.72953414916992
      vertex 5.827354907989502 7.0 31.451231002807617
      vertex 5.1549177169799805 7.0 31.17601776123047
    endloop
  endfacet
  facet normal 0.0 1.0 0.0
    outer loop
      vertex 4.643716335296631 7.0 39.72953414916992
      vertex 5.1549177169799805 7.0 31.17601776123047
      vertex 2.3257932662963867 7.0 39.93232727050781
    endloop
  endfacet
  facet normal 0.0 1.0 0.0
    outer loop
      vertex 2.3257932662963867 7.0 39.93232727050781
      vertex 5.1549177169799805 7.0 31.17601776123047
      vertex 4.543358325958252 7.0 30.78370475769043
    endloop
  endfacet
  facet normal 0.0 1.0 0.0
    outer loop
      vertex 2.3257932662963867 7.0 39.93232727050781
      vertex 4.543358325958252 7.0 30.78370475769043
      vertex 2.4492935992912173e-15 7.0 40.0
    endloop
  endfacet
  facet normal 0.0 1.0 0.0
    outer loop
      vertex 2.4492935992912173e-15 7.0 40.0
      vertex 4.543358325958252 7.0 30.78370475769043
      vertex 4.012855052947998 7.0 30.2872371673584
    endloop
  endfacet
  facet normal -0.9990212321281433 -8.594053854612765e-17 0.04423334822058678
    outer loop
      vertex -17.182497024536133 7.0 1.5245567560195923
      vertex -17.182497024536133 11.0 1.5245567560195923
      vertex -17.25 7.0 2.1125156288035124e-15
    endloop
  endfacet
  facet normal -0.9990212321281433 0.0 0.04423334822058678
    outer loop
      vertex -17.25 7.0 2.1125156288035124e-15
      vertex -17.182497024536133 11.0 1.5245567560195923
      vertex -17.25 11.0 2.1125156288035124e-15
    endloop
  endfacet
  facet normal -0.9990212321281433 0.0 -0.04423334822058678
    outer loop
      vertex -17.25 7.0 2.1125156288035124e-15
      vertex -17.25 11.0 2.1125156288035124e-15
      vertex -17.182497024536133 7.0 -1.5245567560195923
    endloop
  endfacet
  facet normal -0.9990212321281433 8.594053854612765e-17 -0.04423334822058678
    outer loop
      vertex -17.182497024536133 7.0 -1.5245567560195923
      vertex -17.25 11.0 2.1125156288035124e-15
      vertex -17.182497024536133 11.0 -1.5245567560195923
    endloop
  endfacet
  facet normal -0.9912025332450867 2.5714901192125893e-16 -0.13235385715961456
    outer loop
      vertex -17.182497024536133 7.0 -1.5245567560195923
      vertex -17.182497024536133 11.0 -1.5245567560195923
      vertex -16.980518341064453 7.0 -3.037181854248047
    endloop
  endfacet
  facet normal -0.9912025332450867 6.158685503444188e-16 -0.13235385715961456
    outer loop
      vertex -16.980518341064453 7.0 -3.037181854248047
      vertex -17.182497024536133 11.0 -1.5245567560195923
      vertex -16.980518341064453 11.0 -3.037181854248047
    endloop
  endfacet
  facet normal -0.9756263494491577 4.2800400124214425e-16 -0.21943850815296173
    outer loop
      vertex -16.980518341064453 7.0 -3.037181854248047
      vertex -16.980518341064453 11.0 -3.037181854248047
      vertex -16.645645141601562 7.0 -4.526036739349365
    endloop
  endfacet
  facet normal -0.9756263494491577 0.0 -0.21943850815296173
    outer loop
      vertex -16.645645141601562 7.0 -4.526036739349365
      vertex -16.980518341064453 11.0 -3.037181854248047
      vertex -16.645645141601562 11.0 -4.526036739349365
    endloop
  endfacet
  facet normal -0.9524145126342773 0.0 -0.3048057556152344
    outer loop
      vertex -16.645645141601562 7.0 -4.526036739349365
      vertex -16.645645141601562 11.0 -4.526036739349365
      vertex -16.180496215820312 7.0 -5.979469299316406
    endloop
  endfacet
  facet normal -0.9524145126342773 0.0 -0.3048057556152344
    outer loop
      vertex -16.180496215820312 7.0 -5.979469299316406
      vertex -16.645645141601562 11.0 -4.526036739349365
      vertex -16.180496215820312 11.0 -5.979469299316406
    endloop
  endfacet
  facet normal -0.9217488169670105 0.0 -0.38778749108314514
    outer loop
      vertex -16.180496215820312 7.0 -5.979469299316406
      vertex -16.180496215820312 11.0 -5.979469299316406
      vertex -15.588712692260742 7.0 -7.386104583740234
    endloop
  endfacet
  facet normal -0.9217488169670105 -5.391671229321409e-16 -0.38778749108314514
    outer loop
      vertex -15.588712692260742 7.0 -7.386104583740234
      vertex -16.180496215820312 11.0 -5.979469299316406
      vertex -15.588712692260742 11.0 -7.386104583740234
    endloop
  endfacet
  facet normal -0.8838691115379333 -3.466872501189553e-16 -0.46773427724838257
    outer loop
      vertex -15.588712692260742 7.0 -7.386104583740234
      vertex -15.588712692260742 11.0 -7.386104583740234
      vertex -14.874926567077637 7.0 -8.734933853149414
    endloop
  endfacet
  facet normal -0.8838691115379333 0.0 -0.46773427724838257
    outer loop
      vertex -14.874926567077637 7.0 -8.734933853149414
      vertex -15.588712692260742 11.0 -7.386104583740234
      vertex -14.874926567077637 11.0 -8.734933853149414
    endloop
  endfacet
  facet normal -0.8390719890594482 0.0 -0.544020414352417
    outer loop
      vertex -14.874926567077637 7.0 -8.734933853149414
      vertex -14.874926567077637 11.0 -8.734933853149414
      vertex -14.044723510742188 7.0 -10.015399932861328
    endloop
  endfacet
  facet normal -0.8390719890594482 0.0 -0.544020414352417
    outer loop
      vertex -14.044723510742188 7.0 -10.015399932861328
      vertex -14.874926567077637 11.0 -8.734933853149414
      vertex -14.044723510742188 11.0 -10.015399932861328
    endloop
  endfacet
  facet normal -0.7877079844474792 0.0 -0.6160488128662109
    outer loop
      vertex -14.044723510742188 7.0 -10.015399932861328
      vertex -14.044723510742188 11.0 -10.015399932861328
      vertex -13.104601860046387 7.0 -11.21748161315918
    endloop
  endfacet
  facet normal -0.7877079844474792 0.0 -0.6160488128662109
    outer loop
      vertex -13.104601860046387 7.0 -11.21748161315918
      vertex -14.044723510742188 11.0 -10.015399932861328
      vertex -13.104601860046387 11.0 -11.21748161315918
    endloop
  endfacet
  facet normal -0.7301790714263916 0.0 -0.6832558512687683
    outer loop
      vertex -13.104601860046387 7.0 -11.21748161315918
      vertex -13.104601860046387 11.0 -11.21748161315918
      vertex -12.061919212341309 7.0 -12.331771850585938
    endloop
  endfacet
  facet normal -0.7301790714263916 8.335243599323704e-17 -0.6832558512687683
    outer loop
      vertex -12.061919212341309 7.0 -12.331771850585938
      vertex -13.104601860046387 11.0 -11.21748161315918
      vertex -12.061919212341309 11.0 -12.331771850585938
    endloop
  endfacet
  facet normal -0.6669355034828186 -1.3887539274619722e-16 -0.7451153993606567
    outer loop
      vertex -12.061919212341309 7.0 -12.331771850585938
      vertex -12.061919212341309 11.0 -12.331771850585938
      vertex -10.924835205078125 7.0 -13.349549293518066
    endloop
  endfacet
  facet normal -0.6669355034828186 0.0 -0.7451153993606567
    outer loop
      vertex -10.924835205078125 7.0 -13.349549293518066
      vertex -12.061919212341309 11.0 -12.331771850585938
      vertex -10.924835205078125 11.0 -13.349549293518066
    endloop
  endfacet
  facet normal -0.5984722971916199 0.0 -0.8011434674263
    outer loop
      vertex -10.924835205078125 7.0 -13.349549293518066
      vertex -10.924835205078125 11.0 -13.349549293518066
      vertex -9.702250480651855 7.0 -14.262847900390625
    endloop
  endfacet
  facet normal -0.5984722971916199 0.0 -0.8011434674263
    outer loop
      vertex -9.702250480651855 7.0 -14.262847900390625
      vertex -10.924835205078125 11.0 -13.349549293518066
      vertex -9.702250480651855 11.0 -14.262847900390625
    endloop
  endfacet
  facet normal -0.5253252387046814 0.0 -0.8509015440940857
    outer loop
      vertex -9.702250480651855 7.0 -14.262847900390625
      vertex -9.702250480651855 11.0 -14.262847900390625
      vertex -8.403731346130371 7.0 -15.064520835876465
    endloop
  endfacet
  facet normal -0.5253252387046814 5.587855177212938e-17 -0.8509015440940857
    outer loop
      vertex -8.403731346130371 7.0 -15.064520835876465
      vertex -9.702250480651855 11.0 -14.262847900390625
      vertex -8.403731346130371 11.0 -15.064520835876465
    endloop
  endfacet
  facet normal -0.448066771030426 1.9708671295973434e-16 -0.8940001130104065
    outer loop
      vertex -8.403731346130371 7.0 -15.064520835876465
      vertex -8.403731346130371 11.0 -15.064520835876465
      vertex -7.039442539215088 7.0 -15.74829387664795
    endloop
  endfacet
  facet normal -0.448066771030426 4.974540854720965e-16 -0.8940001130104065
    outer loop
      vertex -7.039442539215088 7.0 -15.74829387664795
      vertex -8.403731346130371 11.0 -15.064520835876465
      vertex -7.039442539215088 11.0 -15.74829387664795
    endloop
  endfacet
  facet normal -0.3673015832901001 4.077867012197234e-16 -0.9301018714904785
    outer loop
      vertex -7.039442539215088 7.0 -15.74829387664795
      vertex -7.039442539215088 11.0 -15.74829387664795
      vertex -5.620059967041016 7.0 -16.308815002441406
    endloop
  endfacet
  facet normal -0.3673015832901001 0.0 -0.9301018714904785
    outer loop
      vertex -5.620059967041016 7.0 -16.308815002441406
      vertex -7.039442539215088 11.0 -15.74829387664795
      vertex -5.620059967041016 11.0 -16.308815002441406
    endloop
  endfacet
  facet normal -0.28366178274154663 0.0 -0.958924412727356
    outer loop
      vertex -5.620059967041016 7.0 -16.308815002441406
      vertex -5.620059967041016 11.0 -16.308815002441406
      vertex -4.156692981719971 7.0 -16.741697311401367
    endloop
  endfacet
  facet normal -0.28366178274154663 -2.5194227392470714e-16 -0.958924412727356
    outer loop
      vertex -4.156692981719971 7.0 -16.741697311401367
      vertex -5.620059967041016 11.0 -16.308815002441406
      vertex -4.156692981719971 11.0 -16.741697311401367
    endloop
  endfacet
  facet normal -0.19780191779136658 -1.7568339475759005e-16 -0.9802420139312744
    outer loop
      vertex -4.156692981719971 7.0 -16.741697311401367
      vertex -4.156692981719971 11.0 -16.741697311401367
      vertex -2.6607940196990967 7.0 -17.04355239868164
    endloop
  endfacet
  facet normal -0.19780191779136658 3.733272304034911e-16 -0.9802420139312744
    outer loop
      vertex -2.6607940196990967 7.0 -17.04355239868164
      vertex -4.156692981719971 11.0 -16.741697311401367
      vertex -2.6607940196990967 11.0 -17.04355239868164
    endloop
  endfacet
  facet normal -0.11039399355649948 2.0835532165265034e-16 -0.9938879013061523
    outer loop
      vertex -2.6607940196990967 7.0 -17.04355239868164
      vertex -2.6607940196990967 11.0 -17.04355239868164
      vertex -1.1440709829330444 7.0 -17.212018966674805
    endloop
  endfacet
  facet normal -0.11039399355649948 9.804956274139752e-17 -0.9938879013061523
    outer loop
      vertex -1.1440709829330444 7.0 -17.212018966674805
      vertex -2.6607940196990967 11.0 -17.04355239868164
      vertex -1.1440709829330444 11.0 -17.212018966674805
    endloop
  endfacet
  facet normal -0.022122086957097054 1.9648360234023213e-17 -0.9997552633285522
    outer loop
      vertex -1.1440709829330444 7.0 -17.212018966674805
      vertex -1.1440709829330444 11.0 -17.212018966674805
      vertex 0.38160601258277893 7.0 -17.245779037475586
    endloop
  endfacet
  facet normal -0.022122086957097054 0.0 -0.9997552633285522
    outer loop
      vertex 0.38160601258277893 7.0 -17.245779037475586
      vertex -1.1440709829330444 11.0 -17.212018966674805
      vertex 0.38160601258277893 11.0 -17.245779037475586
    endloop
  endfacet
  facet normal 0.06632295995950699 0.0 -0.9977982044219971
    outer loop
      vertex 0.38160601258277893 7.0 -17.245779037475586
      vertex 0.38160601258277893 11.0 -17.245779037475586
      vertex 1.9042963981628418 7.0 -17.14456558227539
    endloop
  endfacet
  facet normal 0.06632295995950699 6.626994535160024e-17 -0.9977982044219971
    outer loop
      vertex 1.9042963981628418 7.0 -17.14456558227539
      vertex 0.38160601258277893 11.0 -17.245779037475586
      vertex 1.9042963981628418 11.0 -17.14456558227539
    endloop
  endfacet
  facet normal 0.1542489379644394 1.5412563862635966e-16 -0.9880320429801941
    outer loop
      vertex 1.9042963981628418 7.0 -17.14456558227539
      vertex 1.9042963981628418 11.0 -17.14456558227539
      vertex 3.412083148956299 7.0 -16.9091739654541
    endloop
  endfacet
  facet normal 0.1542489379644394 -3.082512772527193e-16 -0.9880320429801941
    outer loop
      vertex 3.412083148956299 7.0 -16.9091739654541
      vertex 1.9042963981628418 11.0 -17.14456558227539
      vertex 3.412083148956299 11.0 -16.9091739654541
    endloop
  endfacet
  facet normal 0.24096770584583282 -4.815501948544497e-16 -0.9705331325531006
    outer loop
      vertex 3.412083148956299 7.0 -16.9091739654541
      vertex 3.412083148956299 11.0 -16.9091739654541
      vertex 4.893165588378906 7.0 -16.541446685791016
    endloop
  endfacet
  facet normal 0.24096770584583282 0.0 -0.9705331325531006
    outer loop
      vertex 4.893165588378906 7.0 -16.541446685791016
      vertex 3.412083148956299 11.0 -16.9091739654541
      vertex 4.893165588378906 11.0 -16.541446685791016
    endloop
  endfacet
  facet normal 0.3258005678653717 0.0 -0.9454385042190552
    outer loop
      vertex 4.893165588378906 7.0 -16.541446685791016
      vertex 4.893165588378906 11.0 -16.541446685791016
      vertex 6.3359527587890625 7.0 -16.04425811767578
    endloop
  endfacet
  facet normal 0.3258005678653717 2.8936903350406924e-16 -0.9454385042190552
    outer loop
      vertex 6.3359527587890625 7.0 -16.04425811767578
      vertex 4.893165588378906 11.0 -16.541446685791016
      vertex 6.3359527587890625 11.0 -16.04425811767578
    endloop
  endfacet
  facet normal 0.40808361768722534 3.624510626629499e-16 -0.9129445552825928
    outer loop
      vertex 6.3359527587890625 7.0 -16.04425811767578
      vertex 6.3359527587890625 11.0 -16.04425811767578
      vertex 7.729152202606201 7.0 -15.421501159667969
    endloop
  endfacet
  facet normal 0.40808361768722534 -5.819971321518178e-16 -0.9129445552825928
    outer loop
      vertex 7.729152202606201 7.0 -15.421501159667969
      vertex 6.3359527587890625 11.0 -16.04425811767578
      vertex 7.729152202606201 11.0 -15.421501159667969
    endloop
  endfacet
  facet normal 0.48717284202575684 -4.062580185081662e-16 -0.8733055591583252
    outer loop
      vertex 7.729152202606201 7.0 -15.421501159667969
      vertex 7.729152202606201 11.0 -15.421501159667969
      vertex 9.061860084533691 7.0 -14.678050994873047
    endloop
  endfacet
  facet normal 0.48717284202575684 0.0 -0.8733055591583252
    outer loop
      vertex 9.061860084533691 7.0 -14.678050994873047
      vertex 7.729152202606201 11.0 -15.421501159667969
      vertex 9.061860084533691 11.0 -14.678050994873047
    endloop
  endfacet
  facet normal 0.5624492764472961 0.0 -0.8268317580223083
    outer loop
      vertex 9.061860084533691 7.0 -14.678050994873047
      vertex 9.061860084533691 11.0 -14.678050994873047
      vertex 10.323647499084473 7.0 -13.819725036621094
    endloop
  endfacet
  facet normal 0.5624492764472961 0.0 -0.8268317580223083
    outer loop
      vertex 10.323647499084473 7.0 -13.819725036621094
      vertex 9.061860084533691 11.0 -14.678050994873047
      vertex 10.323647499084473 11.0 -13.819725036621094
    endloop
  endfacet
  facet normal 0.6333237886428833 0.0 -0.7738869190216064
    outer loop
      vertex 10.323647499084473 7.0 -13.819725036621094
      vertex 10.323647499084473 11.0 -13.819725036621094
      vertex 11.504637718200684 7.0 -12.853240966796875
    endloop
  endfacet
  facet normal 0.6333237886428833 0.0 -0.7738869190216064
    outer loop
      vertex 11.504637718200684 7.0 -12.853240966796875
      vertex 10.323647499084473 11.0 -13.819725036621094
      vertex 11.504637718200684 11.0 -12.853240966796875
    endloop
  endfacet
  facet normal 0.6992416977882385 0.0 -0.7148853540420532
    outer loop
      vertex 11.504637718200684 7.0 -12.853240966796875
      vertex 11.504637718200684 11.0 -12.853240966796875
      vertex 12.595588684082031 7.0 -11.786163330078125
    endloop
  endfacet
  facet normal 0.6992416977882385 0.0 -0.7148853540420532
    outer loop
      vertex 12.595588684082031 7.0 -11.786163330078125
      vertex 11.504637718200684 11.0 -12.853240966796875
      vertex 12.595588684082031 11.0 -11.786163330078125
    endloop
  endfacet
  facet normal 0.759687066078186 0.0 -0.6502888202667236
    outer loop
      vertex 12.595588684082031 7.0 -11.786163330078125
      vertex 12.595588684082031 11.0 -11.786163330078125
      vertex 13.58796215057373 7.0 -10.626842498779297
    endloop
  endfacet
  facet normal 0.759687066078186 0.0 -0.6502888202667236
    outer loop
      vertex 13.58796215057373 7.0 -10.626842498779297
      vertex 12.595588684082031 11.0 -11.786163330078125
      vertex 13.58796215057373 11.0 -10.626842498779297
    endloop
  endfacet
  facet normal 0.8141868710517883 0.0 -0.5806028842926025
    outer loop
      vertex 13.58796215057373 7.0 -10.626842498779297
      vertex 13.58796215057373 11.0 -10.626842498779297
      vertex 14.473991394042969 7.0 -9.38435173034668
    endloop
  endfacet
  facet normal 0.8141868710517883 0.0 -0.5806028842926025
    outer loop
      vertex 14.473991394042969 7.0 -9.38435173034668
      vertex 13.58796215057373 11.0 -10.626842498779297
      vertex 14.473991394042969 11.0 -9.38435173034668
    endloop
  endfacet
  facet normal 0.8623145818710327 0.0 -0.5063729882240295
    outer loop
      vertex 14.473991394042969 7.0 -9.38435173034668
      vertex 14.473991394042969 11.0 -9.38435173034668
      vertex 15.246742248535156 7.0 -8.068416595458984
    endloop
  endfacet
  facet normal 0.8623145818710327 0.0 -0.5063729882240295
    outer loop
      vertex 15.246742248535156 7.0 -8.068416595458984
      vertex 14.473991394042969 11.0 -9.38435173034668
      vertex 15.246742248535156 11.0 -8.068416595458984
    endloop
  endfacet
  facet normal 0.9036934971809387 0.0 -0.4281799793243408
    outer loop
      vertex 15.246742248535156 7.0 -8.068416595458984
      vertex 15.246742248535156 11.0 -8.068416595458984
      vertex 15.900166511535645 7.0 -6.689334392547607
    endloop
  endfacet
  facet normal 0.9036934971809387 -5.384361864382197e-16 -0.4281799793243408
    outer loop
      vertex 15.900166511535645 7.0 -6.689334392547607
      vertex 15.246742248535156 11.0 -8.068416595458984
      vertex 15.900166511535645 11.0 -6.689334392547607
    endloop
  endfacet
  facet normal 0.9379997849464417 -7.108862711476828e-16 -0.3466359078884125
    outer loop
      vertex 15.900166511535645 7.0 -6.689334392547607
      vertex 15.900166511535645 11.0 -6.689334392547607
      vertex 16.42915153503418 7.0 -5.257899284362793
    endloop
  endfacet
  facet normal 0.9379997849464417 0.0 -0.3466359078884125
    outer loop
      vertex 16.42915153503418 7.0 -5.257899284362793
      vertex 15.900166511535645 11.0 -6.689334392547607
      vertex 16.42915153503418 11.0 -5.257899284362793
    endloop
  endfacet
  facet normal 0.9649649262428284 0.0 -0.2623789608478546
    outer loop
      vertex 16.42915153503418 7.0 -5.257899284362793
      vertex 16.42915153503418 11.0 -5.257899284362793
      vertex 16.829553604125977 7.0 -3.7853143215179443
    endloop
  endfacet
  facet normal 0.9649649262428284 0.0 -0.2623789608478546
    outer loop
      vertex 16.829553604125977 7.0 -3.7853143215179443
      vertex 16.42915153503418 11.0 -5.257899284362793
      vertex 16.829553604125977 11.0 -3.7853143215179443
    endloop
  endfacet
  facet normal 0.984377920627594 0.0 -0.176068514585495
    outer loop
      vertex 16.829553604125977 7.0 -3.7853143215179443
      vertex 16.829553604125977 11.0 -3.7853143215179443
      vertex 17.098243713378906 7.0 -2.2831039428710938
    endloop
  endfacet
  facet normal 0.984377920627594 0.0 -0.176068514585495
    outer loop
      vertex 17.098243713378906 7.0 -2.2831039428710938
      vertex 16.829553604125977 11.0 -3.7853143215179443
      vertex 17.098243713378906 11.0 -2.2831039428710938
    endloop
  endfacet
  facet normal 0.996086835861206 0.0 -0.0883801057934761
    outer loop
      vertex 17.098243713378906 7.0 -2.2831039428710938
      vertex 17.098243713378906 11.0 -2.2831039428710938
      vertex 17.233116149902344 7.0 -0.7630252242088318
    endloop
  endfacet
  facet normal 0.996086835861206 0.0 -0.0883801057934761
    outer loop
      vertex 17.233116149902344 7.0 -0.7630252242088318
      vertex 17.098243713378906 11.0 -2.2831039428710938
      vertex 17.233116149902344 11.0 -0.7630252242088318
    endloop
  endfacet
  facet normal 1.0 0.0 0.0
    outer loop
      vertex 17.233116149902344 7.0 -0.7630252242088318
      vertex 17.233116149902344 11.0 -0.7630252242088318
      vertex 17.233116149902344 7.0 0.7630252242088318
    endloop
  endfacet
  facet normal 1.0 -0.0 0.0
    outer loop
      vertex 17.233116149902344 7.0 0.7630252242088318
      vertex 17.233116149902344 11.0 -0.7630252242088318
      vertex 17.233116149902344 11.0 0.7630252242088318
    endloop
  endfacet
  facet normal 0.996086835861206 -0.0 0.0883801057934761
    outer loop
      vertex 17.233116149902344 7.0 0.7630252242088318
      vertex 17.233116149902344 11.0 0.7630252242088318
      vertex 17.098243713378906 7.0 2.2831039428710938
    endloop
  endfacet
  facet normal 0.996086835861206 -0.0 0.0883801057934761
    outer loop
      vertex 17.098243713378906 7.0 2.2831039428710938
      vertex 17.233116149902344 11.0 0.7630252242088318
      vertex 17.098243713378906 11.0 2.2831039428710938
    endloop
  endfacet
  facet normal 0.984377920627594 -0.0 0.176068514585495
    outer loop
      vertex 17.098243713378906 7.0 2.2831039428710938
      vertex 17.098243713378906 11.0 2.2831039428710938
      vertex 16.829553604125977 7.0 3.7853143215179443
    endloop
  endfacet
  facet normal 0.984377920627594 -0.0 0.176068514585495
    outer loop
      vertex 16.829553604125977 7.0 3.7853143215179443
      vertex 17.098243713378906 11.0 2.2831039428710938
      vertex 16.829553604125977 11.0 3.7853143215179443
    endloop
  endfacet
  facet normal 0.9649649262428284 -0.0 0.2623789608478546
    outer loop
      vertex 16.829553604125977 7.0 3.7853143215179443
      vertex 16.829553604125977 11.0 3.7853143215179443
      vertex 16.42915153503418 7.0 5.257899284362793
    endloop
  endfacet
  facet normal 0.9649649262428284 -0.0 0.2623789608478546
    outer loop
      vertex 16.42915153503418 7.0 5.257899284362793
      vertex 16.829553604125977 11.0 3.7853143215179443
      vertex 16.42915153503418 11.0 5.257899284362793
    endloop
  endfacet
  facet normal 0.9379997849464417 -0.0 0.3466359078884125
    outer loop
      vertex 16.42915153503418 7.0 5.257899284362793
      vertex 16.42915153503418 11.0 5.257899284362793
      vertex 15.900166511535645 7.0 6.689334392547607
    endloop
  endfacet
  facet normal 0.9379997849464417 7.108862711476828e-16 0.3466359078884125
    outer loop
      vertex 15.900166511535645 7.0 6.689334392547607
      vertex 16.42915153503418 11.0 5.257899284362793
      vertex 15.900166511535645 11.0 6.689334392547607
    endloop
  endfacet
  facet normal 0.9036934971809387 5.384361864382197e-16 0.4281799793243408
    outer loop
      vertex 15.900166511535645 7.0 6.689334392547607
      vertex 15.900166511535645 11.0 6.689334392547607
      vertex 15.246742248535156 7.0 8.068416595458984
    endloop
  endfacet
  facet normal 0.9036934971809387 -0.0 0.4281799793243408
    outer loop
      vertex 15.246742248535156 7.0 8.068416595458984
      vertex 15.900166511535645 11.0 6.689334392547607
      vertex 15.246742248535156 11.0 8.068416595458984
    endloop
  endfacet
  facet normal 0.8623145818710327 -0.0 0.5063729882240295
    outer loop
      vertex 15.246742248535156 7.0 8.068416595458984
      vertex 15.246742248535156 11.0 8.068416595458984
      vertex 14.473991394042969 7.0 9.38435173034668
    endloop
  endfacet
  facet normal 0.8623145818710327 -0.0 0.5063729882240295
    outer loop
      vertex 14.473991394042969 7.0 9.38435173034668
      vertex 15.246742248535156 11.0 8.068416595458984
      vertex 14.473991394042969 11.0 9.38435173034668
    endloop
  endfacet
  facet normal 0.8141868710517883 -0.0 0.5806028842926025
    outer loop
      vertex 14.473991394042969 7.0 9.38435173034668
      vertex 14.473991394042969 11.0 9.38435173034668
      vertex 13.58796215057373 7.0 10.626842498779297
    endloop
  endfacet
  facet normal 0.8141868710517883 -0.0 0.5806028842926025
    outer loop
      vertex 13.58796215057373 7.0 10.626842498779297
      vertex 14.473991394042969 11.0 9.38435173034668
      vertex 13.58796215057373 11.0 10.626842498779297
    endloop
  endfacet
  facet normal 0.759687066078186 -0.0 0.6502888202667236
    outer loop
      vertex 13.58796215057373 7.0 10.626842498779297
      vertex 13.58796215057373 11.0 10.626842498779297
      vertex 12.595588684082031 7.0 11.786163330078125
    endloop
  endfacet
  facet normal 0.759687066078186 -0.0 0.6502888202667236
    outer loop
      vertex 12.595588684082031 7.0 11.786163330078125
      vertex 13.58796215057373 11.0 10.626842498779297
      vertex 12.595588684082031 11.0 11.786163330078125
    endloop
  endfacet
  facet normal 0.6992416977882385 -0.0 0.7148853540420532
    outer loop
      vertex 12.595588684082031 7.0 11.786163330078125
      vertex 12.595588684082031 11.0 11.786163330078125
      vertex 11.504637718200684 7.0 12.853240966796875
    endloop
  endfacet
  facet normal 0.6992416977882385 -0.0 0.7148853540420532
    outer loop
      vertex 11.504637718200684 7.0 12.853240966796875
      vertex 12.595588684082031 11.0 11.786163330078125
      vertex 11.504637718200684 11.0 12.853240966796875
    endloop
  endfacet
  facet normal 0.6333237886428833 -0.0 0.7738869190216064
    outer loop
      vertex 11.504637718200684 7.0 12.853240966796875
      vertex 11.504637718200684 11.0 12.853240966796875
      vertex 10.323647499084473 7.0 13.819725036621094
    endloop
  endfacet
  facet normal 0.6333237886428833 -0.0 0.7738869190216064
    outer loop
      vertex 10.323647499084473 7.0 13.819725036621094
      vertex 11.504637718200684 11.0 12.853240966796875
      vertex 10.323647499084473 11.0 13.819725036621094
    endloop
  endfacet
  facet normal 0.5624492764472961 -0.0 0.8268317580223083
    outer loop
      vertex 10.323647499084473 7.0 13.819725036621094
      vertex 10.323647499084473 11.0 13.819725036621094
      vertex 9.061860084533691 7.0 14.678050994873047
    endloop
  endfacet
  facet normal 0.5624492764472961 -0.0 0.8268317580223083
    outer loop
      vertex 9.061860084533691 7.0 14.678050994873047
      vertex 10.323647499084473 11.0 13.819725036621094
      vertex 9.061860084533691 11.0 14.678050994873047
    endloop
  endfacet
  facet normal 0.48717284202575684 -0.0 0.8733055591583252
    outer loop
      vertex 9.061860084533691 7.0 14.678050994873047
      vertex 9.061860084533691 11.0 14.678050994873047
      vertex 7.729152202606201 7.0 15.421501159667969
    endloop
  endfacet
  facet normal 0.48717284202575684 4.062580185081662e-16 0.8733055591583252
    outer loop
      vertex 7.729152202606201 7.0 15.421501159667969
      vertex 9.061860084533691 11.0 14.678050994873047
      vertex 7.729152202606201 11.0 15.421501159667969
    endloop
  endfacet
  facet normal 0.40808361768722534 5.819971321518178e-16 0.9129445552825928
    outer loop
      vertex 7.729152202606201 7.0 15.421501159667969
      vertex 7.729152202606201 11.0 15.421501159667969
      vertex 6.3359527587890625 7.0 16.04425811767578
    endloop
  endfacet
  facet normal 0.40808361768722534 -3.624510626629499e-16 0.9129445552825928
    outer loop
      vertex 6.3359527587890625 7.0 16.04425811767578
      vertex 7.729152202606201 11.0 15.421501159667969
      vertex 6.3359527587890625 11.0 16.04425811767578
    endloop
  endfacet
  facet normal 0.3258005678653717 -2.8936903350406924e-16 0.9454385042190552
    outer loop
      vertex 6.3359527587890625 7.0 16.04425811767578
      vertex 6.3359527587890625 11.0 16.04425811767578
      vertex 4.893165588378906 7.0 16.541446685791016
    endloop
  endfacet
  facet normal 0.3258005678653717 -0.0 0.9454385042190552
    outer loop
      vertex 4.893165588378906 7.0 16.541446685791016
      vertex 6.3359527587890625 11.0 16.04425811767578
      vertex 4.893165588378906 11.0 16.541446685791016
    endloop
  endfacet
  facet normal 0.24096770584583282 -0.0 0.9705331325531006
    outer loop
      vertex 4.893165588378906 7.0 16.541446685791016
      vertex 4.893165588378906 11.0 16.541446685791016
      vertex 3.412083148956299 7.0 16.9091739654541
    endloop
  endfacet
  facet normal 0.24096770584583282 4.815501948544497e-16 0.9705331325531006
    outer loop
      vertex 3.412083148956299 7.0 16.9091739654541
      vertex 4.893165588378906 11.0 16.541446685791016
      vertex 3.412083148956299 11.0 16.9091739654541
    endloop
  endfacet
  facet normal 0.1542489379644394 3.082512772527193e-16 0.9880320429801941
    outer loop
      vertex 3.412083148956299 7.0 16.9091739654541
      vertex 3.412083148956299 11.0 16.9091739654541
      vertex 1.9042963981628418 7.0 17.14456558227539
    endloop
  endfacet
  facet normal 0.1542489379644394 -1.5412563862635966e-16 0.9880320429801941
    outer loop
      vertex 1.9042963981628418 7.0 17.14456558227539
      vertex 3.412083148956299 11.0 16.9091739654541
      vertex 1.9042963981628418 11.0 17.14456558227539
    endloop
  endfacet
  facet normal 0.06632295995950699 -6.626994535160024e-17 0.9977982044219971
    outer loop
      vertex 1.9042963981628418 7.0 17.14456558227539
      vertex 1.9042963981628418 11.0 17.14456558227539
      vertex 0.38160601258277893 7.0 17.245779037475586
    endloop
  endfacet
  facet normal 0.06632295995950699 -0.0 0.9977982044219971
    outer loop
      vertex 0.38160601258277893 7.0 17.245779037475586
      vertex 1.9042963981628418 11.0 17.14456558227539
      vertex 0.38160601258277893 11.0 17.245779037475586
    endloop
  endfacet
  facet normal -0.022122086957097054 0.0 0.9997552633285522
    outer loop
      vertex 0.38160601258277893 7.0 17.245779037475586
      vertex 0.38160601258277893 11.0 17.245779037475586
      vertex -1.1440709829330444 7.0 17.212018966674805
    endloop
  endfacet
  facet normal -0.022122086957097054 -1.9648360234023213e-17 0.9997552633285522
    outer loop
      vertex -1.1440709829330444 7.0 17.212018966674805
      vertex 0.38160601258277893 11.0 17.245779037475586
      vertex -1.1440709829330444 11.0 17.212018966674805
    endloop
  endfacet
  facet normal -0.11039399355649948 -9.804956274139752e-17 0.9938879013061523
    outer loop
      vertex -1.1440709829330444 7.0 17.212018966674805
      vertex -1.1440709829330444 11.0 17.212018966674805
      vertex -2.6607940196990967 7.0 17.04355239868164
    endloop
  endfacet
  facet normal -0.11039399355649948 -2.0835532165265034e-16 0.9938879013061523
    outer loop
      vertex -2.6607940196990967 7.0 17.04355239868164
      vertex -1.1440709829330444 11.0 17.212018966674805
      vertex -2.6607940196990967 11.0 17.04355239868164
    endloop
  endfacet
  facet normal -0.19780191779136658 -3.733272304034911e-16 0.9802420139312744
    outer loop
      vertex -2.6607940196990967 7.0 17.04355239868164
      vertex -2.6607940196990967 11.0 17.04355239868164
      vertex -4.156692981719971 7.0 16.741697311401367
    endloop
  endfacet
  facet normal -0.19780191779136658 1.7568339475759005e-16 0.9802420139312744
    outer loop
      vertex -4.156692981719971 7.0 16.741697311401367
      vertex -2.6607940196990967 11.0 17.04355239868164
      vertex -4.156692981719971 11.0 16.741697311401367
    endloop
  endfacet
  facet normal -0.28366178274154663 2.5194227392470714e-16 0.958924412727356
    outer loop
      vertex -4.156692981719971 7.0 16.741697311401367
      vertex -4.156692981719971 11.0 16.741697311401367
      vertex -5.620059967041016 7.0 16.308815002441406
    endloop
  endfacet
  facet normal -0.28366178274154663 0.0 0.958924412727356
    outer loop
      vertex -5.620059967041016 7.0 16.308815002441406
      vertex -4.156692981719971 11.0 16.741697311401367
      vertex -5.620059967041016 11.0 16.308815002441406
    endloop
  endfacet
  facet normal -0.3673015832901001 0.0 0.9301018714904785
    outer loop
      vertex -5.620059967041016 7.0 16.308815002441406
      vertex -5.620059967041016 11.0 16.308815002441406
      vertex -7.039442539215088 7.0 15.74829387664795
    endloop
  endfacet
  facet normal -0.3673015832901001 -4.077867012197234e-16 0.9301018714904785
    outer loop
      vertex -7.039442539215088 7.0 15.74829387664795
      vertex -5.620059967041016 11.0 16.308815002441406
      vertex -7.039442539215088 11.0 15.74829387664795
    endloop
  endfacet
  facet normal -0.448066771030426 -4.974540854720965e-16 0.8940001130104065
    outer loop
      vertex -7.039442539215088 7.0 15.74829387664795
      vertex -7.039442539215088 11.0 15.74829387664795
      vertex -8.403731346130371 7.0 15.064520835876465
    endloop
  endfacet
  facet normal -0.448066771030426 -1.9708671295973434e-16 0.8940001130104065
    outer loop
      vertex -8.403731346130371 7.0 15.064520835876465
      vertex -7.039442539215088 11.0 15.74829387664795
      vertex -8.403731346130371 11.0 15.064520835876465
    endloop
  endfacet
  facet normal -0.5253252387046814 -5.587855177212938e-17 0.8509015440940857
    outer loop
      vertex -8.403731346130371 7.0 15.064520835876465
      vertex -8.403731346130371 11.0 15.064520835876465
      vertex -9.702250480651855 7.0 14.262847900390625
    endloop
  endfacet
  facet normal -0.5253252387046814 0.0 0.8509015440940857
    outer loop
      vertex -9.702250480651855 7.0 14.262847900390625
      vertex -8.403731346130371 11.0 15.064520835876465
      vertex -9.702250480651855 11.0 14.262847900390625
    endloop
  endfacet
  facet normal -0.5984722971916199 0.0 0.8011434674263
    outer loop
      vertex -9.702250480651855 7.0 14.262847900390625
      vertex -9.702250480651855 11.0 14.262847900390625
      vertex -10.924835205078125 7.0 13.349549293518066
    endloop
  endfacet
  facet normal -0.5984722971916199 0.0 0.8011434674263
    outer loop
      vertex -10.924835205078125 7.0 13.349549293518066
      vertex -9.702250480651855 11.0 14.262847900390625
      vertex -10.924835205078125 11.0 13.349549293518066
    endloop
  endfacet
  facet normal -0.6669355034828186 0.0 0.7451153993606567
    outer loop
      vertex -10.924835205078125 7.0 13.349549293518066
      vertex -10.924835205078125 11.0 13.349549293518066
      vertex -12.061919212341309 7.0 12.331771850585938
    endloop
  endfacet
  facet normal -0.6669355034828186 1.3887539274619722e-16 0.7451153993606567
    outer loop
      vertex -12.061919212341309 7.0 12.331771850585938
      vertex -10.924835205078125 11.0 13.349549293518066
      vertex -12.061919212341309 11.0 12.331771850585938
    endloop
  endfacet
  facet normal -0.7301790714263916 -8.335243599323704e-17 0.6832558512687683
    outer loop
      vertex -12.061919212341309 7.0 12.331771850585938
      vertex -12.061919212341309 11.0 12.331771850585938
      vertex -13.104601860046387 7.0 11.21748161315918
    endloop
  endfacet
  facet normal -0.7301790714263916 0.0 0.6832558512687683
    outer loop
      vertex -13.104601860046387 7.0 11.21748161315918
      vertex -12.061919212341309 11.0 12.331771850585938
      vertex -13.104601860046387 11.0 11.21748161315918
    endloop
  endfacet
  facet normal -0.7877079844474792 0.0 0.6160488128662109
    outer loop
      vertex -13.104601860046387 7.0 11.21748161315918
      vertex -13.104601860046387 11.0 11.21748161315918
      vertex -14.044723510742188 7.0 10.015399932861328
    endloop
  endfacet
  facet normal -0.7877079844474792 0.0 0.6160488128662109
    outer loop
      vertex -14.044723510742188 7.0 10.015399932861328
      vertex -13.104601860046387 11.0 11.21748161315918
      vertex -14.044723510742188 11.0 10.015399932861328
    endloop
  endfacet
  facet normal -0.8390719890594482 0.0 0.544020414352417
    outer loop
      vertex -14.044723510742188 7.0 10.015399932861328
      vertex -14.044723510742188 11.0 10.015399932861328
      vertex -14.874926567077637 7.0 8.734933853149414
    endloop
  endfacet
  facet normal -0.8390719890594482 0.0 0.544020414352417
    outer loop
      vertex -14.874926567077637 7.0 8.734933853149414
      vertex -14.044723510742188 11.0 10.015399932861328
      vertex -14.874926567077637 11.0 8.734933853149414
    endloop
  endfacet
  facet normal -0.8838691115379333 0.0 0.46773427724838257
    outer loop
      vertex -14.874926567077637 7.0 8.734933853149414
      vertex -14.874926567077637 11.0 8.734933853149414
      vertex -15.588712692260742 7.0 7.386104583740234
    endloop
  endfacet
  facet normal -0.8838691115379333 3.466872501189553e-16 0.46773427724838257
    outer loop
      vertex -15.588712692260742 7.0 7.386104583740234
      vertex -14.874926567077637 11.0 8.734933853149414
      vertex -15.588712692260742 11.0 7.386104583740234
    endloop
  endfacet
  facet normal -0.9217488169670105 5.391671229321409e-16 0.38778749108314514
    outer loop
      vertex -15.588712692260742 7.0 7.386104583740234
      vertex -15.588712692260742 11.0 7.386104583740234
      vertex -16.180496215820312 7.0 5.979469299316406
    endloop
  endfacet
  facet normal -0.9217488169670105 0.0 0.38778749108314514
    outer loop
      vertex -16.180496215820312 7.0 5.979469299316406
      vertex -15.588712692260742 11.0 7.386104583740234
      vertex -16.180496215820312 11.0 5.979469299316406
    endloop
  endfacet
  facet normal -0.9524145126342773 0.0 0.3048057556152344
    outer loop
      vertex -16.180496215820312 7.0 5.979469299316406
      vertex -16.180496215820312 11.0 5.979469299316406
      vertex -16.645645141601562 7.0 4.526036739349365
    endloop
  endfacet
  facet normal -0.9524145126342773 0.0 0.3048057556152344
    outer loop
      vertex -16.645645141601562 7.0 4.526036739349365
      vertex -16.180496215820312 11.0 5.979469299316406
      vertex -16.645645141601562 11.0 4.526036739349365
    endloop
  endfacet
  facet normal -0.9756263494491577 0.0 0.21943850815296173
    outer loop
      vertex -16.645645141601562 7.0 4.526036739349365
      vertex -16.645645141601562 11.0 4.526036739349365
      vertex -16.980518341064453 7.0 3.037181854248047
    endloop
  endfacet
  facet normal -0.9756263494491577 -4.2800400124214425e-16 0.21943850815296173
    outer loop
      vertex -16.980518341064453 7.0 3.037181854248047
      vertex -16.645645141601562 11.0 4.526036739349365
      vertex -16.980518341064453 11.0 3.037181854248047
    endloop
  endfacet
  facet normal -0.9912025332450867 -6.158685503444188e-16 0.13235385715961456
    outer loop
      vertex -16.980518341064453 7.0 3.037181854248047
      vertex -16.980518341064453 11.0 3.037181854248047
      vertex -17.182497024536133 7.0 1.5245567560195923
    endloop
  endfacet
  facet normal -0.9912025332450867 -2.5714901192125893e-16 0.13235385715961456
    outer loop
      vertex -17.182497024536133 7.0 1.5245567560195923
      vertex -16.980518341064453 11.0 3.037181854248047
      vertex -17.182497024536133 11.0 1.5245567560195923
    endloop
  endfacet
  facet normal 0.0 1.0 0.0
    outer loop
      vertex -17.182497024536133 11.0 1.5245567560195923
      vertex 17.233116149902344 11.0 0.7630252242088318
      vertex -17.25 11.0 2.1125156288035124e-15
    endloop
  endfacet
  facet normal -0.0 1.0 0.0
    outer loop
      vertex -17.25 11.0 2.1125156288035124e-15
      vertex 17.233116149902344 11.0 0.7630252242088318
      vertex 17.233116149902344 11.0 -0.7630252242088318
    endloop
  endfacet
  facet normal 0.0 1.0 0.0
    outer loop
      vertex -17.25 11.0 2.1125156288035124e-15
      vertex 17.233116149902344 11.0 -0.7630252242088318
      vertex 17.098243713378906 11.0 -2.2831039428710938
    endloop
  endfacet
  facet normal 0.0 1.0 0.0
    outer loop
      vertex 17.233116149902344 11.0 0.7630252242088318
      vertex -17.182497024536133 11.0 1.5245567560195923
      vertex 17.098243713378906 11.0 2.2831039428710938
    endloop
  endfacet
  facet normal 0.0 1.0 0.0
    outer loop
      vertex 17.098243713378906 11.0 2.2831039428710938
      vertex -17.182497024536133 11.0 1.5245567560195923
      vertex -16.980518341064453 11.0 3.037181854248047
    endloop
  endfacet
  facet normal 0.0 1.0 0.0
    outer loop
      vertex 17.098243713378906 11.0 2.2831039428710938
      vertex -16.980518341064453 11.0 3.037181854248047
      vertex 16.829553604125977 11.0 3.7853143215179443
    endloop
  endfacet
  facet normal 0.0 1.0 0.0
    outer loop
      vertex 16.829553604125977 11.0 3.7853143215179443
      vertex -16.980518341064453 11.0 3.037181854248047
      vertex -16.645645141601562 11.0 4.526036739349365
    endloop
  endfacet
  facet normal 0.0 1.0 0.0
    outer loop
      vertex 16.829553604125977 11.0 3.7853143215179443
      vertex -16.645645141601562 11.0 4.526036739349365
      vertex 16.42915153503418 11.0 5.257899284362793
    endloop
  endfacet
  facet normal 0.0 1.0 0.0
    outer loop
      vertex 16.42915153503418 11.0 5.257899284362793
      vertex -16.645645141601562 11.0 4.526036739349365
      vertex -16.180496215820312 11.0 5.979469299316406
    endloop
  endfacet
  facet normal 0.0 1.0 0.0
    outer loop
      vertex 16.42915153503418 11.0 5.257899284362793
      vertex -16.180496215820312 11.0 5.979469299316406
      vertex 15.900166511535645 11.0 6.689334392547607
    endloop
  endfacet
  facet normal 0.0 1.0 0.0
    outer loop
      vertex 15.900166511535645 11.0 6.689334392547607
      vertex -16.180496215820312 11.0 5.979469299316406
      vertex -15.588712692260742 11.0 7.386104583740234
    endloop
  endfacet
  facet normal 0.0 1.0 0.0
    outer loop
      vertex 15.900166511535645 11.0 6.689334392547607
      vertex -15.588712692260742 11.0 7.386104583740234
      vertex 15.246742248535156 11.0 8.068416595458984
    endloop
  endfacet
  facet normal 0.0 1.0 0.0
    outer loop
      vertex 15.246742248535156 11.0 8.068416595458984
      vertex -15.588712692260742 11.0 7.386104583740234
      vertex -14.874926567077637 11.0 8.734933853149414
    endloop
  endfacet
  facet normal 0.0 1.0 0.0
    outer loop
      vertex 15.246742248535156 11.0 8.068416595458984
      vertex -14.874926567077637 11.0 8.734933853149414
      vertex 14.473991394042969 11.0 9.38435173034668
    endloop
  endfacet
  facet normal 0.0 1.0 0.0
    outer loop
      vertex 14.473991394042969 11.0 9.38435173034668
      vertex -14.874926567077637 11.0 8.734933853149414
      vertex -14.044723510742188 11.0 10.015399932861328
    endloop
  endfacet
  facet normal 0.0 1.0 0.0
    outer loop
      vertex 14.473991394042969 11.0 9.38435173034668
      vertex -14.044723510742188 11.0 10.015399932861328
      vertex 13.58796215057373 11.0 10.626842498779297
    endloop
  endfacet
  facet normal 0.0 1.0 0.0
    outer loop
      vertex 13.58796215057373 11.0 10.626842498779297
      vertex -14.044723510742188 11.0 10.015399932861328
      vertex -13.104601860046387 11.0 11.21748161315918
    endloop
  endfacet
  facet normal 0.0 1.0 0.0
    outer loop
      vertex 13.58796215057373 11.0 10.626842498779297
      vertex -13.104601860046387 11.0 11.21748161315918
      vertex 12.595588684082031 11.0 11.786163330078125
    endloop
  endfacet
  facet normal 0.0 1.0 0.0
    outer loop
      vertex 12.595588684082031 11.0 11.786163330078125
      vertex -13.104601860046387 11.0 11.21748161315918
      vertex -12.061919212341309 11.0 12.331771850585938
    endloop
  endfacet
  facet normal 0.0 1.0 0.0
    outer loop
      vertex 12.595588684082031 11.0 11.786163330078125
      vertex -12.061919212341309 11.0 12.331771850585938
      vertex 11.504637718200684 11.0 12.853240966796875
    endloop
  endfacet
  facet normal 0.0 1.0 0.0
    outer loop
      vertex 11.504637718200684 11.0 12.853240966796875
      vertex -12.061919212341309 11.0 12.331771850585938
      vertex -10.924835205078125 11.0 13.349549293518066
    endloop
  endfacet
  facet normal 0.0 1.0 0.0
    outer loop
      vertex 11.504637718200684 11.0 12.853240966796875
      vertex -10.924835205078125 11.0 13.349549293518066
      vertex 10.323647499084473 11.0 13.819725036621094
    endloop
  endfacet
  facet normal 0.0 1.0 0.0
    outer loop
      vertex 10.323647499084473 11.0 13.819725036621094
      vertex -10.924835205078125 11.0 13.349549293518066
      vertex -9.702250480651855 11.0 14.262847900390625
    endloop
  endfacet
  facet normal 0.0 1.0 0.0
    outer loop
      vertex 10.323647499084473 11.0 13.819725036621094
      vertex -9.702250480651855 11.0 14.262847900390625
      vertex 9.061860084533691 11.0 14.678050994873047
    endloop
  endfacet
  facet normal 0.0 1.0 0.0
    outer loop
      vertex 9.061860084533691 11.0 14.678050994873047
      vertex -9.702250480651855 11.0 14.262847900390625
      vertex -8.403731346130371 11.0 15.064520835876465
    endloop
  endfacet
  facet normal 0.0 1.0 0.0
    outer loop
      vertex 9.061860084533691 11.0 14.678050994873047
      vertex -8.403731346130371 11.0 15.064520835876465
      vertex 7.729152202606201 11.0 15.421501159667969
    endloop
  endfacet
  facet normal 0.0 1.0 0.0
    outer loop
      vertex 7.729152202606201 11.0 15.421501159667969
      vertex -8.403731346130371 11.0 15.064520835876465
      vertex -7.039442539215088 11.0 15.74829387664795
    endloop
  endfacet
  facet normal 0.0 1.0 0.0
    outer loop
      vertex 7.729152202606201 11.0 15.421501159667969
      vertex -7.039442539215088 11.0 15.74829387664795
      vertex 6.3359527587890625 11.0 16.04425811767578
    endloop
  endfacet
  facet normal 0.0 1.0 0.0
    outer loop
      vertex 6.3359527587890625 11.0 16.04425811767578
      vertex -7.039442539215088 11.0 15.74829387664795
      vertex -5.620059967041016 11.0 16.308815002441406
    endloop
  endfacet
  facet normal 0.0 1.0 0.0
    outer loop
      vertex 6.3359527587890625 11.0 16.04425811767578
      vertex -5.620059967041016 11.0 16.308815002441406
      vertex 4.893165588378906 11.0 16.541446685791016
    endloop
  endfacet
  facet normal 0.0 1.0 0.0
    outer loop
      vertex 4.893165588378906 11.0 16.541446685791016
      vertex -5.620059967041016 11.0 16.308815002441406
      vertex -4.156692981719971 11.0 16.741697311401367
    endloop
  endfacet
  facet normal 0.0 1.0 0.0
    outer loop
      vertex 4.893165588378906 11.0 16.541446685791016
      vertex -4.156692981719971 11.0 16.741697311401367
      vertex 3.412083148956299 11.0 16.9091739654541
    endloop
  endfacet
  facet normal 0.0 1.0 0.0
    outer loop
      vertex 3.412083148956299 11.0 16.9091739654541
      vertex -4.156692981719971 11.0 16.741697311401367
      vertex -2.6607940196990967 11.0 17.04355239868164
    endloop
  endfacet
  facet normal 0.0 1.0 0.0
    outer loop
      vertex 3.412083148956299 11.0 16.9091739654541
      vertex -2.6607940196990967 11.0 17.04355239868164
      vertex 1.9042963981628418 11.0 17.14456558227539
    endloop
  endfacet
  facet normal 0.0 1.0 0.0
    outer loop
      vertex 1.9042963981628418 11.0 17.14456558227539
      vertex -2.6607940196990967 11.0 17.04355239868164
      vertex -1.1440709829330444 11.0 17.212018966674805
    endloop
  endfacet
  facet normal 0.0 1.0 0.0
    outer loop
      vertex 1.9042963981628418 11.0 17.14456558227539
      vertex -1.1440709829330444 11.0 17.212018966674805
      vertex 0.38160601258277893 11.0 17.245779037475586
    endloop
  endfacet
  facet normal 0.0 1.0 0.0
    outer loop
      vertex 17.098243713378906 11.0 -2.2831039428710938
      vertex 16.829553604125977 11.0 -3.7853143215179443
      vertex -17.25 11.0 2.1125156288035124e-15
    endloop
  endfacet
  facet normal 0.0 1.0 0.0
    outer loop
      vertex -17.25 11.0 2.1125156288035124e-15
      vertex 16.829553604125977 11.0 -3.7853143215179443
      vertex 16.42915153503418 11.0 -5.257899284362793
    endloop
  endfacet
  facet normal 0.0 1.0 0.0
    outer loop
      vertex -17.25 11.0 2.1125156288035124e-15
      vertex 16.42915153503418 11.0 -5.257899284362793
      vertex 15.900166511535645 11.0 -6.689334392547607
    endloop
  endfacet
  facet normal 0.0 1.0 0.0
    outer loop
      vertex 15.900166511535645 11.0 -6.689334392547607
      vertex 15.246742248535156 11.0 -8.068416595458984
      vertex -17.25 11.0 2.1125156288035124e-15
    endloop
  endfacet
  facet normal 0.0 1.0 0.0
    outer loop
      vertex -17.25 11.0 2.1125156288035124e-15
      vertex 15.246742248535156 11.0 -8.068416595458984
      vertex 14.473991394042969 11.0 -9.38435173034668
    endloop
  endfacet
  facet normal 0.0 1.0 0.0
    outer loop
      vertex -17.25 11.0 2.1125156288035124e-15
      vertex 14.473991394042969 11.0 -9.38435173034668
      vertex 13.58796215057373 11.0 -10.626842498779297
    endloop
  endfacet
  facet normal 0.0 1.0 0.0
    outer loop
      vertex 13.58796215057373 11.0 -10.626842498779297
      vertex 12.595588684082031 11.0 -11.786163330078125
      vertex -17.25 11.0 2.1125156288035124e-15
    endloop
  endfacet
  facet normal 0.0 1.0 0.0
    outer loop
      vertex -17.25 11.0 2.1125156288035124e-15
      vertex 12.595588684082031 11.0 -11.786163330078125
      vertex 11.504637718200684 11.0 -12.853240966796875
    endloop
  endfacet
  facet normal 0.0 1.0 0.0
    outer loop
      vertex -17.25 11.0 2.1125156288035124e-15
      vertex 11.504637718200684 11.0 -12.853240966796875
      vertex 10.323647499084473 11.0 -13.819725036621094
    endloop
  endfacet
  facet normal 0.0 1.0 0.0
    outer loop
      vertex 10.323647499084473 11.0 -13.819725036621094
      vertex 9.061860084533691 11.0 -14.678050994873047
      vertex -17.25 11.0 2.1125156288035124e-15
    endloop
  endfacet
  facet normal 0.0 1.0 0.0
    outer loop
      vertex -17.25 11.0 2.1125156288035124e-15
      vertex 9.061860084533691 11.0 -14.678050994873047
      vertex 7.729152202606201 11.0 -15.421501159667969
    endloop
  endfacet
  facet normal 0.0 1.0 0.0
    outer loop
      vertex -17.25 11.0 2.1125156288035124e-15
      vertex 7.729152202606201 11.0 -15.421501159667969
      vertex 6.3359527587890625 11.0 -16.04425811767578
    endloop
  endfacet
  facet normal 0.0 1.0 0.0
    outer loop
      vertex 6.3359527587890625 11.0 -16.04425811767578
      vertex 4.893165588378906 11.0 -16.541446685791016
      vertex -17.25 11.0 2.1125156288035124e-15
    endloop
  endfacet
  facet normal 0.0 1.0 0.0
    outer loop
      vertex -17.25 11.0 2.1125156288035124e-15
      vertex 4.893165588378906 11.0 -16.541446685791016
      vertex 3.412083148956299 11.0 -16.9091739654541
    endloop
  endfacet
  facet normal 0.0 1.0 0.0
    outer loop
      vertex -17.25 11.0 2.1125156288035124e-15
      vertex 3.412083148956299 11.0 -16.9091739654541
      vertex 1.9042963981628418 11.0 -17.14456558227539
    endloop
  endfacet
  facet normal 0.0 1.0 0.0
    outer loop
      vertex 1.9042963981628418 11.0 -17.14456558227539
      vertex 0.38160601258277893 11.0 -17.245779037475586
      vertex -17.25 11.0 2.1125156288035124e-15
    endloop
  endfacet
  facet normal 0.0 1.0 0.0
    outer loop
      vertex -17.25 11.0 2.1125156288035124e-15
      vertex 0.38160601258277893 11.0 -17.245779037475586
      vertex -1.1440709829330444 11.0 -17.212018966674805
    endloop
  endfacet
  facet normal 0.0 1.0 0.0
    outer loop
      vertex -17.25 11.0 2.1125156288035124e-15
      vertex -1.1440709829330444 11.0 -17.212018966674805
      vertex -2.6607940196990967 11.0 -17.04355239868164
    endloop
  endfacet
  facet normal 0.0 1.0 0.0
    outer loop
      vertex -2.6607940196990967 11.0 -17.04355239868164
      vertex -4.156692981719971 11.0 -16.741697311401367
      vertex -17.25 11.0 2.1125156288035124e-15
    endloop
  endfacet
  facet normal 0.0 1.0 0.0
    outer loop
      vertex -17.25 11.0 2.1125156288035124e-15
      vertex -4.156692981719971 11.0 -16.741697311401367
      vertex -5.620059967041016 11.0 -16.308815002441406
    endloop
  endfacet
  facet normal 0.0 1.0 0.0
    outer loop
      vertex -17.25 11.0 2.1125156288035124e-15
      vertex -5.620059967041016 11.0 -16.308815002441406
      vertex -7.039442539215088 11.0 -15.74829387664795
    endloop
  endfacet
  facet normal 0.0 1.0 0.0
    outer loop
      vertex -7.039442539215088 11.0 -15.74829387664795
      vertex -8.403731346130371 11.0 -15.064520835876465
      vertex -17.25 11.0 2.1125156288035124e-15
    endloop
  endfacet
  facet normal 0.0 1.0 0.0
    outer loop
      vertex -17.25 11.0 2.1125156288035124e-15
      vertex -8.403731346130371 11.0 -15.064520835876465
      vertex -9.702250480651855 11.0 -14.262847900390625
    endloop
  endfacet
  facet normal 0.0 1.0 0.0
    outer loop
      vertex -17.25 11.0 2.1125156288035124e-15
      vertex -9.702250480651855 11.0 -14.262847900390625
      vertex -17.182497024536133 11.0 -1.5245567560195923
    endloop
  endfacet
  facet normal 0.0 1.0 0.0
    outer loop
      vertex -17.182497024536133 11.0 -1.5245567560195923
      vertex -9.702250480651855 11.0 -14.262847900390625
      vertex -10.924835205078125 11.0 -13.349549293518066
    endloop
  endfacet
  facet normal 0.0 1.0 0.0
    outer loop
      vertex -17.182497024536133 11.0 -1.5245567560195923
      vertex -10.924835205078125 11.0 -13.349549293518066
      vertex -12.061919212341309 11.0 -12.331771850585938
    endloop
  endfacet
  facet normal 0.0 1.0 0.0
    outer loop
      vertex -12.061919212341309 11.0 -12.331771850585938
      vertex -13.104601860046387 11.0 -11.21748161315918
      vertex -17.182497024536133 11.0 -1.5245567560195923
    endloop
  endfacet
  facet normal 0.0 1.0 0.0
    outer loop
      vertex -17.182497024536133 11.0 -1.5245567560195923
      vertex -13.104601860046387 11.0 -11.21748161315918
      vertex -14.044723510742188 11.0 -10.015399932861328
    endloop
  endfacet
  facet normal 0.0 1.0 0.0
    outer loop
      vertex -17.182497024536133 11.0 -1.5245567560195923
      vertex -14.044723510742188 11.0 -10.015399932861328
      vertex -14.874926567077637 11.0 -8.734933853149414
    endloop
  endfacet
  facet normal 0.0 1.0 0.0
    outer loop
      vertex -14.874926567077637 11.0 -8.734933853149414
      vertex -15.588712692260742 11.0 -7.386104583740234
      vertex -17.182497024536133 11.0 -1.5245567560195923
    endloop
  endfacet
  facet normal 0.0 1.0 0.0
    outer loop
      vertex -17.182497024536133 11.0 -1.5245567560195923
      vertex -15.588712692260742 11.0 -7.386104583740234
      vertex -16.180496215820312 11.0 -5.979469299316406
    endloop
  endfacet
  facet normal 0.0 1.0 0.0
    outer loop
      vertex -17.182497024536133 11.0 -1.5245567560195923
      vertex -16.180496215820312 11.0 -5.979469299316406
      vertex -16.645645141601562 11.0 -4.526036739349365
    endloop
  endfacet
  facet normal 0.0 1.0 0.0
    outer loop
      vertex -16.645645141601562 11.0 -4.526036739349365
      vertex -16.980518341064453 11.0 -3.037181854248047
      vertex -17.182497024536133 11.0 -1.5245567560195923
    endloop
  endfacet
  facet normal 0.0 -1.0 0.0
    outer loop
      vertex -17.182497024536133 7.0 -1.5245567560195923
      vertex -9.702250480651855 7.0 -14.262847900390625
      vertex -17.25 7.0 2.1125156288035124e-15
    endloop
  endfacet
  facet normal 0.0 -1.0 0.0
    outer loop
      vertex -17.25 7.0 2.1125156288035124e-15
      vertex -9.702250480651855 7.0 -14.262847900390625
      vertex -8.403731346130371 7.0 -15.064520835876465
    endloop
  endfacet
  facet normal 0.0 -1.0 0.0
    outer loop
      vertex -17.25 7.0 2.1125156288035124e-15
      vertex -8.403731346130371 7.0 -15.064520835876465
      vertex -7.039442539215088 7.0 -15.74829387664795
    endloop
  endfacet
  facet normal 0.0 -1.0 0.0
    outer loop
      vertex -16.980518341064453 7.0 -3.037181854248047
      vertex -16.645645141601562 7.0 -4.526036739349365
      vertex -17.182497024536133 7.0 -1.5245567560195923
    endloop
  endfacet
  facet normal 0.0 -1.0 0.0
    outer loop
      vertex -17.182497024536133 7.0 -1.5245567560195923
      vertex -16.645645141601562 7.0 -4.526036739349365
      vertex -16.180496215820312 7.0 -5.979469299316406
    endloop
  endfacet
  facet normal 0.0 -1.0 0.0
    outer loop
      vertex -17.182497024536133 7.0 -1.5245567560195923
      vertex -16.180496215820312 7.0 -5.979469299316406
      vertex -15.588712692260742 7.0 -7.386104583740234
    endloop
  endfacet
  facet normal 0.0 -1.0 0.0
    outer loop
      vertex -15.588712692260742 7.0 -7.386104583740234
      vertex -14.874926567077637 7.0 -8.734933853149414
      vertex -17.182497024536133 7.0 -1.5245567560195923
    endloop
  endfacet
  facet normal 0.0 -1.0 0.0
    outer loop
      vertex -17.182497024536133 7.0 -1.5245567560195923
      vertex -14.874926567077637 7.0 -8.734933853149414
      vertex -14.044723510742188 7.0 -10.015399932861328
    endloop
  endfacet
  facet normal 0.0 -1.0 0.0
    outer loop
      vertex -17.182497024536133 7.0 -1.5245567560195923
      vertex -14.044723510742188 7.0 -10.015399932861328
      vertex -13.104601860046387 7.0 -11.21748161315918
    endloop
  endfacet
  facet normal 0.0 -1.0 0.0
    outer loop
      vertex -13.104601860046387 7.0 -11.21748161315918
      vertex -12.061919212341309 7.0 -12.331771850585938
      vertex -17.182497024536133 7.0 -1.5245567560195923
    endloop
  endfacet
  facet normal 0.0 -1.0 0.0
    outer loop
      vertex -17.182497024536133 7.0 -1.5245567560195923
      vertex -12.061919212341309 7.0 -12.331771850585938
      vertex -10.924835205078125 7.0 -13.349549293518066
    endloop
  endfacet
  facet normal 0.0 -1.0 0.0
    outer loop
      vertex -17.182497024536133 7.0 -1.5245567560195923
      vertex -10.924835205078125 7.0 -13.349549293518066
      vertex -9.702250480651855 7.0 -14.262847900390625
    endloop
  endfacet
  facet normal 0.0 -1.0 0.0
    outer loop
      vertex -7.039442539215088 7.0 -15.74829387664795
      vertex -5.620059967041016 7.0 -16.308815002441406
      vertex -17.25 7.0 2.1125156288035124e-15
    endloop
  endfacet
  facet normal 0.0 -1.0 0.0
    outer loop
      vertex -17.25 7.0 2.1125156288035124e-15
      vertex -5.620059967041016 7.0 -16.308815002441406
      vertex -4.156692981719971 7.0 -16.741697311401367
    endloop
  endfacet
  facet normal 0.0 -1.0 0.0
    outer loop
      vertex -17.25 7.0 2.1125156288035124e-15
      vertex -4.156692981719971 7.0 -16.741697311401367
      vertex -2.6607940196990967 7.0 -17.04355239868164
    endloop
  endfacet
  facet normal 0.0 -1.0 0.0
    outer loop
      vertex -2.6607940196990967 7.0 -17.04355239868164
      vertex -1.1440709829330444 7.0 -17.212018966674805
      vertex -17.25 7.0 2.1125156288035124e-15
    endloop
  endfacet
  facet normal 0.0 -1.0 0.0
    outer loop
      vertex -17.25 7.0 2.1125156288035124e-15
      vertex -1.1440709829330444 7.0 -17.212018966674805
      vertex 0.38160601258277893 7.0 -17.245779037475586
    endloop
  endfacet
  facet normal 0.0 -1.0 0.0
    outer loop
      vertex -17.25 7.0 2.1125156288035124e-15
      vertex 0.38160601258277893 7.0 -17.245779037475586
      vertex 1.9042963981628418 7.0 -17.14456558227539
    endloop
  endfacet
  facet normal 0.0 -1.0 0.0
    outer loop
      vertex 1.9042963981628418 7.0 -17.14456558227539
      vertex 3.412083148956299 7.0 -16.9091739654541
      vertex -17.25 7.0 2.1125156288035124e-15
    endloop
  endfacet
  facet normal 0.0 -1.0 0.0
    outer loop
      vertex -17.25 7.0 2.1125156288035124e-15
      vertex 3.412083148956299 7.0 -16.9091739654541
      vertex 4.893165588378906 7.0 -16.541446685791016
    endloop
  endfacet
  facet normal 0.0 -1.0 0.0
    outer loop
      vertex -17.25 7.0 2.1125156288035124e-15
      vertex 4.893165588378906 7.0 -16.541446685791016
      vertex 6.3359527587890625 7.0 -16.04425811767578
    endloop
  endfacet
  facet normal 0.0 -1.0 0.0
    outer loop
      vertex 6.3359527587890625 7.0 -16.04425811767578
      vertex 7.729152202606201 7.0 -15.421501159667969
      vertex -17.25 7.0 2.1125156288035124e-15
    endloop
  endfacet
  facet normal 0.0 -1.0 0.0
    outer loop
      vertex -17.25 7.0 2.1125156288035124e-15
      vertex 7.729152202606201 7.0 -15.421501159667969
      vertex 9.061860084533691 7.0 -14.678050994873047
    endloop
  endfacet
  facet normal 0.0 -1.0 0.0
    outer loop
      vertex -17.25 7.0 2.1125156288035124e-15
      vertex 9.061860084533691 7.0 -14.678050994873047
      vertex 10.323647499084473 7.0 -13.819725036621094
    endloop
  endfacet
  facet normal 0.0 -1.0 0.0
    outer loop
      vertex 10.323647499084473 7.0 -13.819725036621094
      vertex 11.504637718200684 7.0 -12.853240966796875
      vertex -17.25 7.0 2.1125156288035124e-15
    endloop
  endfacet
  facet normal 0.0 -1.0 0.0
    outer loop
      vertex -17.25 7.0 2.1125156288035124e-15
      vertex 11.504637718200684 7.0 -12.853240966796875
      vertex 12.595588684082031 7.0 -11.786163330078125
    endloop
  endfacet
  facet normal 0.0 -1.0 0.0
    outer loop
      vertex -17.25 7.0 2.1125156288035124e-15
      vertex 12.595588684082031 7.0 -11.786163330078125
      vertex 13.58796215057373 7.0 -10.626842498779297
    endloop
  endfacet
  facet normal 0.0 -1.0 0.0
    outer loop
      vertex 13.58796215057373 7.0 -10.626842498779297
      vertex 14.473991394042969 7.0 -9.38435173034668
      vertex -17.25 7.0 2.1125156288035124e-15
    endloop
  endfacet
  facet normal 0.0 -1.0 0.0
    outer loop
      vertex -17.25 7.0 2.1125156288035124e-15
      vertex 14.473991394042969 7.0 -9.38435173034668
      vertex 15.246742248535156 7.0 -8.068416595458984
    endloop
  endfacet
  facet normal 0.0 -1.0 0.0
    outer loop
      vertex -17.25 7.0 2.1125156288035124e-15
      vertex 15.246742248535156 7.0 -8.068416595458984
      vertex 15.900166511535645 7.0 -6.689334392547607
    endloop
  endfacet
  facet normal 0.0 -1.0 0.0
    outer loop
      vertex 15.900166511535645 7.0 -6.689334392547607
      vertex 16.42915153503418 7.0 -5.257899284362793
      vertex -17.25 7.0 2.1125156288035124e-15
    endloop
  endfacet
  facet normal 0.0 -1.0 0.0
    outer loop
      vertex -17.25 7.0 2.1125156288035124e-15
      vertex 16.42915153503418 7.0 -5.257899284362793
      vertex 16.829553604125977 7.0 -3.7853143215179443
    endloop
  endfacet
  facet normal 0.0 -1.0 0.0
    outer loop
      vertex -17.25 7.0 2.1125156288035124e-15
      vertex 16.829553604125977 7.0 -3.7853143215179443
      vertex 17.098243713378906 7.0 -2.2831039428710938
    endloop
  endfacet
  facet normal 0.0 -1.0 0.0
    outer loop
      vertex 17.098243713378906 7.0 -2.2831039428710938
      vertex 17.233116149902344 7.0 -0.7630252242088318
      vertex -17.25 7.0 2.1125156288035124e-15
    endloop
  endfacet
  facet normal 0.0 -1.0 0.0
    outer loop
      vertex -17.25 7.0 2.1125156288035124e-15
      vertex 17.233116149902344 7.0 -0.7630252242088318
      vertex 17.233116149902344 7.0 0.7630252242088318
    endloop
  endfacet
  facet normal 0.0 -1.0 0.0
    outer loop
      vertex -17.25 7.0 2.1125156288035124e-15
      vertex 17.233116149902344 7.0 0.7630252242088318
      vertex -17.182497024536133 7.0 1.5245567560195923
    endloop
  endfacet
  facet normal 0.0 -1.0 0.0
    outer loop
      vertex -17.182497024536133 7.0 1.5245567560195923
      vertex 17.233116149902344 7.0 0.7630252242088318
      vertex 17.098243713378906 7.0 2.2831039428710938
    endloop
  endfacet
  facet normal 0.0 -1.0 0.0
    outer loop
      vertex -17.182497024536133 7.0 1.5245567560195923
      vertex 17.098243713378906 7.0 2.2831039428710938
      vertex -16.980518341064453 7.0 3.037181854248047
    endloop
  endfacet
  facet normal 0.0 -1.0 0.0
    outer loop
      vertex -16.980518341064453 7.0 3.037181854248047
      vertex 17.098243713378906 7.0 2.2831039428710938
      vertex 16.829553604125977 7.0 3.7853143215179443
    endloop
  endfacet
  facet normal 0.0 -1.0 0.0
    outer loop
      vertex -16.980518341064453 7.0 3.037181854248047
      vertex 16.829553604125977 7.0 3.7853143215179443
      vertex -16.645645141601562 7.0 4.526036739349365
    endloop
  endfacet
  facet normal 0.0 -1.0 0.0
    outer loop
      vertex -16.645645141601562 7.0 4.526036739349365
      vertex 16.829553604125977 7.0 3.7853143215179443
      vertex 16.42915153503418 7.0 5.257899284362793
    endloop
  endfacet
  facet normal 0.0 -1.0 0.0
    outer loop
      vertex -16.645645141601562 7.0 4.526036739349365
      vertex 16.42915153503418 7.0 5.257899284362793
      vertex -16.180496215820312 7.0 5.979469299316406
    endloop
  endfacet
  facet normal 0.0 -1.0 0.0
    outer loop
      vertex -16.180496215820312 7.0 5.979469299316406
      vertex 16.42915153503418 7.0 5.257899284362793
      vertex 15.900166511535645 7.0 6.689334392547607
    endloop
  endfacet
  facet normal 0.0 -1.0 0.0
    outer loop
      vertex -16.180496215820312 7.0 5.979469299316406
      vertex 15.900166511535645 7.0 6.689334392547607
      vertex -15.588712692260742 7.0 7.386104583740234
    endloop
  endfacet
  facet normal 0.0 -1.0 0.0
    outer loop
      vertex -15.588712692260742 7.0 7.386104583740234
      vertex 15.900166511535645 7.0 6.689334392547607
      vertex 15.246742248535156 7.0 8.068416595458984
    endloop
  endfacet
  facet normal 0.0 -1.0 0.0
    outer loop
      vertex -15.588712692260742 7.0 7.386104583740234
      vertex 15.246742248535156 7.0 8.068416595458984
      vertex -14.874926567077637 7.0 8.734933853149414
    endloop
  endfacet
  facet normal 0.0 -1.0 0.0
    outer loop
      vertex -14.874926567077637 7.0 8.734933853149414
      vertex 15.246742248535156 7.0 8.068416595458984
      vertex 14.473991394042969 7.0 9.38435173034668
    endloop
  endfacet
  facet normal 0.0 -1.0 0.0
    outer loop
      vertex -14.874926567077637 7.0 8.734933853149414
      vertex 14.473991394042969 7.0 9.38435173034668
      vertex -14.044723510742188 7.0 10.015399932861328
    endloop
  endfacet
  facet normal 0.0 -1.0 0.0
    outer loop
      vertex -14.044723510742188 7.0 10.015399932861328
      vertex 14.473991394042969 7.0 9.38435173034668
      vertex 13.58796215057373 7.0 10.626842498779297
    endloop
  endfacet
  facet normal 0.0 -1.0 0.0
    outer loop
      vertex -14.044723510742188 7.0 10.015399932861328
      vertex 13.58796215057373 7.0 10.626842498779297
      vertex -13.104601860046387 7.0 11.21748161315918
    endloop
  endfacet
  facet normal 0.0 -1.0 0.0
    outer loop
      vertex -13.104601860046387 7.0 11.21748161315918
      vertex 13.58796215057373 7.0 10.626842498779297
      vertex 12.595588684082031 7.0 11.786163330078125
    endloop
  endfacet
  facet normal 0.0 -1.0 0.0
    outer loop
      vertex -13.104601860046387 7.0 11.21748161315918
      vertex 12.595588684082031 7.0 11.786163330078125
      vertex -12.061919212341309 7.0 12.331771850585938
    endloop
  endfacet
  facet normal 0.0 -1.0 0.0
    outer loop
      vertex -12.061919212341309 7.0 12.331771850585938
      vertex 12.595588684082031 7.0 11.786163330078125
      vertex 11.504637718200684 7.0 12.853240966796875
    endloop
  endfacet
  facet normal 0.0 -1.0 0.0
    outer loop
      vertex -12.061919212341309 7.0 12.331771850585938
      vertex 11.504637718200684 7.0 12.853240966796875
      vertex -10.924835205078125 7.0 13.349549293518066
    endloop
  endfacet
  facet normal 0.0 -1.0 0.0
    outer loop
      vertex -10.924835205078125 7.0 13.349549293518066
      vertex 11.504637718200684 7.0 12.853240966796875
      vertex 10.323647499084473 7.0 13.819725036621094
    endloop
  endfacet
  facet normal 0.0 -1.0 0.0
    outer loop
      vertex -10.924835205078125 7.0 13.349549293518066
      vertex 10.323647499084473 7.0 13.819725036621094
      vertex -9.702250480651855 7.0 14.262847900390625
    endloop
  endfacet
  facet normal 0.0 -1.0 0.0
    outer loop
      vertex -9.702250480651855 7.0 14.262847900390625
      vertex 10.323647499084473 7.0 13.819725036621094
      vertex 9.061860084533691 7.0 14.678050994873047
    endloop
  endfacet
  facet normal 0.0 -1.0 0.0
    outer loop
      vertex -9.702250480651855 7.0 14.262847900390625
      vertex 9.061860084533691 7.0 14.678050994873047
      vertex -8.403731346130371 7.0 15.064520835876465
    endloop
  endfacet
  facet normal 0.0 -1.0 0.0
    outer loop
      vertex -8.403731346130371 7.0 15.064520835876465
      vertex 9.061860084533691 7.0 14.678050994873047
      vertex 7.729152202606201 7.0 15.421501159667969
    endloop
  endfacet
  facet normal 0.0 -1.0 0.0
    outer loop
      vertex -8.403731346130371 7.0 15.064520835876465
      vertex 7.729152202606201 7.0 15.421501159667969
      vertex -7.039442539215088 7.0 15.74829387664795
    endloop
  endfacet
  facet normal 0.0 -1.0 0.0
    outer loop
      vertex -7.039442539215088 7.0 15.74829387664795
      vertex 7.729152202606201 7.0 15.421501159667969
      vertex 6.3359527587890625 7.0 16.04425811767578
    endloop
  endfacet
  facet normal 0.0 -1.0 0.0
    outer loop
      vertex -7.039442539215088 7.0 15.74829387664795
      vertex 6.3359527587890625 7.0 16.04425811767578
      vertex -5.620059967041016 7.0 16.308815002441406
    endloop
  endfacet
  facet normal 0.0 -1.0 0.0
    outer loop
      vertex -5.620059967041016 7.0 16.308815002441406
      vertex 6.3359527587890625 7.0 16.04425811767578
      vertex 4.893165588378906 7.0 16.541446685791016
    endloop
  endfacet
  facet normal 0.0 -1.0 0.0
    outer loop
      vertex -5.620059967041016 7.0 16.308815002441406
      vertex 4.893165588378906 7.0 16.541446685791016
      vertex -4.156692981719971 7.0 16.741697311401367
    endloop
  endfacet
  facet normal 0.0 -1.0 0.0
    outer loop
      vertex -4.156692981719971 7.0 16.741697311401367
      vertex 4.893165588378906 7.0 16.541446685791016
      vertex 3.412083148956299 7.0 16.9091739654541
    endloop
  endfacet
  facet normal 0.0 -1.0 0.0
    outer loop
      vertex -4.156692981719971 7.0 16.741697311401367
      vertex 3.412083148956299 7.0 16.9091739654541
      vertex -2.6607940196990967 7.0 17.04355239868164
    endloop
  endfacet
  facet normal 0.0 -1.0 0.0
    outer loop
      vertex -2.6607940196990967 7.0 17.04355239868164
      vertex 3.412083148956299 7.0 16.9091739654541
      vertex 1.9042963981628418 7.0 17.14456558227539
    endloop
  endfacet
  facet normal 0.0 -1.0 0.0
    outer loop
      vertex -2.6607940196990967 7.0 17.04355239868164
      vertex 1.9042963981628418 7.0 17.14456558227539
      vertex -1.1440709829330444 7.0 17.212018966674805
    endloop
  endfacet
  facet normal 0.0 -1.0 0.0
    outer loop
      vertex -1.1440709829330444 7.0 17.212018966674805
      vertex 1.9042963981628418 7.0 17.14456558227539
      vertex 0.38160601258277893 7.0 17.245779037475586
    endloop
  endfacet
endsolid mesh
