#{"t_start": 1778794156.4562166, "env_id": "None"}
r,l,t
-315.47882,20,2.719929
-285.66333,26,2.759824
-333.3501,30,2.798875
-211.40672,34,2.835738
-167.30183,37,2.870591
-606.7223,39,2.912544
-310.50885,39,2.912544
-257.8403,34,2.958628
-417.35785,75,3.01497
-271.57138,24,3.049798
-358.46457,48,3.049798
-189.02881,45,3.080421
-404.99487,54,3.118433
-306.33942,43,3.155563
-174.7752,52,3.197518
-395.89417,60,3.235438
-259.2232,26,3.273225
-204.80122,35,3.315895
-219.04947,33,3.351604
-278.9998,37,3.387932
-266.16388,39,3.427612
-244.62984,18,3.465649
-225.0108,15,3.502416
-359.98645,42,3.53309
-229.57622,24,3.566893
-229.02011,52,3.613225
-568.2961,46,3.649082
-223.63547,76,3.690013
-510.50986,40,3.728944
-890.0534,40,3.77333
-288.641,36,3.77333
-205.46922,22,3.811379
-400.3388,48,3.859333
-423.45435,30,3.860352
-256.75677,25,3.892065
-312.43716,44,3.933906
-259.1681,24,3.963179
-379.2033,65,3.995522
-314.49194,19,4.031294
-292.6627,18,4.069148
-226.52914,20,4.109011
-506.38766,55,4.152092
-362.82892,57,4.194199
-331.30173,30,4.194199
-213.95744,43,4.232089
-229.14589,48,4.268838
-286.60428,27,4.308594
-222.48982,42,4.34881
-218.47453,26,4.386661
-334.62735,40,4.4342
-442.55554,38,4.4342
-375.08755,52,4.492496
-312.29367,38,4.527286
-275.66742,33,4.562093
-435.10004,57,4.602809
-226.8437,36,4.640686
-213.88892,38,4.673558
-222.8977,27,4.715687
-211.84879,27,4.7484
-581.2856,97,4.781139
-253.15749,33,4.813925
-859.38586,106,4.862862
-259.13446,37,4.902966
-367.71732,38,4.943138
-405.98306,28,4.976818
-312.68887,31,5.013672
-177.62839,40,5.044305
-614.83264,54,5.078604
-299.51047,20,5.110892
-189.15071,46,5.148702
-434.94998,33,5.188568
-288.30777,38,5.223401
-471.81427,37,5.266328
-201.2803,25,5.302188
-190.0781,32,5.344413
-193.60684,40,5.382278
-211.0961,41,5.419111
-223.15318,25,5.456051
-465.6083,46,5.505074
-446.36676,37,5.547018
-233.48941,30,5.593095
-355.3764,45,5.63868
-225.27414,66,5.63868
-907.31744,43,5.672884
-299.74704,64,5.717755
-533.85364,58,5.749354
-233.32101,43,5.7841
-228.61035,25,5.827021
-234.3022,32,5.864892
-491.87576,51,5.919074
-239.39798,21,5.955064
-221.92484,38,5.955064
-494.1173,62,5.988233
-174.16577,36,6.028132
-271.14352,48,6.060941
-641.9388,84,6.089526
-453.97214,54,6.122128
-268.889,20,6.165387
-244.93317,22,6.220641
-228.47641,33,6.258897
-381.63727,33,6.290524
-504.3756,51,6.327303
-510.35077,52,6.370178
-544.7817,65,6.407293
-426.50867,36,6.454504
-371.3824,65,6.489197
-307.84482,31,6.522946
-218.20953,37,6.557694
-442.7206,52,6.604637
-402.14038,41,6.649622
-202.75993,35,6.697678
-214.99976,37,6.697678
-285.1836,44,6.739497
-254.27596,24,6.739497
-358.45807,45,6.778322
-255.26749,38,6.833108
-175.03421,35,6.882267
-210.98402,32,6.882267
-287.11676,37,6.915008
-402.8198,54,6.960254
-1094.6318,186,7.001083
-537.47687,139,7.059312
-275.58804,18,7.059312
-300.33746,29,7.059312
-576.78125,47,7.09612
-824.2985,90,7.133874
-473.44305,68,7.170838
-576.13873,60,7.210773
-284.62463,20,7.250601
-189.97275,26,7.294572
-377.81036,27,7.334444
-230.55789,43,7.377805
-318.58643,35,7.419897
-397.18106,46,7.462007
-354.51752,37,7.462007
-260.45782,20,7.499736
-453.56512,36,7.540734
-265.22263,44,7.579803
-745.6228,120,7.618582
-223.69922,18,7.618582
-310.3494,41,7.675084
-297.61304,31,7.724233
-202.41188,35,7.758956
-266.04944,45,7.793692
-462.16058,40,7.835104
-243.2956,53,7.901427
-349.0948,36,7.94136
-287.98224,23,7.997479
-1704.6943,181,8.037871
-573.4296,75,8.038371
-251.56624,46,8.083382
-317.2603,23,8.120284
-426.47418,106,8.170435
-858.52185,163,8.213153
-411.94348,28,8.251125
-372.3711,54,8.296124
-1200.5793,136,8.344147
-159.36449,51,8.344147
-447.659,63,8.375857
-331.30664,19,8.42097
-193.63707,41,8.461016
-219.08908,37,8.493738
-387.75415,36,8.545471
-225.99898,38,8.579138
-202.73222,28,8.618893
-526.5334,49,8.656718
-230.71175,18,8.694478
-205.17462,99,8.746229
-186.7335,20,8.785213
-230.36908,41,8.823279
-170.24574,65,8.860514
-362.26505,49,8.908588
-239.1647,20,8.943441
-1424.3079,89,8.944459
-633.9697,39,8.985745
-389.41217,67,9.02027
-354.87842,45,9.059124
-376.58722,25,9.095928
-228.92215,24,9.127526
-393.46246,55,9.177462
-346.74268,38,9.220846
-164.15523,49,9.253577
-403.3769,37,9.287416
-178.37901,31,9.323258
-230.30435,16,9.363178
-249.3991,26,9.411426
-325.08237,58,9.448312
-196.34473,38,9.448312
-258.83505,37,9.504476
-192.03604,27,9.544534
-178.96436,37,9.595893
-224.64871,36,9.595893
-1110.9021,93,9.630733
-217.322,21,9.683002
-240.26733,37,9.716646
-513.72015,37,9.753427
-368.9838,91,9.787532
-220.38904,40,9.837453
-380.98117,46,9.875193
-227.52492,21,9.911942
-775.1196,118,9.947784
-239.65862,34,9.976385
-316.75848,19,10.0163
-256.38464,19,10.056175
-334.9238,26,10.093075
-381.9069,58,10.133026
-332.4356,22,10.18423
-349.73868,29,10.225137
-360.25833,50,10.267271
-194.3368,23,10.267271
-193.98418,48,10.307318
-261.76877,83,10.342008
-824.54663,72,10.382016
-262.22263,35,10.437839
-262.90244,40,10.489962
-167.16519,34,10.52263
-568.6489,49,10.55962
-306.78726,44,10.594351
-326.33362,64,10.632218
-274.93317,62,10.67308
-229.81796,47,10.72443
-210.20483,51,10.777672
-273.34842,56,10.816461
-350.18884,55,10.853386
-205.35484,19,10.902047
-280.77124,50,10.946148
-580.01526,81,10.980809
-211.0126,25,11.020584
-382.00107,46,11.059539
-187.83115,23,11.101362
-609.6784,90,11.101362
-269.60852,53,11.142254
-206.00043,20,11.142254
-353.27435,22,11.194436
-229.91962,20,11.226243
-197.09247,38,11.279457
-476.99655,44,11.315237
-220.80064,40,11.352006
-348.2279,63,11.397038
-251.26553,37,11.437274
-218.04108,27,11.474075
-199.22104,25,11.508794
-526.5148,57,11.551678
-275.0208,18,11.589305
-392.13254,44,11.637379
-230.29749,26,11.678775
-569.0715,49,11.715121
-260.7805,70,11.750847
-187.15097,36,11.78753
-351.74756,22,11.826432
-210.88058,27,11.868513
-287.24005,29,11.915434
-204.56046,55,11.950114
-751.19183,49,11.994689
-180.84428,36,12.025249
-311.12067,37,12.069167
-232.93134,22,12.115205
-190.28992,35,12.151007
-453.41922,51,12.19613
-185.25354,26,12.240139
-682.811,158,12.289307
-216.996,74,12.335299
-264.97244,64,12.381273
-911.74945,83,12.418127
-321.63123,22,12.451998
-234.60597,35,12.486722
-457.2954,53,12.522439
-235.08023,28,12.58467
-255.12845,42,12.626566
-175.51291,37,12.626566
-155.32698,37,12.667612
-213.63162,18,12.707467
-432.9914,48,12.750465
-393.39078,20,12.788808
-165.97258,34,12.834257
-178.65192,20,12.872282
-227.57452,15,12.904065
-152.15721,23,12.954176
-441.1578,46,12.982804
-205.11884,25,13.018925
-277.3462,42,13.073096
-193.67784,29,13.108919
-369.68332,43,13.15864
-208.21472,35,13.210864
-157.47372,32,13.24773
-315.29727,21,13.301881
-537.65607,81,13.345854
-175.99487,36,13.386681
-339.865,60,13.434097
-262.1201,20,13.468891
-232.8638,33,13.508727
-217.59906,47,13.573159
-625.71454,43,13.615104
-301.69843,61,13.664192
-491.91504,60,13.708912
-156.05855,48,13.765174
-231.42929,19,13.803014
-461.02402,56,13.850024
-404.48862,60,13.904274
-453.62527,54,13.965431
-265.61465,30,14.001944
-570.56586,52,14.03777
-163.17288,28,14.098382
-338.02048,31,14.138453
-409.03204,56,20.324346
-252.82828,42,20.387108
-385.36127,143,20.422969
-215.15,31,20.456783
-466.98438,57,20.496621
-166.44684,28,20.557556
-192.71156,36,20.593982
-382.9923,35,20.629862
-277.15588,37,20.698406
-623.0308,72,20.743197
-357.52103,47,20.782037
-190.03174,30,20.838214
-317.4582,19,20.876714
-400.9519,78,20.912558
-419.92343,23,20.965026
-269.91293,35,21.018362
-499.6918,70,21.06655
-206.92558,33,21.131016
-182.39557,37,21.17391
-264.7683,65,21.210613
-328.24518,91,21.24354
-192.0671,26,21.295384
-181.25829,29,21.333152
-189.8783,37,21.376258
-561.7947,72,21.428504
-151.03305,38,21.464281
-365.9015,46,21.516456
-205.3071,50,21.588078
-861.51874,76,21.62392
-332.79642,74,21.67217
-355.11334,22,21.709076
-281.05457,59,21.74392
-239.68,29,21.809335
-526.32153,46,21.809335
-203.83319,58,21.874937
-212.04042,29,21.908969
-324.82175,34,21.980832
-288.85712,50,22.034897
-321.2082,108,22.100238
-208.39824,46,22.15028
-199.28838,71,22.192321
-298.09967,15,22.235461
-320.30283,36,22.272872
-180.10315,30,22.341374
-489.81754,44,22.380567
-340.6335,62,22.443131
-1032.4875,230,22.476899
-166.48564,35,22.51892
-193.13806,39,22.55473
-278.15994,28,22.619103
-346.05984,44,22.659015
-390.13074,59,22.72056
-195.8738,37,22.761376
-615.9158,96,22.81457
-384.89627,24,22.851345
-310.37894,43,22.895478
-209.82509,17,22.944995
-152.54976,45,22.994237
-818.04034,95,22.994237
-403.1055,60,23.048448
-14186.974,1497,23.089066
-316.54855,51,23.154682
-356.5211,54,23.189349
-202.85435,35,23.228158
-230.85976,18,23.280415
-406.08194,82,23.280415
-248.55467,54,23.318825
-154.41484,19,23.318825
-235.91644,19,23.358326
-200.71799,29,23.412718
-230.9531,30,23.450617
-335.838,54,23.504704
-536.7925,57,23.552906
-543.4654,49,23.597361
-142.66663,41,23.650523
-345.4291,38,23.694618
-393.23648,23,23.744719
-368.27417,60,23.801465
-480.9838,104,23.801465
-506.10092,44,23.849246
-200.89824,24,23.898916
-282.0008,51,23.942147
-229.67761,39,23.981663
-421.77573,48,24.042266
-293.77255,28,24.076064
-195.87668,47,24.136384
-209.67502,42,24.183372
-16179.638,1487,24.214037
-323.43726,86,24.257995
-495.41776,41,24.310689
-328.58185,30,24.347939
-348.23755,30,24.392422
-226.87656,32,24.452193
-239.13211,31,24.492005
-719.04224,73,24.54121
-709.60474,117,24.576431
-210.2512,46,24.620789
-233.02707,29,24.677174
-456.96426,50,24.715966
-249.17374,52,24.75374
-228.1923,48,24.802716
-262.78296,50,24.85081
-375.5046,52,24.908141
-215.81168,42,24.939894
-189.36063,50,24.972515
-261.90244,47,25.017666
-274.4846,60,25.083275
-188.34053,39,25.083275
-251.40442,43,25.122896
-205.00967,41,25.159676
-4201.628,442,25.199441
-166.83157,51,25.250303
-369.02304,25,25.25133
-22839.506,1633,25.30783
-217.27823,41,25.349737
-26486.328,2578,25.381471
-180.09407,60,25.424555
-189.37321,69,25.467519
-170.44122,51,25.502207
-238.24051,33,25.550318
-405.10355,88,25.588176
-450.85303,77,25.637689
-581.9255,37,25.680184
-675.0586,74,25.723049
-352.1269,62,25.763901
-250.203,22,25.763901
-422.77362,78,25.81121
-222.41925,56,25.856208
-232.01936,21,25.889962
-178.2482,39,25.927893
-172.7255,28,25.959573
-347.61584,26,26.003535
-216.01096,82,26.044498
-358.43524,96,26.078738
-185.98222,24,26.118622
-217.77696,39,26.161055
-258.74554,30,26.202255
-381.56485,47,26.241228
-276.91617,30,26.293473
-262.3397,20,26.336764
-179.32077,39,26.336764
-186.79002,48,26.377809
-261.83258,35,26.414171
-706.3709,108,26.454116
-184.75505,24,26.488763
-272.3903,18,26.532567
-227.74326,57,26.5735
-210.39128,37,26.608776
-187.19183,33,26.639919
-697.29663,107,26.680895
-170.9759,40,26.727918
-279.5691,40,26.771898
-403.51904,68,26.806699
-386.55923,35,26.841408
-227.1098,39,26.882362
-222.86563,48,26.924302
-261.42664,30,26.957059
-238.24695,19,26.994825
-255.52069,52,27.052103
-360.84277,28,27.088946
-382.3197,58,27.143064
-631.8937,128,27.178459
-197.45679,59,27.217355
-636.16614,110,27.256716
-215.61325,46,27.3047
-340.16245,103,27.342694
-236.2231,32,27.379562
-238.9175,24,27.416653
-389.7778,62,27.45243
-333.58627,42,27.490151
-200.70512,40,27.52861
-286.17456,26,27.576694
-228.80846,31,27.614097
-158.81914,37,27.660164
-297.40662,42,27.698029
-199.21265,30,27.74194
-313.25342,52,27.781797
-282.66525,36,27.81364
-315.744,26,27.850242
-217.8623,24,27.89429
-437.2758,65,27.934261
-233.61707,88,27.973081
-219.38162,29,28.010823
-987.8614,31,28.048716
-197.82104,32,28.089666
-162.52277,34,28.089666
-258.2411,24,28.135743
-185.31354,24,28.173548
-217.76825,58,28.224617
-432.71762,39,28.257272
-393.76355,72,28.295492
-203.29959,36,28.340962
-534.9245,79,28.379883
-578.35,63,28.410684
-278.14954,33,28.454549
-258.55945,42,28.498526
-607.8771,38,28.532205
-378.67395,23,28.570585
-389.2123,34,28.613999
-225.13062,43,28.646404
-778.26025,93,28.689474
-210.08417,29,28.726157
-280.23486,50,28.767582
-555.6583,41,28.801766
-190.51038,22,28.842586
-258.8479,34,28.882099
-180.38095,48,28.92202
-743.9595,74,28.967488
-374.57764,41,29.00633
-445.2286,42,29.044163
-381.9498,35,29.081066
-261.17328,33,29.119956
-211.59511,29,29.155628
-617.62714,79,29.187809
-271.57135,31,29.237869
-401.28363,22,29.274184
-220.30489,27,29.306932
-165.65436,42,29.344746
-154.52666,37,29.380567
-203.01941,31,29.417412
-229.20087,28,29.46997
-254.9777,37,29.51292
-401.27487,47,29.547647
-278.14258,45,29.593426
-183.64651,53,29.627628
-768.2377,89,29.665972
-462.08496,61,29.711985
-298.0794,50,29.754894
-201.19452,39,29.81017
-195.41946,25,29.851218
-257.75635,63,29.882935
-177.39325,27,29.943389
-483.8748,80,36.532769
-192.67026,38,36.561783
-7360.9097,559,36.611668
-191.3416,25,36.641343
-200.04309,37,36.679232
-280.24445,57,36.724223
-301.24564,34,36.750857
-594.5649,131,36.792079
-272.73776,36,36.840462
-300.67307,55,36.879616
-231.12793,39,36.933408
-298.32803,38,36.933408
-195.49452,30,36.982925
-180.02757,42,36.982925
-287.76324,44,37.039509
-296.95773,39,37.078673
-220.77232,42,37.115368
-173.69435,32,37.146884
-966.5178,169,37.178847
-180.55646,43,37.220849
-174.86531,30,37.261899
-189.04001,25,37.300839
-165.0842,49,37.359162
-270.1164,39,37.395057
-220.55403,48,37.424753
-547.2035,84,37.47898
-389.8713,72,37.528877
-223.30109,41,37.558155
-198.64523,52,37.588902
-147.03972,105,37.621649
-167.7417,49,37.655345
-209.25742,48,37.703474
-169.38724,41,37.743399
-219.86935,31,37.775288
-229.10251,17,37.823667
-708.02325,62,37.872932
-290.85492,42,37.903666
-153.0632,42,37.944736
-275.03387,18,37.978512
-161.98643,47,38.028771
-476.2033,103,38.060042
-3888.7578,434,38.112152
-428.63315,44,38.150271
-275.48135,64,38.190263
-440.20624,54,38.221108
-202.62677,16,38.250835
-216.83736,42,38.284611
-259.3967,52,38.32091
-226.4619,31,38.36284
-325.8437,30,38.405742
-524.23846,59,38.436697
-386.46872,39,38.46937
-197.77423,51,38.506266
-162.8784,41,38.541038
-283.005,24,38.582027
-401.49344,34,38.632132
-368.62167,54,38.671038
-288.50082,67,38.713144
-172.3599,36,38.765678
-367.4934,96,38.792247
-278.2175,74,38.827765
-198.06557,23,38.872292
-381.63324,89,38.912316
-187.29417,37,38.943101
-253.30907,31,38.975394
-229.94855,55,38.975394
-244.72018,73,39.010917
-197.92184,23,39.050812
-203.30632,44,39.090684
-187.25246,34,39.122345
-461.91626,44,39.160174
-352.3624,49,39.188455
-331.36752,42,39.217507
-198.11522,32,39.257337
-271.1645,52,39.291047
-163.46008,33,39.328856
-184.5544,37,39.355415
-197.29422,34,39.385233
-252.36227,35,39.450828
-248.81038,47,39.450828
-548.3202,93,39.492928
-327.1235,45,39.524834
-230.69716,59,39.562682
-149.7912,91,39.60464
-173.7836,41,39.636222
-271.6541,36,39.668482
-344.5287,37,39.70084
-349.84836,52,39.734656
-476.16977,58,39.803067
-265.3634,57,39.848718
-352.0359,50,39.886126
-329.85132,60,39.938066
-335.0227,39,39.978674
-416.45755,81,40.010618
-249.33029,47,40.062998
-829.8987,107,40.113335
-271.00558,58,40.15974
-184.46344,40,40.200834
-206.3858,32,40.238701
-5300.9023,606,40.267525
-190.458,34,40.335407
-256.83096,60,40.371204
-170.40402,52,40.39994
-459.28256,119,40.438015
-592.37585,123,40.467672
-514.1203,65,40.504455
-220.72174,33,40.54221
-246.47652,36,40.572924
-365.76758,44,40.572924
-190.85512,28,40.606875
-222.01529,18,40.648894
-212.2989,28,40.695157
-162.81091,47,40.724184
-173.90332,38,40.751781
-189.30667,45,40.788584
-246.68321,82,40.833738
-222.37523,31,40.861309
-277.3357,47,40.893045
-307.41293,41,40.939141
-224.62817,24,40.978607
-150.81393,46,40.978607
-265.92932,24,41.012903
-485.79996,35,41.056966
-209.37471,17,41.095173
-155.97833,58,41.095173
-216.22255,38,41.139106
-315.11414,19,41.1802
-250.81192,40,41.208871
-247.52463,45,41.241725
-195.25905,38,41.282595
-247.42697,30,41.310293
-459.6664,51,41.349151
-188.28737,31,41.378926
-222.39725,31,41.428658
-406.38376,30,41.463122
-187.64359,47,41.49853
-267.61383,72,41.537881
-175.96188,84,41.572882
-221.23892,30,41.614739
-269.31754,39,41.646581
-336.55426,82,41.691697
-209.41371,38,41.728693
-248.33258,22,41.761443
-423.56396,51,41.80562
-212.96997,33,41.853721
-356.24304,62,41.899904
-343.2818,87,41.941085
-279.31293,29,41.967562
-213.35838,64,42.014695
-320.69955,33,42.065828
-370.53134,42,42.100683
-621.283,112,42.130306
-264.48608,37,42.165144
-229.33221,32,42.219547
-342.92163,40,42.219547
-262.59552,44,42.274952
-245.3588,32,42.310821
-162.01822,44,42.355959
-322.02698,33,42.399918
-542.56226,90,42.436925
-199.19939,32,42.471063
-206.52615,28,42.507949
-321.05542,23,42.546204
-144.39066,24,42.578964
-161.54167,36,42.613796
-238.8539,27,42.645551
-210.46825,28,42.697793
-353.0773,29,42.728847
-422.20227,78,42.786694
-568.0011,72,42.818952
-244.7574,55,42.866136
-196.45113,48,42.922448
-787.512,89,42.964211
-247.78362,40,42.995994
-175.52548,92,43.056256
-349.51352,47,43.082834
-150.01047,54,43.12893
-259.9317,57,43.162671
-290.04794,31,43.197471
-197.50513,24,43.23736
-215.85999,23,43.269054
-146.54564,58,43.311334
-354.61295,28,43.343321
-346.1788,45,43.405919
-223.75267,36,43.44608
-4287.0205,436,43.47985
-202.07104,52,43.480871
-252.24503,20,43.528065
-184.69751,20,43.566141
-180.47623,42,43.620169
-350.6656,61,43.654006
-930.0513,108,43.70872
-307.80658,46,43.70872
-187.45032,53,43.737839
-194.89502,26,43.787908
-154.2443,55,43.81974
-157.95746,30,43.846272
-168.11243,51,43.872886
-179.26418,49,43.917709
-234.89394,34,43.961428
-382.30276,41,44.00927
-280.47202,45,44.047809
-243.25488,52,44.079179
-304.69565,33,44.113958
-191.6639,58,44.160954
-167.59113,26,44.189572
-270.36566,44,44.221313
-204.65572,47,44.262305
-212.6219,29,44.303653
-256.21384,50,44.340694
-319.79065,43,44.379746
-183.12114,47,44.416727
-212.14357,25,44.451616
-25097.055,1985,44.485324
-353.5272,43,44.514996
-324.19287,22,44.56411
-456.7451,98,44.621237
-337.7596,50,44.648851
-423.04434,65,44.684734
-176.7897,34,44.716477
-229.30408,18,44.763559
-180.50421,34,44.796291
-360.97684,47,44.836159
-199.67078,22,44.871896
-626.68036,112,44.871896
-461.94922,45,44.900477
-184.62819,38,44.948711
-620.1813,147,44.982845
-228.61957,33,45.022916
-306.33688,44,45.058728
-200.92125,20,45.092878
-456.94418,50,45.092878
-238.3133,23,51.314377
-220.03487,19,51.345214
-202.52907,64,51.373966
-346.2567,54,51.41292
-194.92122,31,51.443868
-13377.317,1321,51.47467
-433.53278,36,51.502255
-9180.046,993,51.541229
-260.85464,45,51.574935
-167.91646,28,51.602498
-198.8349,50,51.639501
-162.11984,44,51.679438
-198.09024,62,51.708689
-290.1485,32,51.738955
-194.73643,47,51.76756
-276.1584,37,51.806449
-705.14966,70,51.840162
-176.82843,30,51.877194
-271.76306,42,51.909619
-324.90128,50,51.909619
-214.61215,27,51.943796
-224.7977,32,51.976835
-196.33177,38,52.009854
-224.49838,22,52.045019
-210.95724,26,52.086404
-161.52393,37,52.125226
-166.20265,36,52.162314
-226.60776,28,52.162314
-170.83392,64,52.198264
-161.17432,56,52.233054
-244.2156,18,52.264776
-201.67291,56,52.302516
-193.3702,71,52.333168
-347.3902,31,52.363739
-213.29532,38,52.398928
-249.80194,23,52.432424
-192.9859,21,52.461192
-180.82625,67,52.499664
-237.52203,32,52.531401
-291.13504,33,52.566231
-174.5514,56,52.593751
-183.26364,42,52.626458
-190.67186,34,52.659202
-168.92386,33,52.659202
-178.96042,25,52.689902
-318.32037,24,52.723695
-224.04791,21,52.75431
-216.91423,59,52.788538
-392.02423,40,52.828524
-386.41696,24,52.828524
-223.93095,21,52.85716
-189.85178,35,52.893085
-202.10275,43,52.922756
-175.11113,25,52.953943
-159.71663,53,52.987835
-237.95125,22,53.018615
-221.34425,21,53.050309
-177.03264,64,53.08887
-184.6083,35,53.122097
-183.49889,21,53.147572
-177.50035,34,53.184336
-225.5095,25,53.216203
-170.20717,42,53.243825
-161.67093,32,53.275474
-199.65433,29,53.306218
-242.99052,18,53.341138
-218.24542,43,53.369883
-212.91116,40,53.415117
-275.38248,24,53.442857
-239.58566,30,53.482665
-237.93536,57,53.51858
-192.50327,28,53.51858
-181.36293,60,53.566735
-288.7378,20,53.598264
-181.03198,35,53.623855
-157.07137,55,53.660282
-198.11343,27,53.688413
-198.64569,36,53.721657
-580.8768,55,53.758659
-320.1586,23,53.791392
-166.01108,23,53.817031
-239.8388,19,53.854853
-1056.5167,111,53.897748
-231.91284,25,53.923754
-170.92725,35,53.956038
-199.67503,48,53.984539
-254.09329,50,54.013583
-388.2689,53,54.061635
-291.65015,32,54.096453
-167.23807,29,54.127684
-193.23083,35,54.154723
-218.93187,36,54.190585
-174.44472,95,54.222488
-213.62134,38,54.222488
-275.83606,21,54.261348
-244.91437,30,54.297252
-197.3034,34,54.338189
-206.04042,27,54.365856
-279.53445,28,54.397723
-193.27208,30,54.426576
-250.20729,40,54.454221
-430.11972,95,54.485841
-187.33278,21,54.526791
-228.50175,19,54.556525
-167.77237,29,54.588685
-203.49811,28,54.624012
-202.55878,59,54.654669
-224.00783,15,54.680224
-279.36743,41,54.707434
-249.99281,29,54.741055
-249.61707,66,54.772796
-242.25334,31,54.816791
-388.17065,48,54.845336
-161.75073,42,54.888479
-330.53677,51,54.926362
-296.87183,50,54.954648
-297.8571,45,54.985792
-225.94098,53,55.016652
-264.50845,36,55.043218
-377.94376,23,55.092631
-211.90565,22,55.128882
-195.49396,21,55.128882
-198.18608,58,55.162653
-208.5572,43,55.20241
-232.63095,58,55.241601
-180.08102,50,55.241601
-400.08813,139,55.269173
-207.1707,22,55.29794
-240.50194,29,55.332698
-157.15704,34,55.365457
-308.55353,30,55.414547
-217.32996,35,55.4432
-164.38101,37,55.472311
-193.74799,30,55.50559
-433.364,65,55.543371
-464.92966,49,55.570462
-181.6236,42,55.597521
-214.74802,21,55.640335
-205.92398,26,55.640335
-251.38753,37,55.673084
-193.45259,36,55.707784
-167.21008,77,55.707784
-178.48978,25,55.743451
-253.7812,26,55.781314
-307.13998,40,55.811
-184.39001,30,55.844661
-176.0513,41,55.873589
-257.536,26,55.901238
-201.94453,55,55.933114
-190.27226,17,55.962845
-275.85687,41,55.989352
-174.96704,35,56.030332
-305.42307,28,56.072325
-215.57086,31,56.072325
-142.95566,42,56.108856
-382.59198,38,56.140615
-335.0075,44,56.170391
-172.9665,39,56.202123
-199.5943,83,56.236132
-202.52898,48,56.287326
-202.94513,39,56.321234
-227.27246,39,56.363308
-181.08994,38,56.390898
-250.11186,41,56.422782
-207.78001,49,56.454633
-402.30228,59,56.482303
-213.47491,21,56.509912
-180.06348,31,56.544651
-319.44266,22,56.57929
-207.67433,62,56.610028
-206.08128,28,56.640632
-238.23285,33,56.678551
-216.22223,40,56.713266
-159.50954,43,56.742809
-269.28662,37,56.773394
-353.69714,30,56.809298
-193.37358,24,56.852393
-248.03922,42,56.884421
-297.50598,38,56.919165
-174.64317,39,56.949628
-279.0626,29,56.983731
-202.52153,32,56.983731
-545.95264,84,57.018569
-646.5984,70,57.048724
-274.09073,29,57.091986
-216.23782,40,57.124675
-215.42534,35,57.164629
-183.44986,43,57.192303
-166.42102,46,57.220942
-208.9278,45,57.247511
-165.96176,40,57.278296
-363.3708,65,57.307493
-165.03256,31,57.3408
-202.20865,41,57.370321
-184.45303,20,57.404037
-165.44626,30,57.438889
-168.92871,28,57.438889
-168.33707,22,57.475745
-199.24327,42,57.503318
-216.64064,45,57.539168
-236.32101,22,57.569988
-193.12286,38,57.607862
-248.81512,18,57.645717
-288.2893,72,57.68113
-358.53455,43,57.68113
-187.11172,40,57.71499
-213.65302,29,57.741504
-306.18295,40,57.772213
-194.05678,20,57.816447
-174.08173,39,57.852389
-195.85098,30,57.887626
-191.09534,39,57.933003
-206.5476,38,57.959657
-197.29832,33,57.994414
-190.08421,50,58.022049
-289.55994,37,58.055938
-207.27423,70,58.087553
-217.38158,22,58.118342
-164.04646,47,58.156188
-188.71864,28,58.190114
-168.8779,35,58.223831
-231.27739,26,58.255434
-170.14336,38,58.289258
-299.1825,25,58.323312
-240.6754,20,58.362175
-239.68013,17,58.362175
-231.56163,66,58.390802
-275.04034,32,58.420532
-330.58676,24,58.462556
-225.84317,22,58.504362
-266.84143,30,58.537681
-176.03221,75,58.570887
-397.29413,39,58.570887
-211.52815,35,58.601488
-184.45372,21,58.638386
-197.37796,20,58.668494
-181.96185,20,58.701642
-277.15115,29,58.729355
-225.65329,56,58.767774
-315.81143,47,58.803148
-170.90681,35,58.835509
-263.7004,27,58.862751
-354.0417,86,58.891323
-173.528,39,58.932412
-205.88513,22,58.981146
-232.28,27,58.981146
-225.41028,24,58.981146
-187.01746,31,59.011858
-306.28397,53,59.053889
-172.4918,31,59.090663
-191.6895,22,59.120278
-305.9964,27,59.150903
-595.06775,92,59.185733
-179.49596,39,59.216371
-223.86893,46,59.248234
-203.6542,22,59.275943
-189.92612,36,59.314892
-252.7343,22,59.354968
-300.8708,36,59.388755
-235.20412,63,59.417361
-191.31995,30,59.443996
-202.16357,36,59.485973
-177.39465,26,59.523837
-252.85794,27,59.551523
-234.96468,43,59.592404
-488.31586,58,59.630243
-413.92755,98,59.66201
-961.96704,112,59.690644
-153.19531,36,59.724503
-189.89963,28,59.755168
-158.06125,46,59.78581
-246.3797,20,59.813425
-185.27507,59,59.842042
-235.85652,36,59.879961
-411.9162,28,59.905396
-175.67021,24,59.936107
-251.44415,27,59.982329
-219.05077,33,60.016236
-166.36325,28,60.050133
-230.79396,27,60.084098
-161.86026,47,60.084098
-200.12842,49,60.119029
-271.09406,17,60.159996
-330.20123,21,60.191012
-213.1828,28,60.218595
-197.39844,58,60.254312
-260.38623,28,60.29017
-4546.9175,496,60.325995
-208.72783,47,60.363221
-194.54517,29,60.389845
-200.29428,34,60.422603
-170.87068,30,60.451881
-207.25589,22,60.490724
-264.50113,42,60.521465
-152.4648,26,60.552248
-275.9186,66,60.590273
-331.92426,27,60.620091
-180.76955,43,60.646669
-179.84392,42,60.676292
-410.22552,25,60.715084
-234.79877,25,60.749842
-215.39093,24,60.780547
-191.64838,43,60.814143
-164.01102,32,60.84806
-256.29666,41,60.890004
-207.0036,34,60.929048
-446.03537,24,60.956722
-339.50226,33,60.9905
-220.76642,37,60.9905
-212.14015,47,61.022228
-196.42775,21,61.058091
-1531.0386,174,61.094992
-262.53033,31,61.135131
-200.17206,36,61.165815
-356.433,25,61.194514
-203.04369,43,61.234672
-263.10208,46,61.262218
-316.985,34,61.293029
-211.63937,35,61.341787
-254.20566,71,61.3844
-350.626,34,61.427658
-362.75363,52,61.461644
-326.07294,23,61.497235
-172.74707,48,61.532438
-212.82051,47,61.570112
-214.0223,33,61.619193
-252.61287,90,61.651039
-174.87634,31,61.681886
-151.15695,27,61.713716
-141.19011,60,61.756905
-261.18298,18,61.791618
-520.8829,57,61.824548
-191.21132,28,61.861646
-233.12456,30,61.862151
-257.05994,32,61.90086
-283.1115,22,61.94144
-228.89818,71,61.978893
-202.51251,25,62.009377
-238.72975,32,62.041248
-204.47256,45,62.07866
-211.23608,26,62.07866
-171.82501,29,62.120154
-385.2245,47,62.147744
-182.99368,30,62.185761
-164.3792,34,62.219422
-173.04361,28,62.248602
-185.26784,32,62.278854
-201.27713,32,62.31991
-161.75945,54,62.355787
-217.93427,40,62.390583
-230.48547,36,62.41932
-171.57678,36,62.457788
-386.83142,44,62.491151
-227.50569,22,62.52391
-154.04822,41,62.565749
-149.94588,37,62.601633
-228.97859,53,62.63339
-395.16388,70,62.665343
-263.71027,41,62.695124
-186.31888,30,62.721663
-246.38142,43,62.756421
-232.76472,26,62.784167
-196.61296,28,62.822398
-176.57722,37,62.876826
-254.32031,23,62.876826
-158.34033,39,62.912852
-210.01181,40,62.912852
-185.66267,34,62.942638
-242.77213,28,62.99893
-185.04335,30,63.027564
-174.96785,79,63.054265
-234.56018,43,63.091117
-188.36327,58,63.134353
-179.92706,32,63.1734
-319.84937,88,63.206364
-167.6814,43,63.24012
-174.12715,40,63.270909
-189.1922,56,63.305789
-159.61415,83,63.331313
-212.96648,25,63.373315
-230.94337,38,63.404149
-165.64476,51,63.432958
-298.68002,39,63.463736
-183.32591,29,63.520118
-183.24347,32,63.557331
-304.83194,34,63.583864
-385.5145,53,63.611339
-169.34297,63,63.649091
-201.23045,63,63.689019
-192.50395,25,63.7177
-200.98671,43,70.100064
-452.0432,102,70.137123
-190.0953,27,70.179077
-231.30894,24,70.218173
-294.62427,69,70.249015
-424.16605,62,70.278905
-272.05017,59,70.317537
-277.09454,16,70.34901
-205.617,32,70.34901
-238.55612,35,70.392022
-196.71854,30,70.418635
-332.64273,30,70.461657
-574.5962,118,70.489227
-218.9476,35,70.517894
-242.57281,20,70.549456
-264.25742,25,70.583183
-233.5131,45,70.613005
-178.82526,20,70.652853
-487.2041,113,70.687688
-228.70006,34,70.724995
-228.25925,23,70.724995
-146.52914,37,70.754605
-165.65979,34,70.786381
-177.16327,23,70.835445
-212.67575,31,70.878395
-178.33727,37,70.912302
-194.04453,48,70.941119
-150.80884,63,70.969687
-314.91705,42,70.997801
-167.06969,25,71.053128
-276.7745,41,71.053128
-242.84872,37,71.088491
-225.65025,36,71.119849
-184.73825,36,71.146385
-430.62885,81,71.208565
-178.24413,28,71.246114
-280.43176,31,71.27894
-222.85023,21,71.317035
-163.65857,61,71.317035
-174.66751,30,71.343615
-232.07808,29,71.387554
-183.85477,31,71.437548
-175.52943,34,71.4657
-270.18796,35,71.493223
-200.71497,48,71.523016
-241.08224,72,71.550699
-326.2889,74,71.588568
-182.96355,33,71.623359
-169.09763,22,71.65708
-216.5742,18,71.695928
-200.56685,31,71.722426
-211.7051,37,71.758248
-163.13321,38,71.792022
-247.83525,32,71.824836
-201.28978,19,71.850379
-169.9933,32,71.88213
-218.36328,48,71.909788
-170.48566,19,71.954984
-194.95724,16,71.986766
-208.09247,44,72.026068
-210.53493,41,72.062026
-200.67178,41,72.093694
-334.5387,21,72.124336
-173.417,52,72.124336
-170.30925,41,72.159107
-303.87082,32,72.208162
-202.55136,32,72.241686
-209.1377,34,72.272459
-160.1022,35,72.300131
-148.42387,55,72.331866
-159.20596,39,72.361414
-162.31148,25,72.396279
-230.72624,25,72.436305
-202.5182,27,72.465962
-235.46779,91,72.498692
-156.36423,37,72.527323
-210.00139,27,72.557128
-215.06042,39,72.595699
-177.95088,28,72.63036
-205.5614,30,72.662017
-238.38321,31,72.696847
-220.9559,53,72.73175
-165.63962,26,72.765645
-246.01227,19,72.765645
-204.88187,45,72.808521
-206.44801,47,72.808521
-220.11205,15,72.838733
-255.23291,20,72.872579
-261.9704,39,72.909336
-190.85121,37,72.941161
-224.74948,37,72.97295
-194.29239,18,73.00243
-174.5077,28,73.050603
-187.3048,25,73.079959
-177.67868,28,73.117778
-180.04172,53,73.151658
-250.1463,49,73.151658
-148.538,30,73.184372
-404.07925,71,73.230366
-201.60165,18,73.230366
-216.68048,28,73.261161
-199.2126,22,73.291885
-184.1283,28,73.332623
-197.27245,16,73.36128
-146.0507,48,73.404242
-202.21455,22,73.44121
-209.20923,42,73.47382
-158.17888,43,73.510742
-166.08725,47,73.539367
-192.56409,30,73.59894
-155.18427,42,73.59894
-418.40955,107,73.633888
-166.87114,49,73.669818
-161.25383,44,73.703609
-168.84885,46,73.734297
-277.4514,23,73.761366
-186.17242,23,73.800222
-227.34013,18,73.828944
-828.85376,102,73.865685
-170.22485,29,73.897283
-242.45088,52,73.930821
-257.03717,61,73.962162
-160.07777,28,73.993881
-227.98294,20,74.029942
-180.27016,23,74.064991
-175.6005,41,74.096678
-190.57416,63,74.124296
-226.27455,21,74.150858
-280.33658,21,74.183613
-196.93375,18,74.23207
-188.70802,33,74.23207
-236.32422,20,74.261912
-208.34538,26,74.29152
-321.93826,49,74.320139
-221.37016,31,74.35701
-187.17009,26,74.395887
-186.92575,27,74.425647
-179.92595,27,74.458828
-449.96832,40,74.502264
-166.35603,74,74.528891
-222.68271,35,74.556511
-218.83122,19,74.586108
-216.91422,54,74.614675
-203.71811,40,74.658772
-263.69165,21,74.691437
-251.70717,30,74.724267
-309.1372,56,74.757045
-154.89317,32,74.786578
-225.0654,37,74.820361
-195.5676,58,74.866639
-246.26375,24,74.897378
-144.54018,33,74.92605
-191.13483,53,74.960796
-220.68903,37,74.989566
-154.41376,57,75.027425
-259.5368,44,75.059242
-146.84067,41,75.09927
-169.98752,27,75.128967
-160.55138,30,75.154397
-172.21873,41,75.184087
-216.68541,17,75.229067
-157.69466,33,75.229067
-237.71063,20,75.263948
-240.0772,39,75.263948
-173.75792,62,75.295621
-209.76529,28,75.326367
-187.46059,33,75.351893
-207.70308,33,75.399929
-191.89252,33,75.429619
-187.5113,35,75.462393
-182.774,37,75.462393
-189.543,41,75.503311
-156.37962,28,75.545388
-186.85431,51,75.579282
-185.4689,33,75.612089
-195.5764,37,75.642697
-222.1811,59,75.672395
-154.45798,27,75.720369
-184.5838,33,75.75003
-202.25073,46,75.775605
-476.06143,65,75.810358
-185.9066,39,75.848165
-210.5362,45,75.88085
-227.30421,50,75.911781
-164.49886,34,75.951464
-209.32504,21,75.981761
-188.76657,47,76.014363
-167.19168,26,76.050749
-271.87555,56,76.080898
-194.83176,33,76.10853
-178.92886,23,76.134188
-200.2913,54,76.168617
-230.1571,19,76.197721
-222.83722,38,76.238255
-174.30914,30,76.271119
-203.2576,29,76.302908
-188.2335,39,76.338794
-287.85413,16,76.372385
-167.57056,49,76.411619
-301.70514,57,76.444334
-195.38477,19,76.471932
-246.41252,38,76.502586
-222.57391,46,76.53979
-148.69196,60,76.53979
-202.21718,32,76.59613
-171.07051,29,76.630894
-203.85536,42,76.661433
-233.11559,40,76.69623
-183.40536,60,76.752484
-180.16145,23,76.780128
-213.2374,34,76.812963
-250.94067,42,76.848948
-218.12639,48,76.881675
-212.75862,23,76.924374
-1062.5819,102,76.924374
-195.58217,20,76.954178
-197.02661,27,77.010449
-192.75325,44,77.03916
-144.53575,35,77.063801
-243.64732,37,77.094424
-215.2881,65,77.12773
-204.41795,32,77.180498
-190.2442,28,77.210135
-191.79488,52,77.252105
-212.43825,56,77.290025
-211.67345,54,77.319824
-157.32343,39,77.364827
-147.22778,41,77.410908
-173.51535,36,77.440564
-161.55986,18,77.467701
-151.78456,62,77.499027
-165.64536,20,77.542955
-169.2568,34,77.585832
-748.07135,74,77.621928
-21100.79,1889,77.652724
-251.1098,42,77.683394
-188.69905,36,77.722216
-180.48293,29,77.75723
-233.99028,64,77.78907
-173.68141,32,77.825042
-288.54544,42,77.864814
-188.51723,49,77.905759
-171.92273,56,77.963224
-214.98106,46,77.963224
-638.479,62,77.99622
-275.36694,68,78.040132
-164.45355,53,78.08286
-174.91869,34,78.115602
-238.9998,22,78.147436
-237.44423,41,78.179713
-250.82222,54,78.22017
-236.3803,22,78.253042
-237.59195,31,78.283219
-177.84268,24,78.318173
-204.25467,38,78.356198
-217.06851,27,78.394446
-170.14677,38,78.428832
-205.80894,25,78.462077
-227.3581,53,78.495843
-5044.064,451,78.53133
-161.21884,50,78.532363
-220.821,36,78.570142
-175.38382,34,78.617805
-185.07643,39,78.617805
-176.75919,32,78.649057
-223.56096,40,78.685839
-2416.969,191,78.712387
-220.37051,16,78.741089
-186.58891,36,78.770801
-228.18842,70,78.803516
-389.47247,27,78.844459
-253.6221,19,78.871091
-213.63028,49,78.914046
-218.94858,38,78.94996
-203.09064,35,78.979871
-263.93073,49,79.015045
-204.5167,47,79.015045
-243.42378,32,79.043691
-162.21028,39,79.076538
-249.9938,32,79.113366
-181.5097,25,79.139953
-247.92462,19,79.180846
-302.0873,36,79.209489
-306.5228,38,79.245243
-171.23665,44,79.279968
-213.88698,20,79.315658
-160.54437,31,79.315658
-220.41965,52,79.34935
-271.2427,20,79.383248
-195.81935,18,79.417872
-175.01003,35,79.447598
-206.51492,19,79.473704
-189.18608,18,79.506119
-140.60738,52,79.537907
-226.84187,16,79.575921
-167.45485,26,79.604568
-187.93045,31,79.646482
-170.62009,32,79.676099
-213.3491,34,79.708751
-270.9509,63,79.749873
-207.10815,20,79.778584
-235.04088,53,79.814378
-204.46721,43,79.845103
-230.27682,37,79.888998
-166.21051,44,79.917684
-212.444,21,79.917684
-315.45834,62,79.949496
-247.06442,34,79.976094
-259.97073,34,80.011138
-202.34828,22,80.055391
-170.39561,26,80.086129
-179.2289,38,80.126927
-246.8921,36,80.126927
-175.29019,35,80.155391
-247.85193,65,80.194301
-231.22484,56,80.22611
-190.2218,17,80.261027
-194.08397,33,80.261027
-172.28061,30,80.290774
-198.83151,22,80.320523
-220.81267,17,80.354188
-300.63974,24,80.397727
-169.3752,27,80.431184
-222.38217,30,80.457798
-240.26976,26,80.490413
-162.8978,39,80.517528
-164.63857,35,80.552971
-237.29,16,80.552971
-176.28378,69,80.593592
-359.99084,31,80.629951
-170.97064,28,80.664848
-158.14178,44,80.700632
-163.6954,39,80.728724
-175.67223,44,80.768808
-238.50534,45,80.795962
-304.44778,34,80.827761
-192.6737,33,80.866861
-219.68117,21,80.866861
-182.01237,32,80.898559
-171.28482,23,80.936944
-149.27623,36,80.966524
-268.461,18,80.992112
-220.71994,22,81.027007
-204.7943,36,81.057532
-216.65277,27,81.057532
-7913.4556,786,81.094456
-210.23384,28,81.129317
-191.56448,33,81.168312
-180.64145,27,81.195033
-216.30003,37,81.221576
-227.39944,63,81.252278
-181.58345,24,81.290084
-197.57043,46,81.332138
-217.08823,39,81.332138
-323.96924,57,81.374035
-170.4738,34,81.405892
-197.32266,21,81.441722
-164.29991,31,81.470361
-170.71051,49,81.502091
-220.2757,33,81.537994
-180.64857,30,81.572825
-253.68515,59,81.606719
-171.70792,66,81.639465
-193.53764,36,81.676297
-179.5853,35,81.704938
-190.44061,31,81.733422
-239.70663,18,81.762123
-438.67142,51,81.79406
-155.4467,40,88.332527
-182.92673,26,88.332527
-163.1886,43,88.378532
-250.38144,24,88.378532
-163.67622,23,88.411228
-182.05595,39,88.449215
-162.05551,38,88.49315
-164.6183,41,88.526186
-248.87642,58,88.562454
-171.49431,32,88.562454
-188.98389,35,88.597158
-219.65144,66,88.641158
-288.47263,43,88.641158
-258.97366,22,88.67897
-184.3392,43,88.709721
-224.61462,27,88.746669
-178.14166,32,88.746669
-176.30826,25,88.7753
-236.86642,21,88.80499
-176.41594,44,88.847046
-185.17511,41,88.885953
-222.41083,29,88.926004
-256.83,43,88.960827
-170.83356,39,88.996026
-255.98703,53,89.029996
-188.22139,31,89.061846
-202.29822,24,89.098756
-178.31915,37,89.128472
-205.23586,68,89.163272
-191.21652,27,89.20214
-179.66418,75,89.20214
-174.70267,34,89.233867
-166.39674,30,89.233867
-168.9191,39,89.262394
-250.24586,18,89.30044
-221.15172,28,89.333146
-207.177,20,89.366937
-232.49704,30,89.408771
-367.53748,52,89.443637
-190.01544,36,89.470225
-147.0081,27,89.499982
-242.22502,41,89.530715
-177.34296,27,89.560357
-198.24481,25,89.604776
-157.80754,56,89.639717
-169.20772,39,89.676673
-233.10947,25,89.676673
-152.62582,33,89.713342
-247.10939,36,89.753268
-162.29037,41,89.78196
-178.55312,34,89.824951
-172.09216,20,89.854627
-158.86504,33,89.889604
-298.07968,36,89.925448
-175.93755,28,89.966527
-158.93552,48,89.995241
-250.02129,70,90.027997
-253.5477,19,90.059722
-206.6589,34,90.095471
-209.55577,37,90.126184
-262.327,20,90.154835
-176.87619,38,90.183352
-226.42354,22,90.21408
-189.80756,17,90.251055
-694.21875,64,90.280806
-220.54486,19,90.317726
-194.50107,19,90.357617
-154.78232,30,90.386218
-200.90596,24,90.413893
-197.96382,20,90.447609
-189.98526,54,90.47671
-192.80655,64,90.504246
-156.77948,49,90.534909
-180.94356,28,90.580945
-194.60004,29,90.61687
-181.64322,31,90.650766
-187.57909,22,90.680503
-195.70111,32,90.713292
-154.39069,73,90.74297
-219.85146,41,90.776729
-223.84184,23,90.804301
-217.57196,19,90.832866
-209.05534,23,90.860408
-243.20049,51,90.894172
-160.94815,31,90.933231
-193.7871,35,90.971146
-262.15048,23,90.971146
-207.72112,32,90.999801
-242.16061,36,91.049856
-229.82358,40,91.0847
-246.58899,21,91.117485
-214.46544,29,91.159421
-187.471,48,91.192213
-182.0342,32,91.223243
-276.2842,19,91.253987
-176.97946,43,91.287678
-192.14185,56,91.325565
-206.4848,23,91.361393
-217.63615,35,91.39931
-180.77802,21,91.428073
-214.57843,19,91.456705
-192.72093,46,91.508708
-155.8405,44,91.543437
-261.02518,33,91.577169
-204.52011,67,91.609324
-184.4867,28,91.639171
-154.57312,44,91.668953
-200.16248,26,91.710964
-161.12798,53,91.750969
-169.14769,31,91.788752
-163.9624,65,91.828196
-185.28864,36,91.828196
-211.7147,44,91.856833
-140.9361,36,91.888754
-161.66423,27,91.927671
-172.45267,50,91.964444
-179.79582,22,92.005358
-210.06529,38,92.039095
-162.58727,22,92.069751
-194.6044,19,92.101348
-216.4796,36,92.131205
-147.94672,38,92.165089
-182.68007,42,92.191659
-162.82407,48,92.227201
-186.54675,23,92.258898
-205.87917,21,92.29564
-171.007,36,92.324254
-167.90694,34,92.362237
-197.78758,41,92.3919
-205.2752,30,92.429775
-255.27292,27,92.461459
-181.42969,44,92.489103
-201.52303,38,92.517793
-238.26706,49,92.547441
-193.49382,26,92.579048
-187.98517,41,92.613783
-250.80739,26,92.649622
-175.6528,40,92.682316
-165.25427,24,92.716087
-201.14948,21,92.749832
-168.02498,32,92.780395
-173.72542,31,92.809039
-198.03458,32,92.852028
-174.293,55,92.888853
-204.23898,27,92.923614
-181.62776,25,92.923614
-242.48158,33,92.954316
-203.96016,30,92.984016
-155.0043,34,93.017987
-158.8563,54,93.061985
-219.00279,20,93.092644
-220.98914,22,93.129488
-200.34048,33,93.169365
-228.00922,32,93.20513
-233.63467,53,93.241
-152.97838,56,93.278393
-165.456,29,93.30949
-209.84862,21,93.354706
-176.6803,28,93.354706
-181.03564,46,93.354706
-218.91708,48,93.385718
-199.40814,17,93.415408
-257.21588,40,93.454666
-216.67142,71,93.454666
-241.78406,18,93.495607
-217.26219,32,93.531513
-242.22937,21,93.563178
-221.96443,29,93.590826
-155.15448,28,93.62339
-181.90048,27,93.660151
-226.58298,53,93.707727
-171.12769,36,93.73705
-154.67197,49,93.774066
-203.08089,30,93.774066
-208.12607,36,93.813941
-179.97691,40,93.842548
-181.3564,46,93.872373
-186.58607,39,93.907753
-185.58838,20,93.938479
-202.82826,26,93.979351
-189.90228,37,94.017548
-166.03981,44,94.053957
-173.9685,29,94.089649
-147.73122,30,94.089649
-159.65242,26,94.132678
-185.33473,38,94.164469
-164.37096,39,94.197696
-175.4057,48,94.22574
-228.81752,23,94.259414
-199.12062,24,94.288069
-162.30492,35,94.318736
-175.72849,38,94.363687
-215.07976,18,94.400558
-219.4932,32,94.431309
-212.85701,20,94.466058
-172.65831,29,94.466058
-145.90634,35,94.501952
-183.29695,29,94.53248
-168.99352,39,94.575492
-226.2399,22,94.575492
-166.19519,32,94.626782
-300.8894,26,94.626782
-247.02307,19,94.663882
-201.05598,33,94.705093
-162.88397,41,94.706127
-312.96744,39,94.740983
-175.0172,40,94.780049
-185.33568,31,94.780049
-192.61118,26,94.826217
-171.1152,35,94.862119
-217.99942,24,94.89623
-164.83397,29,94.929011
-301.44446,22,94.97513
-153.22783,46,95.011174
-201.99281,35,95.043969
-214.39264,66,95.075675
-155.46837,62,95.109325
-223.80144,42,95.143173
-206.36438,45,95.177524
-170.60968,30,95.219963
-223.683,39,95.220983
-206.20111,35,95.248563
-163.6036,41,95.292448
-184.52458,34,95.3211
-178.89171,29,95.349599
-207.6513,26,95.381381
-135.38338,97,95.415225
-246.52913,20,95.462877
-146.29955,33,95.496824
-159.1022,22,95.530836
-212.4906,43,95.570272
-188.41919,28,95.602414
-204.32756,35,95.634202
-200.62424,16,95.664861
-246.20078,25,95.704917
-208.08694,29,95.739543
-180.0243,25,95.775518
-172.59325,30,95.816409
-239.70255,20,95.816409
-160.29167,66,95.853255
-165.52588,36,95.891037
-244.79863,39,95.891037
-207.4021,18,95.923879
-240.61711,87,95.954632
-195.16586,18,95.991475
-184.10526,41,96.03338
-155.00113,26,96.065138
-211.59074,24,96.100974
-214.16466,46,96.142842
-175.55354,43,96.181928
-308.4118,37,96.214642
-174.23602,27,96.243323
-216.6538,44,96.270977
-281.88535,50,96.30741
-202.89767,21,96.341626
-183.66812,34,96.370173
-178.66423,41,96.408038
-199.10555,21,96.435734
-231.52011,19,96.469252
-161.33276,26,96.50645
-241.71536,19,96.538588
-266.8573,33,96.568747
-193.03728,29,96.598241
-176.42201,37,96.641207
-188.5401,33,96.674167
-170.92967,33,96.703853
-328.31274,31,96.741598
-203.73526,41,96.769183
-164.92786,28,96.802223
-180.9991,27,96.832951
-177.96193,33,96.863358
-247.87859,25,96.907791
-160.08011,37,96.949797
-211.33821,19,96.988491
-210.30939,34,97.024208
-168.89285,37,97.024208
-209.54515,41,97.060097
-199.37827,55,97.095915
-195.71628,46,97.130938
-188.42973,22,97.179255
-226.98244,59,97.179255
-160.27257,31,97.221193
-168.00839,32,97.256025
-144.03317,38,97.283696
-145.99342,55,97.317483
-223.16281,51,97.356245
-234.27065,51,97.388413
-161.54994,40,97.422655
-170.60196,41,97.452346
-193.90517,26,97.482913
-212.26765,31,97.518739
-169.9331,38,97.551653
-247.76659,20,97.593251
-159.16838,17,97.593251
-137.2339,35,97.624962
-230.54248,32,97.66748
-150.92429,30,97.700249
-190.25194,20,97.700249
-160.96317,36,97.748742
-181.9686,54,97.790632
-195.34164,31,97.822286
-254.71599,65,97.850841
-186.77567,32,97.879371
-188.80048,67,97.923417
-202.93515,61,97.95516
-235.66087,17,97.985758
-189.94212,22,98.015385
-170.47585,36,98.045041
-156.62949,36,98.089962
-178.8888,29,98.125913
-178.17613,21,98.155537
-169.70328,27,98.18955
-516.2264,75,98.221222
-249.63309,45,98.252964
-184.69897,39,98.297403
-192.70055,22,98.333196
-212.15184,31,98.370116
-171.60333,47,98.403027
-183.29253,28,98.434972
-160.8353,33,98.466984
-268.23102,38,98.503005
-213.23022,30,98.53893
-176.20242,45,98.569698
-203.20749,27,98.606924
-191.78716,37,98.649009
-215.86841,31,98.677541
-161.55757,30,98.707677
-214.80615,23,98.73684
-151.78215,42,98.7695
-197.28903,34,98.807398
-178.90039,26,98.846259
-170.87225,76,98.88613
-152.6845,46,98.91858
-169.14989,32,98.95415
-233.50722,35,98.95415
-173.95326,36,98.98894
-200.3285,18,99.030068
-169.12312,27,99.062988
-177.88477,35,99.100826
-253.1879,45,99.100826
-190.92677,31,99.145993
-249.14926,30,99.184216
-155.38878,31,99.217481
-192.32175,21,99.24757
-234.98958,25,99.277193
-199.35562,23,99.318081
-179.8807,33,99.346695
-184.34497,56,99.381441
-168.68472,35,99.427522
-183.66443,21,99.457203
-173.84293,24,99.48776
-258.0058,19,99.522583
-223.68391,59,99.522583
-238.5198,40,99.555333
-162.43683,45,99.595366
-245.50064,20,99.636253
-218.60588,26,99.67315
-226.37573,71,99.67315
-180.6735,34,99.708906
-215.83665,40,99.741559
-159.60693,41,99.775339
-186.59833,53,99.813389
-171.27606,31,99.84616
-312.89822,45,99.879937
-183.03535,27,99.919159
-186.28043,39,99.950927
-155.64354,42,99.983733
-174.34634,29,100.018548
-195.11063,43,100.053266
-209.53528,26,100.09112
-155.28847,37,100.122782
-234.5785,22,100.154406
-213.98978,27,100.184227
-167.92789,26,100.215915
-362.90384,42,100.246545
-157.72952,34,100.275234
-189.87071,30,100.322364
-205.73106,36,100.322364
-183.27545,37,100.369983
-270.76117,46,100.412158
-142.41318,37,100.412158
-191.33932,33,100.412158
-239.52362,50,100.449045
-189.18571,24,100.491831
-197.40085,41,100.525704
-185.202,22,100.525704
-191.58835,59,100.559397
-243.3155,43,100.559397
-234.49945,28,100.597452
-205.47632,34,100.632241
-181.84204,19,100.670136
-169.1796,37,100.705933
-221.9324,29,100.74471
-206.66081,32,100.773305
-200.44342,27,100.801991
-158.93219,38,100.837821
-146.72063,39,100.875613
-206.00218,27,100.910384
-174.01637,41,100.945286
-156.21037,37,100.945286
-156.79372,34,100.981064
-194.24931,27,101.012751
-163.44528,21,101.045429
-426.21695,75,101.076218
-227.72743,17,101.107409
-184.49194,47,101.140992
-200.92781,28,101.186359
-172.94777,37,101.227872
-210.83688,48,101.260068
-197.29668,43,101.294879
-233.2591,21,101.32554
-171.75511,43,101.32554
-342.76926,61,101.356219
-264.5371,54,101.402178
-167.24663,53,101.438814
-237.11127,22,101.477695
-152.76662,38,101.514952
-341.9992,47,101.549808
-249.55666,24,101.585554
-163.57846,29,101.620251
-221.04329,41,101.620251
-165.93706,47,101.650983
-149.73494,50,101.686795
-162.16406,31,101.718408
-321.3246,21,101.759292
-218.64493,34,101.805479
-203.1922,31,101.806503
-241.15965,30,101.847747
-158.13303,26,101.847747
-191.9074,35,101.883622
-181.76166,55,101.923497
-217.86671,15,101.966552
-186.08186,29,101.966552
-185.08911,68,101.99865
-211.35938,20,102.026714
-187.08809,21,102.063408
-174.01595,28,102.063408
-188.0194,25,102.112454
-178.27338,22,102.140015
-221.61938,32,102.174828
-167.18562,46,102.174828
-184.80728,28,102.204439
-232.88844,22,102.240278
-188.34358,36,102.280183
-151.86435,39,102.313955
-180.01811,23,102.345616
-201.37392,29,102.376238
-191.89595,28,102.405915
-183.07481,28,102.435707
-167.10065,34,102.467892
-188.2008,36,102.515687
-168.09593,25,102.546404
-165.6375,36,102.582151
-167.77567,39,102.610787
-222.46442,36,102.642393
-199.45293,38,102.683367
-221.4809,46,102.713027
-201.4645,29,102.745944
-184.4614,28,102.78595
-173.57394,35,102.816642
-179.40323,35,102.851362
-170.85352,34,109.270372
-207.43494,21,109.309299
-168.20511,38,109.342008
-151.91583,51,109.373731
-161.40347,34,109.427732
-163.32065,33,109.474435
-187.94565,22,109.474435
-153.03621,49,109.507139
-162.1322,26,109.552241
-192.14732,26,109.590056
-219.90282,38,109.635081
-190.1573,27,109.675056
-172.72934,28,109.712889
-185.18706,32,109.751821
-218.48714,50,109.800852
-156.20912,34,109.849005
-177.60074,50,109.88384
-210.25378,51,109.925817
-156.83603,29,109.97263
-1833.7462,198,110.00968
-209.16316,50,110.054869
-177.99367,54,110.109151
-185.28636,52,110.140831
-289.27875,40,110.186799
-204.2396,28,110.221905
-187.88971,43,110.254618
-152.02728,34,110.288481
-152.31339,51,110.288481
-159.51532,33,110.32636
-178.53616,41,110.354939
-184.876,27,110.39888
-176.24661,22,110.39888
-158.86398,37,110.444034
-196.60103,29,110.473561
-177.9692,64,110.500154
-182.6686,27,110.535972
-161.30838,43,110.565679
-228.77997,62,110.596388
-204.85156,25,110.636455
-227.96959,45,110.664046
-159.22295,71,110.691644
-181.299,31,110.824535
-226.51817,36,110.851168
-149.90802,39,110.881919
-176.56174,33,110.916761
-130.31073,64,110.945405
-157.734,68,110.979156
-211.92725,41,111.008995
-172.78006,30,111.042693
-192.75824,37,111.075475
-174.48106,34,111.105113
-186.4727,59,111.136762
-195.39021,34,111.1747
-146.65471,30,111.206307
-127.87843,48,111.24119
-201.2758,23,111.272142
-150.70836,32,111.305997
-174.41895,48,111.336658
-179.56346,21,111.367748
-179.59232,43,111.397393
-164.38219,34,111.449849
-202.95023,26,111.449849
-234.29515,45,111.482764
-173.12912,27,111.516495
-145.57031,40,111.552361
-183.71783,41,111.594237
-200.15942,41,111.623908
-170.94168,33,111.66079
-224.44244,54,111.690506
-154.85422,29,111.726356
-174.277,32,111.760038
-158.22437,25,111.794888
-199.3192,51,111.821357
-222.5075,55,111.851038
-154.76099,39,111.892023
-170.98402,29,111.924732
-156.92581,36,111.953392
-185.41869,20,111.99122
-161.05272,36,112.030032
-231.80077,53,112.062844
-164.53925,27,112.097633
-168.13954,47,112.127295
-183.43723,32,112.152894
-176.06168,37,112.179174
-181.7266,49,112.210118
-163.34395,33,112.254114
-161.8693,21,112.285783
-179.94327,25,112.317537
-171.76791,56,112.347678
-221.51408,35,112.375731
-210.0618,48,112.404376
-179.96286,37,112.433157
-177.87837,46,112.468489
-162.32367,25,112.509623
-179.88017,30,112.542399
-175.03993,43,112.569975
-213.32217,23,112.596417
-145.27057,44,112.631161
-139.3079,41,112.666117
-189.33832,41,112.70311
-201.63536,35,112.743067
-183.50833,40,112.774852
-203.49034,40,112.808584
-174.74081,41,112.835202
-151.2811,67,112.868094
-191.83212,40,112.897787
-147.30801,24,112.927428
-169.78049,27,112.968524
-252.25658,49,113.005472
-168.228,20,113.038378
-192.35193,22,113.072776
-184.15971,29,113.107845
-198.53761,45,113.157792
-174.1486,43,113.157792
-161.26857,24,113.192502
-195.913,22,113.226383
-198.81125,69,113.271475
-195.59943,40,113.30191
-163.97237,34,113.30191
-210.07545,31,113.345936
-188.20949,57,113.37562
-151.87665,30,113.407312
-182.59183,47,113.453867
-174.72786,32,113.501991
-184.53796,46,113.529544
-154.66635,37,113.556214
-143.37135,64,113.583806
-247.38145,51,113.619674
-250.8081,52,113.619674
-167.16136,30,113.649305
-216.86545,47,113.677056
-167.54549,23,113.720001
-168.67352,22,113.755149
-202.86917,29,113.786888
-178.54599,27,113.817781
-155.89891,24,113.846414
-173.35793,27,113.879244
-151.19301,36,113.909069
-177.24893,43,113.938809
-180.57307,20,113.983821
-149.45401,29,114.016121
-173.2697,30,114.058211
-209.07663,44,114.091009
-174.90625,30,114.122756
-167.78415,36,114.154464
-225.39386,20,114.190295
-165.1807,28,114.22875
-178.32614,46,114.258948
-184.39021,58,114.288547
-174.04031,25,114.325364
-233.4636,31,114.353046
-176.99944,24,114.383632
-161.98799,29,114.383632
-186.44089,30,114.43468
-260.71173,53,114.435704
-185.26744,31,114.47148
-185.47778,21,114.47148
-161.44173,41,114.504265
-173.98251,28,114.534962
-183.70143,29,114.562618
-143.4737,36,114.594264
-167.13058,26,114.635173
-162.47491,35,114.665945
-171.2493,40,114.696546
-180.94046,44,114.727469
-187.87004,32,114.760303
-231.79094,49,114.794086
-169.78223,41,114.825923
-267.07733,28,114.859624
-219.98038,45,114.888799
-174.43297,30,114.929335
-164.13974,35,114.963145
-158.4462,49,115.000039
-205.18802,25,115.029743
-176.00514,49,115.057828
-179.2306,44,115.087564
-182.21379,25,115.124937
-187.8989,20,115.158712
-169.04175,52,115.199657
-202.87407,71,115.240642
-189.24464,27,115.273547
-266.8455,39,115.273547
-163.52667,44,115.306333
-178.69093,39,115.344316
-157.19707,32,115.375004
-171.30913,31,115.409722
-328.5651,64,115.439486
-188.11473,29,115.471165
-200.92574,74,115.507866
-179.91417,40,115.507866
-161.67227,28,115.537473
-202.02173,48,115.570288
-193.68503,20,115.598923
-173.32057,40,115.639904
-168.08675,30,115.671951
-189.37263,20,115.704681
-179.18987,28,115.735294
-165.98607,31,115.767135
-220.04288,33,115.794738
-190.44699,47,115.836719
-155.30882,35,115.875536
-173.10324,30,115.907344
-158.67163,51,115.933106
-216.8571,33,115.971351
-199.44925,50,116.004119
-212.2022,47,116.036788
-165.86734,51,116.06338
-153.61261,41,116.099313
-182.73836,30,116.139252
-154.9849,38,116.170147
-231.76437,47,116.200787
-199.12637,21,116.23888
-162.2049,45,116.23888
-163.49811,41,116.28201
-174.22867,28,116.313733
-215.4701,56,116.345604
-175.02196,30,116.384126
-194.89995,43,116.418878
-156.23247,42,116.451231
-170.93018,47,116.480866
-185.93613,72,116.513002
-174.37369,27,116.542128
-152.97592,31,116.578356
-158.76167,39,116.603904
-169.64154,31,116.652615
-197.02496,22,116.652615
-141.30164,30,116.692581
-211.91943,32,116.692581
-179.80502,49,116.724262
-199.37537,32,116.757541
-154.03624,27,116.795609
-218.67076,40,116.795609
-160.70122,28,116.824251
-192.55377,58,116.85702
-175.24449,34,116.902442
-196.39505,38,116.902442
-166.04509,42,116.95068
-152.472,34,116.982412
-180.42453,41,117.018322
-212.4243,25,117.05341
-193.28993,41,117.082094
-256.5463,71,117.118659
-159.63301,38,117.151397
-197.94243,66,117.186199
-168.24525,40,117.223858
-191.53262,39,117.252474
-200.19104,46,117.295537
-222.5501,41,117.324277
-194.32574,45,117.355997
-208.82068,40,117.386633
-149.23819,33,117.432109
-203.6287,20,117.464122
-211.09575,50,117.496071
-194.40057,22,117.527862
-177.21182,30,117.571954
-167.08572,34,117.571954
-216.74611,58,117.598537
-220.01324,52,117.631363
-190.43164,34,117.674366
-163.58734,25,117.713282
-175.86906,33,117.745066
-229.67989,55,117.775826
-174.81778,56,117.808655
-138.63744,53,117.839307
-187.75868,42,117.839307
-182.74529,45,117.86758
-163.9029,42,117.910999
-171.29437,26,117.941763
-194.38155,45,117.986942
-201.79988,39,117.986942
-172.9255,34,118.018737
-189.06259,37,118.046345
-141.22418,44,118.082215
-168.61797,29,118.114077
-166.18298,46,118.140671
-175.98047,19,118.173609
-170.74399,21,118.207945
-217.07324,30,118.246508
-198.12776,25,118.28026
-183.75119,49,118.321281
-211.7113,35,118.355191
-279.67758,70,118.395135
-171.67332,27,118.395135
-174.96852,44,118.424873
-155.81943,41,118.456569
-209.54247,19,118.488063
-257.3712,60,118.523949
-173.2338,48,118.563846
-182.69351,26,118.596432
-141.55313,34,118.596432
-221.20728,22,118.627692
-154.88196,35,118.661514
-161.38736,27,118.699434
-187.6,22,118.732166
-161.3459,47,118.763843
-156.44043,49,118.763843
-181.64905,35,118.804728
-232.85538,44,118.839512
-246.39108,43,118.839512
-162.07895,40,118.876359
-166.31604,40,118.918195
-213.76666,35,118.918195
-163.30025,33,118.943799
-167.21956,21,118.990915
-185.21526,37,119.029426
-198.47948,35,119.063395
-177.71628,22,119.08905
-204.28732,41,119.120895
-246.18523,28,119.154318
-172.3616,67,119.186161
-174.49283,28,119.223063
-241.51778,16,119.254699
-178.70163,34,119.293646
-171.85982,52,119.293646
-174.08417,36,119.325309
-154.68935,33,119.353951
-151.91333,26,119.388727
-205.5055,51,119.42269
-178.77803,27,119.456753
-168.12079,30,119.491442
-196.57169,25,119.522188
-171.57231,32,119.550834
-141.59482,58,119.582485
-150.81644,27,119.61426
-183.1107,26,119.642985
-145.98322,60,119.670588
-222.77792,42,119.724859
-171.10356,38,119.755503
-171.7506,50,119.784228
-195.61569,42,119.784228
-159.04562,36,119.823231
-232.07356,43,119.854986
-204.77913,51,119.888715
-189.35959,26,119.926559
-460.09888,57,119.957577
-174.89734,37,120.009863
-156.64957,25,120.039375
-192.98087,57,120.07117
-204.4811,46,120.104054
-151.89607,30,120.104054
-219.39397,61,120.138801
-160.2986,50,120.173815
-174.65643,25,120.204518
-219.37277,17,120.23632
-597.5991,77,120.267063
-149.90804,33,120.297847
-143.96704,29,120.325477
-175.66653,34,120.355114
-180.28305,22,120.388911
-182.98354,34,120.418532
-174.47946,36,120.465538
-181.01717,46,120.497256
-193.771,26,120.528468
-233.71417,39,120.563277
-176.64499,33,120.563277
-172.94852,29,120.596169
-166.53273,35,120.639242
-209.76157,46,120.666022
-165.23988,24,120.698427
-189.95341,34,120.741945
-174.47327,36,120.768508
-234.56912,23,120.808555
-189.92154,43,120.837235
-162.31218,41,120.875131
-148.0591,51,120.904933
-180.59074,28,120.935733
-201.20549,65,120.971545
-207.76233,26,121.001278
-209.81923,50,121.049624
-164.70586,42,121.086541
-251.71786,35,121.117321
-170.00468,35,121.147184
-145.8313,78,121.174932
-172.52081,38,121.210871
-149.59764,45,121.241754
-159.08607,39,121.26727
-168.65134,28,121.297982
-153.42104,28,121.327633
-255.98947,30,121.366565
-153.82365,29,121.40751
-156.34554,34,121.443734
-177.40416,51,121.473405
-162.07034,30,121.50227
-194.36824,41,121.539603
-169.74374,46,121.571409
-161.8778,35,121.60822
-199.10745,29,121.642077
-186.5238,26,121.675107
-217.26802,75,121.70899
-169.9591,27,121.70899
-194.09616,22,121.73885
-178.56427,27,121.786035
-158.80981,40,121.815727
-182.01813,47,121.843323
-172.35118,36,121.871129
-194.21172,32,121.906049
-169.94902,34,121.933744
-170.87062,49,121.97575
-236.92516,44,122.00636
-212.10373,34,122.04526
-191.1581,33,122.04526
-150.30191,27,122.080956
-144.86238,45,122.116336
-170.75554,34,122.144991
-175.67538,24,122.180983
-162.75348,54,122.214769
-171.28162,33,122.243451
-229.70236,18,122.275325
-147.5445,32,122.306192
-200.00314,29,122.333874
-166.02518,39,122.363424
-284.38983,28,122.410414
-192.28099,41,122.410414
-169.55139,28,122.437195
-197.05746,27,122.46689
-253.67815,29,122.500368
-168.0042,22,122.500368
-185.76205,40,122.545566
-178.91003,27,122.57773
-198.91603,30,122.610544
-184.99976,67,122.640182
-177.06023,38,122.675116
-185.70181,31,122.70956
-157.52144,39,122.742258
-152.6599,32,122.779202
-165.47385,32,122.811034
-170.1423,27,122.844824
-178.23083,30,122.844824
-151.35501,46,122.873533
-226.98047,77,122.916603
-179.06035,22,122.951568
-159.08978,28,122.97928
-163.06067,27,129.415074
-154.43672,44,129.453064
-157.61342,75,129.482746
-175.09079,37,129.510256
-187.79453,65,129.547657
-197.01854,34,129.575728
-189.26521,28,129.609487
-165.46509,36,129.643364
-163.89006,33,129.676276
-190.55396,23,129.717799
-210.2706,41,129.749015
-144.05412,32,129.749015
-168.9536,33,129.7831
-201.80319,48,129.812838
-162.0059,29,129.844539
-161.91461,32,129.875279
-191.88512,54,129.904868
-156.58557,22,129.935667
-169.12096,35,129.976748
-201.91797,37,130.008483
-159.37447,31,130.041099
-166.78333,38,130.07305
-178.86728,40,130.108786
-149.60468,35,130.141879
-184.07043,67,130.18286
-193.84653,37,130.213454
-182.96037,60,130.244204
-173.88412,34,130.272872
-147.25807,36,130.308858
-169.19101,27,130.339601
-179.27466,54,130.37433
-179.4534,41,130.411116
-167.0976,28,130.44188
-193.93292,30,130.475552
-181.63907,32,130.504989
-183.61853,30,130.536703
-183.17876,36,130.568493
-155.33096,24,130.600187
-196.26889,35,130.627894
-188.89156,21,130.663685
-187.51204,65,130.697627
-182.92229,40,130.735562
-200.22794,45,130.766285
-251.37903,62,130.803201
-199.29225,37,130.83504
-199.55302,22,130.862566
-150.75528,32,130.896211
-176.79366,41,130.896211
-162.57014,29,130.935201
-203.76001,72,130.977381
-196.90257,35,131.014231
-170.15993,47,131.043925
-158.59474,39,131.080807
-180.58215,24,131.122734
-143.13884,34,131.122734
-238.36964,59,131.150397
-628.80115,58,131.187271
-161.77515,60,131.216918
-163.14621,45,131.261896
-201.23921,39,131.288567
-172.60068,53,131.32865
-166.64679,36,131.32865
-179.32239,26,131.354724
-174.43634,41,131.389579
-155.71234,39,131.426437
-156.34894,53,131.459182
-147.05827,34,131.498092
-152.9393,21,131.533994
-166.14305,28,131.533994
-190.18103,37,131.533994
-200.24081,44,131.584242
-141.99486,33,131.619109
-185.39421,52,131.648861
-167.05165,40,131.676492
-150.0973,31,131.710289
-143.84723,33,131.742186
-207.03484,38,131.775034
-163.06186,36,131.775034
-158.85796,31,131.815083
-157.70863,27,131.85761
-201.90538,38,131.894963
-147.738,30,131.894963
-156.01894,33,131.926764
-171.99396,22,131.926764
-161.02011,38,131.95439
-157.06206,47,131.982027
-182.84505,57,132.021886
-163.5259,36,132.069272
-214.44876,30,132.10304
-166.62985,34,132.129627
-186.90059,36,132.161319
-156.68648,35,132.188472
-187.86736,46,132.220685
-193.71649,43,132.258719
-175.5923,67,132.30076
-167.44464,31,132.30076
-179.84584,28,132.329334
-163.72467,24,132.372303
-212.00291,54,132.405117
-156.70456,49,132.438577
-139.15546,40,132.447675
-190.1456,22,132.477338
-155.42435,28,132.511186
-213.82753,63,132.546009
-160.26904,39,132.577584
-156.79584,26,132.612308
-214.90411,33,132.643025
-155.84955,35,132.681034
-140.0555,32,132.681034
-157.07692,44,132.715919
-172.56728,34,132.74857
-242.45499,19,132.78875
-195.45485,43,132.821543
-167.93692,35,132.849138
-157.47395,32,132.884013
-151.9795,55,132.917765
-147.27145,50,132.94851
-175.93332,28,132.981462
-177.0138,52,133.015361
-155.75508,31,133.045116
-232.93939,56,133.080947
-190.53676,46,133.119849
-186.98244,29,133.150547
-179.34145,25,133.177191
-154.17923,30,133.206891
-165.87875,46,133.242039
-181.57422,42,133.242039
-175.20572,36,133.308486
-181.8274,59,133.342216
-215.8268,40,133.370858
-158.31274,49,133.40368
-878.115,114,133.439816
-160.20485,59,133.480682
-145.94576,29,133.524675
-186.70609,78,133.558532
-213.6059,42,133.590015
-169.42451,76,133.620999
-170.77654,40,133.653499
-170.27164,45,133.683577
-162.29097,30,133.717798
-180.40736,20,133.748302
-167.17789,20,133.786421
-203.00722,60,133.819136
-197.80302,36,133.854028
-198.40218,36,133.885818
-150.98734,28,133.922684
-153.28204,45,133.955551
-185.39548,32,133.986781
-157.25201,45,134.02194
-146.38605,36,134.058756
-157.81783,40,134.098764
-181.99727,38,134.12491
-153.54602,39,134.160633
-181.28525,36,134.19226
-177.80795,41,134.221885
-166.67267,37,134.25575
-193.22614,31,134.29896
-164.05142,31,134.342012
-159.06816,42,134.377171
-159.90678,77,134.377171
-175.25876,58,134.410859
-144.84761,41,134.4447
-186.35643,23,134.47237
-136.32407,52,134.505096
-153.15265,46,134.540982
-158.09422,25,134.572813
-165.30873,32,134.610617
-172.27919,42,134.657664
-189.72365,49,134.68536
-186.65211,40,134.71567
-170.92097,35,134.752573
-193.04337,42,134.784295
-184.29741,18,134.822263
-183.3763,57,134.853247
-177.6614,49,134.87989
-215.96309,47,134.916778
-162.29857,40,134.953668
-151.2038,42,134.983002
-160.99916,37,135.024024
-138.11816,31,135.056761
-189.4937,44,135.086398
-148.00113,38,135.123221
-149.81757,38,135.156148
-164.57979,22,135.191051
-238.32295,30,135.233398
-152.24326,40,135.233398
-155.44337,30,135.27543
-158.8758,42,135.308804
-184.50526,35,135.340133
-168.54614,35,135.3667
-171.96982,40,135.403494
-153.548,43,135.444515
-169.53558,43,135.444515
-162.34102,31,135.478319
-203.74283,67,135.509975
-162.88715,29,135.537596
-157.51251,35,135.567894
-178.88835,31,135.604272
-161.10936,33,135.650615
-155.54509,56,135.676158
-158.45108,27,135.707843
-178.97955,29,135.738859
-188.58878,53,135.777197
-161.10254,49,135.808969
-172.82677,58,135.842865
-195.12682,28,135.874889
-161.04196,46,135.906647
-177.18677,34,135.937485
-170.77449,40,135.970229
-224.32713,37,135.998868
-157.90028,45,136.050262
-153.50552,37,136.083029
-157.39473,34,136.110671
-164.01878,51,136.144501
-172.16165,33,136.174187
-171.68715,53,136.200701
-154.53711,41,136.240121
-145.94589,27,136.275012
-208.57907,58,136.308593
-137.26714,33,136.346096
-140.2565,33,136.384977
-141.69313,33,136.416743
-140.46463,48,136.451081
-168.61937,42,136.486926
-188.12422,33,136.534726
-151.49557,50,136.569765
-287.35376,43,136.602563
-136.27208,47,136.633458
-173.6811,35,136.665535
-172.22678,37,136.71377
-164.44058,40,136.71377
-170.08302,32,136.757925
-174.32117,33,136.794912
-190.28894,39,136.82356
-193.82373,69,136.854276
-166.6073,47,136.854276
-154.17068,49,136.88712
-167.54575,30,136.913853
-167.43912,41,136.952823
-157.99982,41,137.005978
-226.87871,50,137.036784
-214.69865,47,137.064428
-204.43034,45,137.10339
-153.45638,54,137.13304
-156.04193,39,137.160675
-156.43349,51,137.18631
-186.47676,61,137.216986
-163.37688,37,137.259986
-150.20258,39,137.291778
-171.34312,29,137.327641
-170.75908,31,137.358933
-166.37103,41,137.393453
-156.42831,62,137.428868
-152.6135,28,137.456084
-157.1606,51,137.485978
-175.91812,58,137.515947
-174.58107,31,137.548733
-187.03319,29,137.593587
-174.44598,35,137.593587
-170.25981,29,137.636547
-168.29428,41,137.671425
-168.23059,37,137.707322
-169.77254,33,137.733846
-211.44746,25,137.761474
-184.41832,46,137.790198
-186.07414,42,137.818964
-214.80315,26,137.87126
-157.65067,30,137.89837
-157.70671,43,137.924433
-206.60191,33,137.951119
-194.3481,59,137.980743
-182.21747,44,138.02593
-144.48785,64,138.060852
-161.24542,58,138.096708
-141.9665,29,138.096708
-167.1702,40,138.136779
-169.73032,55,138.184803
-150.97107,40,138.220694
-216.16205,46,138.220694
-212.51634,65,138.248322
-235.03168,72,138.283266
-158.0131,44,138.283266
-176.05132,35,138.313056
-159.76698,53,138.352156
-179.58133,29,138.384855
-145.2763,35,138.423887
-138.68713,34,138.458957
-139.5354,43,138.490495
-153.15733,38,138.520078
-167.97652,41,138.548684
-213.59103,48,138.577852
-157.94296,34,138.612148
-158.36536,23,138.647488
-189.08215,56,138.681731
-182.19537,25,138.708906
-168.30879,43,138.751466
-193.20064,52,138.781191
-215.93784,41,138.807751
-184.33702,40,138.835284
-225.25943,38,138.869045
-147.40825,32,138.900581
-193.05261,28,138.930225
-173.67389,31,138.965063
-159.35007,30,139.008389
-181.83884,30,139.035042
-150.91882,32,139.065788
-205.92781,23,139.097981
-185.44603,36,139.097981
-141.95714,36,139.132337
-153.98201,41,139.164127
-213.13744,17,139.194851
-151.31812,27,139.225502
-189.21921,28,139.266025
-155.08963,40,139.300703
-156.55432,38,139.330251
-175.98026,36,139.369123
-189.81006,64,139.401937
-198.14435,28,139.401937
-164.24657,34,139.430575
-176.32735,36,139.469082
-190.3512,22,139.506391
-154.64954,41,139.5371
-181.52669,42,139.572162
-157.20828,47,139.602789
-152.50566,40,139.639036
-176.5888,46,139.672964
-195.75346,52,139.709805
-154.29813,36,139.738805
-204.28133,49,139.771079
-188.24986,27,139.802016
-184.00935,40,139.833735
-187.28033,42,139.877848
-157.2187,42,139.911713
-154.89464,27,139.911713
-152.68344,30,139.947556
-189.3473,35,139.978825
-183.83109,38,140.004885
-148.72281,33,140.033471
-213.20172,60,140.070365
-168.37318,36,140.106099
-177.41254,44,140.15008
-193.20647,44,140.15008
-169.68451,40,140.182857
-170.42168,31,140.217722
-158.10863,44,140.247383
-170.19286,53,140.284277
-180.50302,36,140.317088
-167.6098,22,140.354037
-168.13911,43,140.395032
-199.7556,48,140.421608
-174.59338,35,140.453593
-174.02763,34,140.489281
-203.66429,95,140.521998
-216.09694,71,140.554658
-167.62575,52,140.582146
-162.19821,42,140.610836
-155.18344,29,140.640393
-168.2596,40,140.675242
-160.38466,43,140.711351
-180.6138,41,140.747273
-179.58633,26,140.775806
-159.24155,26,140.804238
-154.56665,32,140.833776
-176.1218,26,140.869509
-165.26193,39,140.900169
-187.64989,55,140.925789
-158.43918,29,140.953371
-189.46721,22,140.98512
-175.18867,28,141.022969
-156.33073,34,141.053812
-166.14716,21,141.088653
-162.10541,30,141.132934
-164.14072,52,141.132934
-182.22226,38,141.161533
-174.81042,27,141.1964
-183.55338,40,141.228098
-157.26593,31,141.255198
-187.61375,48,141.287656
-177.64491,39,141.328051
-192.25542,22,141.359766
-183.77118,23,141.397464
-158.14745,40,141.426322
-213.35962,41,141.452912
-151.33281,43,141.483498
-168.81026,37,141.515252
-142.86658,39,141.545022
-331.30124,27,141.574756
-167.2845,31,141.605461
-164.28674,35,141.650505
-249.30055,39,141.68021
-148.0113,30,141.708881
-151.13612,32,141.744851
-148.95805,47,141.772408
-158.07199,47,141.804438
-184.4698,18,141.832152
-188.97641,51,141.874178
-163.37091,30,141.904865
-173.96239,24,141.938725
-170.87521,36,141.965254
-221.37323,61,142.001134
-177.24115,41,142.039211
-150.23836,36,142.039211
-197.0335,53,142.079254
-184.5894,43,142.118073
-213.12375,19,142.155954
-179.17436,35,142.155954
-185.75356,50,142.182583
-175.53589,49,142.216328
-201.5387,50,142.247525
-156.47765,47,142.286863
-161.50034,29,142.316516
-179.05106,24,142.345245
-149.82373,28,142.378481
-204.4288,65,142.412849
-147.91435,29,142.440528
-203.1387,21,148.748975
-210.20699,47,148.777554
-153.31082,42,148.806124
-172.28171,21,148.832484
-183.66022,33,148.86839
-152.72112,42,148.917446
-166.77603,33,148.951296
-159.49347,31,148.951296
-155.19841,62,148.982637
-144.50053,43,149.01878
-147.64365,50,149.051101
-192.09412,54,149.094147
-147.56918,48,149.120679
-148.67645,32,149.155975
-162.32733,38,149.194075
-155.86661,48,149.231925
-203.87816,51,149.260524
-141.99275,27,149.290171
-186.81573,31,149.318767
-169.8219,75,149.379248
-262.30118,53,149.410016
-146.76524,34,149.445006
-694.1058,82,149.4716
-174.1361,55,149.501223
-176.67747,49,149.534062
-154.16763,46,149.534062
-212.25853,52,149.567865
-150.02118,33,149.617993
-152.13716,38,149.645549
-153.01021,42,149.674295
-169.93587,53,149.703929
-147.23343,46,149.7396
-155.94981,60,149.766317
-164.49579,49,149.803225
-202.8639,63,149.838598
-154.88435,46,149.884207
-136.70468,41,149.91197
-164.72441,51,149.942684
-168.09618,36,149.969246
-152.34239,29,149.99849
-160.41457,58,150.034802
-168.00804,40,150.074695
-170.25577,61,150.105303
-165.16083,31,150.136096
-141.04854,34,150.162637
-147.72748,39,150.203454
-141.81982,38,150.246104
-185.34491,45,150.246104
-163.61252,26,150.275843
-153.75916,39,150.311861
-158.92586,37,150.340526
-171.07747,76,150.386535
-161.07599,32,150.417224
-144.23221,35,150.452967
-216.28761,55,150.452967
-193.53174,31,150.488715
-167.78992,39,150.51524
-226.97455,60,150.552198
-158.88794,42,150.585929
-178.56013,32,150.618771
-148.88298,28,150.645719
-146.56413,35,150.685174
-169.43182,26,150.685174
-153.98683,48,150.723023
-165.14882,42,150.753057
-159.77946,38,150.785901
-179.4939,38,150.818574
-148.9877,31,150.852257
-159.8306,38,150.88499
-257.57727,50,150.921103
-146.0387,28,150.921103
-158.08466,57,150.951843
-132.11115,32,150.986543
-161.45595,27,150.986543
-143.52377,34,151.04082
-212.29707,48,151.069369
-144.80463,41,151.100116
-169.65756,34,151.133049
-255.86398,85,151.170933
-161.42311,62,151.201604
-137.73073,59,151.235332
-158.74467,47,151.287561
-164.68684,46,151.316321
-134.1264,32,151.350039
-183.37341,81,151.386059
-177.67285,66,151.432047
-154.10052,27,151.460661
-146.28896,69,151.487491
-232.51328,50,151.522044
-148.8014,60,151.549713
-152.08643,32,151.583404
-151.09805,39,151.616185
-143.68768,43,151.643915
-161.96834,35,151.694075
-199.71562,25,151.721633
-190.32219,35,151.751259
-163.69629,44,151.788848
-166.45178,35,151.788848
-168.68672,54,151.831746
-186.32294,41,151.861466
-170.60287,28,151.900971
-158.7209,35,151.935757
-178.1893,60,151.963313
-144.06898,29,152.005377
-158.23903,40,152.005377
-140.82536,44,152.038128
-144.46597,41,152.038128
-157.34215,32,152.071985
-154.94154,27,152.121068
-152.46059,33,152.160025
-170.69896,50,152.195843
-167.09741,48,152.223429
-207.17773,62,152.252859
-147.50745,47,152.28473
-167.65576,48,152.313054
-169.5409,30,152.35573
-197.16977,53,152.35573
-140.95453,37,152.402886
-156.03702,37,152.430795
-174.84799,50,152.467634
-137.65157,31,152.503459
-154.80153,39,152.503459
-165.71236,48,152.532003
-215.54715,54,152.571311
-147.79857,48,152.6024
-159.10756,35,152.655672
-145.42229,46,152.655672
-151.89993,36,152.686393
-167.20372,37,152.716158
-156.77185,28,152.742698
-166.27419,57,152.781648
-296.17334,66,152.808297
-163.85994,26,152.844102
-152.5853,28,152.874922
-151.81636,49,152.917595
-164.42801,31,152.917595
-149.67007,25,152.917595
-145.66559,30,152.949983
-160.26956,26,152.990065
-144.51587,30,153.020976
-174.01973,31,153.059866
-184.13733,37,153.093576
-147.69434,34,153.12428
-185.65207,28,153.165159
-177.09552,39,153.20299
-164.27577,52,153.20299
-153.96089,50,153.233645
-152.16902,36,153.273494
-240.5694,71,153.301953
-141.68343,45,153.332594
-146.32617,23,153.368596
-168.1772,25,153.368596
-154.02841,35,153.39878
-181.1581,49,153.428047
-177.95898,37,153.482651
-176.43202,61,153.512352
-188.5158,38,153.540001
-168.51936,51,153.574788
-154.93637,38,153.601321
-160.53647,46,153.629992
-232.44826,55,153.657533
-188.96275,53,153.692338
-158.09518,27,153.727163
-170.63554,39,153.758864
-139.35861,37,153.796655
-204.93777,60,153.838541
-162.44373,55,153.869197
-147.45386,31,153.904125
-225.78548,59,153.933094
-144.69716,43,153.961161
-142.73967,73,154.005982
-189.37885,66,154.03328
-169.96292,37,154.080414
-206.13873,55,154.107049
-172.42041,36,154.140802
-161.80782,36,154.172462
-154.5877,32,154.210319
-150.64517,61,154.241049
-179.58652,38,154.275714
-168.40802,34,154.311435
-175.08493,34,154.343203
-211.9537,76,154.381616
-203.68483,47,154.420519
-156.88864,40,154.450235
-138.90279,44,154.489138
-176.94948,47,154.52293
-171.94691,49,154.562266
-198.05049,85,154.592979
-162.1891,60,154.633909
-157.04092,40,154.667565
-196.96484,49,154.700562
-165.03276,53,154.727209
-151.39578,50,154.769373
-165.92578,44,154.807588
-155.35849,50,154.844604
-168.37703,32,154.876383
-970.9783,101,154.913201
-162.23557,61,154.956285
-180.7563,61,154.997771
-144.00029,61,155.031004
-188.92682,36,155.031004
-147.16946,43,155.059826
-179.90268,35,155.096795
-188.4776,60,155.127374
-179.66302,28,155.168338
-151.06155,60,155.19709
-155.30014,29,155.224678
-136.72462,41,155.268921
-164.73032,55,155.2997
-152.7242,45,155.327822
-151.91528,35,155.36321
-154.58595,45,155.400998
-147.88284,40,155.443381
-166.97678,22,155.471036
-157.23665,45,155.501825
-178.9797,31,155.531768
-151.96065,48,155.531768
-202.20264,46,155.575878
-154.21507,39,155.609872
-171.37961,55,155.639602
-161.15334,32,155.672387
-163.81482,37,155.699
-149.8707,33,155.726564
-160.29068,27,155.764444
-140.56958,48,155.799348
-150.36362,30,155.835162
-162.43073,39,155.867822
-139.77245,30,155.896571
-162.90933,29,155.935814
-159.85417,38,155.966541
-225.22632,89,156.010736
-196.87985,54,156.042484
-146.01898,41,156.070244
-183.53447,35,156.096785
-145.10568,38,156.134878
-165.18048,37,156.169121
-202.06265,47,156.195859
-152.01367,32,156.242076
-190.22585,51,156.273958
-158.49995,36,156.273958
-206.4303,46,156.30607
-164.31793,33,156.337826
-146.26294,42,156.388535
-127.74017,44,156.420152
-147.98065,36,156.451974
-133.41855,37,156.482596
-191.9806,72,156.518494
-167.52205,31,156.518494
-145.6363,41,156.545276
-151.25197,36,156.6055
-141.85637,41,156.634118
-223.76091,64,156.66885
-152.04968,33,156.66885
-152.63835,42,156.702579
-160.35709,38,156.7302
-154.28024,27,156.770171
-177.62016,58,156.803998
-153.94804,31,156.839799
-144.53326,33,156.839799
-153.4933,62,156.866325
-177.08331,38,156.899059
-195.86476,37,156.931015
-152.16222,28,156.974058
-173.21095,41,157.011935
-161.42383,38,157.037438
-153.42111,34,157.065063
-166.8447,51,157.09258
-158.2301,32,157.120189
-205.3151,62,157.171693
-164.33826,34,157.171693
-249.21092,84,157.171693
-161.62619,28,157.205477
-171.68828,33,157.235193
-150.21288,40,157.267409
-146.23683,38,157.295492
-160.12321,29,157.330179
-143.29216,48,157.36313
-182.91,28,157.398967
-144.91673,43,157.43289
-179.58777,43,157.43289
-189.83902,31,157.465666
-147.27385,50,157.50443
-146.5852,36,157.540257
-162.64793,40,157.570913
-172.64877,57,157.602568
-136.94067,35,157.638849
-168.1431,40,157.667571
-166.21213,52,157.701811
-158.66493,58,157.745948
-162.93578,42,157.780644
-175.86136,33,157.809313
-171.70453,40,157.83796
-154.60701,35,157.872685
-192.50958,72,157.911411
-169.01483,43,157.9422
-149.54655,32,157.978487
-164.07254,41,158.010869
-141.77463,64,158.042647
-153.90535,35,158.08923
-179.34987,60,158.120929
-169.17555,65,158.152561
-199.6149,56,158.180224
-169.15257,45,158.218609
-224.2999,44,158.248817
-168.4088,59,158.276417
-164.81834,30,158.308463
-152.46815,32,158.3463
-159.73425,67,158.38009
-198.11562,43,158.412966
-170.83583,38,158.452963
-175.03745,36,158.482725
-159.34052,41,158.516958
-159.42525,25,158.547662
-180.26843,61,158.576481
-155.24481,42,158.607833
-182.64029,44,158.649362
-170.28725,35,158.690323
-151.64348,45,158.690323
-174.84067,45,158.735639
-151.0851,42,158.764349
-279.59232,49,158.80455
-145.40367,52,158.80455
-187.52989,38,158.836295
-169.73782,32,158.871031
-155.28967,58,158.899748
-137.7652,54,158.948966
-157.2001,44,158.984682
-162.11722,62,159.029339
-207.56671,52,159.062199
-174.09612,57,159.089812
-215.55005,56,159.122474
-212.9823,70,159.157369
-197.29733,60,159.187187
-185.51942,33,159.187187
-157.48885,55,159.227573
-150.66974,36,159.273208
-141.53934,33,159.304005
-172.24983,53,159.330531
-161.73247,49,159.361453
-163.298,38,159.389042
-141.78183,42,159.419675
-170.27917,65,159.457811
-160.21074,39,159.488454
-158.61372,36,159.529779
-147.28577,38,159.560705
-156.17046,41,159.590295
-161.05301,43,159.62414
-157.24771,29,159.650722
-192.37024,54,159.692272
-162.02992,40,159.692272
-199.4557,31,159.735408
-190.02505,68,159.774535
-155.13075,33,159.805199
-163.20764,55,159.851228
-182.81358,65,159.851228
-159.04967,42,159.878818
-165.50597,44,159.907794
-190.82277,57,159.940625
-163.64839,37,159.979637
-156.92638,35,160.029803
-204.56874,52,160.058903
-169.89014,68,160.089099
-181.98145,34,160.12413
-158.05641,54,160.171346
-171.06659,55,160.203089
-154.30235,44,160.231676
-195.02267,66,160.265437
-132.84874,30,160.293178
-157.67801,49,160.344687
-171.02983,46,160.385234
-162.88414,21,160.385234
-171.77716,34,160.416197
-155.30814,32,160.450182
-136.5843,55,160.48563
-141.81308,38,166.681659
-165.49887,34,166.725576
-164.08122,62,166.756382
-150.51839,44,166.800319
-160.33627,43,166.831
-175.98804,43,166.859655
-172.30318,53,166.88885
-195.25536,39,166.91649
-159.38707,29,166.946626
-135.5367,35,166.982371
-153.48547,40,167.031458
-186.28046,87,167.05912
-134.49908,40,167.088799
-140.2437,49,167.126633
-177.72803,43,167.15631
-151.27777,46,167.186192
-167.30176,42,167.226054
-149.60004,33,167.262835
-152.09341,33,167.293578
-122.14492,66,167.324256
-156.0477,38,167.359976
-172.22931,28,167.390673
-149.20917,50,167.420288
-164.97075,26,167.456483
-175.53464,59,167.499004
-167.18457,41,167.526585
-162.82626,66,167.554317
-149.17448,38,167.579974
-162.60446,29,167.618603
-174.61089,34,167.645227
-146.01096,36,167.677647
-174.75551,27,167.733423
-154.48734,58,167.762052
-140.35129,36,167.790719
-173.06042,39,167.81793
-173.39699,63,167.861471
-177.86104,64,167.908582
-164.2063,63,167.93776
-181.52393,77,167.981251
-156.99817,40,168.017924
-159.0823,38,168.017924
-143.631,45,168.045429
-161.48386,68,168.099642
-155.68071,35,168.135519
-160.19337,55,168.169263
-149.01958,39,168.200999
-151.75046,61,168.228688
-146.6325,46,168.264594
-158.68988,34,168.309963
-245.96747,91,168.345778
-140.92867,27,168.371267
-192.42966,45,168.411117
-176.17914,62,168.442969
-147.41853,38,168.474843
-409.76056,91,168.506523
-160.8303,59,168.5392
-145.00754,38,168.570362
-140.64404,27,168.599488
-156.44221,48,168.639309
-141.83098,64,168.67843
-144.26842,48,168.715547
-152.5175,59,168.755536
-144.62657,30,168.786275
-158.63501,56,168.815
-146.55238,55,168.85392
-164.50974,46,168.85392
-195.66286,65,168.895746
-144.40892,43,168.930665
-175.97018,51,168.959266
-165.35135,40,168.996223
-154.87573,33,169.024546
-159.52246,43,169.052236
-155.67133,44,169.080878
-152.0274,58,169.128941
-135.14224,38,169.158933
-156.12918,37,169.196758
-188.28716,48,169.229359
-154.02888,43,169.261109
-167.47496,62,169.289764
-151.14957,42,169.31898
-171.81561,35,169.359364
-150.23427,31,169.40033
-167.67395,70,169.430145
-195.30174,32,169.46756
-150.24107,42,169.46756
-147.53775,41,169.502688
-185.60425,66,169.539558
-151.32797,41,169.585725
-152.04167,38,169.615289
-145.6314,75,169.65008
-116.65222,71,169.68802
-158.36397,60,169.716675
-155.1143,63,169.751478
-182.48592,57,169.777125
-145.90488,55,169.816436
-146.08298,32,169.84931
-160.43541,45,169.881327
-202.4775,46,169.914126
-167.3787,38,169.949995
-136.34346,33,169.994349
-135.71005,40,169.994349
-161.27133,39,170.039495
-147.4556,56,170.065078
-207.03499,71,170.099841
-159.67822,44,170.130569
-151.4413,38,170.161839
-185.13028,56,170.189457
-155.701,34,170.22118
-161.21661,40,170.255052
-153.67752,35,170.291947
-181.41489,42,170.33386
-167.48926,51,170.361384
-168.59012,43,170.392086
-177.02403,37,170.419641
-174.75587,48,170.451352
-141.36026,44,170.478904
-142.40805,29,170.513742
-176.4971,30,170.56388
-150.41035,32,170.59601
-196.94922,68,170.629827
-171.59906,39,170.660519
-151.13286,48,170.693354
-154.4646,46,170.732159
-182.85287,63,170.766967
-184.36717,74,170.804008
-144.79,33,170.804008
-141.4048,29,170.804008
-183.66537,54,170.852148
-163.8644,45,170.88487
-161.53639,36,170.913503
-178.67862,30,170.941206
-178.90799,63,170.980053
-214.66193,41,171.008375
-162.24059,49,171.043868
-167.50992,33,171.077674
-181.05917,61,171.111996
-163.25417,45,171.139527
-156.45552,51,171.176379
-154.39543,30,171.214279
-136.60732,57,171.245572
-176.60347,46,171.27629
-154.05325,43,171.321971
-192.28174,52,171.358802
-146.00952,58,171.390097
-150.53375,49,171.424931
-217.05943,84,171.451567
-148.67432,39,171.481421
-146.94675,55,171.519301
-136.8573,35,171.548974
-165.3096,64,171.579753
-169.1522,31,171.607857
-152.36938,33,171.643042
-161.5434,51,171.685391
-176.08205,43,171.686426
-160.15025,42,171.723251
-146.90384,33,171.76597
-148.0535,37,171.795608
-169.24217,54,171.841693
-150.07814,41,171.868842
-151.4992,60,171.899026
-169.96153,46,171.941005
-152.71346,45,171.968569
-158.07108,51,171.996247
-151.37038,40,172.025995
-151.05666,40,172.054654
-166.48268,23,172.097631
-135.95421,43,172.128807
-166.70497,37,172.174406
-160.1085,43,172.208806
-173.76778,60,172.208806
-151.7584,76,172.249185
-214.90204,52,172.279889
-188.1648,66,172.312623
-142.81415,47,172.345208
-145.05032,54,172.382992
-166.55035,48,172.421236
-152.4888,50,172.458621
-133.11324,36,172.459124
-162.1262,71,172.51333
-143.4738,54,172.539947
-162.89746,70,172.578875
-151.23637,65,172.613597
-169.1766,41,172.641242
-142.75847,49,172.675328
-150.02994,50,172.713283
-225.91127,72,172.750056
-163.17554,41,172.801237
-192.0585,53,172.801237
-140.25247,60,172.836205
-145.2395,47,172.873954
-131.63876,46,172.904784
-159.38377,53,172.932416
-135.12152,45,172.961574
-172.19917,51,173.003576
-155.84175,49,173.04958
-218.34549,56,173.084423
-135.90524,37,173.112093
-146.95752,48,173.155459
-153.82751,31,173.155459
-148.61823,47,173.182057
-141.89659,62,173.213762
-136.84178,78,173.263958
-150.11794,33,173.298865
-138.19969,45,173.328538
-165.88828,50,173.369524
-231.75352,56,173.403301
-136.1354,54,173.43413
-170.43344,77,173.462754
-181.39276,75,173.503063
-147.00415,40,173.534994
-211.79607,51,173.565785
-167.7545,52,173.6047
-151.06383,42,173.637893
-145.25081,28,173.669171
-152.1213,42,173.705364
-152.77002,48,173.741539
-153.98291,42,173.780383
-155.98166,39,173.81523
-186.06656,55,173.842759
-154.36221,44,173.874392
-147.83609,41,173.905105
-150.30861,34,173.937845
-180.29181,43,173.96549
-199.51668,101,174.00703
-151.67242,49,174.047443
-149.88086,46,174.079991
-212.78522,52,174.110623
-146.16443,38,174.147845
-229.5,45,174.147845
-149.5947,47,174.17862
-152.6529,43,174.227691
-147.93126,59,174.257848
-146.28867,40,174.294177
-142.95671,37,174.337127
-151.46675,51,174.371915
-169.78275,45,174.401446
-144.96606,58,174.438812
-166.14737,40,174.468552
-167.56778,58,174.494611
-147.54193,34,174.523263
-156.64612,29,174.560301
-178.03871,56,174.58994
-153.77533,34,174.622751
-139.53381,43,174.672896
-197.1871,65,174.702435
-161.59203,42,174.742311
-207.56212,63,174.773002
-166.29955,60,174.804791
-144.8192,69,174.84073
-153.77223,33,174.876167
-170.83792,62,174.911175
-171.10901,47,174.948627
-183.49371,77,174.977593
-141.5146,33,175.005334
-151.29648,50,175.04953
-194.23352,59,175.083317
-163.35284,42,175.117124
-173.73428,24,175.163113
-182.59412,52,175.191864
-178.48294,50,175.223515
-180.76544,76,175.258548
-208.87805,61,175.298582
-180.30336,42,175.333311
-144.82747,40,175.333311
-180.39154,66,175.369133
-158.66267,38,175.409038
-161.91469,45,175.447054
-156.59698,44,175.48386
-152.13097,46,175.520703
-142.42418,37,175.551505
-176.507,45,175.594342
-183.33723,45,175.594342
-158.88809,32,175.629186
-162.32825,37,175.672558
-151.85002,53,175.704186
-157.2796,36,175.733819
-151.21039,46,175.77156
-162.23117,45,175.813536
-164.27966,87,175.843183
-187.15591,50,175.885145
-161.79784,36,175.914843
-135.66428,44,175.942494
-146.6544,44,175.972141
-215.94965,73,176.004888
-172.22672,45,176.037558
-145.55606,44,176.07752
-149.28545,37,176.113577
-160.41238,40,176.160965
-159.5038,33,176.160965
-178.54994,51,176.196897
-171.03827,64,176.227513
-160.02487,81,176.258363
-145.8227,38,176.291531
-156.99101,32,176.321216
-162.8864,74,176.351878
-183.92715,42,176.396937
-147.82718,42,176.428722
-154.96681,33,176.45943
-172.73318,40,176.487054
-140.39452,40,176.518773
-143.71695,62,176.552945
-180.24448,58,176.586054
-138.25748,60,176.636512
-197.93347,45,176.66779
-146.59618,46,176.702085
-173.76308,46,176.732759
-155.95251,46,176.763463
-155.80789,43,176.795362
-192.45374,68,176.84237
-141.50305,56,176.872065
-137.18808,40,176.90064
-148.46396,42,176.94359
-167.16617,38,176.94359
-159.09909,55,176.980348
-167.9531,49,177.015238
-140.73988,49,177.044914
-152.05565,35,177.073501
-164.92574,34,177.103177
-171.32893,42,177.151213
-144.40903,51,177.18924
-185.35976,50,177.232221
-187.9916,63,177.268281
-160.82382,52,177.299002
-155.55171,56,177.328655
-142.59735,59,177.358786
-154.82816,89,177.358786
-159.03302,52,177.403261
-141.70248,49,177.437189
-143.61766,40,177.469943
-156.42438,31,177.505888
-200.75023,45,177.53756
-145.85114,50,177.57448
-133.29297,59,177.614387
-144.5373,53,177.660395
-127.87864,50,177.692381
-135.083,49,177.723112
-163.2568,65,177.748626
-181.38036,82,177.77738
-166.67336,52,177.811692
-148.78589,34,184.063395
-175.50902,71,184.120669
-140.7039,42,184.160527
-145.6307,44,184.193281
-151.41882,63,184.243364
-151.06061,57,184.243364
-146.14665,51,184.277132
-158.44316,68,184.310883
-153.60643,33,184.342622
-156.42175,67,184.380745
-152.71234,36,184.412261
-147.49873,48,184.45874
-141.90764,39,184.495381
-163.28552,40,184.523072
-149.94196,54,184.576235
-149.73282,43,184.610254
-147.51447,56,184.641028
-157.05557,56,184.677925
-155.95587,36,184.709532
-144.78801,37,184.745326
-146.21191,59,184.779257
-174.22382,43,184.811024
-161.4938,41,184.860355
-140.9994,47,184.898632
-155.90025,35,184.933068
-137.41208,54,184.975215
-155.3928,49,184.975215
-152.56738,40,185.010109
-148.28386,49,185.04499
-142.45415,59,185.07565
-127.88492,34,185.1155
-139.2659,43,185.180288
-157.92592,43,185.218822
-145.59662,57,185.218822
-145.23349,59,185.249001
-150.44916,55,185.2785
-176.721,85,185.317595
-148.88531,54,185.361488
-147.22641,37,185.414838
-138.35225,37,185.414838
-142.37088,53,185.464366
-220.50348,118,185.50029
-171.67365,56,185.532397
-144.06673,57,185.56311
-142.14812,30,185.598921
-147.5915,65,185.638756
-135.15968,55,185.667358
-159.63593,41,185.709259
-130.6019,60,185.751541
-142.03374,41,185.751541
-147.3427,43,185.785316
-139.91588,46,185.813999
-137.41785,39,185.845779
-145.29457,44,185.894004
-137.64955,49,185.930109
-142.13239,35,185.966003
-148.71356,40,186.006584
-174.60265,48,186.038763
-157.65065,39,186.069939
-139.87338,45,186.11087
-167.92648,46,186.16404
-147.28868,43,186.192663
-152.03943,38,186.223256
-151.9976,36,186.257142
-142.99927,38,186.301229
-167.7716,95,186.344234
-167.761,66,186.374925
-164.75165,37,186.406537
-176.97786,70,186.439268
-141.74652,38,186.474826
-155.3267,45,186.474826
-152.2312,44,186.543921
-129.07777,51,186.5777
-145.29898,42,186.607826
-151.67796,68,186.640033
-157.62308,48,186.678897
-170.34824,101,186.714632
-164.86703,74,186.756494
-129.62627,39,186.796439
-133.84401,81,186.829121
-153.49069,46,186.863844
-127.435425,48,186.898538
-139.7286,69,186.940475
-145.69977,61,186.979305
-140.68748,49,187.016276
-180.38492,42,187.056225
-153.97255,57,187.096701
-135.8965,46,187.129382
-168.50623,84,187.165155
-155.55467,55,187.198544
-130.9879,40,187.227786
-142.67464,38,187.269822
-153.11548,39,187.326136
-141.85197,40,187.358776
-163.16443,73,187.396942
-164.32841,40,187.426681
-153.81769,42,187.458449
-139.99274,61,187.504319
-212.92421,81,187.547611
-142.09938,52,187.583677
-158.51172,33,187.615373
-145.79544,39,187.656423
-144.01042,56,187.698463
-134.83115,60,187.745774
-152.38,46,187.745774
-168.99222,61,187.775377
-154.18533,41,187.812249
-151.19563,54,187.843894
-137.43811,33,187.879768
-143.23323,59,187.911625
-176.97046,33,187.949615
-141.83246,56,187.98534
-157.6541,39,188.018112
-142.40439,47,188.060881
-157.48203,31,188.096129
-160.29799,48,188.13086
-148.13174,47,188.162424
-139.44005,43,188.207435
-144.17012,40,188.250327
-160.71469,43,188.285347
-134.91238,62,188.316154
-180.90149,75,188.348953
-142.97668,41,188.380616
-133.8874,69,188.418518
-144.91986,51,188.456385
-133.78018,35,188.501286
-142.68495,38,188.545435
-133.43216,43,188.580355
-139.31987,50,188.619263
-164.22519,75,188.652027
-159.22055,47,188.68601
-146.67447,47,188.722854
-174.3078,72,188.760584
-153.82913,52,188.792279
-143.58165,27,188.823076
-140.8524,31,188.852665
-145.23862,70,188.911
-145.31339,41,188.944659
-171.44789,53,188.972636
-199.01208,62,189.006796
-142.29675,43,189.040322
-221.35611,90,189.079832
-149.7652,53,189.107488
-146.04602,37,189.148268
-163.31947,38,189.184123
-137.2294,81,189.226105
-142.36885,46,189.227121
-147.65079,40,189.255668
-142.02942,41,189.300151
-144.42924,40,189.300151
-146.73845,57,189.332941
-128.66797,34,189.365657
-152.67413,43,189.411729
-149.43654,35,189.447451
-159.03279,37,189.476618
-149.40977,39,189.506277
-142.80583,38,189.543235
-154.01003,44,189.582167
-134.07098,52,189.612884
-171.26744,46,189.664021
-139.86325,70,189.701951
-154.19962,56,189.741837
-139.73302,66,189.782681
-146.41441,46,189.819601
-134.50932,86,189.872825
-167.96275,37,189.911774
-141.1975,69,189.950895
-161.08778,51,189.99405
-156.71068,86,190.035018
-140.74771,32,190.074929
-141.4339,33,190.148179
-152.10535,66,190.148679
-162.6364,52,190.185181
-130.43433,43,190.247699
-135.45932,50,190.247699
-160.82257,57,190.284621
-145.3221,54,190.323687
-155.06905,37,190.372938
-138.87076,42,190.418203
-156.27806,37,190.480074
-179.474,79,190.513913
-136.7277,39,190.547156
-175.46483,68,190.584127
-151.16814,43,190.619096
-156.63411,72,190.673518
-153.84822,37,190.706301
-147.79169,41,190.733917
-148.05528,63,190.764071
-138.16368,48,190.812178
-139.78754,46,190.812178
-171.19846,78,190.847596
-151.87753,73,190.893185
-141.7432,46,190.927714
-160.24472,52,190.966171
-155.18451,55,190.997972
-164.71094,56,191.030972
-175.64111,44,191.059982
-145.51633,56,191.10416
-149.40733,49,191.150284
-172.74933,69,191.183161
-169.3215,58,191.213862
-140.54306,33,191.253945
-184.86996,69,191.294794
-172.34454,63,191.3296
-139.17148,32,191.362489
-160.7941,74,191.395397
-132.57144,42,191.429742
-148.92201,74,191.461437
-143.47314,32,191.489992
-164.51346,60,191.52577
-138.12903,38,191.564755
-169.31091,36,191.595322
-150.80537,58,191.635245
-147.85754,51,191.661837
-154.99054,54,191.704808
-192.51591,48,191.734396
-130.88423,62,191.764086
-196.65062,67,191.797165
-168.23006,43,191.826775
-145.97629,51,191.863548
-154.42877,50,191.902419
-135.42328,36,191.957729
-146.62436,59,191.983212
-156.34,57,192.014019
-143.37474,77,192.014019
-163.2269,60,192.055945
-147.68863,65,192.084515
-146.2148,41,192.118812
-188.93661,73,192.149009
-150.8487,47,192.208642
-164.99606,47,192.237244
-173.52925,39,192.268955
-171.6625,42,192.306882
-140.31514,40,192.336537
-151.59645,60,192.362101
-154.63242,49,192.390679
-190.04865,75,192.430556
-144.6558,49,192.481642
-144.44342,37,192.511286
-146.52692,49,192.545105
-162.14062,64,192.57471
-148.16739,51,192.603276
-145.96222,53,192.633991
-148.15692,38,192.668919
-152.89589,63,192.668919
-136.61426,41,192.721127
-131.10513,39,192.75765
-127.41619,38,192.790988
-169.82562,58,192.827065
-159.1996,51,192.863884
-148.27675,49,192.863884
-155.13606,55,192.891527
-141.4529,52,192.918608
-142.69417,30,192.977535
-154.9216,54,193.016978
-141.12587,62,193.016978
-151.74814,44,193.053822
-163.99591,55,193.082531
-145.81076,51,193.114332
-137.95343,59,193.149141
-216.70186,86,193.192245
-137.65318,37,193.252768
-135.64584,45,193.252768
-156.86124,61,193.28137
-167.34827,54,193.317312
-175.05171,78,193.352061
-157.12196,69,193.387845
-168.77982,49,193.421644
-129.1115,42,193.466661
-167.95302,43,193.498404
-148.23424,51,193.534317
-183.87277,115,193.566091
-149.94034,53,193.607993
-139.23015,47,193.608493
-164.42676,64,193.640686
-148.7428,43,193.680537
-152.13382,62,193.70918
-131.10558,37,193.742135
-145.61192,49,193.767812
-145.22963,46,193.814892
-156.39853,35,193.854653
-146.09418,69,193.854653
-154.05476,50,193.898807
-165.4221,71,193.925439
-173.75154,58,193.968529
-169.9299,63,194.002328
-198.3644,88,194.032383
-142.87903,41,194.063142
-187.80124,54,194.110194
-137.75116,61,194.110194
-160.3129,56,194.160286
-159.43602,33,194.192097
-158.9013,44,194.219697
-138.66544,42,194.251367
-161.66995,75,194.294597
-158.89671,48,194.329486
-142.96837,36,194.36328
-161.14178,72,194.397317
-148.35614,57,194.397821
-165.43378,46,194.439581
-150.6198,64,194.495006
-146.35706,27,194.495006
-164.30537,45,194.495006
-144.07231,41,194.526742
-151.9428,38,194.562626
-192.34828,68,194.562626
-147.01828,36,194.605883
-142.94771,50,194.636466
-143.63206,37,194.678471
-157.0103,37,194.713345
-144.59,47,194.74516
-144.89671,31,194.777065
-129.4203,55,194.810858
-134.9856,48,194.838363
-151.19124,53,194.865977
-168.16695,41,194.914135
-145.18712,56,194.940883
-152.39526,41,201.352228
-133.22667,44,201.384994
-154.64328,51,201.435242
-162.75923,51,201.463832
-148.67914,30,201.492529
-130.16953,64,201.526284
-149.12498,63,201.563207
-139.20665,60,201.610524
-136.36432,58,201.651341
-169.14062,47,201.695633
-153.53734,53,201.695633
-143.98819,77,201.731845
-145.88495,56,201.773253
-144.45638,75,201.801982
-137.81201,26,201.837839
-165.29347,85,201.871565
-142.07727,50,201.905064
-143.64476,45,201.939993
-139.72783,51,201.988609
-131.49388,43,202.015792
-126.15012,54,202.051766
-141.97174,35,202.087053
-151.30606,108,202.11814
-135.91917,55,202.158071
-144.19244,59,202.158071
-167.8088,96,202.196075
-143.60446,38,202.233865
-141.45047,53,202.269717
-150.44002,42,202.298339
-145.17169,58,202.330131
-141.71507,39,202.360581
-133.85316,54,202.406654
-144.84871,47,202.43862
-141.28871,78,202.481842
-135.94301,44,202.509338
-135.3924,59,202.542529
-142.93799,45,202.571544
-126.90468,33,202.600206
-152.38962,58,202.632982
-162.7143,66,202.664451
-149.93306,43,202.712596
-165.64561,45,202.748525
-144.02928,50,202.791823
-142.85986,40,202.825633
-137.95656,54,202.861361
-161.97734,88,202.893057
-141.24263,56,202.929108
-162.66096,73,202.963878
-156.74509,59,203.022424
-121.367035,55,203.052128
-179.28622,83,203.093546
-150.38844,86,203.093546
-165.39551,58,203.122194
-144.66685,55,203.156346
-172.5596,65,203.185084
-154.03604,45,203.241215
-160.79556,87,203.284321
-145.09088,48,203.315143
-164.24065,72,203.360397
-152.87193,65,203.389055
-144.57405,64,203.425071
-138.76576,75,203.465287
-184.27628,87,203.50543
-153.45877,59,203.535174
-136.98343,47,203.592454
-138.69904,81,203.626303
-155.80858,38,203.653951
-165.04332,67,203.682562
-139.1066,40,203.713229
-188.04259,85,203.743947
-165.24635,84,203.785877
-190.7851,86,203.829615
-139.73717,42,203.857714
-137.8858,41,203.887836
-140.75366,40,203.916431
-147.69868,60,203.95924
-136.77948,64,204.001976
-135.03258,48,204.031409
-142.69656,84,204.065351
-138.52217,49,204.109328
-142.50815,55,204.144099
-148.69608,55,204.178973
-144.80702,59,204.213654
-131.9662,43,204.2464
-179.51353,63,204.283405
-141.31076,64,204.323302
-152.16782,43,204.35403
-176.75569,68,204.390691
-153.60248,55,204.432739
-158.23524,67,204.46029
-158.70222,36,204.50432
-128.86266,68,204.531999
-145.45572,64,204.56056
-161.49971,77,204.618731
-158.72464,57,204.618731
-131.9933,48,204.655512
-131.55911,40,204.694641
-152.24095,86,204.726455
-156.80792,59,204.767484
-141.46147,61,204.796132
-144.96396,82,204.826794
-148.75941,42,204.864678
-123.699745,51,204.89635
-146.95177,58,204.930178
-144.29538,50,204.970047
-164.53902,57,204.998675
-155.76839,44,205.029338
-135.99043,49,205.063193
-146.95009,47,205.114719
-133.53163,59,205.148505
-141.6763,69,205.149531
-156.91988,56,205.176105
-142.27814,37,205.203662
-150.24338,37,205.239482
-118.93513,48,205.290872
-137.48448,35,205.331885
-128.46832,41,205.362442
-149.33522,40,205.394276
-145.96872,75,205.427781
-154.7142,43,205.46099
-141.83046,56,205.495642
-152.66885,68,205.531384
-163.91203,55,205.570181
-130.59918,46,205.600943
-152.70955,43,205.631796
-146.74365,43,205.669545
-142.39917,40,205.699295
-136.81161,60,205.731042
-136.99811,43,205.780305
-149.40741,48,205.817314
-128.97299,60,205.817818
-141.01146,47,205.850015
-188.92982,95,205.88259
-131.46086,35,205.916427
-149.76414,40,205.916427
-168.51035,42,205.984077
-142.01572,39,206.012696
-145.76405,50,206.042334
-128.86218,52,206.080177
-192.2539,93,206.080177
-179.53177,74,206.123308
-194.02043,84,206.156054
-144.66457,79,206.196477
-146.65729,45,206.233627
-157.13443,54,206.27859
-185.51297,65,206.317167
-144.0276,44,206.357835
-145.96873,60,206.387886
-193.64127,80,206.44787
-136.57996,47,206.47705
-160.54655,54,206.505781
-144.07935,64,206.534438
-151.3862,50,206.578374
-137.5288,42,206.613124
-139.07697,60,206.652998
-134.15727,40,206.69297
-141.34763,43,206.719583
-153.5793,69,206.751446
-147.42117,59,206.786345
-146.65097,41,206.819149
-140.91968,58,206.850932
-153.1778,41,206.908732
-125.90942,77,206.942044
-150.1684,50,206.974768
-153.21709,56,207.024241
-152.23486,58,207.053884
-185.20407,91,207.080416
-146.58133,67,207.112202
-145.68054,84,207.140928
-139.39041,47,207.171668
-180.84575,57,207.220095
-147.336,31,207.255164
-127.63579,54,207.285868
-162.59485,39,207.318602
-132.35907,40,207.359509
-144.55696,47,207.398347
-161.72728,57,207.43199
-137.90306,61,207.479642
-145.96129,44,207.512498
-166.55754,52,207.544149
-192.73637,53,207.581851
-139.36504,35,207.6126
-157.05183,71,207.653285
-139.82675,41,207.694275
-144.38937,70,207.721959
-153.89314,47,207.756762
-177.61671,80,207.796077
-168.77478,55,207.838002
-138.27074,53,207.865533
-152.98663,53,207.906452
-142.57913,44,207.942312
-146.22195,36,207.971901
-171.28314,57,207.997883
-162.30144,96,208.029063
-160.5003,64,208.059766
-136.78392,41,208.116256
-147.15541,38,208.149034
-129.03696,67,208.182827
-150.75903,48,208.222615
-146.05101,48,208.257215
-149.84853,59,208.284403
-156.97273,76,208.312778
-139.97523,89,208.342517
-130.88713,30,208.392797
-128.40779,38,208.430934
-133.53067,61,208.46534
-168.76782,62,208.498353
-193.76154,61,208.530206
-159.83879,53,208.570691
-149.16061,63,208.608119
-161.66748,68,208.63575
-160.12206,45,208.663453
-133.95294,39,208.694266
-138.00432,53,208.73839
-146.66476,60,208.783516
-137.50716,66,208.812164
-124.348145,42,208.841869
-128.47546,39,208.870546
-166.20856,71,208.925893
-146.47406,43,208.968986
-161.28082,94,208.968986
-139.5707,43,209.003883
-173.29027,94,209.040452
-163.73955,71,209.067997
-138.98898,62,209.103511
-165.39302,58,209.138246
-152.42886,39,209.183236
-149.06593,34,209.223574
-150.00284,43,209.254445
-153.80162,52,209.282043
-136.71587,42,209.316984
-133.50677,56,209.346661
-139.08379,69,209.378441
-189.0319,87,209.41027
-160.54611,45,209.463689
-154.22922,65,209.493703
-160.54971,61,209.530722
-143.12375,45,209.56043
-146.3195,51,209.588138
-150.25592,74,209.638856
-143.84158,84,209.669089
-129.19298,39,209.710176
-158.24928,54,209.742081
-142.5742,40,209.774895
-140.09192,87,209.806439
-141.8782,42,209.849296
-164.87335,78,209.878076
-184.14186,83,209.915917
-143.03258,66,209.956069
-136.68605,58,209.989871
-174.34795,59,210.024775
-148.93286,56,210.060009
-144.23889,40,210.091839
-146.96275,77,210.12872
-145.96294,50,210.167486
-158.17064,69,210.198175
-125.407326,47,210.243793
-128.95293,57,210.282713
-163.74791,63,210.282713
-137.704,51,210.282713
-158.46085,50,210.326877
-138.12521,59,210.358696
-124.86564,52,210.406494
-149.02661,57,210.435329
-173.45642,41,210.470038
-134.61285,44,210.498738
-133.57161,52,210.530949
-151.13657,65,210.578252
-147.35066,60,210.612123
-147.97272,69,210.651012
-155.15445,37,210.651012
-142.31358,52,210.680674
-142.59496,40,210.710371
-143.34927,57,210.74432
-152.27252,57,210.783197
-149.25648,48,210.842569
-160.72581,45,210.870294
-157.92023,56,210.904119
-133.01958,79,210.941102
-127.63402,62,210.96854
-147.86943,61,211.003297
-134.7648,80,211.033985
-138.65009,45,211.093623
-150.20934,33,211.133487
-163.99925,56,211.160124
-155.8494,56,211.194971
-142.54161,55,211.243113
-159.71143,60,211.243113
-141.27165,33,211.275922
-188.08467,113,211.305453
-160.36165,27,211.333034
-161.69464,80,217.481569
-128.83377,39,217.517409
-137.84787,49,217.549201
-139.9707,54,217.610578
-129.2601,61,217.642293
-147.25769,62,217.676165
-136.91492,72,217.707502
-138.37941,75,217.735653
-138.70197,62,217.76937
-163.63506,79,217.822694
-129.05261,43,217.858472
-201.43513,95,217.893229
-160.89467,71,217.927521
-133.24138,75,217.962727
-174.47939,78,217.997385
-130.52771,43,218.042511
-124.61238,63,218.082488
-140.68224,55,218.082488
-157.95691,108,218.123543
-142.76825,53,218.156388
-133.81482,108,218.185367
-136.17818,39,218.2304
-142.9695,48,218.279714
-143.5452,80,218.315461
-130.02908,60,218.363408
-133.25806,40,218.396235
-131.23097,74,218.396235
-149.45973,37,218.444843
-162.13081,129,218.480954
-175.05362,80,218.507477
-162.8172,57,218.540197
-130.87573,105,218.580718
-138.78384,54,218.61774
-132.36697,58,218.651458
-132.82878,80,218.707617
-139.44658,49,218.707617
-144.48148,58,218.73569
-136.0453,74,218.778486
-136.57848,74,218.81073
-139.73112,47,218.84172
-149.34912,86,218.906111
-136.58101,58,218.941959
-139.36037,49,218.973659
-150.73103,71,219.009724
-138.34044,77,219.049158
-193.68198,102,219.07591
-157.41412,100,219.165734
-129.27354,77,219.203707
-135.49838,67,219.232336
-150.0823,58,219.268635
-176.05249,121,219.29781
-144.66116,63,219.325441
-151.60268,88,219.353049
-169.57953,88,219.392913
-138.06702,46,219.428465
-136.56027,57,219.501547
-137.23454,61,219.501547
-136.71902,44,219.536383
-137.31964,78,219.566046
-171.08029,72,219.606944
-140.39513,106,219.654924
-134.29744,108,219.701259
-157.89543,92,219.735076
-139.01688,63,219.76581
-195.36665,66,219.795468
-127.09651,58,219.831267
-137.03296,56,219.878847
-148.2573,87,219.907701
-129.40623,62,219.969827
-160.02142,67,219.99652
-135.52238,60,220.037582
-148.43782,46,220.069218
-137.58781,97,220.1176
-142.8745,148,220.1176
-178.33084,90,220.151252
-150.31485,44,220.196388
-137.70433,49,220.229215
-136.53746,41,220.260035
-595.3813,102,220.309354
-126.120285,74,220.354362
-147.02895,56,220.394598
-138.21593,51,220.421229
-130.16621,82,220.455223
-140.58731,62,220.484563
-148.39217,85,220.515233
-148.22887,54,220.552133
-137.54892,105,220.584861
-137.58055,44,220.644942
-129.91585,52,220.67348
-123.36735,61,220.70218
-134.63419,54,220.733931
-128.9425,71,220.769121
-120.31259,86,220.799811
-139.26518,56,220.835501
-160.9307,51,220.866301
-142.64775,49,220.935502
-134.89217,45,220.973519
-133.58891,67,221.005844
-164.58676,94,221.058659
-171.4002,71,221.086941
-153.53874,97,221.133946
-195.31674,130,221.186218
-135.58026,40,221.215764
-145.63283,72,221.2537
-213.63016,98,221.303065
-136.72658,70,221.303065
-201.42038,113,221.338303
-1137.6328,188,221.382242
-141.09149,60,221.417314
-140.35559,69,221.468082
-146.56303,80,221.468082
-146.87274,52,221.507973
-137.21237,37,221.533464
-135.83755,64,221.562115
-159.24942,125,221.596873
-154.4615,75,221.626559
-131.54184,47,221.675091
-132.58011,71,221.709028
-135.44305,44,221.73964
-157.83243,67,221.780544
-136.07616,57,221.818592
-138.0251,54,221.850273
-132.57846,39,221.890164
-123.012764,75,221.923068
-136.66092,65,221.954786
-140.10504,50,222.001842
-151.18973,62,222.039015
-136.21622,46,222.085069
-147.79272,67,222.123951
-127.58011,74,222.154578
-154.41682,81,222.183297
-143.13553,71,222.225219
-157.67244,79,222.253908
-141.88298,61,222.289736
-134.06383,75,222.323487
-135.0203,55,222.371367
-135.9512,41,222.403093
-138.0868,65,222.438972
-146.49579,43,222.438972
-142.50409,64,222.464451
-168.26773,87,222.503496
-157.11046,51,222.544463
-130.17584,50,222.595271
-129.40158,81,222.623952
-146.83212,57,222.660011
-157.94221,63,222.698958
-159.605,71,222.730608
-129.94856,81,222.768824
-152.43492,84,222.811067
-141.31096,55,222.845786
-150.25612,79,222.87823
-138.6002,54,222.905911
-122.66019,77,222.95103
-138.5623,54,222.98797
-168.37782,78,223.036059
-139.0473,53,223.069856
-152.66933,78,223.11188
-171.2537,70,223.156832
-123.41561,68,223.185381
-160.31352,49,223.212942
-138.70454,86,223.267323
-134.8822,43,223.267323
-154.35825,69,223.267323
-145.13654,79,223.332808
-138.78606,55,223.389034
-132.40074,72,223.417882
-146.34853,87,223.446575
-131.89368,70,223.493593
-123.69735,95,223.536413
-148.2703,48,223.571218
-135.72116,40,223.61614
-144.36179,106,223.658063
-139.602,38,223.697951
-149.44498,60,223.724534
-195.77596,145,223.773704
-142.51851,72,223.816874
-175.6928,52,223.854915
-128.04175,74,223.889764
-148.51163,98,223.91733
-150.3409,74,223.979806
-136.96214,75,224.024172
-168.54341,63,224.074233
-134.66243,54,224.110244
-130.59744,92,224.156283
-146.13649,77,224.199849
-146.84276,88,224.233674
-132.67451,74,224.294332
-159.4229,54,224.336554
-137.60887,37,224.336554
-188.0841,150,224.374568
-136.24081,78,224.445857
-170.72119,51,224.445857
-145.84448,95,224.445857
-175.45293,81,224.511343
-135.945,60,224.546255
-163.40553,70,224.578957
-138.77592,76,224.626178
-151.76646,73,224.657501
-122.07162,74,224.713346
-143.18791,81,224.75522
-150.15659,62,224.79511
-133.90019,78,224.859454
-142.0236,75,224.891227
-153.6468,114,224.920036
-166.47427,70,224.959122
-129.34538,73,224.994012
-147.84067,57,225.039124
-142.0625,65,225.06883
-149.20866,60,225.111896
-134.28882,40,225.156019
-152.20856,42,225.197937
-130.2967,61,225.242285
-138.7513,71,225.307674
-137.37979,48,225.363405
-179.54736,59,225.399683
-137.36714,91,225.445072
-152.22058,73,225.519344
-137.24446,98,225.563791
-141.98767,62,225.563791
-136.39261,74,225.607597
-143.75443,60,225.642217
-134.9136,48,225.684472
-151.6181,77,225.759865
-144.8743,81,225.812288
-163.96687,66,225.879228
-143.817,74,225.915442
-134.12546,80,225.956802
-150.8766,99,226.011424
-124.7567,95,226.051634
-132.1406,78,233.313469
-132.85826,59,233.36378
-159.12338,121,233.396442
-140.14452,88,233.435136
-130.06387,66,233.505981
-162.3274,93,233.548164
-137.47992,51,233.594628
-150.0007,87,233.594628
-126.955925,73,233.630534
-143.3873,118,233.662214
-166.0664,43,233.721599
-139.92278,50,233.750223
-128.11298,97,233.800255
-139.6887,59,233.837092
-162.31265,60,233.880039
-142.279,43,233.921973
-186.11319,133,233.959898
-168.40099,82,233.993712
-142.62431,51,234.034096
-167.53195,98,234.08822
-144.06546,57,234.126271
-141.339,46,234.184956
-128.81874,54,234.231119
-142.17448,62,234.278658
-131.88347,73,234.313998
-142.17871,52,234.35606
-147.94254,93,234.397082
-149.2299,90,234.494597
-149.93526,86,234.527416
-129.49472,67,234.557776
-161.72076,79,234.59963
-128.84872,66,234.59963
-164.5466,127,234.642636
-172.74225,100,234.684612
-125.301,58,234.755214
-133.48985,56,234.792038
-126.541954,69,234.828896
-148.28105,57,234.866803
-1678.692,263,234.931316
-146.6634,109,234.968229
-123.343864,65,235.025835
-203.82257,104,235.058816
-139.15906,125,235.09155
-136.79178,72,235.139954
-162.30022,92,235.177827
-142.41031,86,235.214722
-141.4524,58,235.2623
-133.05704,62,235.2623
-129.52788,53,235.319653
-128.9427,59,235.353611
-149.74081,69,235.394774
-151.3298,47,235.445256
-151.432,76,235.496318
-139.23306,76,235.545564
-123.91691,84,235.584735
-139.90974,49,235.631146
-122.88887,91,235.670111
-143.08527,85,235.724433
-144.96141,97,235.763407
-141.76851,63,235.810345
-152.20453,66,235.851444
-134.56918,88,235.8891
-119.17591,77,235.934225
-139.7699,117,235.974281
-150.11101,49,236.01329
-149.4479,89,236.05637
-130.52528,53,236.112945
-123.25669,70,236.158726
-129.20332,89,236.218715
-124.978584,112,236.25781
-120.72146,71,236.306463
-142.10022,82,236.342342
-127.18274,64,236.37314
-142.20883,103,236.431644
-151.8089,51,236.474572
-127.995964,66,236.512608
-138.58595,68,236.56839
-167.68465,90,236.56839
-129.46484,47,236.605569
-145.51912,60,236.654853
-142.06427,65,236.69101
-132.3336,70,236.777623
-159.84006,95,236.842374
-136.2075,59,236.842374
-155.50223,74,236.879193
-124.626755,89,236.927233
-163.55821,79,236.967289
-166.20464,110,236.998957
-143.97128,58,237.053218
-137.91853,61,237.11392
-129.33907,52,237.155833
-129.99825,79,237.19067
-143.11853,165,237.243412
-144.27325,82,237.292628
-151.4183,97,237.333405
-150.03416,122,237.374351
-128.29034,60,237.405022
-153.5178,54,237.442824
-129.85963,57,237.485889
-134.63094,62,237.558889
-146.98291,127,237.597832
-133.93437,78,237.629764
-133.93768,70,237.676776
-158.74902,80,237.731898
-129.73468,52,237.78516
-127.44885,100,237.825387
-156.66214,105,237.870622
-127.83149,69,237.911771
-139.48631,77,237.951826
-131.65173,67,237.991619
-130.41353,117,238.028467
-124.76943,65,238.100153
-171.8125,91,238.144299
-144.36198,57,238.17707
-149.32755,45,238.207666
-148.17525,82,238.258845
-135.46664,51,238.33168
-150.97574,126,238.363352
-171.3565,119,238.416799
-136.5598,81,238.451638
-155.16003,139,238.491654
-122.09963,97,238.521364
-133.64401,72,238.556405
-150.5872,88,238.652802
-140.90536,63,238.652802
-121.9376,56,238.686824
-148.84047,103,238.757521
-149.03044,128,238.792232
-131.22581,43,238.825621
-130.58401,96,238.857562
-148.86475,50,238.897527
-148.37161,211,238.956636
-145.30527,70,238.956636
-186.17801,147,239.012785
-140.88977,76,239.065614
-169.59628,66,239.106951
-144.27524,60,239.158264
-142.80525,87,239.196674
-134.27702,91,239.232438
-140.11388,95,239.232438
-132.68504,56,239.279785
-125.05801,70,239.348412
-151.20207,112,239.381239
-144.57526,53,239.415317
-174.42227,59,239.456566
-143.56589,63,239.487259
-152.38849,84,239.524288
-128.61002,70,239.578315
-139.55028,90,239.615233
-143.05466,39,239.662508
-140.80759,54,239.662508
-158.76074,83,239.726189
-148.04916,83,239.760048
-129.20291,71,239.760048
-125.71158,63,239.825798
-134.41577,84,239.863004
-121.52296,111,239.904081
-127.21716,89,239.942139
-148.44553,54,239.977451
-140.44807,89,240.013884
-144.44412,72,240.056989
-141.97255,40,240.100707
-136.34906,52,240.152814
-126.88704,113,240.201295
-155.28741,64,240.201295
-126.49607,89,240.24026
-140.98567,53,240.272072
-198.00012,90,240.30284
-131.38126,68,240.334622
-142.2202,61,240.410634
-130.43422,54,240.441486
-138.97206,84,240.475302
-151.88718,57,240.50292
-135.25003,57,240.541734
-135.34822,62,240.580701
-130.64755,49,240.638256
-136.85165,58,240.682504
-145.03697,67,240.724978
-147.8798,111,240.755761
-137.57675,124,240.802037
-169.48282,86,240.850286
-124.86015,51,240.911903
-140.1774,85,240.953048
-187.25888,160,241.014525
-204.43071,141,241.051551
-134.35025,92,241.051551
-160.71518,74,241.091456
-150.26596,118,241.126131
-134.93854,48,241.158124
-152.96725,63,241.194313
-153.16582,111,241.236876
-142.59477,85,241.325234
-157.69807,85,241.355038
-156.79945,87,241.384775
-127.56545,57,241.418557
-127.9818,76,241.461563
-158.53474,92,241.501371
-138.2438,87,241.537452
-141.64066,52,241.613504
-233.13681,125,241.64327
-154.82574,81,241.700578
-147.184,86,241.733957
-125.430145,71,241.763599
-134.04665,95,241.797857
-155.57187,91,241.840488
-140.68289,55,241.878433
-170.95363,95,241.910136
-127.77257,72,248.264124
-131.14146,68,248.316265
-130.58252,53,248.366461
-138.99718,92,248.419828
-163.32918,86,248.454624
-119.15483,122,248.505761
-141.79665,96,248.533267
-147.93987,98,248.583754
-123.82127,62,248.618519
-169.4358,98,248.67388
-134.1467,64,248.750596
-141.99185,70,248.787503
-118.92524,117,248.82234
-145.0218,122,248.888577
-119.42039,84,248.888577
-227.22485,248,248.916723
-134.65608,144,248.949406
-127.49432,128,248.982102
-135.74216,73,249.047328
-116.571175,92,249.091282
-133.28847,64,249.138183
-133.76344,85,249.188444
-135.28262,86,249.227225
-161.9727,119,249.227225
-164.84024,108,249.275563
-132.11993,137,249.345881
-143.22249,109,249.380827
-144.24014,61,249.436204
-148.36642,91,249.476245
-152.46074,112,249.507013
-146.24875,107,249.561357
-140.13751,55,249.594152
-133.61227,131,249.644355
-161.83688,191,249.698802
-131.24657,69,249.733613
-144.78088,112,249.77463
-133.12411,95,249.814564
-135.59827,54,249.881278
-138.87856,44,249.929422
-129.46477,66,249.961123
-138.29207,145,249.997975
-144.30283,142,250.049163
-140.5792,84,250.078861
-171.48784,158,250.128175
-137.81526,65,250.169214
-168.77737,184,250.231659
-158.71373,86,250.269722
-133.93079,69,250.269722
-136.70963,133,250.32748
-146.72552,120,250.365599
-175.21936,89,250.439556
-143.72066,56,250.475542
-120.56579,70,250.517479
-137.25139,73,250.581003
-149.51102,92,250.628164
-142.13245,131,250.679691
-154.63437,191,250.720636
-178.08902,213,250.755468
-128.8162,59,250.815177
-144.23521,123,250.850018
-153.72652,129,250.883841
-146.84233,93,250.920906
-131.57849,73,250.968746
-131.55733,65,251.009685
-154.98341,89,251.095091
-129.58572,78,251.133114
-143.08173,59,251.164989
-193.56866,205,251.200836
-133.82378,95,251.229444
-138.55063,93,251.268358
-150.35472,148,251.309188
-140.44484,44,251.359296
-138.73424,61,251.407676
-135.19983,133,251.441103
-152.40337,53,251.504814
-147.69229,75,251.534654
-145.85498,91,251.565358
-150.05803,111,251.6093
-141.18924,135,251.666739
-182.99432,169,251.725139
-138.39815,101,251.761003
-134.2474,77,251.801905
-134.7729,112,251.87031
-136.42004,119,251.909073
-157.37964,91,251.949184
-130.73033,68,251.995882
-146.0763,96,252.041888
-162.17488,149,252.074671
-134.18384,54,252.127349
-148.54326,145,252.182105
-128.26451,69,252.21741
-132.73114,133,252.283336
-172.10188,100,252.334509
-150.85313,299,252.372291
-128.94882,97,252.415277
-133.3069,83,252.462568
-124.28783,80,252.522916
-133.01817,164,252.5578
-137.21396,211,252.588378
-183.21674,146,252.640642
-123.33275,96,252.672336
-125.43309,88,252.718383
-139.4346,61,252.763345
-136.14253,62,252.800139
-149.72534,112,252.842066
-138.19287,154,252.887033
-160.23312,85,252.944625
-130.85143,79,252.981414
-121.81412,80,253.029476
-140.84564,90,253.078749
-201.13815,162,253.118636
-155.55183,92,253.158413
-122.60147,99,253.208484
-148.1776,77,253.242216
-179.48097,190,253.291297
-130.33395,71,253.357869
-124.41237,64,253.405929
-134.22583,121,253.440896
-142.2331,148,253.474559
-119.0228,118,253.520421
-151.77625,124,253.56441
-131.17142,94,253.602112
-138.58092,93,253.64906
-136.81569,72,253.688354
-128.71054,85,253.765676
-131.54314,102,253.797408
-132.4762,59,253.834231
-165.9244,128,253.883996
-143.74783,77,253.921949
-201.08147,142,253.963869
-188.77171,125,254.011017
-147.28703,85,254.073541
-194.33191,160,254.108449
-122.09972,81,254.145396
-136.46674,92,254.178651
-140.55064,85,254.22771
-148.17406,87,254.269275
-136.56157,87,254.318574
-130.72717,53,254.355479
-132.3876,96,254.404442
-137.92075,65,254.44046
-127.51756,84,254.491855
-127.586754,93,254.537933
-157.02762,64,254.611572
-152.47545,108,254.653492
-134.775,73,254.687814
-152.25575,110,254.736405
-153.4717,104,254.736405
-134.91193,153,254.794672
-129.79016,94,254.825464
-151.96054,74,254.899022
-148.80128,124,254.930837
-186.48494,118,255.002458
-163.99509,132,255.036245
-158.33861,114,255.076287
-135.20444,50,255.076287
-128.30296,93,255.107021
-148.081,128,255.148473
-135.90816,115,261.53003
-120.022644,104,261.597408
-140.3986,71,261.639048
-129.31981,81,261.72503
-111.84721,109,261.758771
-148.8102,136,261.814926
-136.6445,44,261.871143
-124.232254,95,261.906916
-140.36493,179,261.962257
-119.917,128,261.999256
-125.542244,89,262.040152
-123.27269,49,262.076011
-117.59441,87,262.19487
-119.62494,136,262.227052
-163.38156,162,262.255601
-156.74556,134,262.310757
-155.25734,153,262.376182
-132.81326,168,262.376182
-264.6738,364,262.427412
-120.07196,103,262.487622
-153.08601,386,262.5203
-111.36401,100,262.56846
-136.26764,77,262.606221
-137.4297,100,262.685344
-138.09315,88,262.731047
-171.47455,203,262.777114
-135.49527,96,262.777114
-127.391785,119,262.857501
-147.00378,85,262.908632
-156.42502,268,262.947344
-143.08694,77,262.978658
-156.18764,85,263.029273
-133.32137,177,263.155015
-223.03847,330,263.187353
-198.92705,256,263.222711
-134.6965,156,263.265754
-135.77017,149,263.316721
-165.28998,179,263.375213
-135.26218,158,263.415186
-107.18806,214,263.48079
-142.03302,93,263.518842
-155.92711,78,263.587283
-120.9753,139,263.622092
-129.68669,88,263.6775
-147.89117,163,263.740487
-141.01463,147,263.770238
-149.93024,129,263.852506
-139.91034,59,263.89962
-129.2557,243,263.935082
-143.84744,109,263.970018
-135.99211,114,264.007424
-126.96097,84,264.058995
-138.06264,169,264.164975
-148.33147,87,264.232936
-147.33374,195,264.346528
-152.92575,190,264.38642
-159.8127,185,264.417599
-176.47714,364,264.482618
-147.32678,141,264.519521
-125.03747,116,264.558596
-185.18419,229,264.617354
-139.83891,239,264.65581
-130.31398,87,264.7297
-132.56117,91,264.80553
-166.6415,164,264.865972
-145.13806,49,264.950968
-165.07489,184,264.991987
-160.76433,283,265.100523
-185.66838,201,265.138749
-234.09743,254,265.180189
-142.49069,196,265.246831
-140.67618,74,265.330857
-120.49096,163,265.372749
-130.9259,338,265.435574
-154.94754,176,265.435574
-167.2821,126,265.530307
-125.07753,63,265.56409
-155.49084,164,265.61006
-161.55048,446,265.655196
-124.39911,119,265.696896
-135.37616,66,265.771231
-143.32697,201,265.854038
-205.52263,289,265.897576
-148.85321,101,265.936924
-144.3036,165,266.018707
-187.06516,168,266.091426
-218.44618,276,266.138572
-127.11701,107,266.178965
-122.63905,172,266.231086
-133.67906,119,266.27526
-166.97484,254,266.329521
-117.00865,128,266.398095
-115.41005,127,266.490381
-138.1335,84,266.526675
-142.30171,243,266.575896
-131.63426,129,266.608561
-148.34058,152,266.641246
-127.006645,53,266.714942
-132.86005,163,266.754019
-153.33975,93,266.824517
-141.31152,144,266.857273
-157.25706,251,266.901689
-150.5212,100,266.952346
-150.40382,124,267.002996
-135.8645,104,273.625216
-130.31827,80,273.67129
-122.59127,91,273.73272
-122.103294,127,273.876344
-124.00758,251,273.953256
-175.55061,211,274.0652
-101.951385,317,274.128567
-103.80959,391,274.260795
-159.8806,484,274.421465
-128.23387,725,274.552188
-184.91435,461,274.770156
-180.423,618,274.87606
-104.971344,600,274.963141
-141.33958,93,275.044949
-116.87526,173,275.096143
-248.61632,1031,275.145252
-161.1183,366,275.200672
-173.0253,483,275.254769
-122.31542,83,275.331726
-186.74693,884,275.378931
-129.2705,60,275.476736
-106.90089,164,275.558884
-144.00694,150,275.597926
-135.70226,300,275.662364
-220.22185,278,275.737041
-139.44794,140,275.788742
-125.731125,191,275.821979
-137.64774,407,275.987827
-119.37432,265,276.160925
-146.48541,213,276.224513
-146.5607,286,276.306525
-117.70303,108,276.45202
-174.75348,150,276.513502
-212.22058,394,276.64382
-156.67752,200,276.710923
-94.162445,214,276.848911
-221.52264,1366,276.897505
-168.95813,233,276.974806
-151.5516,206,277.089989
-130.70961,110,277.123737
-182.47585,268,277.37454
-105.75426,324,277.415605
-142.73964,782,283.669631
-129.6644,278,283.958726
-62.874367,962,284.617751
198.57658,1872,285.644293
31.10456,1096,285.88249
69.15781,1847,285.936853
2467.7244,6684,318.556071
-139.25055,230,318.840815
-316.87485,473,319.387787
-373.81567,136,319.566284
3443.2178,10880,326.939147
3311.5474,11312,327.015
159.62527,1202,327.158059
3205.5122,10605,327.212046
3038.327,8786,327.304207
3542.7954,11629,327.361535
3344.1384,10468,327.434361
3092.099,9100,327.49577
-290.73755,352,327.550087
-200.64825,142,327.631132
-181.88019,143,327.701907
-269.36002,275,327.730509
-306.32565,120,327.885379
-143.83879,422,327.919403
-275.2884,222,328.018612
-266.59073,243,328.120935
-279.00748,348,328.167077
-163.07832,221,328.287771
-112.25323,460,328.318017
-334.8446,194,328.376236
-272.22433,147,328.438882
-245.22014,166,328.468518
-281.11252,112,328.542116
-17.44352,898,328.617121
-328.49713,136,328.656033
-137.62137,161,328.746203
-194.37854,159,328.825162
-42.00483,870,328.90082
-436.54404,172,328.940866
-196.87076,327,329.040836
-76.992455,474,329.174165
-299.99948,258,329.211093
-118.95111,362,329.292884
-350.12772,168,329.3553
-129.35246,311,329.475184
-149.01454,180,329.524541
-175.61278,214,329.597411
-248.92882,128,329.695679
-167.01053,154,329.771478
-194.97902,514,329.815702
-126.75454,561,329.846375
-251.51678,373,329.942806
-85.97373,356,330.014137
10.266586,1167,330.084886
-204.54298,322,330.189551
-218.99994,122,330.238014
-189.02567,239,330.282298
-135.02489,251,336.664413
-205.61485,175,336.744395
-200.27692,240,336.791421
-334.51306,165,336.865164
-262.02478,245,337.011633
-328.13577,196,337.081321
-159.89444,293,337.199946
-134.23454,276,337.273438
-139.8688,207,337.347543
-266.1437,195,337.411946
-143.23535,606,337.567063
-147.7994,238,337.655073
-313.62192,316,337.81268
-179.02664,187,337.855531
-12.816015,504,337.979267
-157.22299,229,338.017642
-229.59254,135,338.181868
-330.65213,146,338.235116
-126.3134,594,338.321376
-298.2324,317,338.371587
-181.65776,380,338.462753
-290.62936,185,338.540767
-266.66992,179,338.644085
-234.72028,188,338.759752
-161.44626,220,339.036
-397.8889,373,339.0718
-11226.236,1553,339.122925
-99.335655,602,339.281236
-106.85471,689,339.32538
-154.74585,245,339.460022
-127.67502,573,339.510467
409.52805,2139,339.566764
-242.18115,311,339.634453
-226.4849,184,339.663173
-239.43784,205,339.698044
-217.67168,440,339.834187
-249.11826,165,339.893646
-314.00537,195,339.925803
-207.82025,308,346.267801
-197.88039,359,346.457164
-218.02046,200,346.556446
-359.72525,456,346.633108
-351.4173,435,346.741369
-376.57,362,346.983014
-243.35919,678,347.106886
-293.44403,413,347.169558
-341.05402,197,347.288409
-154.84991,408,347.342873
-185.80086,241,347.777101
-322.39792,273,347.87321
-323.70084,440,348.214445
-212.27412,361,348.307818
-452.7655,527,348.4132
-288.14203,618,348.721669
-357.90112,383,348.763448
-451.83984,398,348.862053
-462.20068,1440,348.997907
-355.4242,220,349.089736
-309.99185,242,349.126493
-326.67603,331,349.353811
-19879.678,2244,355.616855
-37520.895,4384,355.671058
-279.6339,384,355.780497
-408.08456,319,355.939229
-237.20741,277,356.159962
-11134.45,1373,356.457649
-396.31125,235,356.501394
-29076.398,2987,356.817627
-218.22191,516,357.133078
-425.86365,609,357.251726
-422.26932,1067,357.350013
-262.204,490,357.470939
-322.89578,244,357.516981
-384.9438,236,357.632974
-578.162,1445,357.688833
-223.12851,217,357.843936
-318.2099,295,357.939757
-64.88417,1727,358.048616
-372.09448,199,358.139045
-302.03723,173,358.287509
-321.49347,254,358.317611
-337.32547,236,364.856096
-288.17545,151,364.916644
-93.840256,2377,364.991912
-2325.3298,347,365.178625
-393.62735,535,365.549534
-1066.4338,2015,373.5201
-41719.96,3964,374.779576
